title,abstract,author_keywords,keywords_normalized,combined_text,year,citations,doi,authors,source,eid,query_distance,rank
Does bank FinTech reduce credit risk? Evidence from China,"Using data from Chinese commercial banks between 2008 and 2017, this paper explores the effects of bank FinTech on credit risk. We first construct and measure a bank FinTech index using web crawler technology and word frequency analysis. The results show that the development of bank FinTech is faster in state-owned banks than in other banks. Moreover, among the five subareas of bank FinTech, the development of internet technology is ahead of artificial intelligence technology, blockchain technology, cloud computing technology, and big data technology. Then, the impacts of bank FinTech on credit risk are examined. We find that bank FinTech significantly reduces credit risk in Chinese commercial banks, and further analyses show that the negative effects of bank FinTech on credit risk are relatively weak among large banks, state-owned banks, and listed banks.","['Bank FinTech', 'China', 'Commercial banks', 'Credit risk']","['bank fintech', 'china', 'commercial banks', 'credit risk']","Does bank FinTech reduce credit risk? Evidence from China Using data from Chinese commercial banks between 2008 and 2017, this paper explores the effects of bank FinTech on credit risk. We first construct and measure a bank FinTech index using web crawler technology and word frequency analysis. The results show that the development of bank FinTech is faster in state-owned banks than in other banks. Moreover, among the five subareas of bank FinTech, the development of internet technology is ahead of artificial intelligence technology, blockchain technology, cloud computing technology, and big data technology. Then, the impacts of bank FinTech on credit risk are examined. We find that bank FinTech significantly reduces credit risk in Chinese commercial banks, and further analyses show that the negative effects of bank FinTech on credit risk are relatively weak among large banks, state-owned banks, and listed banks.",2020,424,10.1016/j.pacfin.2020.101398,Cheng M.,Pacific Basin Finance Journal,2-s2.0-85089013293,0.25696099164587505,1
Upstarts vs incumbents: the interaction between fintech credit and bank lending in Sub-Saharan Africa,"This study analyzes how fintech credit affects bank lending in Sub-Saharan Africa (SSA) and how this relationship is influenced by financial inclusion measured by bank branch networks. We utilized the system GMM to examine data spanning 19 SSA economies from 2013 to 2019. This study finds that fintech credit has a mixed effect on bank lending in SSA, depending on how it is measured. When fintech is measured by total alternative credit (fintech and Bigtech credit), there is a negative and significant relationship between Fintech and bank lending in SSA economies, suggesting that some borrowers are shifting towards fintech options. However, we observe a positive and significant relationship when we focus solely on fintech credit, suggesting that fintech can complement traditional bank lending, potentially by expanding access to financial services. Furthermore, this study underscores the importance of the presence of physical banks. Fintech lending growth has a negative net effect on bank lending when traditional banks reduce their branch network. This suggests that physical branches remain crucial for financial inclusion, particularly in areas with a limited digital infrastructure. These insights offer valuable guidance for policymakers and industry leaders seeking to promote financial inclusion and stability in SSA’s evolving financial landscape.","['alternative credit', 'bank lending', 'Banking', 'Bigtech credit', 'Development Economics', 'Dr David McMillan, University of Stirling, United Kingdom of Great Britain and Northern Ireland', 'Economics', 'Finance', 'financial inclusion', 'Fintech credit', 'Sub-Saharan Africa', 'system GMM']","['alternative credit', 'bank lending', 'banking', 'bigtech credit', 'development economics', 'dr david mcmillan, university of stirling, united kingdom of great britain and northern ireland', 'economics', 'finance', 'financial inclusion', 'fintech credit', 'sub-saharan africa', 'system gmm']","Upstarts vs incumbents: the interaction between fintech credit and bank lending in Sub-Saharan Africa This study analyzes how fintech credit affects bank lending in Sub-Saharan Africa (SSA) and how this relationship is influenced by financial inclusion measured by bank branch networks. We utilized the system GMM to examine data spanning 19 SSA economies from 2013 to 2019. This study finds that fintech credit has a mixed effect on bank lending in SSA, depending on how it is measured. When fintech is measured by total alternative credit (fintech and Bigtech credit), there is a negative and significant relationship between Fintech and bank lending in SSA economies, suggesting that some borrowers are shifting towards fintech options. However, we observe a positive and significant relationship when we focus solely on fintech credit, suggesting that fintech can complement traditional bank lending, potentially by expanding access to financial services. Furthermore, this study underscores the importance of the presence of physical banks. Fintech lending growth has a negative net effect on bank lending when traditional banks reduce their branch network. This suggests that physical branches remain crucial for financial inclusion, particularly in areas with a limited digital infrastructure. These insights offer valuable guidance for policymakers and industry leaders seeking to promote financial inclusion and stability in SSA’s evolving financial landscape.",2024,5,10.1080/23322039.2024.2375643,Mashamba T.,Cogent Economics and Finance,2-s2.0-85198737454,0.2660466520379283,2
Bank FinTech and credit risk: comparison of selected emerging and developed countries,"Purpose – This paper aims to explore FinTech’s global impact in 40 countries, including the top 20 developing and developed nations, investigates FinTech’s complicated effects in emerging and mature economies, considering bank-specific characteristics, macroeconomic variables, market rivalry and technology. Design/methodology/approach – Fixed effect regression is used to examine the baseline model before adding the efficient generalized method of moments (GMM) model to resolve endogeneity-induced biases. The panel regression model requires an efficient GMM estimate and a linear panel model with non-linear moment conditions. This research also uses a sequential test for multiple breaks at unknown breakpoints, comparing F-statistics to critical values at various significance levels. Findings – The results show that NPL is substantially affected by prior NPL, with the preceding period’s greater NPL raising it and the two periods before decreasing it. Digital lending (DL) proportionally raises NPLs. Innovation-driven emerging countries have more NPLs and faster FinTech growth due to rapid adoption beyond restrictions. Rapid FinTech advances require stronger regulation for financial inclusion and economic progress in developing countries. Additionally, DL usage has remained steady due to gradual technology adoption, while digital capital raising has consistently grown, showing resilience to market shocks. Research limitations/implications – Due to FinTech’s quick innovation and legislative changes, conclusions should be applied cautiously. There may be gaps in the study on varied settings and long-term effects. Practical implications – FinTech credit expansion globally drives central banks and authorities to monitor economic conditions, advise monetary policies and resolve competitive and regulatory arbitrage concerns. Studies show digital banking’s reach into underprivileged communities helps mortgage financing. Financial firms using FinTech for credit risk management show a dedication to risk assessment and decision-making. The practical effects show that FinTech adoption, credit risk and financial inclusion have pros and cons in different economic circumstances. Social implications – As central authorities use FinTech data for policy decisions, there’s potential for enhanced financial inclusion, fostering social equity and empowerment. In economies with high financial exclusion, FinTech development becomes a catalyst for broader access to financial services. However, concerns about FinTech’s correlation with traditional banks underscore the need for robust regulatory frameworks to ensure fair competition and consumer protection. Striking a balanced approach to FinTech adoption can lead to a more inclusive financial landscape, positively impacting individuals and communities traditionally underserved by conventional banking systems. Originality/value – This research stands out in its comprehensive exploration of FinTech effect to the bank credit risk, delving into economic, regulatory and societal aspects. The focus on global FinTech credit expansion uniquely highlights the interconnected roles of central banks, regulatory authorities and financial institutions, outlining potential risks and benefits. The study’s nuanced analysis of FinTech’s impact on credit risk and financial inclusion provides distinctive insights, stressing the need for balanced adoption to foster inclusive economic growth. In essence, this research brings an original perspective to the intricate interplay between FinTech and global financial dynamics.","['Bank credit risk', 'Bank FinTech', 'FinTech', 'Responsible finance', 'Sustainable finance']","['bank credit risk', 'bank fintech', 'fintech', 'responsible finance', 'sustainable finance']","Bank FinTech and credit risk: comparison of selected emerging and developed countries Purpose – This paper aims to explore FinTech’s global impact in 40 countries, including the top 20 developing and developed nations, investigates FinTech’s complicated effects in emerging and mature economies, considering bank-specific characteristics, macroeconomic variables, market rivalry and technology. Design/methodology/approach – Fixed effect regression is used to examine the baseline model before adding the efficient generalized method of moments (GMM) model to resolve endogeneity-induced biases. The panel regression model requires an efficient GMM estimate and a linear panel model with non-linear moment conditions. This research also uses a sequential test for multiple breaks at unknown breakpoints, comparing F-statistics to critical values at various significance levels. Findings – The results show that NPL is substantially affected by prior NPL, with the preceding period’s greater NPL raising it and the two periods before decreasing it. Digital lending (DL) proportionally raises NPLs. Innovation-driven emerging countries have more NPLs and faster FinTech growth due to rapid adoption beyond restrictions. Rapid FinTech advances require stronger regulation for financial inclusion and economic progress in developing countries. Additionally, DL usage has remained steady due to gradual technology adoption, while digital capital raising has consistently grown, showing resilience to market shocks. Research limitations/implications – Due to FinTech’s quick innovation and legislative changes, conclusions should be applied cautiously. There may be gaps in the study on varied settings and long-term effects. Practical implications – FinTech credit expansion globally drives central banks and authorities to monitor economic conditions, advise monetary policies and resolve competitive and regulatory arbitrage concerns. Studies show digital banking’s reach into underprivileged communities helps mortgage financing. Financial firms using FinTech for credit risk management show a dedication to risk assessment and decision-making. The practical effects show that FinTech adoption, credit risk and financial inclusion have pros and cons in different economic circumstances. Social implications – As central authorities use FinTech data for policy decisions, there’s potential for enhanced financial inclusion, fostering social equity and empowerment. In economies with high financial exclusion, FinTech development becomes a catalyst for broader access to financial services. However, concerns about FinTech’s correlation with traditional banks underscore the need for robust regulatory frameworks to ensure fair competition and consumer protection. Striking a balanced approach to FinTech adoption can lead to a more inclusive financial landscape, positively impacting individuals and communities traditionally underserved by conventional banking systems. Originality/value – This research stands out in its comprehensive exploration of FinTech effect to the bank credit risk, delving into economic, regulatory and societal aspects. The focus on global FinTech credit expansion uniquely highlights the interconnected roles of central banks, regulatory authorities and financial institutions, outlining potential risks and benefits. The study’s nuanced analysis of FinTech’s impact on credit risk and financial inclusion provides distinctive insights, stressing the need for balanced adoption to foster inclusive economic growth. In essence, this research brings an original perspective to the intricate interplay between FinTech and global financial dynamics.",2026,13,10.1108/SEF-12-2023-0714,Anestiawati C.A.,Studies in Economics and Finance,2-s2.0-85217010019,0.27024104349723355,3
Bridging the gap? A theoretical analysis of the net effect of FinTech entry on access to credit,"FinTech lenders offer an opportunity to enhance credit access but may also disrupt traditional banking. This study proposes a theoretical framework for analyzing the net impact of FinTech's entry on access to credit in credit markets dominated by conventional banks. When a FinTech lender enters the market, competition intensifies, which reduces the bank's gain in serving certain customer segments. While FinTech lending can help serve some unattended niches, it may cause the bank to abandon others, leading to an ambiguous or even negative impact on access to credit.","['Economic growth', 'Financial inclusion', 'Financial stability', 'FinTech', 'Regulatory arbitrage', 'Soft information']","['economic growth', 'financial inclusion', 'financial stability', 'fintech', 'regulatory arbitrage', 'soft information']","Bridging the gap? A theoretical analysis of the net effect of FinTech entry on access to credit FinTech lenders offer an opportunity to enhance credit access but may also disrupt traditional banking. This study proposes a theoretical framework for analyzing the net impact of FinTech's entry on access to credit in credit markets dominated by conventional banks. When a FinTech lender enters the market, competition intensifies, which reduces the bank's gain in serving certain customer segments. While FinTech lending can help serve some unattended niches, it may cause the bank to abandon others, leading to an ambiguous or even negative impact on access to credit.",2024,4,10.1016/j.frl.2024.105918,Gisbert J.,Finance Research Letters,2-s2.0-85203417237,0.27563946009269025,4
The role of bank–FinTech partnerships in creating a more inclusive banking system,"FinTech firms are often viewed as competing with banks. Instead, more recently, there has been increased partnership and collaboration between FinTech firms and banks. These partnerships have allowed banks to access more information on consumers through data aggregation, artificial intelligence/machine learning (AI/ML) and other tools. This paper explores explore the demographics of consumers targeted by banks that have entered into such partnerships. Specifically, the paper tests whether banks are more likely to extend credit offers (by mail) and/or credit originations to consumers who would have otherwise been deemed high risk, either because of low credit scores or lack of credit scores altogether. The paper uses data on credit offers based on a survey conducted by Mintel, as well as data on credit originations based on the Federal Reserve’s Y-14M reports. Additionally, the paper analyses a unique data set of partnerships between FinTech firms and banks compiled by CB Insights to identify the relevant partnerships. The paper concludes that banks are more likely to offer credit cards and personal loans (and grant larger credit limits) to the credit-invisible and below-prime consumers after the FinTech partnership period. Similarly, it finds that FinTech partnerships result in banks being more likely to originate mortgage loans (and grant larger loan amount) to nonprime homebuyers. Overall, the paper concludes that bank/FinTech partnerships could help to move towards a more inclusive financial system.","['alternative data', 'credit invisible', 'financial inclusion', 'FinTech', 'FinTech partnership']","['alternative data', 'credit invisible', 'financial inclusion', 'fintech', 'fintech partnership']","The role of bank–FinTech partnerships in creating a more inclusive banking system FinTech firms are often viewed as competing with banks. Instead, more recently, there has been increased partnership and collaboration between FinTech firms and banks. These partnerships have allowed banks to access more information on consumers through data aggregation, artificial intelligence/machine learning (AI/ML) and other tools. This paper explores explore the demographics of consumers targeted by banks that have entered into such partnerships. Specifically, the paper tests whether banks are more likely to extend credit offers (by mail) and/or credit originations to consumers who would have otherwise been deemed high risk, either because of low credit scores or lack of credit scores altogether. The paper uses data on credit offers based on a survey conducted by Mintel, as well as data on credit originations based on the Federal Reserve’s Y-14M reports. Additionally, the paper analyses a unique data set of partnerships between FinTech firms and banks compiled by CB Insights to identify the relevant partnerships. The paper concludes that banks are more likely to offer credit cards and personal loans (and grant larger credit limits) to the credit-invisible and below-prime consumers after the FinTech partnership period. Similarly, it finds that FinTech partnerships result in banks being more likely to originate mortgage loans (and grant larger loan amount) to nonprime homebuyers. Overall, the paper concludes that bank/FinTech partnerships could help to move towards a more inclusive financial system.",2024,15,10.21799/frbp.wp.2023.21,Chernoff A.,Journal of Digital Banking,2-s2.0-105043633052,0.28702285999306576,5
Banks' consumer lending reaction to fintech and bigtech credit emergence in the context of soft versus hard credit information processing,"Access to credit information and the ability to process this information effectively determine the conditions of competition in the credit market. Traditionally, local banks have had an advantage in relationship lending (based on soft credit information), whereas foreign banks are considered to base on hard credit information. With the advent of financial technology (or “fintech”) companies (or “fintechs”) and giant technology (or “bigtech”) companies (or “bigtechs”) providing alternative credit, the conditions of competition in the credit market have changed. In this empirical study, we shed light on the nature of the information advantages fintech and bigtech companies have compared to banks and how alternative lenders use them. We analyze competition in the consumer lending segment between banks and fintechs as well as bigtechs providing alternative lending. We used a database combining bank-level characteristics and country-level proxies for 72 countries from 2013 to 2018. We find that in developed markets, the relationships between fintech and bigtech credit providers and banks are similar and competitive in nature. However, banks' consumer lending grows simultaneously with fintech credit market development in emerging economies, but decreases in the aftermath of the emergence of bigtech credit. Fintech credit seems to penetrate market segments not serviced by banks; thus, it plays a complementary role, however only in emerging economies. Bigtech companies compete even more with banks and push some banking offers out of the market, both in emerging and developed economies. Furthermore, we show that domestic and privately-owned banks are more negatively affected by competition from technology-based lending, particularly bigtech, than foreign banks. Thus, bigtech lending may be treated as a serious competition for banks' relationship lending based on soft credit information processing, traditionally provisioned by local banks.","['Alternative credit', 'Bigtech', 'Competition', 'Financial inclusion', 'Fintech', 'Local banks', 'Relationship lending', 'Soft credit information']","['alternative credit', 'bigtech', 'competition', 'financial inclusion', 'fintech', 'local banks', 'relationship lending', 'soft credit information']","Banks' consumer lending reaction to fintech and bigtech credit emergence in the context of soft versus hard credit information processing Access to credit information and the ability to process this information effectively determine the conditions of competition in the credit market. Traditionally, local banks have had an advantage in relationship lending (based on soft credit information), whereas foreign banks are considered to base on hard credit information. With the advent of financial technology (or “fintech”) companies (or “fintechs”) and giant technology (or “bigtech”) companies (or “bigtechs”) providing alternative credit, the conditions of competition in the credit market have changed. In this empirical study, we shed light on the nature of the information advantages fintech and bigtech companies have compared to banks and how alternative lenders use them. We analyze competition in the consumer lending segment between banks and fintechs as well as bigtechs providing alternative lending. We used a database combining bank-level characteristics and country-level proxies for 72 countries from 2013 to 2018. We find that in developed markets, the relationships between fintech and bigtech credit providers and banks are similar and competitive in nature. However, banks' consumer lending grows simultaneously with fintech credit market development in emerging economies, but decreases in the aftermath of the emergence of bigtech credit. Fintech credit seems to penetrate market segments not serviced by banks; thus, it plays a complementary role, however only in emerging economies. Bigtech companies compete even more with banks and push some banking offers out of the market, both in emerging and developed economies. Furthermore, we show that domestic and privately-owned banks are more negatively affected by competition from technology-based lending, particularly bigtech, than foreign banks. Thus, bigtech lending may be treated as a serious competition for banks' relationship lending based on soft credit information processing, traditionally provisioned by local banks.",2022,41,10.1016/j.irfa.2022.102116,Kowalewski O.,International Review of Financial Analysis,2-s2.0-85126086741,0.28821842038162526,6
"Inclusive FinTech, open banking, and bank performance: evidence from China","Open banking is an emerging business model that is representative of FinTech. To explore whether inclusive FinTech can improve bank performance and identify the underlying mechanisms by which this occurs, we investigate a sample of Chinese commercial banks involved in open banking during 2011–2020. The results show that inclusive FinTech can improve bank performance by improving the bank’s lending rate and liability structure, and that this positive effect is more pronounced in national and rural banks. The results indicate that inclusive FinTech has the greatest impact among banks serving the largest population and those who are excluded from the traditional financial system, and that financial inclusion does not detract from bank performance. However, the results do not provide evidence that inclusive FinTech improves bank performance by reducing risk-taking, suggesting a greater need for inclusive FinTech to focus on risk management. This study adds empirical evidence regarding the role of inclusive FinTech in banks. To promote inclusive FinTech and bank performance, developing economies like China should strengthen digital financial innovations, focus on risk management, and promote cooperation under the open finance framework.","['Bank performance', 'FinTech', 'Inclusive finance', 'Open banking']","['bank performance', 'fintech', 'inclusive finance', 'open banking']","Inclusive FinTech, open banking, and bank performance: evidence from China Open banking is an emerging business model that is representative of FinTech. To explore whether inclusive FinTech can improve bank performance and identify the underlying mechanisms by which this occurs, we investigate a sample of Chinese commercial banks involved in open banking during 2011–2020. The results show that inclusive FinTech can improve bank performance by improving the bank’s lending rate and liability structure, and that this positive effect is more pronounced in national and rural banks. The results indicate that inclusive FinTech has the greatest impact among banks serving the largest population and those who are excluded from the traditional financial system, and that financial inclusion does not detract from bank performance. However, the results do not provide evidence that inclusive FinTech improves bank performance by reducing risk-taking, suggesting a greater need for inclusive FinTech to focus on risk management. This study adds empirical evidence regarding the role of inclusive FinTech in banks. To promote inclusive FinTech and bank performance, developing economies like China should strengthen digital financial innovations, focus on risk management, and promote cooperation under the open finance framework.",2024,17,10.1186/s40854-024-00679-3,Liu Z.,Financial Innovation,2-s2.0-85209713996,0.29153137985557576,7
Fintech's influence on green credit provision: Empirical evidence from China's listed banking sector,"We explore the impact of financial technology (fintech) advancements on green credit provision, investigating publicly traded banks in China from 2007 to 2022. We particularly focus on credit modelling innovation, examining the non-linear dynamics between fintech evolution and green credit distribution. Results reveal a positive U-shaped correlation. Initial stages of fintech are associated with increased green credit risk, negatively affecting the volume of green credit. However, more established fintech infrastructures significantly enhance green credit volumes by improving resource allocation and credit risk assessment. Utilizing a multiple linear regression approach, we highlight the transformative nature of fintech in advancing sustainable banking practices, particularly through innovations in credit modeling that enhance green credit risk management and resource allocation efficiency.","['Financial technology', 'Green credit expansion', 'Green credit risk', 'Resource allocation efficiency']","['financial technology', 'green credit expansion', 'green credit risk', 'resource allocation efficiency']","Fintech's influence on green credit provision: Empirical evidence from China's listed banking sector We explore the impact of financial technology (fintech) advancements on green credit provision, investigating publicly traded banks in China from 2007 to 2022. We particularly focus on credit modelling innovation, examining the non-linear dynamics between fintech evolution and green credit distribution. Results reveal a positive U-shaped correlation. Initial stages of fintech are associated with increased green credit risk, negatively affecting the volume of green credit. However, more established fintech infrastructures significantly enhance green credit volumes by improving resource allocation and credit risk assessment. Utilizing a multiple linear regression approach, we highlight the transformative nature of fintech in advancing sustainable banking practices, particularly through innovations in credit modeling that enhance green credit risk management and resource allocation efficiency.",2024,31,10.1016/j.ribaf.2024.102394,He Z.,Research in International Business and Finance,2-s2.0-85192699263,0.2932825808600892,8
DOES FINTECH AFFECT FINANCIAL INCLUSION IN BALKAN REGION COUNTRIES?,"In recent years, the technological revolution and proliferation of financial technology (fintech) have significantly transformed the financial services landscape, potentially addressing gaps in financial inclusion. Fintech is the key driver for financial inclusion (Arner et al., 2020). The purpose of this study is to investigate the effect of fintech on financial inclusion within the Balkan region countries. This research uses a comprehensive analysis of data from different Balkan countries to explore the impact of fintech on financial inclusion. The study uses various econometric models and regression analysis (fixed effects model) to assess the extent to which fintech affects access to banking services, credit availability, and overall financial inclusion within the Balkan region. Using fintech indicators and available global fintech data, we find that the proxy of fintech-digital payment has a positive correlation with financial inclusion in countries of the Balkan region. Findings from this research contribute valuable knowledge to policymakers, financial institutions, and researchers interested in promoting inclusive financial systems in the Balkan region through the strategic integration of fintech solutions.","['Artificial Intelligence', 'Banks', 'Digital Payment', 'Financial Inclusion', 'Fintech']","['artificial intelligence', 'banks', 'digital payment', 'financial inclusion', 'fintech']","DOES FINTECH AFFECT FINANCIAL INCLUSION IN BALKAN REGION COUNTRIES? In recent years, the technological revolution and proliferation of financial technology (fintech) have significantly transformed the financial services landscape, potentially addressing gaps in financial inclusion. Fintech is the key driver for financial inclusion (Arner et al., 2020). The purpose of this study is to investigate the effect of fintech on financial inclusion within the Balkan region countries. This research uses a comprehensive analysis of data from different Balkan countries to explore the impact of fintech on financial inclusion. The study uses various econometric models and regression analysis (fixed effects model) to assess the extent to which fintech affects access to banking services, credit availability, and overall financial inclusion within the Balkan region. Using fintech indicators and available global fintech data, we find that the proxy of fintech-digital payment has a positive correlation with financial inclusion in countries of the Balkan region. Findings from this research contribute valuable knowledge to policymakers, financial institutions, and researchers interested in promoting inclusive financial systems in the Balkan region through the strategic integration of fintech solutions.",2024,7,10.22495/jgrv13i1siart12,Miftari F.,Journal of Governance and Regulation,2-s2.0-85187668542,0.29507950880587064,9
The impact of digitalization on credit risk: the mediating role of financial inclusion (National Bank of Egypt (NBE) case study),"This article investigates potential direct and indirect impact of National Bank of Egypt (NBE) digitalization and its financial inclusion on credit risk. The methodology used in the study is an empirical technique through the collection of secondary data from the period between 2011 and 2021 in the Egyptian banking sector. To accomplish this, the study developed two hypotheses employing the empirical SEM model for testing whether there is a positive or negative impact for three chosen variables: digitalization, credit risk and financial inclusion. The investigational outcome shows that NBE digitalization has both direct and indirect impact through the mediator variable, financial inclusion. It also provides an understanding of the relationship between digitalization, credit and financial inclusion. The article proposes for future studies the impact of other Fintech factors directly and indirectly using the mediators on credit risk. The authors came up with many findings: first, financial inclusion indices can be built using portable money and banking services activities. Second, digitalization has a negative direct impact on credit risk. Also, digitalization has a positive indirect impact on credit risk through the mediator variable which is referred to as financial inclusion. Third, the model fit is adequate for the data being tested.","['credit risk', 'Digitalization', 'Egyptian banking sector', 'financial inclusion']","['credit risk', 'digitalization', 'egyptian banking sector', 'financial inclusion']","The impact of digitalization on credit risk: the mediating role of financial inclusion (National Bank of Egypt (NBE) case study) This article investigates potential direct and indirect impact of National Bank of Egypt (NBE) digitalization and its financial inclusion on credit risk. The methodology used in the study is an empirical technique through the collection of secondary data from the period between 2011 and 2021 in the Egyptian banking sector. To accomplish this, the study developed two hypotheses employing the empirical SEM model for testing whether there is a positive or negative impact for three chosen variables: digitalization, credit risk and financial inclusion. The investigational outcome shows that NBE digitalization has both direct and indirect impact through the mediator variable, financial inclusion. It also provides an understanding of the relationship between digitalization, credit and financial inclusion. The article proposes for future studies the impact of other Fintech factors directly and indirectly using the mediators on credit risk. The authors came up with many findings: first, financial inclusion indices can be built using portable money and banking services activities. Second, digitalization has a negative direct impact on credit risk. Also, digitalization has a positive indirect impact on credit risk through the mediator variable which is referred to as financial inclusion. Third, the model fit is adequate for the data being tested.",2023,10,10.1080/1331677X.2023.2178018,Metawa N.,Economic Research Ekonomska Istrazivanja,2-s2.0-85150623738,0.297670685994633,10
Fintech-based financial inclusion and bank risk-taking: Evidence from OIC countries,"Financial inclusion has gone beyond the rhetoric surrounding social development and financial stability, but also expanding into pathos of arbitrage benefits made from cheap retail deposits by large banks and banks from technologically developed regions. This study investigates whether a higher degree of fintech-based financial inclusion (FFI) intensifies banks’ risk-taking by analysing data from 534 banks from 24 OIC countries. The results indicate that higher degree of FFI controls bank's risk-taking behaviour. The nexus turns stronger in the post-industrial revolution 4.0 (IR4.0) era. Our results are robust across multiple proxies and estimation methods. We discuss how competition surrounding investing in fintech may expose the banks towards severe uncertainty.","['Banks’ risk-taking', 'Financial inclusion', 'Financial stability', 'Fintech', 'Z-score']","['banks’ risk-taking', 'financial inclusion', 'financial stability', 'fintech', 'z-score']","Fintech-based financial inclusion and bank risk-taking: Evidence from OIC countries Financial inclusion has gone beyond the rhetoric surrounding social development and financial stability, but also expanding into pathos of arbitrage benefits made from cheap retail deposits by large banks and banks from technologically developed regions. This study investigates whether a higher degree of fintech-based financial inclusion (FFI) intensifies banks’ risk-taking by analysing data from 534 banks from 24 OIC countries. The results indicate that higher degree of FFI controls bank's risk-taking behaviour. The nexus turns stronger in the post-industrial revolution 4.0 (IR4.0) era. Our results are robust across multiple proxies and estimation methods. We discuss how competition surrounding investing in fintech may expose the banks towards severe uncertainty.",2021,195,10.1016/j.intfin.2021.101447,Banna H.,Journal of International Financial Markets Institutions and Money,2-s2.0-85117378710,0.2979163676160921,11
Can Fintech development improve the financial inclusion of village and township banks? Evidence from China,"Enhancing the financial inclusion of financial institutions enables more vulnerable groups to obtain opportunities to access loans—an essential prerequisite for achieving the United Nations' Sustainable Development Goals. The main purpose of this study is to explore whether the development of Fintech impacts the financial inclusion of village and township banks (VTBs). Using the micro survey data of 900 VTBs, this paper empirically analyzes the impact of financial technology on the financial inclusion of VTBs and explores the mediating role of mobile banking adoption. The results demonstrate that the development of Fintech can improve the financial inclusion of VTBs through the application of mobile banking. Notably, VTBs can significantly contribute to financial inclusion by adopting an online and offline service model, though mobile banking is substituting physical branches with the rapid development of financial technology. Further analysis finds that the development of Fintech has prompted VTBs to increase the inclusiveness of loans to rural households, loans to poor households, and loans to small and micro enterprises. Furthermore, rural credit institutions and city commercial banks as the main shareholders are conducive to strengthening the role of Fintech in promoting the financial inclusion of VTBs. Finally, the development of Fintech has a stronger competitive incentive for VTBs located in the eastern regions.","['Financial inclusion', 'Fintech', 'Mobile banking', 'Village and township banks']","['financial inclusion', 'fintech', 'mobile banking', 'village and township banks']","Can Fintech development improve the financial inclusion of village and township banks? Evidence from China Enhancing the financial inclusion of financial institutions enables more vulnerable groups to obtain opportunities to access loans—an essential prerequisite for achieving the United Nations' Sustainable Development Goals. The main purpose of this study is to explore whether the development of Fintech impacts the financial inclusion of village and township banks (VTBs). Using the micro survey data of 900 VTBs, this paper empirically analyzes the impact of financial technology on the financial inclusion of VTBs and explores the mediating role of mobile banking adoption. The results demonstrate that the development of Fintech can improve the financial inclusion of VTBs through the application of mobile banking. Notably, VTBs can significantly contribute to financial inclusion by adopting an online and offline service model, though mobile banking is substituting physical branches with the rapid development of financial technology. Further analysis finds that the development of Fintech has prompted VTBs to increase the inclusiveness of loans to rural households, loans to poor households, and loans to small and micro enterprises. Furthermore, rural credit institutions and city commercial banks as the main shareholders are conducive to strengthening the role of Fintech in promoting the financial inclusion of VTBs. Finally, the development of Fintech has a stronger competitive incentive for VTBs located in the eastern regions.",2024,36,10.1016/j.pacfin.2024.102324,Chen X.,Pacific Basin Finance Journal,2-s2.0-85187561749,0.299581872901838,12
How fintech adoption is affecting the size of rural bank lending?,"In the context of the digital economy, the enabling role of fintech for commercial banks deserves in-depth study. Based on unbalanced panel data of 174 rural banks from 2016 to 2020, this study uses Python technique to measure the fintech adoption index of rural banks and uses ordinary least squares (OLS) and stepwise regression to test the impact of fintech adoption on loan size of rural banks and the mechanism of its effect. The study shows that the impact of fintech applications on loan size of rural banks shows an inverted U-shaped trend of rising and then falling. The mechanism analysis finds that risk-taking plays a nonlinear mediating role between fintech adoption and rural bank loan size.","['Fintech adoption', 'loan size', 'risk-taking', 'rural bank']","['fintech adoption', 'loan size', 'risk-taking', 'rural bank']","How fintech adoption is affecting the size of rural bank lending? In the context of the digital economy, the enabling role of fintech for commercial banks deserves in-depth study. Based on unbalanced panel data of 174 rural banks from 2016 to 2020, this study uses Python technique to measure the fintech adoption index of rural banks and uses ordinary least squares (OLS) and stepwise regression to test the impact of fintech adoption on loan size of rural banks and the mechanism of its effect. The study shows that the impact of fintech applications on loan size of rural banks shows an inverted U-shaped trend of rising and then falling. The mechanism analysis finds that risk-taking plays a nonlinear mediating role between fintech adoption and rural bank loan size.",2025,4,10.1080/13504851.2023.2259584,Chao N.,Applied Economics Letters,2-s2.0-85171673909,0.30002577448756407,13
Fintech-based Financial Inclusion and Risk-taking of Microfinance Institutions (MFIs): Evidence from Sub-Saharan Africa,"Fintech innovations are rapidly transforming the global financial industry and easing the financial inclusion initiatives of microfinance institutions (MFIs). Such technological transformations are expected to promote stability in the financial system and in turn reduce the risk-taking behavior of its main actors. However, there is limited or no empirical evidence to confirm the impact of fintech-based financial inclusion (FinFI) on the risk-taking behavior of Sub-Saharan African MFIs. Thus, we have developed a new index to measure FinFI and empirically assess its role in reducing the risk-taking attitude of MFIs. The validity of our results was confirmed by using various robustness tests.","['financial inclusion', 'Financial technology', 'fintech-based financial inclusion', 'microfinance institutions', 'risk-taking behavior', 'Sub-Saharan Africa']","['financial inclusion', 'financial technology', 'fintech-based financial inclusion', 'microfinance institutions', 'risk-taking behavior', 'sub-saharan africa']","Fintech-based Financial Inclusion and Risk-taking of Microfinance Institutions (MFIs): Evidence from Sub-Saharan Africa Fintech innovations are rapidly transforming the global financial industry and easing the financial inclusion initiatives of microfinance institutions (MFIs). Such technological transformations are expected to promote stability in the financial system and in turn reduce the risk-taking behavior of its main actors. However, there is limited or no empirical evidence to confirm the impact of fintech-based financial inclusion (FinFI) on the risk-taking behavior of Sub-Saharan African MFIs. Thus, we have developed a new index to measure FinFI and empirically assess its role in reducing the risk-taking attitude of MFIs. The validity of our results was confirmed by using various robustness tests.",2022,143,10.1016/j.frl.2021.102149,Banna H.,Finance Research Letters,2-s2.0-85107147974,0.30122595586857304,14
"Fintech credit, big tech credit and income inequality","The rise of alternative credit lines, powered by the digital revolution, comes with a promise of additional funding to the economy. In the paper, I explore whether the growth of fintech and big tech credit can be associated with changes in income inequality. For this purpose, I utilize a rich panel of 78 countries over the 2013–2019 period. I find that rise of fintech and big tech credit is indeed associated with a reduction in income inequality. However, this somewhat wanting result emerges only in countries with an already high level of financial inclusion.","['Big tech', 'Digital lending', 'Fintech', 'Inclusion', 'Income inequality']","['big tech', 'digital lending', 'fintech', 'inclusion', 'income inequality']","Fintech credit, big tech credit and income inequality The rise of alternative credit lines, powered by the digital revolution, comes with a promise of additional funding to the economy. In the paper, I explore whether the growth of fintech and big tech credit can be associated with changes in income inequality. For this purpose, I utilize a rich panel of 78 countries over the 2013–2019 period. I find that rise of fintech and big tech credit is indeed associated with a reduction in income inequality. However, this somewhat wanting result emerges only in countries with an already high level of financial inclusion.",2023,44,10.1016/j.frl.2022.103387,Hodula M.,Finance Research Letters,2-s2.0-85139856128,0.3012378774832615,15
"BigTech, FinTech, and banks: A tangle or unity?","We examined the dual impact of BigTech and FinTech financing on traditional banking metrics like personal loans, credit risk, and bank performance. Through baseline regressions, alternative measures, endogeneity checks, and sub-sample analysis, our findings reveal an inverse relationship between BigTech and FinTech financing with personal loans and credit risk, suggesting severe challenges to traditional banking practices. Conversely, a positive correlation with bank performance indicates that while BigTech and FinTech disrupt certain aspects of banking, they also present opportunities for adaptation to blockchain-based financing mechanisms. Further evidence also confirmed these findings. The study informs various policymakers, stakeholder, and academic scholars.","['BigTech', 'Credit Risk', 'FinTech', 'Performance', 'Personal loans']","['bigtech', 'credit risk', 'fintech', 'performance', 'personal loans']","BigTech, FinTech, and banks: A tangle or unity? We examined the dual impact of BigTech and FinTech financing on traditional banking metrics like personal loans, credit risk, and bank performance. Through baseline regressions, alternative measures, endogeneity checks, and sub-sample analysis, our findings reveal an inverse relationship between BigTech and FinTech financing with personal loans and credit risk, suggesting severe challenges to traditional banking practices. Conversely, a positive correlation with bank performance indicates that while BigTech and FinTech disrupt certain aspects of banking, they also present opportunities for adaptation to blockchain-based financing mechanisms. Further evidence also confirmed these findings. The study informs various policymakers, stakeholder, and academic scholars.",2024,35,10.1016/j.frl.2024.105490,Karim S.,Finance Research Letters,2-s2.0-85192341781,0.30235065969931196,16
"Role of fintech in credit risk management: an analysis of Islamic banks in Indonesia, Malaysia, UAE and Pakistan","Purpose: The purpose of this study aims to examine the effect of fintech on pre- and post-financing credit risks faced by the Islamic banks. Design/methodology/approach: This research uses primary data for fintech awareness and adoption and secondary data of various financial and economic variables from 2009 to 2021. It uses baseline regression to identify moderation of fintech controlling gross domestic products, size, return on assets and leverage. The findings are confirmed using robustness against key variable bias. It also uses a dynamic panel two-stage generalized method of moments for endogeneity. Findings: The study finds that the fintech awareness and adoption are not the same across all Islamic countries. The Asia Pacific region is far ahead of the other two regions where Indonesia is ahead in terms of fintech awareness and adoption, and Malaysia is ahead in terms of reaping its benefits in credit risk management. Fintech affects prefinancing credit risk significantly more than postfinancing credit risk. Also, the study finds that Islamic banks suffer from the problem of “Adverse selection under Shariah compliance.” Practical implications: This research invites regulators to introduce fintech in Islamic banks on war footing. Similar studies can be conducted on the role of other risks such as operational and market risks. Fintech will also help in improving the risk profile and stability of Islamic banks against systemic risks and financial crises. Originality/value: This research has variety of originalities. First, it is the pioneering study that addresses the effect of fintech pre- and post-financing credit risks in Islamic banks. Second, it identifies “Adverse selection under Shariah compliance” for Islamic banks. Third, it helps identify how fintech can be useful in reducing credit risk that will help in reducing capital charge for regulatory capital.","['Credit risk', 'Dynamic panel two-stage GMM', 'Fintech', 'Postfinancing', 'Prefinancing', 'Sustainable financial development']","['credit risk', 'dynamic panel two-stage gmm', 'fintech', 'postfinancing', 'prefinancing', 'sustainable financial development']","Role of fintech in credit risk management: an analysis of Islamic banks in Indonesia, Malaysia, UAE and Pakistan Purpose: The purpose of this study aims to examine the effect of fintech on pre- and post-financing credit risks faced by the Islamic banks. Design/methodology/approach: This research uses primary data for fintech awareness and adoption and secondary data of various financial and economic variables from 2009 to 2021. It uses baseline regression to identify moderation of fintech controlling gross domestic products, size, return on assets and leverage. The findings are confirmed using robustness against key variable bias. It also uses a dynamic panel two-stage generalized method of moments for endogeneity. Findings: The study finds that the fintech awareness and adoption are not the same across all Islamic countries. The Asia Pacific region is far ahead of the other two regions where Indonesia is ahead in terms of fintech awareness and adoption, and Malaysia is ahead in terms of reaping its benefits in credit risk management. Fintech affects prefinancing credit risk significantly more than postfinancing credit risk. Also, the study finds that Islamic banks suffer from the problem of “Adverse selection under Shariah compliance.” Practical implications: This research invites regulators to introduce fintech in Islamic banks on war footing. Similar studies can be conducted on the role of other risks such as operational and market risks. Fintech will also help in improving the risk profile and stability of Islamic banks against systemic risks and financial crises. Originality/value: This research has variety of originalities. First, it is the pioneering study that addresses the effect of fintech pre- and post-financing credit risks in Islamic banks. Second, it identifies “Adverse selection under Shariah compliance” for Islamic banks. Third, it helps identify how fintech can be useful in reducing credit risk that will help in reducing capital charge for regulatory capital.",2023,19,10.1108/JSTPM-06-2022-0104,Shah S.A.A.,Journal of Science and Technology Policy Management,2-s2.0-85153776696,0.3054791893861757,17
Impact of the development of FinTech by commercial banks on bank credit risk,"This paper constructs FinTech development indicators of commercial banks through web crawler, and uses the data of 138 Chinese commercial banks from 2013 to 2021 to investigate the impact of the development of FinTech of commercial banks on bank credit risk. The results show that the development of FinTech significantly reduces the credit risk level of commercial banks, among which the application of FinTech in the digital risk control of banks plays an important role in reducing bank credit risk, and the development of FinTech in small and medium-sized banks has a greater inhibitory effect on credit risk.","['Bank credit risk', 'Digital risk control', 'FinTech']","['bank credit risk', 'digital risk control', 'fintech']","Impact of the development of FinTech by commercial banks on bank credit risk This paper constructs FinTech development indicators of commercial banks through web crawler, and uses the data of 138 Chinese commercial banks from 2013 to 2021 to investigate the impact of the development of FinTech of commercial banks on bank credit risk. The results show that the development of FinTech significantly reduces the credit risk level of commercial banks, among which the application of FinTech in the digital risk control of banks plays an important role in reducing bank credit risk, and the development of FinTech in small and medium-sized banks has a greater inhibitory effect on credit risk.",2023,70,10.1016/j.frl.2023.103857,Zhang Y.,Finance Research Letters,2-s2.0-85152430146,0.3073377003061981,18
Banking evolution in the digital age: How digital financial inclusion induces systematic financial risk?,"Using panel data from 16 Chinese commercial banks (2011–2022), this study investigates the relationship between digital financial inclusion (DFI) and systemic financial risk. Findings reveal that DFI dimensions differentially affect systemic risk—service depth and digitalization significantly increase risk, while geographical coverage has minimal impact. We identify leverage level and administration costs as critical mediating mechanisms, while capital adequacy and liquidity management capability serve as significant moderating factors. These findings underscore the theoretical underpinnings and regulatory implications of balancing financial innovation with stability in rapidly changing digital landscapes.","['Banking stability', 'Digital inclusive finance', 'Financial technology innovation', 'Risk transmission mechanisms']","['banking stability', 'digital inclusive finance', 'financial technology innovation', 'risk transmission mechanisms']","Banking evolution in the digital age: How digital financial inclusion induces systematic financial risk? Using panel data from 16 Chinese commercial banks (2011–2022), this study investigates the relationship between digital financial inclusion (DFI) and systemic financial risk. Findings reveal that DFI dimensions differentially affect systemic risk—service depth and digitalization significantly increase risk, while geographical coverage has minimal impact. We identify leverage level and administration costs as critical mediating mechanisms, while capital adequacy and liquidity management capability serve as significant moderating factors. These findings underscore the theoretical underpinnings and regulatory implications of balancing financial innovation with stability in rapidly changing digital landscapes.",2025,7,10.1016/j.frl.2025.107351,Xie J.,Finance Research Letters,2-s2.0-105002665814,0.3086747555223236,19
Exploring the Synergy Between Financial Technologies and Financial Inclusion: What We Know and Where We Should Be Heading?,"Background: Innovative financial technologies (fintech) are gradually changing how financial transactions and processes are conducted. The adoption of fintech not only benefits the financial sector but can also have a broader impact on society. Due to their ability to provide customized services to a wide range of stakeholders, fintech is gaining traction and experiencing significant growth. Compared to traditional financial institutions, fintech companies can reach a wider audience and operate more efficiently. In addition to upending traditional financial services, fintech can also provide financial services to marginalized groups. We argue that fintech research and practice should focus on seizing opportunities and addressing challenges related to financial inclusion, especially in emerging markets. Method:We conducted a systematic literature review of 178 articles to understand the relationship between fintech and financial inclusion. Results: Our analysis highlights six fintech research themes: fintech and financial inclusion, fintech adoption and use, fintech and sectoral growth, fintech and lending, and technology shaping the fintech. We also present four future themes (basic, driving, niche, and emerging or declining research) that can accelerate financial inclusion. Conclusions: This study highlights the synergies between fintech and financial inclusion research. This study contributes to existing knowledge in three ways. First, the descriptive analysis maps existing research on fintech and financial inclusion. Second, the qualitative analysis provides a comprehensive overview of how fintech and financial inclusion topics is interconnected. Third, future research areas for fintech and financial inclusion were identified. In general, fintech democratizes financial inclusion for the unbanked and marginalized communities while reducing operating costs. Governments should promote financial inclusion among those most vulnerable and affected by global threats.","['Financial Inclusion', 'Financial Technology', 'Fintech', 'Peer-to-Peer Lending', 'Systematic Literature Review']","['financial inclusion', 'financial technology', 'fintech', 'peer-to-peer lending', 'systematic literature review']","Exploring the Synergy Between Financial Technologies and Financial Inclusion: What We Know and Where We Should Be Heading? Background: Innovative financial technologies (fintech) are gradually changing how financial transactions and processes are conducted. The adoption of fintech not only benefits the financial sector but can also have a broader impact on society. Due to their ability to provide customized services to a wide range of stakeholders, fintech is gaining traction and experiencing significant growth. Compared to traditional financial institutions, fintech companies can reach a wider audience and operate more efficiently. In addition to upending traditional financial services, fintech can also provide financial services to marginalized groups. We argue that fintech research and practice should focus on seizing opportunities and addressing challenges related to financial inclusion, especially in emerging markets. Method:We conducted a systematic literature review of 178 articles to understand the relationship between fintech and financial inclusion. Results: Our analysis highlights six fintech research themes: fintech and financial inclusion, fintech adoption and use, fintech and sectoral growth, fintech and lending, and technology shaping the fintech. We also present four future themes (basic, driving, niche, and emerging or declining research) that can accelerate financial inclusion. Conclusions: This study highlights the synergies between fintech and financial inclusion research. This study contributes to existing knowledge in three ways. First, the descriptive analysis maps existing research on fintech and financial inclusion. Second, the qualitative analysis provides a comprehensive overview of how fintech and financial inclusion topics is interconnected. Third, future research areas for fintech and financial inclusion were identified. In general, fintech democratizes financial inclusion for the unbanked and marginalized communities while reducing operating costs. Governments should promote financial inclusion among those most vulnerable and affected by global threats.",2023,23,10.17705/1pais.15104,Vijayakumar Bharathi S.,Pacific Asia Journal of the Association for Information Systems,2-s2.0-85162240135,0.31068407057960745,20
Effect of FinCredit on income inequality: the moderating role of financial inclusion,"This paper examines the direct effect of FinCredit on income inequality and the moderating effect of Financial Inclusion. Using a dual-process variable selection approach, we develop an optimal model to test two hypotheses and explore how FinCredit influences direct and indirect income inequality. Our study has made a pioneering contribution to the literature by identifying the direct positive impact of FinCredit on income inequality, which previous research had not yet revealed. Additionally, we have discovered new evidence on the crucial role of Financial Inclusion in enhancing the positive effects of FinCredit on reducing income inequality. We provide reliable scientific empirical evidence that clarifies the confusion surrounding fintech credit and encourages its development. Practical managerial implications can be inferred from the moderating role of financial inclusion on the positive effect of fintech credit on income inequality. These results have significant policy implications for promoting FinCredit and Financial Inclusion to reduce income inequality in the era of digital transformation.","['C11', 'D31', 'D63', 'F62', 'Feature selection', 'Financial inclusion', 'FinCredit', 'FinTech', 'Income inequality', 'O']","['c11', 'd31', 'd63', 'f62', 'feature selection', 'financial inclusion', 'fincredit', 'fintech', 'income inequality', 'o']","Effect of FinCredit on income inequality: the moderating role of financial inclusion This paper examines the direct effect of FinCredit on income inequality and the moderating effect of Financial Inclusion. Using a dual-process variable selection approach, we develop an optimal model to test two hypotheses and explore how FinCredit influences direct and indirect income inequality. Our study has made a pioneering contribution to the literature by identifying the direct positive impact of FinCredit on income inequality, which previous research had not yet revealed. Additionally, we have discovered new evidence on the crucial role of Financial Inclusion in enhancing the positive effects of FinCredit on reducing income inequality. We provide reliable scientific empirical evidence that clarifies the confusion surrounding fintech credit and encourages its development. Practical managerial implications can be inferred from the moderating role of financial inclusion on the positive effect of fintech credit on income inequality. These results have significant policy implications for promoting FinCredit and Financial Inclusion to reduce income inequality in the era of digital transformation.",2024,4,10.1007/s11156-023-01226-4,Pham X.T.T.,Review of Quantitative Finance and Accounting,2-s2.0-85178161160,0.3120389930432236,21
Digital disruption in financing: Are fintech and bigtech credit reshaping corporate access to capital?,"This study examines the role of fintech and bigtech credit, collectively referred to as alternative digital credit, in alleviating corporate financing constraints across 70 countries from 2013 to 2019. The findings indicate that alternative digital credit alleviates financing constraints by reducing investment-to-cash flow sensitivity, particularly in developing countries. This effect is more pronounced in financially developed markets with strong institutional frameworks but less competitive banking sectors. The advantages of alternative digital credit are particularly notable for small, young, and manufacturing firms. Firms engaged in international trade and those owned by foreign investors face fewer constraints due to their inherent advantages. Consistency checks using alternative measures of financing constraints reaffirm these findings. The analysis of transmission channels further highlights that the entry of fintech and bigtech firms weakens banks’ market power, encouraging greater competition in the banking sector and ultimately lowering firms’ financing constraints. These insights highlight the transformative potential of alternative digital credit in promoting financial inclusion and propose targeted policies to enhance its adoption globally.","['Bigtech Credit', 'Conventional Financial Sector', 'Financial Constraints', 'Fintech Credit', 'Total Alternative Credit']","['bigtech credit', 'conventional financial sector', 'financial constraints', 'fintech credit', 'total alternative credit']","Digital disruption in financing: Are fintech and bigtech credit reshaping corporate access to capital? This study examines the role of fintech and bigtech credit, collectively referred to as alternative digital credit, in alleviating corporate financing constraints across 70 countries from 2013 to 2019. The findings indicate that alternative digital credit alleviates financing constraints by reducing investment-to-cash flow sensitivity, particularly in developing countries. This effect is more pronounced in financially developed markets with strong institutional frameworks but less competitive banking sectors. The advantages of alternative digital credit are particularly notable for small, young, and manufacturing firms. Firms engaged in international trade and those owned by foreign investors face fewer constraints due to their inherent advantages. Consistency checks using alternative measures of financing constraints reaffirm these findings. The analysis of transmission channels further highlights that the entry of fintech and bigtech firms weakens banks’ market power, encouraging greater competition in the banking sector and ultimately lowering firms’ financing constraints. These insights highlight the transformative potential of alternative digital credit in promoting financial inclusion and propose targeted policies to enhance its adoption globally.",2025,8,10.1016/j.intfin.2025.102198,Khan H.H.,Journal of International Financial Markets Institutions and Money,2-s2.0-105009595151,0.3134585729925021,22
The rise of digital finance: Financial inclusion or debt trap?,"This study focuses on the impact of digital finance on households. While digital finance has brought financial inclusion, it has also increased the risk of households falling into a debt trap. We provide evidence that supports this notion and explain the channel through which digital finance increases the likelihood of financial distress. Our results show that the widespread use of digital finance increases credit market participation. The broadened access to credit markets increases household consumption by changing the marginal propensity to consume. However, the easier access to credit markets also increases the risk of households falling into a debt trap.","['Debt trap', 'Digital financial literacy', 'Digital lending', 'Financial inclusion', 'Fintech']","['debt trap', 'digital financial literacy', 'digital lending', 'financial inclusion', 'fintech']","The rise of digital finance: Financial inclusion or debt trap? This study focuses on the impact of digital finance on households. While digital finance has brought financial inclusion, it has also increased the risk of households falling into a debt trap. We provide evidence that supports this notion and explain the channel through which digital finance increases the likelihood of financial distress. Our results show that the widespread use of digital finance increases credit market participation. The broadened access to credit markets increases household consumption by changing the marginal propensity to consume. However, the easier access to credit markets also increases the risk of households falling into a debt trap.",2022,391,10.1016/j.frl.2021.102604,Yue P.,Finance Research Letters,2-s2.0-85122276865,0.3137332260714907,23
Fintech development and corporate credit risk: Evidence from an emerging market,"This paper analyzes the impact of fintech development on the credit risk of non-financial firms. Using the city-level fintech development index constructed based on data from Ant Finance Service Group, we find that: (1) non-financial firms in cities with better fintech services have lower credit risk; (2) two channels identified are financial constraints and corporate investment efficiency; (3) the role of fintech development in reducing corporate credit risk are more pronounced for non-state-owned firms, small and medium-sized firms, firms in regions with a lower level of marketization, and firms experiencing economic contraction. Our research provides implications for the development of fintech in an emerging market.","['Corporate investment efficiency', 'Credit risk', 'Financial constraints', 'Fintech development', 'Non-financial firms']","['corporate investment efficiency', 'credit risk', 'financial constraints', 'fintech development', 'non-financial firms']","Fintech development and corporate credit risk: Evidence from an emerging market This paper analyzes the impact of fintech development on the credit risk of non-financial firms. Using the city-level fintech development index constructed based on data from Ant Finance Service Group, we find that: (1) non-financial firms in cities with better fintech services have lower credit risk; (2) two channels identified are financial constraints and corporate investment efficiency; (3) the role of fintech development in reducing corporate credit risk are more pronounced for non-state-owned firms, small and medium-sized firms, firms in regions with a lower level of marketization, and firms experiencing economic contraction. Our research provides implications for the development of fintech in an emerging market.",2024,46,10.1016/j.irfa.2024.103084,Tan C.,International Review of Financial Analysis,2-s2.0-85183542548,0.3139810847157747,24
Defeating the Dark Sides of FinTech: A Regression-Based Analysis of Digitalization’s Role in Fostering Consumers’ Financial Inclusion in Central and Eastern Europe,"Financial technologies metamorphose economies with customer-focused innovation. In this way, financial inclusion is fostered and economic growth is increased. However, risks, trust issues, and ethical concerns stem from the faster advancement of digital technologies and expanding financial innovation. Thus, this paper aims to understand the risks and barriers associated with FinTech and consumer adoption, focussing on the impact of digitalization on financial products/services’ acceptance. The research investigates the impact of digitalization on financial services and the recognition of the role played in the global economy by FinTech. For this reason, the regression analysis was used to explore the influence and correlation of various variables on FinTech in Central and Eastern European (CEE) countries, such as Internet usage, online shopping, paying bills via the Internet, and making and receiving digital payments. The results show differences between three clusters of CEEs in terms of FinTech adoption. While several past studies have explored the advantages of FinTech, few studies have investigated the risks associated with its adoption, trust, and barriers to its usage in different country contexts. The present paper fills the gap by analysing the data on Internet usage, online shopping, paying bills via Internet, and sending or receiving digital payments in CEE countries. The study recommends that FinTech companies share information online not only to present their offerings to users, but also to promote financial education through clear and straightforward communication about the features of their services. This approach can indirectly benefit society by contributing to financial development, inclusion, social stability, and, consequently, sustainable development.","['Central and Eastern European countries', 'digitalization', 'financial inclusion', 'FinTech', 'innovation']","['central and eastern european countries', 'digitalization', 'financial inclusion', 'fintech', 'innovation']","Defeating the Dark Sides of FinTech: A Regression-Based Analysis of Digitalization’s Role in Fostering Consumers’ Financial Inclusion in Central and Eastern Europe Financial technologies metamorphose economies with customer-focused innovation. In this way, financial inclusion is fostered and economic growth is increased. However, risks, trust issues, and ethical concerns stem from the faster advancement of digital technologies and expanding financial innovation. Thus, this paper aims to understand the risks and barriers associated with FinTech and consumer adoption, focussing on the impact of digitalization on financial products/services’ acceptance. The research investigates the impact of digitalization on financial services and the recognition of the role played in the global economy by FinTech. For this reason, the regression analysis was used to explore the influence and correlation of various variables on FinTech in Central and Eastern European (CEE) countries, such as Internet usage, online shopping, paying bills via the Internet, and making and receiving digital payments. The results show differences between three clusters of CEEs in terms of FinTech adoption. While several past studies have explored the advantages of FinTech, few studies have investigated the risks associated with its adoption, trust, and barriers to its usage in different country contexts. The present paper fills the gap by analysing the data on Internet usage, online shopping, paying bills via Internet, and sending or receiving digital payments in CEE countries. The study recommends that FinTech companies share information online not only to present their offerings to users, but also to promote financial education through clear and straightforward communication about the features of their services. This approach can indirectly benefit society by contributing to financial development, inclusion, social stability, and, consequently, sustainable development.",2024,7,10.3390/risks12110178,Panait M.C.,Risks,2-s2.0-85210550741,0.31547799228429285,25
FinTech and financial sustainability: A mediating role of financial inclusion,"Technological advancements and shifts in the financial landscape have made it imperative to delve into the nexus between FinTech, financial inclusion, and financial sustainability. Surprisingly, contemporary research has largely overlooked this crucial area of investigation. The current study examines the impact of changes primarily driven by FinTech and how they mediated financial inclusion to foster financial sustainability. For this purpose, the study encompassed a dataset of 141 countries from 2011 to 2021 and employed Structural Equation Modeling (SEM). In addition, the Sobel-Goodman test was employed to provide a comprehensive and robust understanding of the nexus. Our results across all specifications demonstrate that financial inclusion mediates the nexus between FinTech and financial sustainability. Furthermore, in some specifications, FinTech adversely affects financial sustainability by posing risk and regulatory challenges. Moreover, these findings remain robust in the whole sample and subsamples of developed and developing countries. These outcomes hold significant implications, as they underscore how FinTech enhances access to financial services, reshapes the financial landscape, and indirectly contributes substantially to financial sustainability.","['Financial inclusion', 'Financial sustainability', 'FinTech', 'Panel data analysis']","['financial inclusion', 'financial sustainability', 'fintech', 'panel data analysis']","FinTech and financial sustainability: A mediating role of financial inclusion Technological advancements and shifts in the financial landscape have made it imperative to delve into the nexus between FinTech, financial inclusion, and financial sustainability. Surprisingly, contemporary research has largely overlooked this crucial area of investigation. The current study examines the impact of changes primarily driven by FinTech and how they mediated financial inclusion to foster financial sustainability. For this purpose, the study encompassed a dataset of 141 countries from 2011 to 2021 and employed Structural Equation Modeling (SEM). In addition, the Sobel-Goodman test was employed to provide a comprehensive and robust understanding of the nexus. Our results across all specifications demonstrate that financial inclusion mediates the nexus between FinTech and financial sustainability. Furthermore, in some specifications, FinTech adversely affects financial sustainability by posing risk and regulatory challenges. Moreover, these findings remain robust in the whole sample and subsamples of developed and developing countries. These outcomes hold significant implications, as they underscore how FinTech enhances access to financial services, reshapes the financial landscape, and indirectly contributes substantially to financial sustainability.",2025,20,10.1016/j.techfore.2025.124129,Ullah S.,Technological Forecasting and Social Change,2-s2.0-105003772072,0.3157211487624677,26
Fintech-based financial inclusion and banks' risk-taking: the role of regulation in Sub-Saharan Africa,"Purpose: The study examines the role of regulation in the fintech-based financial inclusion (FBFI)–risk-taking nexus in the Sub-Saharan African (SSA) region. Design/methodology/approach: Using a sample of 10 countries in SSA over the period 2014 to 2021, the study employed the fixed-effect regression model and the two-step generalized method of moments (GMM) estimator. Findings: The results show that FBFI mitigates commercial banks risk-taking in SSA. But as FBFI progresses, the association takes the shape of an inverted U, increasing risks initially and decreasing them later on. Effective supervision and regulatory quality, in particular, are essential in moderating this relationship by offsetting the adverse consequences of FBFI in its early stages. Research limitations/implications: First, while our sample is limited to banks in ten SSA countries, future studies could extend the sample size, enabling more explicit generalization of the results. Second, the FBFI–bank risk nexus can be explored further by comparing diverse forms of fintech participation, such as fintech company investment, fintech technology investment, cooperation with specific fintech service providers and cooperation with Internet giants. Practical implications: Policymakers, banks and fintech companies should collaborate to certify the sustainable utilization of fintech tools to ensure financial inclusion. Policymakers should craft policies that encourage effective supervision and regulatory quality of fintechs since they reduce banks' risk-taking practices, which usually have positive effect on the economy. Originality/value: The study adds value to the debate on the role of regulation on the FBFI–risk-taking nexus, taking into account countries that are at different levels of development.","['Bank risk', 'Financial inclusion', 'Fintech', 'Regulation', 'Sub-Saharan Africa']","['bank risk', 'financial inclusion', 'fintech', 'regulation', 'sub-saharan africa']","Fintech-based financial inclusion and banks' risk-taking: the role of regulation in Sub-Saharan Africa Purpose: The study examines the role of regulation in the fintech-based financial inclusion (FBFI)–risk-taking nexus in the Sub-Saharan African (SSA) region. Design/methodology/approach: Using a sample of 10 countries in SSA over the period 2014 to 2021, the study employed the fixed-effect regression model and the two-step generalized method of moments (GMM) estimator. Findings: The results show that FBFI mitigates commercial banks risk-taking in SSA. But as FBFI progresses, the association takes the shape of an inverted U, increasing risks initially and decreasing them later on. Effective supervision and regulatory quality, in particular, are essential in moderating this relationship by offsetting the adverse consequences of FBFI in its early stages. Research limitations/implications: First, while our sample is limited to banks in ten SSA countries, future studies could extend the sample size, enabling more explicit generalization of the results. Second, the FBFI–bank risk nexus can be explored further by comparing diverse forms of fintech participation, such as fintech company investment, fintech technology investment, cooperation with specific fintech service providers and cooperation with Internet giants. Practical implications: Policymakers, banks and fintech companies should collaborate to certify the sustainable utilization of fintech tools to ensure financial inclusion. Policymakers should craft policies that encourage effective supervision and regulatory quality of fintechs since they reduce banks' risk-taking practices, which usually have positive effect on the economy. Originality/value: The study adds value to the debate on the role of regulation on the FBFI–risk-taking nexus, taking into account countries that are at different levels of development.",2024,13,10.1108/JEAS-11-2023-0304,Chinoda T.,Journal of Economic and Administrative Sciences,2-s2.0-85197919422,0.31677015892757,27
Digital Inclusion and Financial Inclusion: Evidence from Peer-to-Peer Lending,"We explore whether digital inclusion, a public policy designed to provide high-speed internet infrastructure for historically digitally excluded populations, is associated with the social and ethical challenge of financial inclusion. Using evidence from a sizable P2P lender in the U.S., we document that digital inclusion is positively associated with P2P lending penetration and that this relation is more pronounced in counties with limited commercial bank loan penetration and higher minority populations. Our new evidence from cross-sectional tests suggests that digital inclusion plays a key role in financial inclusion, particularly in regions with more vulnerable and/or underserved populations. In consequence tests, we document that high-risk borrowing is less likely to be denied in counties with higher digital inclusion and that digital inclusion is positively associated with P2P lending efficiency in the form of more repeated borrowing, decreased funding time, and improved funding fulfillment. In addition, we show that the availability of alternative information, a plausible channel through which digital inclusion is related to financial inclusion, is positively associated with efficiency in P2P lending. Our findings indicate that digital inclusion can empower financial service providers and other stakeholders to collaboratively fulfill their ethical and social responsibilities to meet the financial needs of historically marginalized groups.","['Alternative information', 'Digital inclusion', 'Ethics', 'Financial inclusion', 'FinTech', 'Peer-to-peer lending', 'Public policy', 'Social responsibilities']","['alternative information', 'digital inclusion', 'ethics', 'financial inclusion', 'fintech', 'peer-to-peer lending', 'public policy', 'social responsibilities']","Digital Inclusion and Financial Inclusion: Evidence from Peer-to-Peer Lending We explore whether digital inclusion, a public policy designed to provide high-speed internet infrastructure for historically digitally excluded populations, is associated with the social and ethical challenge of financial inclusion. Using evidence from a sizable P2P lender in the U.S., we document that digital inclusion is positively associated with P2P lending penetration and that this relation is more pronounced in counties with limited commercial bank loan penetration and higher minority populations. Our new evidence from cross-sectional tests suggests that digital inclusion plays a key role in financial inclusion, particularly in regions with more vulnerable and/or underserved populations. In consequence tests, we document that high-risk borrowing is less likely to be denied in counties with higher digital inclusion and that digital inclusion is positively associated with P2P lending efficiency in the form of more repeated borrowing, decreased funding time, and improved funding fulfillment. In addition, we show that the availability of alternative information, a plausible channel through which digital inclusion is related to financial inclusion, is positively associated with efficiency in P2P lending. Our findings indicate that digital inclusion can empower financial service providers and other stakeholders to collaboratively fulfill their ethical and social responsibilities to meet the financial needs of historically marginalized groups.",2025,19,10.1007/s10551-024-05689-w,Jia X.,Journal of Business Ethics,2-s2.0-85193368487,0.3174415313443807,28
Innovative Credit Risk Assessment: Leveraging Social Media Data for Inclusive Credit Scoring in Indonesia’s Fintech Sector,"The financial technology domain has undertaken significant strides toward more inclusive credit scoring systems by integrating alternative data sources, prompting an exploration of how we can further simplify the process of efficiently assessing creditworthiness for the younger generation who lack traditional credit histories and collateral assets. This study introduces a novel approach leveraging social media analytics and advanced machine learning techniques to assess the creditworthiness of individuals without traditional credit histories and collateral assets. Conventional credit scoring methods tend to rely heavily on central bank credit information, especially traditional collateral assets such as property or savings accounts. We leverage demographics, personality, psycholinguistics, and social network data from LinkedIn profiles to develop predictive models for a comprehensive financial reliability assessment. Our credit scoring methods propose scoring models to produce continuous credit scores and classification models to categorize potential borrowers—particularly young individuals lacking traditional credit histories or collateral assets—as either good or bad credit risks based on expert judgment thresholds. This innovative approach questions conventional financial evaluation methods and enhances access to credit for marginalized communities. The research question addressed in this study is how to develop a credit scoring mechanism using social media data. This research contributes to the advancing fintech landscape by presenting a framework that has the potential to transform credit scoring practices to adapt to modern economic activities and digital footprints.","['alternative data Sources', 'credit scoring', 'creditworthiness', 'financial inclusion', 'financial technology', 'social media analytics']","['alternative data sources', 'credit scoring', 'creditworthiness', 'financial inclusion', 'financial technology', 'social media analytics']","Innovative Credit Risk Assessment: Leveraging Social Media Data for Inclusive Credit Scoring in Indonesia’s Fintech Sector The financial technology domain has undertaken significant strides toward more inclusive credit scoring systems by integrating alternative data sources, prompting an exploration of how we can further simplify the process of efficiently assessing creditworthiness for the younger generation who lack traditional credit histories and collateral assets. This study introduces a novel approach leveraging social media analytics and advanced machine learning techniques to assess the creditworthiness of individuals without traditional credit histories and collateral assets. Conventional credit scoring methods tend to rely heavily on central bank credit information, especially traditional collateral assets such as property or savings accounts. We leverage demographics, personality, psycholinguistics, and social network data from LinkedIn profiles to develop predictive models for a comprehensive financial reliability assessment. Our credit scoring methods propose scoring models to produce continuous credit scores and classification models to categorize potential borrowers—particularly young individuals lacking traditional credit histories or collateral assets—as either good or bad credit risks based on expert judgment thresholds. This innovative approach questions conventional financial evaluation methods and enhances access to credit for marginalized communities. The research question addressed in this study is how to develop a credit scoring mechanism using social media data. This research contributes to the advancing fintech landscape by presenting a framework that has the potential to transform credit scoring practices to adapt to modern economic activities and digital footprints.",2025,22,10.3390/jrfm18020074,Alamsyah A.,Journal of Risk and Financial Management,2-s2.0-85218867301,0.31890399906968003,29
Financial inclusion based on financial technology and risky behaviour of micro-finance institutes: evidence from South Asian micro-finance banks,"Purpose: The purpose of this paper financial technology (FinTech) revolutions are promptly remodelling the worldwide financial industry and facilitating financial inclusion initiatives with the aid of micro-finance institutions. Such hi-tech modifications are anticipated to sell the stableness of the financial system and lessen its predominant actors’ risk-taking behaviour. However, there needs to be more practical proof to guide the effect of financial inclusion based on financial technology on the risky behaviour of South Asia micro-finance institutes. Design/methodology/approach: Therefore, the authors industrialised a fresh index to calculate financial inclusion based on financial technology and empirically measure its position in decreasing the risk-taking approach of micro-finance institutes. The use of numerous robustness examinations endorsed the rationality of the authors’ outcomes. Findings: Z-scoring or standard scoring outcomes of FinInc support the extant studies displaying its incredible connection with economic stability, which interprets as a terrible courting with risky behaviour of micro-finance institutes. Consequently, the authors highlighted the significance of the universality and openness of financial technology solutions in minimising risk of micro-finance institutes. Moreover, the authors concluded that financial technology is greater related to small-size micro-finance institutes. Originality/value: This study currently focusing South Asia, which has not been explored before, and it is the first time to research financial inclusion with Fintech in this area.","['Financial inclusion', 'FinTech', 'Micro-finance institutes', 'Risky behaviour', 'South Asia']","['financial inclusion', 'fintech', 'micro-finance institutes', 'risky behaviour', 'south asia']","Financial inclusion based on financial technology and risky behaviour of micro-finance institutes: evidence from South Asian micro-finance banks Purpose: The purpose of this paper financial technology (FinTech) revolutions are promptly remodelling the worldwide financial industry and facilitating financial inclusion initiatives with the aid of micro-finance institutions. Such hi-tech modifications are anticipated to sell the stableness of the financial system and lessen its predominant actors’ risk-taking behaviour. However, there needs to be more practical proof to guide the effect of financial inclusion based on financial technology on the risky behaviour of South Asia micro-finance institutes. Design/methodology/approach: Therefore, the authors industrialised a fresh index to calculate financial inclusion based on financial technology and empirically measure its position in decreasing the risk-taking approach of micro-finance institutes. The use of numerous robustness examinations endorsed the rationality of the authors’ outcomes. Findings: Z-scoring or standard scoring outcomes of FinInc support the extant studies displaying its incredible connection with economic stability, which interprets as a terrible courting with risky behaviour of micro-finance institutes. Consequently, the authors highlighted the significance of the universality and openness of financial technology solutions in minimising risk of micro-finance institutes. Moreover, the authors concluded that financial technology is greater related to small-size micro-finance institutes. Originality/value: This study currently focusing South Asia, which has not been explored before, and it is the first time to research financial inclusion with Fintech in this area.",2023,7,10.1108/DPRG-12-2022-0149,Hussain S.,Digital Policy Regulation and Governance,2-s2.0-85161873257,0.3193074275801999,30
Entrepreneurial Risk and Digital Financial Inclusion: A Cross-Country Analysis,"The inception of financial technologies (Fintech) has enabled expanded use of financial services. Fintech contributes to financial inclusion and by doing so provides impacts on income inequality, poverty and economic growth. A prospective route of influence exerted by Fintech is to assist economic agents in taking entrepreneurial risks. The purpose of this study was to investigate the impact of digital financial inclusion, as enhanced by FinTech, on entrepreneurial risk. An index for measuring levels of digital financial inclusion was constructed based on variation patterns in several indicators of digital activities. A cross-country model was proposed that relates entrepreneurial risk to digital financial inclusion as well as to a variety of other economic and social factors. Estimation results based on a panel of countries show that digital financial inclusion (0.265), institutional quality (0.169), per capita GDP (0.0456) and education (0.0475) have positive and significant effects on entrepreneurial risk. In contrast, time required to start a business (−0.136) and effective tax rates on capital (−0.494) provide negative and significant effects. In addition, a significant quadratic relationship between entrepreneurial risk and remittances (employee compensation and personal transfers) was found.","['bootstrap', 'cross-country analysis', 'entrepreneurial risk', 'financial inclusion', 'panel data']","['bootstrap', 'cross-country analysis', 'entrepreneurial risk', 'financial inclusion', 'panel data']","Entrepreneurial Risk and Digital Financial Inclusion: A Cross-Country Analysis The inception of financial technologies (Fintech) has enabled expanded use of financial services. Fintech contributes to financial inclusion and by doing so provides impacts on income inequality, poverty and economic growth. A prospective route of influence exerted by Fintech is to assist economic agents in taking entrepreneurial risks. The purpose of this study was to investigate the impact of digital financial inclusion, as enhanced by FinTech, on entrepreneurial risk. An index for measuring levels of digital financial inclusion was constructed based on variation patterns in several indicators of digital activities. A cross-country model was proposed that relates entrepreneurial risk to digital financial inclusion as well as to a variety of other economic and social factors. Estimation results based on a panel of countries show that digital financial inclusion (0.265), institutional quality (0.169), per capita GDP (0.0456) and education (0.0475) have positive and significant effects on entrepreneurial risk. In contrast, time required to start a business (−0.136) and effective tax rates on capital (−0.494) provide negative and significant effects. In addition, a significant quadratic relationship between entrepreneurial risk and remittances (employee compensation and personal transfers) was found.",2023,10,10.1111/1759-3441.12399,Konou C.M.,Economic Papers,2-s2.0-85164596812,0.31950287564343705,31
Does Fintech-Driven Inclusive Finance Induce Bank Profitability? Empirical Evidence from Developing Countries,"This study explores the effect of fintech-driven inclusive finance on the profitability of banks using an unbalanced panel dataset from 660 banks across 40 developing countries between 2011 and 2021. We start with a fixed-effect estimate and subsequently validate our main findings using two-stage least squares (2SLS-IV), two-step system generalized method of moments (GMM), and generalized least squares (GLS) methodologies. Our analysis centers on three key profitability metrics: ROA, ROE, and NIM. Our findings suggest that fintech-backed inclusive finance boosts ROA by 9.10%, ROE by 18.87%, and NIM by 7.98%, highlighting the growing importance of mobile, internet, and agent banking in these nations. We also note that large banks benefit more from inclusive finance than small ones. Additionally, conventional banks see a more marked improvement in profitability than Islamic and savings banks. The relationship between inclusive finance and bank profitability is stronger in countries with higher GDP growth and those actively advancing financial inclusion through fintech, compared to countries with slower GDP growth and less emphasis on financial inclusion. When examining the interaction effects, the COVID-19 pandemic has further emphasized the positive connection between fintech and bank profitability. This suggests that fintech-driven inclusive finance can play a role in enhancing bank profitability, even in challenging times like the COVID-19 period. The transition towards fintech, however, mandates substantial investments, enhanced financial literacy, and heightened customer security, presenting persistent challenges for governments, policymakers, regulators, and financial institutions.","['bank profitability', 'developing countries', 'fintech', 'inclusive finance']","['bank profitability', 'developing countries', 'fintech', 'inclusive finance']","Does Fintech-Driven Inclusive Finance Induce Bank Profitability? Empirical Evidence from Developing Countries This study explores the effect of fintech-driven inclusive finance on the profitability of banks using an unbalanced panel dataset from 660 banks across 40 developing countries between 2011 and 2021. We start with a fixed-effect estimate and subsequently validate our main findings using two-stage least squares (2SLS-IV), two-step system generalized method of moments (GMM), and generalized least squares (GLS) methodologies. Our analysis centers on three key profitability metrics: ROA, ROE, and NIM. Our findings suggest that fintech-backed inclusive finance boosts ROA by 9.10%, ROE by 18.87%, and NIM by 7.98%, highlighting the growing importance of mobile, internet, and agent banking in these nations. We also note that large banks benefit more from inclusive finance than small ones. Additionally, conventional banks see a more marked improvement in profitability than Islamic and savings banks. The relationship between inclusive finance and bank profitability is stronger in countries with higher GDP growth and those actively advancing financial inclusion through fintech, compared to countries with slower GDP growth and less emphasis on financial inclusion. When examining the interaction effects, the COVID-19 pandemic has further emphasized the positive connection between fintech and bank profitability. This suggests that fintech-driven inclusive finance can play a role in enhancing bank profitability, even in challenging times like the COVID-19 period. The transition towards fintech, however, mandates substantial investments, enhanced financial literacy, and heightened customer security, presenting persistent challenges for governments, policymakers, regulators, and financial institutions.",2023,19,10.3390/jrfm16100457,Zheng C.,Journal of Risk and Financial Management,2-s2.0-85175579276,0.3220203009496727,32
Consumer lending efficiency: commercial banks versus a fintech lender,"Fintechs are believed to help expand credit access to underserved consumers without taking on additional risk. We compare the performance efficiency of LendingClub’s unsecured personal loans with similar loans originated by banks. Using stochastic frontier estimation, we decompose the observed nonperforming loan (NPL) ratio into three components: the best-practice minimum NPL ratio, the excess NPL ratio, and a statistical noise, the former two of which reflect the lender’s inherent credit risk and lending inefficiency, respectively. As of 2013 and 2016, we find that the higher NPL ratios at the largest banks are driven by inherent credit risk, rather than lending inefficiency. Smaller banks are less efficient. In addition, as of 2013, LendingClub’s observed NPL ratio and lending efficiency were in line with banks with similar lending volume. However, its lending efficiency improved significantly from 2013 to 2016. As of 2016, LendingClub’s performance resembled the largest banks – consistent with an argument that its increased use of alternative data and AI/ML may have improved its credit risk assessment capacity above and beyond its peers using traditional approaches. Furthermore, we also investigate capital market incentives for lenders to take credit risk. Market value regression using the NPL ratio suggests that market discipline provides incentives to make less risky consumer loans. However, the regression using two decomposed components (inherent credit risk and lending inefficiency) tells a deeper underlying story: market value is significantly positively related to inherent credit risk at most banks, whereas it is significantly negatively related to lending inefficiency at most banks. Market discipline appears to reward exposure to inherent credit risk and punish inefficient lending.","['Credit risk management', 'Fintech', 'Lending efficiency', 'LendingClub', 'Marketplace lending', 'P2P lending']","['credit risk management', 'fintech', 'lending efficiency', 'lendingclub', 'marketplace lending', 'p2p lending']","Consumer lending efficiency: commercial banks versus a fintech lender Fintechs are believed to help expand credit access to underserved consumers without taking on additional risk. We compare the performance efficiency of LendingClub’s unsecured personal loans with similar loans originated by banks. Using stochastic frontier estimation, we decompose the observed nonperforming loan (NPL) ratio into three components: the best-practice minimum NPL ratio, the excess NPL ratio, and a statistical noise, the former two of which reflect the lender’s inherent credit risk and lending inefficiency, respectively. As of 2013 and 2016, we find that the higher NPL ratios at the largest banks are driven by inherent credit risk, rather than lending inefficiency. Smaller banks are less efficient. In addition, as of 2013, LendingClub’s observed NPL ratio and lending efficiency were in line with banks with similar lending volume. However, its lending efficiency improved significantly from 2013 to 2016. As of 2016, LendingClub’s performance resembled the largest banks – consistent with an argument that its increased use of alternative data and AI/ML may have improved its credit risk assessment capacity above and beyond its peers using traditional approaches. Furthermore, we also investigate capital market incentives for lenders to take credit risk. Market value regression using the NPL ratio suggests that market discipline provides incentives to make less risky consumer loans. However, the regression using two decomposed components (inherent credit risk and lending inefficiency) tells a deeper underlying story: market value is significantly positively related to inherent credit risk at most banks, whereas it is significantly negatively related to lending inefficiency at most banks. Market discipline appears to reward exposure to inherent credit risk and punish inefficient lending.",2022,46,10.1186/s40854-021-00326-1,Hughes J.P.,Financial Innovation,2-s2.0-85128599091,0.3221744550030242,33
FinTech and Financial Inclusion: Exploring the Mediating Role of Digital Financial Literacy and the Moderating Influence of Perceived Regulatory Support,"Exploring the potential of financial technology (FinTech) to promote financial inclusion is the aim of this research. This study concentrated on understanding why people use FinTech and how it affects their access to financial services by taking into account the mediating role of digital financial literacy and the moderating effect of perceived regulatory support. This study used partial least squares structural equation modeling (PLS-SEM) for testing the research model by collecting data from 608 FinTech users in India. The results revealed the role of trust, service quality, and perceived security are essential in promoting the utilization of FinTech services. This study also demonstrated that FinTech positively impacts financial inclusion, making it easier for individuals to get into formal financial services. Furthermore, digital financial literacy emerged as an important mediator between FinTech use and financial inclusion. The research also confirmed that perceived regulatory support has a significant moderation influence on the relationship between FinTech and financial inclusion. This research would contribute to advancing theoretical frameworks and offer practical advice for policymakers and FinTech companies to make financial services more inclusive.","['digital financial literacy', 'financial inclusion', 'FinTech', 'perceived regulatory support']","['digital financial literacy', 'financial inclusion', 'fintech', 'perceived regulatory support']","FinTech and Financial Inclusion: Exploring the Mediating Role of Digital Financial Literacy and the Moderating Influence of Perceived Regulatory Support Exploring the potential of financial technology (FinTech) to promote financial inclusion is the aim of this research. This study concentrated on understanding why people use FinTech and how it affects their access to financial services by taking into account the mediating role of digital financial literacy and the moderating effect of perceived regulatory support. This study used partial least squares structural equation modeling (PLS-SEM) for testing the research model by collecting data from 608 FinTech users in India. The results revealed the role of trust, service quality, and perceived security are essential in promoting the utilization of FinTech services. This study also demonstrated that FinTech positively impacts financial inclusion, making it easier for individuals to get into formal financial services. Furthermore, digital financial literacy emerged as an important mediator between FinTech use and financial inclusion. The research also confirmed that perceived regulatory support has a significant moderation influence on the relationship between FinTech and financial inclusion. This research would contribute to advancing theoretical frameworks and offer practical advice for policymakers and FinTech companies to make financial services more inclusive.",2024,108,10.3390/jrfm17030108,Amnas M.B.,Journal of Risk and Financial Management,2-s2.0-85189169639,0.3236077181260695,34
"Fintech use, digital divide and financial inclusion","Purpose: Financial Technology (FinTech) innovations enable the provision of financial services to many unbanked across the world by increasing access. The key role of FinTech to drive financial inclusion however suffers significant impediments including the digital divide. Nevertheless, there is paucity of elaborate theories on financial inclusion while extant literature on FinTech only identify factors that drive its acceptance and use with little attention to inhibitors such as the digital divide. This study aims to investigate the impact of FinTech usage on financial inclusion amid the digital divide. Design/methodology/approach: This study uses the unified theory of acceptance and use of technology (UTAUT2) and the model of digital inequality. A structural equation modeling technique is applied to data collected from 282 respondents in an online survey. Findings: The findings confirm a positive influence of FinTech use on financial inclusion as well as the influence of performance expectancy and facilitating conditions on behavioral intentions. The results also show that digital divide measured with access, resource and force moderate the use of FinTech. Originality/value: This study presents a theoretical model which is unique given that UTAUT2 was combined with digital divide moderators from the model of digital inequality to explain how FinTech usage impacts on financial inclusion. Addressing the research questions has led several theoretical contributions including the extension of the applicability of UTAUT2.","['Digital divide', 'Digital inequality', 'Financial inclusion', 'FinTech', 'UTAUT2']","['digital divide', 'digital inequality', 'financial inclusion', 'fintech', 'utaut2']","Fintech use, digital divide and financial inclusion Purpose: Financial Technology (FinTech) innovations enable the provision of financial services to many unbanked across the world by increasing access. The key role of FinTech to drive financial inclusion however suffers significant impediments including the digital divide. Nevertheless, there is paucity of elaborate theories on financial inclusion while extant literature on FinTech only identify factors that drive its acceptance and use with little attention to inhibitors such as the digital divide. This study aims to investigate the impact of FinTech usage on financial inclusion amid the digital divide. Design/methodology/approach: This study uses the unified theory of acceptance and use of technology (UTAUT2) and the model of digital inequality. A structural equation modeling technique is applied to data collected from 282 respondents in an online survey. Findings: The findings confirm a positive influence of FinTech use on financial inclusion as well as the influence of performance expectancy and facilitating conditions on behavioral intentions. The results also show that digital divide measured with access, resource and force moderate the use of FinTech. Originality/value: This study presents a theoretical model which is unique given that UTAUT2 was combined with digital divide moderators from the model of digital inequality to explain how FinTech usage impacts on financial inclusion. Addressing the research questions has led several theoretical contributions including the extension of the applicability of UTAUT2.",2022,68,10.1108/DPRG-09-2021-0111,Odei-Appiah S.,Digital Policy Regulation and Governance,2-s2.0-85139096377,0.3241114825559297,35
How Does Fintech Affect the Development of the Digital Economy? Evidence from India,"Fintech, or financial technology, significantly enhances India’s financial sector on a global scale. As a substantial driver of the nation’s sustained economic growth, the digital economy has rapidly taken shape. This study employs the CRITIC technique to rigorously analyze fintech and digital economy indicators across India’s 28 states from 2010 to 2022. Through this analysis, the research elucidates the complex relationships and interdependencies between fintech and the digital economy. The findings indicate that fintech plays a critical role in shaping India’s digital landscape, facilitating technological innovation, and reducing financial decentralization at the local government level. Furthermore, the study reveals a compelling phenomenon wherein regional financial regulatory resources act as a positive moderator in enhancing the impact of fintech on the digital economy. Specifically, greater availability of regulatory resources amplifies fintech’s contributions, with this moderating effect being most pronounced in more developed financial hubs. By integrating theories of innovation diffusion, financial inclusion, technology acceptance, and economic growth into a comprehensive theoretical framework, this research provides valuable insights into the transformative potential of fintech in India’s digital economy. While this analysis enriches the existing literature on fintech and digital economic growth, we acknowledge certain limitations, including potential biases in data collection and the exclusive focus on the Indian context. Future research should aim to investigate broader implications across diverse socio-economic landscapes to further enhance our understanding of fintech’s role in promoting economic growth, advancing financial inclusion, and shaping regulatory dynamics.","['Digital economy', 'Financial inclusion', 'Fintech', 'Regulatory resources', 'Technological innovation']","['digital economy', 'financial inclusion', 'fintech', 'regulatory resources', 'technological innovation']","How Does Fintech Affect the Development of the Digital Economy? Evidence from India Fintech, or financial technology, significantly enhances India’s financial sector on a global scale. As a substantial driver of the nation’s sustained economic growth, the digital economy has rapidly taken shape. This study employs the CRITIC technique to rigorously analyze fintech and digital economy indicators across India’s 28 states from 2010 to 2022. Through this analysis, the research elucidates the complex relationships and interdependencies between fintech and the digital economy. The findings indicate that fintech plays a critical role in shaping India’s digital landscape, facilitating technological innovation, and reducing financial decentralization at the local government level. Furthermore, the study reveals a compelling phenomenon wherein regional financial regulatory resources act as a positive moderator in enhancing the impact of fintech on the digital economy. Specifically, greater availability of regulatory resources amplifies fintech’s contributions, with this moderating effect being most pronounced in more developed financial hubs. By integrating theories of innovation diffusion, financial inclusion, technology acceptance, and economic growth into a comprehensive theoretical framework, this research provides valuable insights into the transformative potential of fintech in India’s digital economy. While this analysis enriches the existing literature on fintech and digital economic growth, we acknowledge certain limitations, including potential biases in data collection and the exclusive focus on the Indian context. Future research should aim to investigate broader implications across diverse socio-economic landscapes to further enhance our understanding of fintech’s role in promoting economic growth, advancing financial inclusion, and shaping regulatory dynamics.",2025,4,10.1007/s13132-024-02547-y,Sreenu N.,Journal of the Knowledge Economy,2-s2.0-105007899587,0.3244760277496911,36
The Impact of FinTech Adoption on Traditional Financial Inclusion in Sub-Saharan Africa,"This study investigates the impact of FinTech adoption on traditional financial inclusion in 22 countries in sub-Saharan Africa (SSA). The study utilizes the World Bank’s World Development Indicators data and the International Monetary Fund’s Financial Access Survey data. This study employed Principal Component Analysis (PCA) to construct the dimensions of traditional financial inclusion and the overall financial inclusion index. Applying the Generalized Method of Moments estimation technique to annual data spanning from 2004 to 2022, the findings show that FinTech has a negative and statistically significant effect on the geographic and usage dimensions. However, it has a positive and statistically significant impact on the demographic dimension and the overall traditional financial inclusion index. These findings indicate that FinTech does not have a detrimental impact on traditional financial inclusion, which is contrary to the findings of other studies. Therefore, in order to enhance the degree of financial inclusion in SSA, it is important for traditional financial inclusion to effectively utilize FinTech.","['FinTech', 'Generalized Method of Moments', 'Principal Component Analysis', 'traditional financial inclusion']","['fintech', 'generalized method of moments', 'principal component analysis', 'traditional financial inclusion']","The Impact of FinTech Adoption on Traditional Financial Inclusion in Sub-Saharan Africa This study investigates the impact of FinTech adoption on traditional financial inclusion in 22 countries in sub-Saharan Africa (SSA). The study utilizes the World Bank’s World Development Indicators data and the International Monetary Fund’s Financial Access Survey data. This study employed Principal Component Analysis (PCA) to construct the dimensions of traditional financial inclusion and the overall financial inclusion index. Applying the Generalized Method of Moments estimation technique to annual data spanning from 2004 to 2022, the findings show that FinTech has a negative and statistically significant effect on the geographic and usage dimensions. However, it has a positive and statistically significant impact on the demographic dimension and the overall traditional financial inclusion index. These findings indicate that FinTech does not have a detrimental impact on traditional financial inclusion, which is contrary to the findings of other studies. Therefore, in order to enhance the degree of financial inclusion in SSA, it is important for traditional financial inclusion to effectively utilize FinTech.",2024,15,10.3390/risks12070115,Kamara A.K.,Risks,2-s2.0-85199579271,0.32466671764349697,37
The impact of bank FinTech on commercial banks' risk-taking in China,"FinTech has facilitated the digital transformation of commercial banks, but it has also impacted their micro-risk-taking. This paper investigates the relationship between bank FinTech and micro-risks of commercial banks, including credit, liquidity, and insolvency risks. To overcome the shortcomings of the existing measurements of bank FinTech, this paper establishes an index that covers 148 commercial banks based on their annual financial reports from 2007 to 2019 by using text mining. In addition, this work discusses the heterogeneity of ownership and influence channels. The following conclusions emerge: (1) innovation and the application of bank FinTech increase bank credit and liquidity risks but reduce insolvency risk; (2) Considering ownerships, bank FinTech in state-owned commercial banks enables credit risk to be controlled effectively, whereas it in joint-stock commercial banks brings higher liquidity risk and lower insolvency risk. (3) Technological application in bank FinTech can help banks to reduce insolvency risk, while business innovation in bank FinTech can exacerbate liquidity risk. This paper adds theoretical and empirical evidence on the role of FinTech in banks' risk-taking. And it concludes with recommendations for banking regulation and the development of commercial banks.","['Commercial banks', 'Financial regulation', 'FinTech', 'Micro-risks', 'Risk-taking']","['commercial banks', 'financial regulation', 'fintech', 'micro-risks', 'risk-taking']","The impact of bank FinTech on commercial banks' risk-taking in China FinTech has facilitated the digital transformation of commercial banks, but it has also impacted their micro-risk-taking. This paper investigates the relationship between bank FinTech and micro-risks of commercial banks, including credit, liquidity, and insolvency risks. To overcome the shortcomings of the existing measurements of bank FinTech, this paper establishes an index that covers 148 commercial banks based on their annual financial reports from 2007 to 2019 by using text mining. In addition, this work discusses the heterogeneity of ownership and influence channels. The following conclusions emerge: (1) innovation and the application of bank FinTech increase bank credit and liquidity risks but reduce insolvency risk; (2) Considering ownerships, bank FinTech in state-owned commercial banks enables credit risk to be controlled effectively, whereas it in joint-stock commercial banks brings higher liquidity risk and lower insolvency risk. (3) Technological application in bank FinTech can help banks to reduce insolvency risk, while business innovation in bank FinTech can exacerbate liquidity risk. This paper adds theoretical and empirical evidence on the role of FinTech in banks' risk-taking. And it concludes with recommendations for banking regulation and the development of commercial banks.",2023,90,10.1016/j.irfa.2023.102944,Wu X.,International Review of Financial Analysis,2-s2.0-85171850855,0.3255266000661262,38
Promise (Un)Kept? Fintech and Financial Inclusion,"The emergence of financial technologies—fintech—has become an engine of change, promising to expand access to financial services and give a boost to financial inclusion. The ownership of accounts in formal financial institutions increased from 51% of the world's adult population in 2011 to 76% in 2021, but there is still significant variation across countries. So has the rapid growth of fintech delivered the promise of broadening financial services to the under-served populations? In this paper, I use a comprehensive dataset to investigate the relationship between fintech and financial inclusion in a panel of 84 countries over the period 2012–2020 and obtain interesting empirical insights. First, the magnitude and statistical significance of fintech on financial inclusion vary according to the type of instrument. While digital lending has a significant negative effect on financial inclusion, digital capital raising is statistically insignificant. Second, the overall impact of fintech is also statistically insignificant for the full sample, but becomes positive and statistically highly significant in developing countries. Policymakers need to develop an adequate regulatory framework that balances fostering innovation and ensuring equitable treatment of individuals and groups. This requires better financial education, strong regulatory institutions, and well-calibrated prudential regulations for a level playing field and effective supervision.","['financial inclusion', 'financial innovation', 'Fintech']","['financial inclusion', 'financial innovation', 'fintech']","Promise (Un)Kept? Fintech and Financial Inclusion The emergence of financial technologies—fintech—has become an engine of change, promising to expand access to financial services and give a boost to financial inclusion. The ownership of accounts in formal financial institutions increased from 51% of the world's adult population in 2011 to 76% in 2021, but there is still significant variation across countries. So has the rapid growth of fintech delivered the promise of broadening financial services to the under-served populations? In this paper, I use a comprehensive dataset to investigate the relationship between fintech and financial inclusion in a panel of 84 countries over the period 2012–2020 and obtain interesting empirical insights. First, the magnitude and statistical significance of fintech on financial inclusion vary according to the type of instrument. While digital lending has a significant negative effect on financial inclusion, digital capital raising is statistically insignificant. Second, the overall impact of fintech is also statistically insignificant for the full sample, but becomes positive and statistically highly significant in developing countries. Policymakers need to develop an adequate regulatory framework that balances fostering innovation and ensuring equitable treatment of individuals and groups. This requires better financial education, strong regulatory institutions, and well-calibrated prudential regulations for a level playing field and effective supervision.",2025,5,10.1111/sjpe.70012,Cevik S.,Scottish Journal of Political Economy,2-s2.0-105004176989,0.32624233775173384,39
How Fintech mitigates credit mismatches to promote green innovation: Evidence from Chinese listed enterprises,"The intersection of financial technology (fintech) and sustainable development has gained increasing attention, particularly regarding how fintech can support corporate green innovation. However, the role of fintech in mitigating credit mismatches—a key barrier for enterprises pursuing green initiatives—remains underexplored, especially within the context of Chinese listed enterprises. Addressing this gap, our study utilizes a panel dataset from 2010 to 2021 to investigate the influence of fintech on green innovation and the mediating role of credit mismatches. Through a series of baseline regressions, endogeneity tests, and heterogeneity analyses, we find a significant positive relationship between fintech adoption and green innovation, with credit mismatches serving as a crucial mediator. Moreover, the effects of fintech are most pronounced in eastern China and in industries with lower pollution levels. These findings provide new insights into how fintech can bridge financing gaps, foster green innovation, and promote the transition to a more sustainable economy. Our results carry important implications for policymakers aiming to leverage fintech as a tool for both financial inclusion and environmental sustainability.","['China', 'Credit mismatch', 'Fintech', 'Green innovation', 'Sustainable development']","['china', 'credit mismatch', 'fintech', 'green innovation', 'sustainable development']","How Fintech mitigates credit mismatches to promote green innovation: Evidence from Chinese listed enterprises The intersection of financial technology (fintech) and sustainable development has gained increasing attention, particularly regarding how fintech can support corporate green innovation. However, the role of fintech in mitigating credit mismatches—a key barrier for enterprises pursuing green initiatives—remains underexplored, especially within the context of Chinese listed enterprises. Addressing this gap, our study utilizes a panel dataset from 2010 to 2021 to investigate the influence of fintech on green innovation and the mediating role of credit mismatches. Through a series of baseline regressions, endogeneity tests, and heterogeneity analyses, we find a significant positive relationship between fintech adoption and green innovation, with credit mismatches serving as a crucial mediator. Moreover, the effects of fintech are most pronounced in eastern China and in industries with lower pollution levels. These findings provide new insights into how fintech can bridge financing gaps, foster green innovation, and promote the transition to a more sustainable economy. Our results carry important implications for policymakers aiming to leverage fintech as a tool for both financial inclusion and environmental sustainability.",2024,36,10.1016/j.irfa.2024.103740,Wang S.,International Review of Financial Analysis,2-s2.0-85208966280,0.32758357922377623,40
THE ROLE OF FINTECH AND FINANCIAL INCLUSION IN THE ECONOMIC DEVELOPMENT OF COUNTRIES: A COMPARATIVE ANALYSIS,"The integration of digital financial technology has revolutionized the global financial system, driving financial inclusion as an important pillar of sustainable economic development. This study examines the multidimensional effects of Digital Financial Technology and Financial Inclusion on Economic Development in middle- and high-income countries. The study employs various indicators of financial inclusion and technology, namely access to the internet, Automated Teller Machines (ATMs), bank branches, and the number of depositors examined using panel regression analysis covering 20 middle-income countries and 22 high-income countries from 2010 to 2021. The regression analysis results show that ATMs, internet access, bank branches, and the number of depositors all have a positive correlation with the Index of Human Development, which was used to measure economic development. This supports the idea that wider use of technology and increased financial inclusion can lead to higher levels of human development. Conversely, the study highlights a negative correlation between inflation rates (as a control variable) and Human Development Index (HDI) emphasizing the significance of maintaining price stability for sustained economic progress. The study concludes that digital financial technology and financial inclusion positively impact the economic development of countries and the disparity between middle- and high-income countries. So, the middle-income countries should prioritize the development of financial technology and policies to promote financial inclusion.","['economic development', 'financial inclusion', 'financial technology', 'high-income countries', 'middle-income countries', 'panel regression analysis']","['economic development', 'financial inclusion', 'financial technology', 'high-income countries', 'middle-income countries', 'panel regression analysis']","THE ROLE OF FINTECH AND FINANCIAL INCLUSION IN THE ECONOMIC DEVELOPMENT OF COUNTRIES: A COMPARATIVE ANALYSIS The integration of digital financial technology has revolutionized the global financial system, driving financial inclusion as an important pillar of sustainable economic development. This study examines the multidimensional effects of Digital Financial Technology and Financial Inclusion on Economic Development in middle- and high-income countries. The study employs various indicators of financial inclusion and technology, namely access to the internet, Automated Teller Machines (ATMs), bank branches, and the number of depositors examined using panel regression analysis covering 20 middle-income countries and 22 high-income countries from 2010 to 2021. The regression analysis results show that ATMs, internet access, bank branches, and the number of depositors all have a positive correlation with the Index of Human Development, which was used to measure economic development. This supports the idea that wider use of technology and increased financial inclusion can lead to higher levels of human development. Conversely, the study highlights a negative correlation between inflation rates (as a control variable) and Human Development Index (HDI) emphasizing the significance of maintaining price stability for sustained economic progress. The study concludes that digital financial technology and financial inclusion positively impact the economic development of countries and the disparity between middle- and high-income countries. So, the middle-income countries should prioritize the development of financial technology and policies to promote financial inclusion.",2025,4,10.21511/bbs.20(1).2025.20,Ananzeh I.E.,Banks and Bank Systems,2-s2.0-105000394351,0.32818069485858214,41
Does digital financial inclusion moderate or exacerbate output volatility?,"Fintech, broadly encompassing financial innovations enabled by digital technology, has seen phenomenal growth across emerging and developing economies (EMDEs) over the last few years. While the fintech revolution can facilitate broader financial inclusion and spur overall economic growth, concerns have been raised about the possible impact of fintech on growth volatility. Using a selected heterogeneous panel of 40 EMDEs spanning 2009 to 2017 we find that greater digital financial inclusion persistently exacerbates output volatility, although this result holds true only in countries with low banking concentration. Our results are robust to both different definitions of digital financial inclusion and alternative methodologies controlling for potential endogeneity.","['bank concentration', 'Digital financial inclusion', 'output volatility', 'panel data']","['bank concentration', 'digital financial inclusion', 'output volatility', 'panel data']","Does digital financial inclusion moderate or exacerbate output volatility? Fintech, broadly encompassing financial innovations enabled by digital technology, has seen phenomenal growth across emerging and developing economies (EMDEs) over the last few years. While the fintech revolution can facilitate broader financial inclusion and spur overall economic growth, concerns have been raised about the possible impact of fintech on growth volatility. Using a selected heterogeneous panel of 40 EMDEs spanning 2009 to 2017 we find that greater digital financial inclusion persistently exacerbates output volatility, although this result holds true only in countries with low banking concentration. Our results are robust to both different definitions of digital financial inclusion and alternative methodologies controlling for potential endogeneity.",2022,19,10.1080/13504851.2021.1963400,Gopalan S.,Applied Economics Letters,2-s2.0-85112607234,0.3285782616202909,42
Financial inclusion effects of engaging with the fintech ecosystem,"Using the FinAccess Kenya Household Survey dataset, we construct a metric of individual engagement with the fintech ecosystem and examine its linkage with consumption of traditional financial products. Deploying a battery of econometric procedures, we document a pervasive gap in the usage of traditional financial products, ranging from 5.3% to 17.5%, between individuals who engage with the fintech ecosystem and those who do not. Treatment-effects procedures yield evidence that engaging with the fintech ecosystem improves individuals’ usage of traditional financial products by about 4 percentage points. The positive impact of the fintech ecosystem on the usage of traditional financial products is enabled by fintech mitigating the distance barrier. Interestingly, our findings suggest that the fintech ecosystem does not perform well in addressing financial inclusion inequalities facing young adults, women, the less educated and less wealthy people. We offer policy guides and future research suggestions anchored on these findings.","['Engagement', 'Financial inclusion', 'Financial products', 'Fintech ecosystem']","['engagement', 'financial inclusion', 'financial products', 'fintech ecosystem']","Financial inclusion effects of engaging with the fintech ecosystem Using the FinAccess Kenya Household Survey dataset, we construct a metric of individual engagement with the fintech ecosystem and examine its linkage with consumption of traditional financial products. Deploying a battery of econometric procedures, we document a pervasive gap in the usage of traditional financial products, ranging from 5.3% to 17.5%, between individuals who engage with the fintech ecosystem and those who do not. Treatment-effects procedures yield evidence that engaging with the fintech ecosystem improves individuals’ usage of traditional financial products by about 4 percentage points. The positive impact of the fintech ecosystem on the usage of traditional financial products is enabled by fintech mitigating the distance barrier. Interestingly, our findings suggest that the fintech ecosystem does not perform well in addressing financial inclusion inequalities facing young adults, women, the less educated and less wealthy people. We offer policy guides and future research suggestions anchored on these findings.",2024,12,10.1016/j.iref.2024.103671,Kodongo O.,International Review of Economics and Finance,2-s2.0-85206477502,0.32922136142756653,43
Financial technology and credit risk management: the case of non-performing loans in Tanzanian banks,"The evolution of financial technology (FinTech) globally is reshaping the banking system, including Tanzania’s financial sector. This study examines the influence of FinTech on Tanzania’s banking sector, particularly its impact on non-performing loans. Using a financial technology index alongside bank-specific and macroeconomic variables, the analysis covers data from 30 Tanzanian commercial banks spanning 2010 to 2021. Employing a two-step system, a Generalized Method of Moments, the study tests the hypotheses and provides robust findings. The results reveal that FinTech significantly reduces non-performing loans across all bank categories, with the strongest effects observed in small banks, followed by medium and large banks. This indicates that advancements in FinTech improve credit risk management and reduce loan default rates. Conversely, a cost-to-income ratio and a high loan-to-deposit ratio increase non-performing loans, particularly in medium-sized banks. These findings have critical implications for policymakers and practitioners. Policymakers should prioritize fostering a supportive regulatory environment to encourage FinTech integration, particularly among small and medium banks. Bank managers are encouraged to leverage FinTech innovations to enhance credit risk management and operational efficiency. The study highlights the transformative potential of FinTech in managing credit risk and driving sustainable growth in Tanzania’s banking sector.","['Banking', 'Business, Management and Accounting', 'commercial bank', 'Corporate Finance', 'Credit & Credit Institutions', 'Finance', 'FinTech', 'FinTech index', 'non-performing loans']","['banking', 'business, management and accounting', 'commercial bank', 'corporate finance', 'credit & credit institutions', 'finance', 'fintech', 'fintech index', 'non-performing loans']","Financial technology and credit risk management: the case of non-performing loans in Tanzanian banks The evolution of financial technology (FinTech) globally is reshaping the banking system, including Tanzania’s financial sector. This study examines the influence of FinTech on Tanzania’s banking sector, particularly its impact on non-performing loans. Using a financial technology index alongside bank-specific and macroeconomic variables, the analysis covers data from 30 Tanzanian commercial banks spanning 2010 to 2021. Employing a two-step system, a Generalized Method of Moments, the study tests the hypotheses and provides robust findings. The results reveal that FinTech significantly reduces non-performing loans across all bank categories, with the strongest effects observed in small banks, followed by medium and large banks. This indicates that advancements in FinTech improve credit risk management and reduce loan default rates. Conversely, a cost-to-income ratio and a high loan-to-deposit ratio increase non-performing loans, particularly in medium-sized banks. These findings have critical implications for policymakers and practitioners. Policymakers should prioritize fostering a supportive regulatory environment to encourage FinTech integration, particularly among small and medium banks. Bank managers are encouraged to leverage FinTech innovations to enhance credit risk management and operational efficiency. The study highlights the transformative potential of FinTech in managing credit risk and driving sustainable growth in Tanzania’s banking sector.",2025,8,10.1080/23322039.2025.2459188,Ally O.J.,Cogent Economics and Finance,2-s2.0-85217426408,0.32924257199295126,44
"Financial Inclusion, Fintech, and Income Inequality in Africa","Financial inclusion and Fintech have revolutionized the financial sector and fundamentally changed how we store, save, borrow, transfer, and invest money. This paper investigates the impact of financial inclusion and Fintech on income inequality using waves of survey data for 2011, 2014, and 2017 across 39 African countries. By using pooled ordinary least square and two-stage least square (2sls) estimation methods, we obtain three key findings. First, institutional factors such as political stability, control of corruption, and government effectiveness determine Fintech and financial inclusion. Second, Fintech encourages individuals to have a formal bank account, thereby promoting financial inclusion. Third, financial inclusion and Fintech exacerbate income inequality. The direct implication of our findings is that policymakers make tradeoffs whether they seek to achieve higher inclusion and Fintech or to reduce income inequality. We highlight that a pro-poor financial sector development is vital. Easing the bottleneck in obtaining loans, offering agriculture-based Fintech services, and improving digital literacy are important steps to gain the most out of inclusion and Fintech in reducing income inequality.","['Africa', 'financial inclusion', 'Fintech', 'income inequality', 'institutions']","['africa', 'financial inclusion', 'fintech', 'income inequality', 'institutions']","Financial Inclusion, Fintech, and Income Inequality in Africa Financial inclusion and Fintech have revolutionized the financial sector and fundamentally changed how we store, save, borrow, transfer, and invest money. This paper investigates the impact of financial inclusion and Fintech on income inequality using waves of survey data for 2011, 2014, and 2017 across 39 African countries. By using pooled ordinary least square and two-stage least square (2sls) estimation methods, we obtain three key findings. First, institutional factors such as political stability, control of corruption, and government effectiveness determine Fintech and financial inclusion. Second, Fintech encourages individuals to have a formal bank account, thereby promoting financial inclusion. Third, financial inclusion and Fintech exacerbate income inequality. The direct implication of our findings is that policymakers make tradeoffs whether they seek to achieve higher inclusion and Fintech or to reduce income inequality. We highlight that a pro-poor financial sector development is vital. Easing the bottleneck in obtaining loans, offering agriculture-based Fintech services, and improving digital literacy are important steps to gain the most out of inclusion and Fintech in reducing income inequality.",2022,39,10.3390/fintech1040028,Ashenafi B.B.,Fintech,2-s2.0-85167342414,0.3294183571403424,45
THE ROLE OF FINANCIAL TECHNOLOGY IN ENHANCING FINANCIAL INCLUSION: A REGULATORY PERSPECTIVE ON CURRENT INDUSTRY TRENDS,"Despite increasing global digitalization, access to essential financial services remains limited for many populations in the Middle East and North Africa (MENA). However, growing financial technology (FinTech) innovations have started disrupting conventional models and extending access. This research study evaluates FinTech’s role in advancing financial inclusion in the MENA region amidst the digital transformation. It first analyzes how emerging technologies transform traditional banking and financial service delivery. It then evaluates the effectiveness of crucial FinTech models such as digital payments, lending platforms, insurance technology (InsurTech), and wealth management tools in driving inclusion in Gulf Cooperation Council (GCC) countries. The study utilizes a mixed-methods approach involving a comprehensive literature review and comparative case studies of FinTech adoption and inclusion trends in developed and emerging markets. The findings indicate that while FinTech solutions have improved access for previously underserved segments like women, youth, and small and medium-sized enterprises (SMEs), continued efforts are required to address marginalized communities’ barriers. The research suggests a balance between regulatory measures and consumer protection in FinTech, emphasizing the need for collaborations to enhance technology’s role in livelihood support.","['Disadvantaged Communities', 'Financial Innovation', 'Inclusivity']","['disadvantaged communities', 'financial innovation', 'inclusivity']","THE ROLE OF FINANCIAL TECHNOLOGY IN ENHANCING FINANCIAL INCLUSION: A REGULATORY PERSPECTIVE ON CURRENT INDUSTRY TRENDS Despite increasing global digitalization, access to essential financial services remains limited for many populations in the Middle East and North Africa (MENA). However, growing financial technology (FinTech) innovations have started disrupting conventional models and extending access. This research study evaluates FinTech’s role in advancing financial inclusion in the MENA region amidst the digital transformation. It first analyzes how emerging technologies transform traditional banking and financial service delivery. It then evaluates the effectiveness of crucial FinTech models such as digital payments, lending platforms, insurance technology (InsurTech), and wealth management tools in driving inclusion in Gulf Cooperation Council (GCC) countries. The study utilizes a mixed-methods approach involving a comprehensive literature review and comparative case studies of FinTech adoption and inclusion trends in developed and emerging markets. The findings indicate that while FinTech solutions have improved access for previously underserved segments like women, youth, and small and medium-sized enterprises (SMEs), continued efforts are required to address marginalized communities’ barriers. The research suggests a balance between regulatory measures and consumer protection in FinTech, emphasizing the need for collaborations to enhance technology’s role in livelihood support.",2025,19,10.22495/cbsrv6i1art4,Al Rifai M.,Corporate and Business Strategy Review,2-s2.0-85215391265,0.32973238034353514,46
Is the relationship between financial technology and credit risk monotonic? evidence from the brics economies,"This study employed the panel ARDL (1, 1) pooled mean group, mean group and dynamic fixed effect estimators to investigate the relationship between financial technology (Fintech) and bank credit risk measured in terms of nonperforming loan to total loan (NPL) among the BRICS (Brazil, Russia, India, China and South Africa) economies over the 1995-2018 period. The study made a novel contribution to Fintechs' data series by generating an indicator for Fintech using the principal component analysis. The findings reveal a consistent result with previous studies that both macroeconomic and bank-specific factors drive credit risk. We also found a non-linear relationship between Fintechs and credit risk. The U-shaped relationship between Fintechs and NPL revealed that BRICS economies face a dampening impact of Fintech on NPL to a certain threshold after which further adoption of Fintechs will significantly raise credit risk. The robustness checks of the dynamic panel Generalized Methods of Moments (GMM) and the fixed effect models also revealed a consistent conclusion. We recommend the optimization of the right Fintech adoption with bank collaboration among the BRICS economies.","['Bank-specific factors', 'BRICS economies', 'Credit risk', 'Financial technology', 'GDP growth', 'Macroeconomic factors']","['bank-specific factors', 'brics economies', 'credit risk', 'financial technology', 'gdp growth', 'macroeconomic factors']","Is the relationship between financial technology and credit risk monotonic? evidence from the brics economies This study employed the panel ARDL (1, 1) pooled mean group, mean group and dynamic fixed effect estimators to investigate the relationship between financial technology (Fintech) and bank credit risk measured in terms of nonperforming loan to total loan (NPL) among the BRICS (Brazil, Russia, India, China and South Africa) economies over the 1995-2018 period. The study made a novel contribution to Fintechs' data series by generating an indicator for Fintech using the principal component analysis. The findings reveal a consistent result with previous studies that both macroeconomic and bank-specific factors drive credit risk. We also found a non-linear relationship between Fintechs and credit risk. The U-shaped relationship between Fintechs and NPL revealed that BRICS economies face a dampening impact of Fintech on NPL to a certain threshold after which further adoption of Fintechs will significantly raise credit risk. The robustness checks of the dynamic panel Generalized Methods of Moments (GMM) and the fixed effect models also revealed a consistent conclusion. We recommend the optimization of the right Fintech adoption with bank collaboration among the BRICS economies.",2020,16,10.18488/journal.aefr.2020.109.999.1011,Okoli T.T.,Asian Economic and Financial Review,2-s2.0-85091941684,0.3304051861909584,47
Interdependence between online peer-to-peer lending and cryptocurrency markets and its effects on financial inclusion,"Online peer-to-peer (P2P) lending has emerged as an innovative financial technology (FinTech) platform that renders financial services that are potentially more inclusive and affordable than those offered by traditional financial institutions. A similar purpose is served by cryptocurrency markets, where transaction costs are reduced and financial accessibility is improved based on disruptive technologies such as blockchain and distributed ledgers. Despite these developments, however, in the operations management literature limited attention has been devoted to the contribution of online P2P lending to the promotion of financial inclusion (i.e., the availability and usage of financial services for all groups of people) and its dynamic interplay with cryptocurrency markets. The rise of cryptocurrency markets affects the composition and activity of borrowers and investors in P2P lending markets and hence the capacity of the latter to support financial inclusion, leading to an operations management challenge in online P2P lending. We examine how cryptocurrency markets influence P2P lending markets' democratization of access to financial services, particularly P2P borrowing. To investigate these effects in depth, we develop a simple theoretical model to derive testable propositions, which are then empirically validated on the basis of unique data sets. We find that the growth in cryptocurrency markets is associated with increased loan requests and larger loan amounts in P2P markets, especially from borrowers who maintain good credit ratings, possess technical knowledge about cryptocurrencies, and intend to borrow for investment purposes. Our results suggest that cryptocurrency markets bring economic gains to the P2P lending market, at least in the short term. Nonetheless, the transfer of funds from P2P lending to cryptocurrency markets, particularly by highly creditworthy and tech-savvy investors, may provoke increased inequality in access to P2P lending markets. By scrutinizing the interdependence between two representative FinTech markets we uncover important operations management implications for theory and practice regarding the healthy growth and effective governance of crowdfunding platforms and the corresponding sustainability of their role in upholding financial inclusion.","['crowdfunding', 'cryptocurrency', 'financial inclusion', 'FinTech', 'P2P lending', 'platforms']","['crowdfunding', 'cryptocurrency', 'financial inclusion', 'fintech', 'p2p lending', 'platforms']","Interdependence between online peer-to-peer lending and cryptocurrency markets and its effects on financial inclusion Online peer-to-peer (P2P) lending has emerged as an innovative financial technology (FinTech) platform that renders financial services that are potentially more inclusive and affordable than those offered by traditional financial institutions. A similar purpose is served by cryptocurrency markets, where transaction costs are reduced and financial accessibility is improved based on disruptive technologies such as blockchain and distributed ledgers. Despite these developments, however, in the operations management literature limited attention has been devoted to the contribution of online P2P lending to the promotion of financial inclusion (i.e., the availability and usage of financial services for all groups of people) and its dynamic interplay with cryptocurrency markets. The rise of cryptocurrency markets affects the composition and activity of borrowers and investors in P2P lending markets and hence the capacity of the latter to support financial inclusion, leading to an operations management challenge in online P2P lending. We examine how cryptocurrency markets influence P2P lending markets' democratization of access to financial services, particularly P2P borrowing. To investigate these effects in depth, we develop a simple theoretical model to derive testable propositions, which are then empirically validated on the basis of unique data sets. We find that the growth in cryptocurrency markets is associated with increased loan requests and larger loan amounts in P2P markets, especially from borrowers who maintain good credit ratings, possess technical knowledge about cryptocurrencies, and intend to borrow for investment purposes. Our results suggest that cryptocurrency markets bring economic gains to the P2P lending market, at least in the short term. Nonetheless, the transfer of funds from P2P lending to cryptocurrency markets, particularly by highly creditworthy and tech-savvy investors, may provoke increased inequality in access to P2P lending markets. By scrutinizing the interdependence between two representative FinTech markets we uncover important operations management implications for theory and practice regarding the healthy growth and effective governance of crowdfunding platforms and the corresponding sustainability of their role in upholding financial inclusion.",2023,34,10.1111/poms.13950,Chung S.,Production and Operations Management,2-s2.0-85147495230,0.33197329307212664,48
Fintech dividend: How would digital financial services impact income inequality across countries?,"Discrimination and marginalization in the financial services provided by traditional intermediaries are often cited as one of the main causes of persistent income inequality across socioeconomic groups in many countries. Whether Fintech eliminates such prejudice and exclusion and promotes equitable income distribution is unclear. This paper examines the impact of Fintech digital financial services on income inequality. Using a two-step generalized methods-of-moments (GMM) estimator, we analyze unbalanced panel data from 65 countries spanning the years 2013–2019. Drawing on the most recent data available on the actual transaction volume of Fintech digital financial services, we generate evidence at the level of specific service segments. We find that Fintech digital lending and digital capital-raising services are significantly and negatively associated with income inequality. Furthermore, our results from mechanism analysis suggest that Fintech mainly impacts income inequality by improving the accessibility and efficiency of financial services. Overall, our findings imply that promoting Fintech is critical to improving financial inclusion and alleviating income disparity.","['Digital financial services', 'Fintech', 'Income inequality']","['digital financial services', 'fintech', 'income inequality']","Fintech dividend: How would digital financial services impact income inequality across countries? Discrimination and marginalization in the financial services provided by traditional intermediaries are often cited as one of the main causes of persistent income inequality across socioeconomic groups in many countries. Whether Fintech eliminates such prejudice and exclusion and promotes equitable income distribution is unclear. This paper examines the impact of Fintech digital financial services on income inequality. Using a two-step generalized methods-of-moments (GMM) estimator, we analyze unbalanced panel data from 65 countries spanning the years 2013–2019. Drawing on the most recent data available on the actual transaction volume of Fintech digital financial services, we generate evidence at the level of specific service segments. We find that Fintech digital lending and digital capital-raising services are significantly and negatively associated with income inequality. Furthermore, our results from mechanism analysis suggest that Fintech mainly impacts income inequality by improving the accessibility and efficiency of financial services. Overall, our findings imply that promoting Fintech is critical to improving financial inclusion and alleviating income disparity.",2024,25,10.1016/j.techsoc.2024.102485,Adugna H.,Technology in Society,2-s2.0-85189755327,0.33198160387809383,49
Has financial inclusion made the financial sector riskier?,"Purpose: This paper aims to examine whether high levels of financial inclusion is associated with greater financial risk. Design/methodology/approach: The study uses regression methodology to estimate the effect of financial inclusion on financial risk. Findings: The findings reveal that higher account ownership is associated with greater financial risk through high non-performing loans and high-cost inefficiency in the financial sector of developed countries, advanced countries and transition economies. Increased use of debit cards, credit cards and digital finance products reduced risk in the financial sector of advanced countries and developed countries but not for transition economies and developing countries. The findings also show that the combined use of digital finance products with increased formal account ownership improves financial sector efficiency in developing countries while the combined use of credit cards with increased formal account ownership reduces insolvency risk and improves financial sector efficiency in developing countries. Research limitations/implications: The paper offers several implications for policy and financial regulation. It suggests policies that would reduce the financial risk that financial inclusion poses to the financial sector. Originality/value: The recent interest in financial inclusion and the unintended consequences of policy-driven financial inclusion in some parts of the world is raising concern about the risks that financial inclusion may introduce to the formal financial sector. Little is known about the risks that financial inclusion may pose to the financial sector.","['Account ownership', 'Black swan', 'Credit card', 'Debit card', 'Digital finance', 'Efficiency', 'Financial inclusion', 'Financial innovation', 'Financial technology', 'Fintech', 'Formal accounts', 'Insolvency risk', 'Non-performing loans']","['account ownership', 'black swan', 'credit card', 'debit card', 'digital finance', 'efficiency', 'financial inclusion', 'financial innovation', 'financial technology', 'fintech', 'formal accounts', 'insolvency risk', 'non-performing loans']","Has financial inclusion made the financial sector riskier? Purpose: This paper aims to examine whether high levels of financial inclusion is associated with greater financial risk. Design/methodology/approach: The study uses regression methodology to estimate the effect of financial inclusion on financial risk. Findings: The findings reveal that higher account ownership is associated with greater financial risk through high non-performing loans and high-cost inefficiency in the financial sector of developed countries, advanced countries and transition economies. Increased use of debit cards, credit cards and digital finance products reduced risk in the financial sector of advanced countries and developed countries but not for transition economies and developing countries. The findings also show that the combined use of digital finance products with increased formal account ownership improves financial sector efficiency in developing countries while the combined use of credit cards with increased formal account ownership reduces insolvency risk and improves financial sector efficiency in developing countries. Research limitations/implications: The paper offers several implications for policy and financial regulation. It suggests policies that would reduce the financial risk that financial inclusion poses to the financial sector. Originality/value: The recent interest in financial inclusion and the unintended consequences of policy-driven financial inclusion in some parts of the world is raising concern about the risks that financial inclusion may introduce to the formal financial sector. Little is known about the risks that financial inclusion may pose to the financial sector.",2021,51,10.1108/JFRC-08-2020-0074,Ozili P.K.,Journal of Financial Regulation and Compliance,2-s2.0-85099592339,0.3351982590031404,50
