title,abstract,author_keywords,keywords_normalized,combined_text,year,citations,doi,authors,source,eid,query_distance,rank,cluster,distance_from_centroid
"Investigating the impact of gamification on customer engagement, brand loyalty and purchase intent in marketing","Gamification has evolved as a potent method for engaging and motivating consumers in today's dynamic market scenario. This research report investigates the impact of gamification on customer purchasing intentions to determine its current relevance. This study investigates the subtle links between gamification aspects, user engagement, brand loyalty, and consumer purchasing intentions using partial least squares structural equation modelling (PLS-SEM). Gamification is an important technique in modern marketing approaches because of its capacity to captivate and incentivize people. The survey included 300+ individuals from Durg and Raipur, Chhattisgarh's two major districts, representing a broad demographic. The findings show that gamification has a large indirect effect on customer engagement, which in turn affects brand loyalty and eventually shapes the customer’s buying intentions. This study emphasises the critical significance of gamification in altering customer behaviour and the relevance of promoting user engagement and brand Loyalty to drive purchasing decisions. Gamification strategy emerges as a powerful force in the contemporary marketing landscape, with the potential to affect the entire customer journey, as firms seek novel methods to connect with consumers.","['brand loyalty', 'customer buying intentions', 'customer engagement', 'Gamification in marketing']","['brand loyalty', 'customer buying intentions', 'customer engagement', 'gamification in marketing']","Investigating the impact of gamification on customer engagement, brand loyalty and purchase intent in marketing Gamification has evolved as a potent method for engaging and motivating consumers in today's dynamic market scenario. This research report investigates the impact of gamification on customer purchasing intentions to determine its current relevance. This study investigates the subtle links between gamification aspects, user engagement, brand loyalty, and consumer purchasing intentions using partial least squares structural equation modelling (PLS-SEM). Gamification is an important technique in modern marketing approaches because of its capacity to captivate and incentivize people. The survey included 300+ individuals from Durg and Raipur, Chhattisgarh's two major districts, representing a broad demographic. The findings show that gamification has a large indirect effect on customer engagement, which in turn affects brand loyalty and eventually shapes the customer’s buying intentions. This study emphasises the critical significance of gamification in altering customer behaviour and the relevance of promoting user engagement and brand Loyalty to drive purchasing decisions. Gamification strategy emerges as a powerful force in the contemporary marketing landscape, with the potential to affect the entire customer journey, as firms seek novel methods to connect with consumers.",2025,9,10.22201/icat.24486736e.2025.23.1.2592,Punwatkar S.,Journal of Applied Research and Technology,2-s2.0-85219565787,0.22506814382509122,1,3,0.10525625454637622
Consumer experience and perception in gamification marketing: evidence from the user survey of POPMART,"Background: Brand loyalty is crucial for brand marketing effectiveness. Typically, companies may struggle with user feedback and advertising impact, making it challenging to establish consumer habits and receive positive feedback. Gamification marketing engages consumers actively in brand advertising as players. However, the underlying mechanisms of gamification and its impact on advertising effectiveness remain unclear, especially in new consumer domains lacking targeted experiences. Methods: By introducing the USE model that incorporates utilitarian, social, and experiential purposes, we critically elevate the marketing domain’s game evaluation model. Using a survey component of a new online applet, we survey consumers to examine their perceptions and experiences with gamified marketing, exploring data models related to consumer usage motivations and influence levels. The impact of user habits, membership, recommendations, and usage intentions on brand loyalty is analyzed. Results: Our empirical results demonstrate that gamification marketing can effectively increase consumers’ brand loyalty by satisfying utilitarian, social, and experiential purposes, with utilitarian motives showing the strongest significance. Discussion: This study contributes to enhancing the consumer perception in gamified marketing design, enabling targeted improvements in the experiential effects of gamified marketing for businesses.","['brand loyalty', 'consumer experience', 'gamification marketing', 'POPMART', 'USE model']","['brand loyalty', 'consumer experience', 'gamification marketing', 'popmart', 'use model']","Consumer experience and perception in gamification marketing: evidence from the user survey of POPMART Background: Brand loyalty is crucial for brand marketing effectiveness. Typically, companies may struggle with user feedback and advertising impact, making it challenging to establish consumer habits and receive positive feedback. Gamification marketing engages consumers actively in brand advertising as players. However, the underlying mechanisms of gamification and its impact on advertising effectiveness remain unclear, especially in new consumer domains lacking targeted experiences. Methods: By introducing the USE model that incorporates utilitarian, social, and experiential purposes, we critically elevate the marketing domain’s game evaluation model. Using a survey component of a new online applet, we survey consumers to examine their perceptions and experiences with gamified marketing, exploring data models related to consumer usage motivations and influence levels. The impact of user habits, membership, recommendations, and usage intentions on brand loyalty is analyzed. Results: Our empirical results demonstrate that gamification marketing can effectively increase consumers’ brand loyalty by satisfying utilitarian, social, and experiential purposes, with utilitarian motives showing the strongest significance. Discussion: This study contributes to enhancing the consumer perception in gamified marketing design, enabling targeted improvements in the experiential effects of gamified marketing for businesses.",2025,6,10.3389/fcomm.2025.1388020,Zhang J.,Frontiers in Communication,2-s2.0-105001041824,0.2542961689596591,2,3,0.12130884415066912
How gamification marketing activities motivate desirable consumer behaviors: Focusing on the role of brand love,"Gamification is increasingly applied as a design strategy when improving various behavioral outcomes in the online retailing domain. Understanding the attributes of gamification marketing activities (GMAs) is critical for successful gamification, but perceived experience derived from the attributes of GMAs and its influence on desirable consumer behaviors have not been addressed so far in gamified online retailing studies. Thus, this paper aims to examine the relationships among GMAs’ experience, value, satisfaction, brand love, and desirable consumer behaviors. To test these relationships in the research model, we developed a study using a sample of 242 online bookstore customers, and found that the experience of GMAs has a significant and positive effect on hedonic value and utilitarian value. The findings also confirm that hedonic value and utilitarian value significantly affect satisfaction and brand love. Finally, our results confirm that satisfaction has a significant and positive effect on brand love, and in turn, on desirable consumer behaviors (i.e., brand loyalty, positive word-of-mouth, and resistance to negative information). The findings of this study can permit online retailing companies to predict the future behaviors of their customers more exactly and guide their management of assets and gamification marketing activities.","['Brand love', 'Desirable consumer behaviors', 'Gamification marketing', 'Value']","['brand love', 'desirable consumer behaviors', 'gamification marketing', 'value']","How gamification marketing activities motivate desirable consumer behaviors: Focusing on the role of brand love Gamification is increasingly applied as a design strategy when improving various behavioral outcomes in the online retailing domain. Understanding the attributes of gamification marketing activities (GMAs) is critical for successful gamification, but perceived experience derived from the attributes of GMAs and its influence on desirable consumer behaviors have not been addressed so far in gamified online retailing studies. Thus, this paper aims to examine the relationships among GMAs’ experience, value, satisfaction, brand love, and desirable consumer behaviors. To test these relationships in the research model, we developed a study using a sample of 242 online bookstore customers, and found that the experience of GMAs has a significant and positive effect on hedonic value and utilitarian value. The findings also confirm that hedonic value and utilitarian value significantly affect satisfaction and brand love. Finally, our results confirm that satisfaction has a significant and positive effect on brand love, and in turn, on desirable consumer behaviors (i.e., brand loyalty, positive word-of-mouth, and resistance to negative information). The findings of this study can permit online retailing companies to predict the future behaviors of their customers more exactly and guide their management of assets and gamification marketing activities.",2018,290,10.1016/j.chb.2018.06.037,Hsu C.L.,Computers in Human Behavior,2-s2.0-85049883828,0.26067746252003954,3,3,0.1150843059172253
How gamified branded applications drive marketing effectiveness?,"Purpose: Companies understand the potential to use gamification marketing to facilitate a better connection. However, most endeavours in gamification fail. This study aims to identify the design factors that drive the marketing effectiveness of branded applications (apps) with gamification features. Design/methodology/approach: This study investigates branded apps covering various industries such as hospitality, retail and financial services. A total of 296 respondents were recruited from an online questionnaire platform. Findings: The results show that playability, design aesthetics, goal clarity, incentive provision and symbolic benefits were drivers of consumer–brand engagement, which in turn generated purchase intention, app continuance intention and brand loyalty. Originality/value: Based on the elemental tetrad model, this study specified relevant factors identified in the literature to represent the technology, aesthetic, mechanical and story elements. The authors contribute to the literature by identifying design factors as drivers of consumer–brand engagement in the branded app context.","['Branded app', 'Consumer–brand engagement', 'Elemental tetrad model', 'Gamification', 'Marketing effectiveness']","['branded app', 'consumer–brand engagement', 'elemental tetrad model', 'gamification', 'marketing effectiveness']","How gamified branded applications drive marketing effectiveness? Purpose: Companies understand the potential to use gamification marketing to facilitate a better connection. However, most endeavours in gamification fail. This study aims to identify the design factors that drive the marketing effectiveness of branded applications (apps) with gamification features. Design/methodology/approach: This study investigates branded apps covering various industries such as hospitality, retail and financial services. A total of 296 respondents were recruited from an online questionnaire platform. Findings: The results show that playability, design aesthetics, goal clarity, incentive provision and symbolic benefits were drivers of consumer–brand engagement, which in turn generated purchase intention, app continuance intention and brand loyalty. Originality/value: Based on the elemental tetrad model, this study specified relevant factors identified in the literature to represent the technology, aesthetic, mechanical and story elements. The authors contribute to the literature by identifying design factors as drivers of consumer–brand engagement in the branded app context.",2021,29,10.1108/MIP-09-2020-0407,Tseng T.H.,Marketing Intelligence and Planning,2-s2.0-85099750316,0.2651299578611408,4,0,0.09915347466582847
Does gamification affect brand engagement and equity? A study in online brand communities,"Gamification has become a popular technique in marketing. Many companies believe that gamification can potentially increase the engagement, awareness and loyalty of consumers with respect to the brand. However, there is current dearth of empirical evidence supporting these beliefs beyond the pervasive hype. In this study we investigated the relationships between gamification, brand engagement and brand equity among consumers (N = 824) of two online gamified brand communities. The results showed that achievement and social interaction -related gamification features were positively associated with all three forms of brand engagement (emotional, cognitive and social). Immersion -related gamification features were only positively associated with social brand engagement. Additionally, brand engagement was further positively associated with brand equity. The results imply that gamification can positively affect brand engagement and further increase brand equity, and that gamification appears to be an effective technique for brand management.","['Brand', 'Community', 'Engagement', 'Gamification', 'Marketing', 'Social commerce']","['brand', 'community', 'engagement', 'gamification', 'marketing', 'social commerce']","Does gamification affect brand engagement and equity? A study in online brand communities Gamification has become a popular technique in marketing. Many companies believe that gamification can potentially increase the engagement, awareness and loyalty of consumers with respect to the brand. However, there is current dearth of empirical evidence supporting these beliefs beyond the pervasive hype. In this study we investigated the relationships between gamification, brand engagement and brand equity among consumers (N = 824) of two online gamified brand communities. The results showed that achievement and social interaction -related gamification features were positively associated with all three forms of brand engagement (emotional, cognitive and social). Immersion -related gamification features were only positively associated with social brand engagement. Additionally, brand engagement was further positively associated with brand equity. The results imply that gamification can positively affect brand engagement and further increase brand equity, and that gamification appears to be an effective technique for brand management.",2020,382,10.1016/j.jbusres.2019.11.058,Xi N.,Journal of Business Research,2-s2.0-85077194682,0.2665934544218673,5,3,0.12788040235870246
Examining the impact of gamification on intention of engagement and brand attitude in the marketing context,"The development of multiple applications with features of games has brought about a new trend – gamification. Gamification has become a fast-emerging practice in the business world, with a growing number of organizations adopting gaming techniques and game-style rewards in order to increase customer engagement. Despite this growing trend and the potential role played by gamification, the marketing literature lacks models that explain the use of gamification in the marketing context, customers’ perceptions of gamification and its effects on their attitudes towards the brand. This study addresses this omission by adopting the TAM framework in a gamification context. Similar to TAM, gamification finds its roots in the technology and information systems literature. Drawing on TAM, this study presents a model that examines the effects of gamification on customers’ intention to engage in the gamification process and their attitudes toward the brand. Using a quantitative methodology, the results provide empirical support for perceived usefulness and perceived enjoyment as predictors to intention of engagement and brand attitude. However, perceived ease of use was surprisingly found not to be significantly related to people's intention of engagement with the gamification process and their brand attitude. In addition, perceived social influence was found not to be related to people's intention of engagement, but was related to their brand attitude. The findings of this research have theory and practical implications.","['Brand attitude', 'Engagement', 'Gamification', 'TAM']","['brand attitude', 'engagement', 'gamification', 'tam']","Examining the impact of gamification on intention of engagement and brand attitude in the marketing context The development of multiple applications with features of games has brought about a new trend – gamification. Gamification has become a fast-emerging practice in the business world, with a growing number of organizations adopting gaming techniques and game-style rewards in order to increase customer engagement. Despite this growing trend and the potential role played by gamification, the marketing literature lacks models that explain the use of gamification in the marketing context, customers’ perceptions of gamification and its effects on their attitudes towards the brand. This study addresses this omission by adopting the TAM framework in a gamification context. Similar to TAM, gamification finds its roots in the technology and information systems literature. Drawing on TAM, this study presents a model that examines the effects of gamification on customers’ intention to engage in the gamification process and their attitudes toward the brand. Using a quantitative methodology, the results provide empirical support for perceived usefulness and perceived enjoyment as predictors to intention of engagement and brand attitude. However, perceived ease of use was surprisingly found not to be significantly related to people's intention of engagement with the gamification process and their brand attitude. In addition, perceived social influence was found not to be related to people's intention of engagement, but was related to their brand attitude. The findings of this research have theory and practical implications.",2017,407,10.1016/j.chb.2017.03.066,Yang Y.,Computers in Human Behavior,2-s2.0-85017144159,0.2741209755536853,6,3,0.08244923830843298
Employing gamification methods to increase customer engagement in digital marketing,"As “Gamification” quickly becomes a hot topic across industries and academia, it deserves more thorough study through qualitative and quantitative research. There was a definite feeling of infancy of gamification, be it the definition of gamification or the effectiveness of gamification. This document provides a survey of this recent phenomenon of “gamification”: a concept that has been applauded as a “game changing layer” and derided as a “useless buzzword”. It provides a comparative review of different schools of thoughts on the effectiveness of applying game mechanics to non-game contexts. Both industry implementations and academic research is reviewed and analyzed. Most of gamification thought leaders agree that the current state of gamification is mainly focus on extrinsic rewards. While some see the bigger potentials of sustainable gamification with deeper researches in the intrinsic rewards from good game designs.","['Digital Marketing', 'Digitization', 'Internet', 'Marketing']","['digital marketing', 'digitization', 'internet', 'marketing']","Employing gamification methods to increase customer engagement in digital marketing As “Gamification” quickly becomes a hot topic across industries and academia, it deserves more thorough study through qualitative and quantitative research. There was a definite feeling of infancy of gamification, be it the definition of gamification or the effectiveness of gamification. This document provides a survey of this recent phenomenon of “gamification”: a concept that has been applauded as a “game changing layer” and derided as a “useless buzzword”. It provides a comparative review of different schools of thoughts on the effectiveness of applying game mechanics to non-game contexts. Both industry implementations and academic research is reviewed and analyzed. Most of gamification thought leaders agree that the current state of gamification is mainly focus on extrinsic rewards. While some see the bigger potentials of sustainable gamification with deeper researches in the intrinsic rewards from good game designs.",2019,2,10.35940/ijrte.B1366.0882S819,Kumar G.A.,International Journal of Recent Technology and Engineering,2-s2.0-85073466076,0.28010559388585454,7,2,0.10403011951838859
How gamification elements benefit brand love: the moderating effect of immersion,"Purpose: A gamification approach uses game components in non-game services to increase customer engagement and loyalty. This study aims to investigate the relationships between gamification elements, customer engagement, immersion and brand love. Design/methodology/approach: Using the most popular gamification feature in Indonesian e-commerce, namely Shopee Games. The Snowball sampling technique was used. The data were collected from 355 Indonesians who played Shopee Games. AMOS 28.0 was used to analysis on the data. Findings: The gamification elements of challenges, points and enjoyment positively influence customer engagement. Moreover, customer engagement positively influences brand love, which is increased by the moderation of immersion. In addition, customer engagement mediates the relationships between the gamification elements of challenges, points, enjoyment and brand love. Originality/value: This study identifies the critical elements of gamification in e-commerce platforms. In addition, based on the S-O-R model, this study contributes to research on how customer engagement plays an intermediate variable in the gamification-brand relationship. As conceptual and empirical research on this topic is still underdeveloped, this study provides fresh insights into gamification-oriented brand marketing practices. It offers significant theoretical and managerial implications from an integrated perspective.","['Brand love', 'Customer engagement', 'Gamification', 'Immersion', 'S-O-R model']","['brand love', 'customer engagement', 'gamification', 'immersion', 's-o-r model']","How gamification elements benefit brand love: the moderating effect of immersion Purpose: A gamification approach uses game components in non-game services to increase customer engagement and loyalty. This study aims to investigate the relationships between gamification elements, customer engagement, immersion and brand love. Design/methodology/approach: Using the most popular gamification feature in Indonesian e-commerce, namely Shopee Games. The Snowball sampling technique was used. The data were collected from 355 Indonesians who played Shopee Games. AMOS 28.0 was used to analysis on the data. Findings: The gamification elements of challenges, points and enjoyment positively influence customer engagement. Moreover, customer engagement positively influences brand love, which is increased by the moderation of immersion. In addition, customer engagement mediates the relationships between the gamification elements of challenges, points, enjoyment and brand love. Originality/value: This study identifies the critical elements of gamification in e-commerce platforms. In addition, based on the S-O-R model, this study contributes to research on how customer engagement plays an intermediate variable in the gamification-brand relationship. As conceptual and empirical research on this topic is still underdeveloped, this study provides fresh insights into gamification-oriented brand marketing practices. It offers significant theoretical and managerial implications from an integrated perspective.",2023,42,10.1108/MIP-04-2023-0143,Tsou H.T.,Marketing Intelligence and Planning,2-s2.0-85168658534,0.2865855199240266,8,3,0.1313369412515586
EMPIRICAL STUDY ON GAMIFICATION EFFECT ON BRAND ENGAGEMENT,"Gamification is the practice of applying game design aspects to non-gaming contexts, which has grown in popularity over the previous decade. It is a technology used to stimulate the consumers’ psychological motivations towards a service, activity, product, or brand in the business world. Different frameworks have been proposed, with design elements carrying unique characteristics, and have been described as motivating attitudes. However, the rarity of empirical evidence answering the people’s drive to use gamification in the marketing field still represents a gap in the literature. This study proposes a comprehensive gamified framework specially developed for assessing the effect of gamification on brand engagement according to UX designs using different game elements. Materials and an experiment were conducted, where the participants performed the tasks and activities within the gamified framework. Data was collected through a comprehensive survey answered by the customers after experimenting. The data included the evaluation of the relationship between the user experience and the game elements and their effect on utilitarian and hedonic motivations. A holistic evaluation of the whole gameful experience and its influence on customer attitude in regards to more brand-enhanced engagement was further assessed. The results of this study revealed a positive relationship, with a statistically highly significant correlation between the proposed framework and the studied variables, in conjunction with player personality as an important moderating factor. Accordingly, it was concluded that customer attitude towards a brand can be affected during a gameful experience and will eventually result in positive, active, enhanced brand engagement.","['Game elements', 'Gameful experience', 'Gamification', 'Hedonic motivation', 'User experience', 'Utilitarian motivation']","['game elements', 'gameful experience', 'gamification', 'hedonic motivation', 'user experience', 'utilitarian motivation']","EMPIRICAL STUDY ON GAMIFICATION EFFECT ON BRAND ENGAGEMENT Gamification is the practice of applying game design aspects to non-gaming contexts, which has grown in popularity over the previous decade. It is a technology used to stimulate the consumers’ psychological motivations towards a service, activity, product, or brand in the business world. Different frameworks have been proposed, with design elements carrying unique characteristics, and have been described as motivating attitudes. However, the rarity of empirical evidence answering the people’s drive to use gamification in the marketing field still represents a gap in the literature. This study proposes a comprehensive gamified framework specially developed for assessing the effect of gamification on brand engagement according to UX designs using different game elements. Materials and an experiment were conducted, where the participants performed the tasks and activities within the gamified framework. Data was collected through a comprehensive survey answered by the customers after experimenting. The data included the evaluation of the relationship between the user experience and the game elements and their effect on utilitarian and hedonic motivations. A holistic evaluation of the whole gameful experience and its influence on customer attitude in regards to more brand-enhanced engagement was further assessed. The results of this study revealed a positive relationship, with a statistically highly significant correlation between the proposed framework and the studied variables, in conjunction with player personality as an important moderating factor. Accordingly, it was concluded that customer attitude towards a brand can be affected during a gameful experience and will eventually result in positive, active, enhanced brand engagement.",2023,5,10.51847/sAorvxedSs,Elshoubashy H.,Journal of Organizational Behavior Research,2-s2.0-85217513525,0.28994439317528864,9,3,0.07755998484483906
How does gameful experience foster customer engagement and brand advocacy? Consumer insights into branding in e-tail,"Purpose: This study aims to examine the influence of gameful experience (GAMEX) on customer brand engagement in the context of e-tailing. Drawing on the self-determination and social learning theories, the authors have developed a comprehensive model incorporating cognitive, emotional and behavioral factors leading to brand advocacy and re-visit intention for the retail website. Design/methodology/approach: The data for this study were obtained from 715 customers across various e-tailing websites. This research uses both quantitative method (partial least squares structural equation modeling − PLS-SEM) and qualitative method (fuzzy set qualitative comparative analysis − fsQCA) to investigate the relationship between GAMEX and customer brand engagement in the e-tailing context, with a focus on the long-term outcomes of brand advocacy and re-visit intention. Findings: The PLS-SEM results indicate a significant impact of GAMEX on customer brand engagement. In addition, the findings reveal the moderating role of fear of missing out, internet self-efficacy and technoeustress in the association among GAMEX, customer brand engagement, brand advocacy and re-visit intention. The findings from fsQCA support the results obtained from PLS-SEM and reveal four configurations for brand advocacy and five configurations for re-visit intentions. Originality/value: This research evaluates the impact of GAMEX on customer brand engagement using a mixed-method approach involving qualitative and quantitative procedures. This study offers valuable insights into the design of gamified marketing activities and current practices for fostering greater engagement.","['Brand advocacy', 'Customer brand engagement', 'FOMO', 'Gameful experience (GAMEX)', 'Gamification', 'Re-visit intention']","['brand advocacy', 'customer brand engagement', 'fomo', 'gameful experience (gamex)', 'gamification', 're-visit intention']","How does gameful experience foster customer engagement and brand advocacy? Consumer insights into branding in e-tail Purpose: This study aims to examine the influence of gameful experience (GAMEX) on customer brand engagement in the context of e-tailing. Drawing on the self-determination and social learning theories, the authors have developed a comprehensive model incorporating cognitive, emotional and behavioral factors leading to brand advocacy and re-visit intention for the retail website. Design/methodology/approach: The data for this study were obtained from 715 customers across various e-tailing websites. This research uses both quantitative method (partial least squares structural equation modeling − PLS-SEM) and qualitative method (fuzzy set qualitative comparative analysis − fsQCA) to investigate the relationship between GAMEX and customer brand engagement in the e-tailing context, with a focus on the long-term outcomes of brand advocacy and re-visit intention. Findings: The PLS-SEM results indicate a significant impact of GAMEX on customer brand engagement. In addition, the findings reveal the moderating role of fear of missing out, internet self-efficacy and technoeustress in the association among GAMEX, customer brand engagement, brand advocacy and re-visit intention. The findings from fsQCA support the results obtained from PLS-SEM and reveal four configurations for brand advocacy and five configurations for re-visit intentions. Originality/value: This research evaluates the impact of GAMEX on customer brand engagement using a mixed-method approach involving qualitative and quantitative procedures. This study offers valuable insights into the design of gamified marketing activities and current practices for fostering greater engagement.",2025,17,10.1108/JCM-04-2024-6764,Malik G.,Journal of Consumer Marketing,2-s2.0-85216636518,0.292818396705528,10,3,0.13098313099894998
The effect of gamification on brand equity and desirable consumer behaviors in online retail stores: The mediating role of brand engagement,"The use of gamification as a means to engage and retain customers has garnered significant attention in marketing. Despite its widespread usage, little is known about its impact on consumer behavior within online contexts. This paper aims to investigate the influence of gamification on brand equity and desirable consumer behaviors by examining the mediating role of brand engagement. An analytical survey study was conducted, with the statistical population consisting of all customers of Digikala, the most prominent online retail store in Iran. The G-power software was employed to determine the sample size for the partial least square test. Standard questionnaires were employed for data collection, and structural equation modeling (SEM) using Smart PLS software was utilized for data analysis. The findings reveal that gamification significantly impacts brand equity, including brand awareness and loyalty, and desirable consumer behaviors such as word of mouth and resistance to negative information. Moreover, gamification enhanced brand engagement, which mediates its effects on brand equity and desirable consumer behaviors. The incorporation of gamification dimensions, including immersion, achievement, and social interaction, is identified as a promising marketing strategy, and online business managers and marketers should focus on enhancing these dimensions.","['Brand engagement', 'Brand equity', 'Desirable consumer behaviors', 'Gamification']","['brand engagement', 'brand equity', 'desirable consumer behaviors', 'gamification']","The effect of gamification on brand equity and desirable consumer behaviors in online retail stores: The mediating role of brand engagement The use of gamification as a means to engage and retain customers has garnered significant attention in marketing. Despite its widespread usage, little is known about its impact on consumer behavior within online contexts. This paper aims to investigate the influence of gamification on brand equity and desirable consumer behaviors by examining the mediating role of brand engagement. An analytical survey study was conducted, with the statistical population consisting of all customers of Digikala, the most prominent online retail store in Iran. The G-power software was employed to determine the sample size for the partial least square test. Standard questionnaires were employed for data collection, and structural equation modeling (SEM) using Smart PLS software was utilized for data analysis. The findings reveal that gamification significantly impacts brand equity, including brand awareness and loyalty, and desirable consumer behaviors such as word of mouth and resistance to negative information. Moreover, gamification enhanced brand engagement, which mediates its effects on brand equity and desirable consumer behaviors. The incorporation of gamification dimensions, including immersion, achievement, and social interaction, is identified as a promising marketing strategy, and online business managers and marketers should focus on enhancing these dimensions.",2024,5,10.22059/ijms.2023.352786.675544,Ebrahimi E.,Interdisciplinary Journal of Management Studies,2-s2.0-85188170224,0.3026293114401619,11,5,0.06900361025612378
Gamification as a platform for brand co-creation experiences,"This study is aimed at establishing a connection between brand gamified experiences and brand value co-creation, based on a literature review and insights from exploratory research. Consumers' motivations to get involved with gamified experiences and their impact on consumer engagement and brand experience are analyzed. Simultaneously, the study explores the motivations that drive firms to implement gamified systems with consequences for brand value co-creation. Seven managers and marketing professionals were interviewed through semi-structured interviews, and two focus groups were performed to collect primary information on consumers' perceptions and motivations. Results suggest that gamification offers a platform for the development of brand engagement and relationship enhancement, through entertainment, challenges, continuous experiences, and brand involvement. Consumers seek gamified systems that provide them with fun, rewards, competition, social interactions and recognition, customization, and sense of community. Gamification also allows firms to collect spontaneous and valuable data on consumers' opinions and interactions. In sum, gamification can be seen as an innovative branding tool to promote consumer interaction and participation in brand co-creation experiences, all of which is essential to managing brand-based innovation.","['Brand experience', 'Brand value co-creation', 'Consumer engagement', 'Gamification', 'Innovative brand management']","['brand experience', 'brand value co-creation', 'consumer engagement', 'gamification', 'innovative brand management']","Gamification as a platform for brand co-creation experiences This study is aimed at establishing a connection between brand gamified experiences and brand value co-creation, based on a literature review and insights from exploratory research. Consumers' motivations to get involved with gamified experiences and their impact on consumer engagement and brand experience are analyzed. Simultaneously, the study explores the motivations that drive firms to implement gamified systems with consequences for brand value co-creation. Seven managers and marketing professionals were interviewed through semi-structured interviews, and two focus groups were performed to collect primary information on consumers' perceptions and motivations. Results suggest that gamification offers a platform for the development of brand engagement and relationship enhancement, through entertainment, challenges, continuous experiences, and brand involvement. Consumers seek gamified systems that provide them with fun, rewards, competition, social interactions and recognition, customization, and sense of community. Gamification also allows firms to collect spontaneous and valuable data on consumers' opinions and interactions. In sum, gamification can be seen as an innovative branding tool to promote consumer interaction and participation in brand co-creation experiences, all of which is essential to managing brand-based innovation.",2017,126,10.1057/s41262-017-0055-3,Nobre H.,Journal of Brand Management,2-s2.0-85019702006,0.31114913271959077,12,3,0.13740372780552268
The effect of gamification on brand awareness: A study of retail industry and healthy-living applications,"Rapid developments in digitisation have resulted in gamification (ie, the use of game elements and game mechanics in non-game areas) becoming more common and easy to apply in digital environments. This study examines the use of gamification in the field of marketing, specifically its effects on brand awareness. As the paper shows, gamification helps to establish important bonds between the brand, the company and the customer. In this context, the paper analyses brand awareness by means of the survey method. Due to the size of the study population, the scope of the study was narrowed to apps promoting healthy living and apps produced by the retail sector. Convenience sampling was used to recruit 400 respondents. The survey found that gamification has a positive effect on brand awareness (r = 0.55) and that attitude to gamified apps has a positive effect on brand awareness (r = 0.58). Certain demographic factors were also found to influence the use of gamified apps.","['brand attitude', 'brand awareness', 'gamification', 'gamified applications', 'gamified marketing practices']","['brand attitude', 'brand awareness', 'gamification', 'gamified applications', 'gamified marketing practices']","The effect of gamification on brand awareness: A study of retail industry and healthy-living applications Rapid developments in digitisation have resulted in gamification (ie, the use of game elements and game mechanics in non-game areas) becoming more common and easy to apply in digital environments. This study examines the use of gamification in the field of marketing, specifically its effects on brand awareness. As the paper shows, gamification helps to establish important bonds between the brand, the company and the customer. In this context, the paper analyses brand awareness by means of the survey method. Due to the size of the study population, the scope of the study was narrowed to apps promoting healthy living and apps produced by the retail sector. Convenience sampling was used to recruit 400 respondents. The survey found that gamification has a positive effect on brand awareness (r = 0.55) and that attitude to gamified apps has a positive effect on brand awareness (r = 0.58). Certain demographic factors were also found to influence the use of gamified apps.",2024,1,10.69554/OHMK3521,Alsan H.,Journal of Digital and Social Media Marketing,2-s2.0-85212298700,0.31173657924785325,13,3,0.15151874044324742
How Does Gamification Improve Purchase Intention? Through the Lens of Perceived Brand Coolness and Time Poverty,"Gamification has been extensively employed in marketing practices to meet the diverse needs of consumers. Previous research suggests that gamification marketing plays a pivotal role in influencing customer purchase intention. However, the precise mechanism through which gamification marketing impacts purchase intention requires further investigation. Drawing on the self-determination theory (SDT), this study explores the relationship between gamification marketing and purchase intention, with customers’ perceived brand coolness as a mediating variable and time poverty as a moderating variable. Using data collected from 184 participants in the experiment, our research demonstrates that, in comparison to non-gamification marketing, gamification marketing significantly influences purchase intention. Furthermore, perceived brand coolness emerges as a mediating factor in this relationship, providing new insights into the gamification mechanism. Customers who are in low time poverty exert more perceived brand coolness and purchase intentions compared with high time poverty in the context of gamification marketing. This study expands the research of gamification by introducing perceived brand coolness to the relationship between gamification marketing and purchase intention. It also contributes to the study of time poverty under the context of gamification marketing.","['consumer behavior', 'gamification marketing', 'perceived brand coolness', 'purchase intention', 'time poverty']","['consumer behavior', 'gamification marketing', 'perceived brand coolness', 'purchase intention', 'time poverty']","How Does Gamification Improve Purchase Intention? Through the Lens of Perceived Brand Coolness and Time Poverty Gamification has been extensively employed in marketing practices to meet the diverse needs of consumers. Previous research suggests that gamification marketing plays a pivotal role in influencing customer purchase intention. However, the precise mechanism through which gamification marketing impacts purchase intention requires further investigation. Drawing on the self-determination theory (SDT), this study explores the relationship between gamification marketing and purchase intention, with customers’ perceived brand coolness as a mediating variable and time poverty as a moderating variable. Using data collected from 184 participants in the experiment, our research demonstrates that, in comparison to non-gamification marketing, gamification marketing significantly influences purchase intention. Furthermore, perceived brand coolness emerges as a mediating factor in this relationship, providing new insights into the gamification mechanism. Customers who are in low time poverty exert more perceived brand coolness and purchase intentions compared with high time poverty in the context of gamification marketing. This study expands the research of gamification by introducing perceived brand coolness to the relationship between gamification marketing and purchase intention. It also contributes to the study of time poverty under the context of gamification marketing.",2024,6,10.3390/bs14121226,Liao Y.,Behavioral Sciences,2-s2.0-85213360369,0.3141193943020042,14,1,0.11137454868034391
Gamification and Mobile Marketing Effectiveness,"A variety of business sectors have been buffeted by the diffusion of mobile technology, a trend that presents a variety of difficult challenges but interesting opportunities to marketers. One such opportunity is gamification, which, one hopes, will enhance appeal to mobile consumers. Our sense from both personal experience and the literature is that the gamified mobile apps currently offered by firms mostly miss the mark. We provide a systematic overview of game design and note how principles derived from that field are highly applicable to gamification in mobile marketing settings. We are aided by the work of Schell (2008), whose Elemental Game Tetrad Model allows us to offer a coherent look at how gamification should affect mobile marketing outcomes.","['Aesthetics', 'Game design', 'Gamification', 'Gaming', 'Mechanics', 'Mobile', 'Retailing', 'Story', 'Technology']","['aesthetics', 'game design', 'gamification', 'gaming', 'mechanics', 'mobile', 'retailing', 'story', 'technology']","Gamification and Mobile Marketing Effectiveness A variety of business sectors have been buffeted by the diffusion of mobile technology, a trend that presents a variety of difficult challenges but interesting opportunities to marketers. One such opportunity is gamification, which, one hopes, will enhance appeal to mobile consumers. Our sense from both personal experience and the literature is that the gamified mobile apps currently offered by firms mostly miss the mark. We provide a systematic overview of game design and note how principles derived from that field are highly applicable to gamification in mobile marketing settings. We are aided by the work of Schell (2008), whose Elemental Game Tetrad Model allows us to offer a coherent look at how gamification should affect mobile marketing outcomes.",2016,408,10.1016/j.intmar.2016.03.001,Hofacker C.F.,Journal of Interactive Marketing,2-s2.0-84963723708,0.3147039434594102,15,0,0.12271808592846711
"Utilitarian and Hedonic Values of Gamification and Their Influence on Brand Engagement, Loyalty, Trust and WoM","This research investigated the impact of gamification's utilitarian and hedonistic measurements on consumer brand engagement, loyalty, and WoM marketing outcomes. The data collection process was carried out in India using online and offline distribution of questionnaires. 231 forms were received, with 22 being eliminated due to inconsistencies, such as the identical answers to all questions, resulting in 209 responses acceptable for the research. PLS-SEM with using SEMinR, the hypotheses were tested. Results indicate that hedonic values are more successful in changing customer behaviour rather than utilitarian; the findings show that hedonic value exists in components that lead to brand loyalty and word-of-mouth. The study highlights the mediation effect of brand engagement, implying that while brand engagement is a required element for brand loyalty, it may be indifferent to achieving word-of-mouth. Brand engagement is more significant in promoting WoM than brand loyalty.","['Brand Engagement', 'Brand Loyalty', 'Brand Trust', 'Gamification', 'PLS-SEM', 'SEMinR', 'Word-of-Mouth']","['brand engagement', 'brand loyalty', 'brand trust', 'gamification', 'pls-sem', 'seminr', 'word-of-mouth']","Utilitarian and Hedonic Values of Gamification and Their Influence on Brand Engagement, Loyalty, Trust and WoM This research investigated the impact of gamification's utilitarian and hedonistic measurements on consumer brand engagement, loyalty, and WoM marketing outcomes. The data collection process was carried out in India using online and offline distribution of questionnaires. 231 forms were received, with 22 being eliminated due to inconsistencies, such as the identical answers to all questions, resulting in 209 responses acceptable for the research. PLS-SEM with using SEMinR, the hypotheses were tested. Results indicate that hedonic values are more successful in changing customer behaviour rather than utilitarian; the findings show that hedonic value exists in components that lead to brand loyalty and word-of-mouth. The study highlights the mediation effect of brand engagement, implying that while brand engagement is a required element for brand loyalty, it may be indifferent to achieving word-of-mouth. Brand engagement is more significant in promoting WoM than brand loyalty.",2025,25,10.1016/j.entcom.2024.100868,Singh Y.,Entertainment Computing,2-s2.0-85201614711,0.3157255205734377,16,3,0.1599911215735057
Does gamification engage users in online shopping?,"Since prior research has shown that engagement might exert positive effects on value creation and continuous purchase intention, this study aims to examine the influence of gamification on user engagement in e-commerce. An online consumer panel was used to collect data from 253 Spanish Amazon users. Principal component analysis was performed first to validate the scale through an exploratory analysis. Subsequently, partial least squares structural equation modelling calculations were performed to test the research model and hypotheses. This study found that gamification has direct effects on user engagement in e-commerce. In addition, the User Engagement Scale (UES) is presented as a valid and reliable instrument for measuring engagement in Spanish e-commerce. This research investigated and verified a five-factor structure of the UES; however, a reduction in its factors is recommended. Additionally, four key factors through which gamification exerts a direct influence were identified. Finally, specific marketing actions were proposed for application in e-commerce.","['Engagement', 'Gamification', 'PLS-SEM']","['engagement', 'gamification', 'pls-sem']","Does gamification engage users in online shopping? Since prior research has shown that engagement might exert positive effects on value creation and continuous purchase intention, this study aims to examine the influence of gamification on user engagement in e-commerce. An online consumer panel was used to collect data from 253 Spanish Amazon users. Principal component analysis was performed first to validate the scale through an exploratory analysis. Subsequently, partial least squares structural equation modelling calculations were performed to test the research model and hypotheses. This study found that gamification has direct effects on user engagement in e-commerce. In addition, the User Engagement Scale (UES) is presented as a valid and reliable instrument for measuring engagement in Spanish e-commerce. This research investigated and verified a five-factor structure of the UES; however, a reduction in its factors is recommended. Additionally, four key factors through which gamification exerts a direct influence were identified. Finally, specific marketing actions were proposed for application in e-commerce.",2021,75,10.1016/j.elerap.2021.101076,García-Jurado A.,Electronic Commerce Research and Applications,2-s2.0-85111158732,0.31642120369471605,17,1,0.1279900675703749
Creating brand engagement through in-store gamified customer experiences,"The purpose of this study is to understand how gamification contributes to customers’ value creation in a retail context and how this value creation relates to brand engagement. The study builds on a field experiment using a two-group between-subjects design combined with correlational research. The experiment involved 378 participants recruited at a major European sports retailer. Participants were exposed to one of two conditions: one with a gamified activity in a store, and one in which the participants performed the same activity without being exposed to any game elements. The findings show that gamification affects the hedonic value of an activity and that this effect can be partly explained by positive affect. When this hedonic value was compared to the satisfaction with a reward, the hedonic value was found to be a better predictor of continued engagement intention. Finally, gamification through continued engagement intention is positively associated with brand engagement.","['Brand engagement', 'Customer experience', 'Field experiment', 'Gamification', 'Retail']","['brand engagement', 'customer experience', 'field experiment', 'gamification', 'retail']","Creating brand engagement through in-store gamified customer experiences The purpose of this study is to understand how gamification contributes to customers’ value creation in a retail context and how this value creation relates to brand engagement. The study builds on a field experiment using a two-group between-subjects design combined with correlational research. The experiment involved 378 participants recruited at a major European sports retailer. Participants were exposed to one of two conditions: one with a gamified activity in a store, and one in which the participants performed the same activity without being exposed to any game elements. The findings show that gamification affects the hedonic value of an activity and that this effect can be partly explained by positive affect. When this hedonic value was compared to the satisfaction with a reward, the hedonic value was found to be a better predictor of continued engagement intention. Finally, gamification through continued engagement intention is positively associated with brand engagement.",2019,136,10.1016/j.jretconser.2019.05.006,Högberg J.,Journal of Retailing and Consumer Services,2-s2.0-85065402234,0.318387091874332,18,3,0.13327449289792714
"Impact analysis of experience on gamification marketing activities, social media marketing, and other factors toward brand loyalty in online marketplace application","Gamified method or well known as gamification has been adapted to enhance the primary process in many fields, such as improving lecturing processes in higher education, improving information acceptance rates in health therapy, and recently increasing consumer interaction with different brands in the e-commerce market. Online marketplace application as a popular variety of e-commerce, also following this trend to implement gamification elements in their application to create a better buying experience for their users and to increase the brand loyalty of their users towards various online marketplace applications. Aside from gamification, social media is still one of the most chosen media to be a marketing channel of an online marketplace brand by creating official account and use them to interact intimately with their customers. In this research, we assess the impact of experience on gamification marketing activities and social media marketing, mediated brand attitude, consumer brand engagement, and customer satisfaction towards brand loyalty in Indonesian online marketplace using Structural Equations Modeling (SEM) type of analysis. The finding of the study showed that the brand attitude and customer satisfaction fully mediated the impact of gamification marketing practices on brand loyalty, while social media marketing and consumer brand engagement has no significant effect on brand loyalty.","['Brand attitude', 'Brand loyalty', 'Consumer brand engagement', 'Gamification marketing activities', 'Online marketplace', 'Social media marketing']","['brand attitude', 'brand loyalty', 'consumer brand engagement', 'gamification marketing activities', 'online marketplace', 'social media marketing']","Impact analysis of experience on gamification marketing activities, social media marketing, and other factors toward brand loyalty in online marketplace application Gamified method or well known as gamification has been adapted to enhance the primary process in many fields, such as improving lecturing processes in higher education, improving information acceptance rates in health therapy, and recently increasing consumer interaction with different brands in the e-commerce market. Online marketplace application as a popular variety of e-commerce, also following this trend to implement gamification elements in their application to create a better buying experience for their users and to increase the brand loyalty of their users towards various online marketplace applications. Aside from gamification, social media is still one of the most chosen media to be a marketing channel of an online marketplace brand by creating official account and use them to interact intimately with their customers. In this research, we assess the impact of experience on gamification marketing activities and social media marketing, mediated brand attitude, consumer brand engagement, and customer satisfaction towards brand loyalty in Indonesian online marketplace using Structural Equations Modeling (SEM) type of analysis. The finding of the study showed that the brand attitude and customer satisfaction fully mediated the impact of gamification marketing practices on brand loyalty, while social media marketing and consumer brand engagement has no significant effect on brand loyalty.",2020,2,,Viega M.T.,Journal of Theoretical and Applied Information Technology,2-s2.0-85095448614,0.3187745006449182,19,5,0.10588661852822123
Factors driving consumer engagement and intentions with gamification of mobile apps,"The advent of smartphones revolutionized and took the market to a new level. Now a days, majority of internet users spend their maximum time on smartphones, specifically on mobile apps. The emergence of numerous apps in smartphones with games features has brought about a different trend, mobile app gamification. The emerging popularity of smartphone technologies and their mobile apps have led various companies to engage their consumers with mobile apps, specifically through gamification. Therefore, companies gain consumers attention integrate their mobile marketing into their overall marketing strategy. This study explores the domain of consumer engagement and their intentions through the gamification of mobile apps. The research focuses on how mobile app gamification drives consumer engagement and their intentions drawing upon SDT and TAM. Using survey method data collected from 270 respondents, data analysis was done with structure equation modeling (SEM). The findings assert that various features of gamification of mobile apps (perceived ease of use, perceived usefulness and enjoyment) have a significant influence on consumer engagement. However, convenience was unexpectedly found not to be significantly associated with consumer engagement. Additionally, consumer engagement was found to be associated to smartphone user’s intentions to use gamification of mobile apps. The results of present study have theoretical and practical implications.","['Consumer Engagement', 'Gamification', 'Intention', 'Mobile Apps', 'SEM', 'Smartphone']","['consumer engagement', 'gamification', 'intention', 'mobile apps', 'sem', 'smartphone']","Factors driving consumer engagement and intentions with gamification of mobile apps The advent of smartphones revolutionized and took the market to a new level. Now a days, majority of internet users spend their maximum time on smartphones, specifically on mobile apps. The emergence of numerous apps in smartphones with games features has brought about a different trend, mobile app gamification. The emerging popularity of smartphone technologies and their mobile apps have led various companies to engage their consumers with mobile apps, specifically through gamification. Therefore, companies gain consumers attention integrate their mobile marketing into their overall marketing strategy. This study explores the domain of consumer engagement and their intentions through the gamification of mobile apps. The research focuses on how mobile app gamification drives consumer engagement and their intentions drawing upon SDT and TAM. Using survey method data collected from 270 respondents, data analysis was done with structure equation modeling (SEM). The findings assert that various features of gamification of mobile apps (perceived ease of use, perceived usefulness and enjoyment) have a significant influence on consumer engagement. However, convenience was unexpectedly found not to be significantly associated with consumer engagement. Additionally, consumer engagement was found to be associated to smartphone user’s intentions to use gamification of mobile apps. The results of present study have theoretical and practical implications.",2020,46,10.4018/JECO.2020040102,Kamboj S.,Journal of Electronic Commerce in Organizations,2-s2.0-85089856552,0.32108738026201444,20,0,0.09844285525242125
The role of gamification in brand app experience: The moderating effects of the 4Rs of app marketing,"This study examines the relationships between several sub-factors of gamification (i.e. fun, rewards, competition, and storytelling) and brand app experiences. The study also examines the moderating effects of the so-called 4Rs of brand apps (reflex, reality, real place, and real communication) on brand app experiences. The study was conducted in groups of approximately 450 subjects. The study finds that gamification is positively related to brand app experiences, with fun and storytelling serving as motivating factors and having stronger effects on brand app experiences than other factors. Brand app users are more likely to seek fun and storytelling when using brand apps than other potential gamification sub-factors. The results suggest that companies should develop technologies to interact with customers, attract customers, and provide them with memorable experiences and fun.","['app experience', 'application', 'Brand', 'brand app', 'Brand Application', 'consumer brand satisfaction', 'gamification', 'Gamification', 'marketing', 'Marketing Strategy', 'Mobile Communication']","['app experience', 'application', 'brand', 'brand app', 'brand application', 'consumer brand satisfaction', 'gamification', 'marketing', 'marketing strategy', 'mobile communication']","The role of gamification in brand app experience: The moderating effects of the 4Rs of app marketing This study examines the relationships between several sub-factors of gamification (i.e. fun, rewards, competition, and storytelling) and brand app experiences. The study also examines the moderating effects of the so-called 4Rs of brand apps (reflex, reality, real place, and real communication) on brand app experiences. The study was conducted in groups of approximately 450 subjects. The study finds that gamification is positively related to brand app experiences, with fun and storytelling serving as motivating factors and having stronger effects on brand app experiences than other factors. Brand app users are more likely to seek fun and storytelling when using brand apps than other potential gamification sub-factors. The results suggest that companies should develop technologies to interact with customers, attract customers, and provide them with memorable experiences and fun.",2019,28,10.1080/23311908.2019.1576388,Lee J.,Cogent Psychology,2-s2.0-85061315608,0.323126099212119,21,0,0.1320203621083953
Enhancing user engagement: The role of gamification in mobile apps,"Organizations are increasingly making use of gamification to enhance users’ engagement with their mobile apps. However, more research into the mechanisms that facilitate user engagement and its consequences is needed. Drawing on the self-system model of motivational development, this study investigates how gamification might foster user engagement and positive marketing outcomes. Data from 276 users of a mobile gamified app were analyzed using partial least squares regression. The results showed that gamification increases user engagement through satisfaction of the needs for competence, autonomy and relatedness. User engagement, in turn, leads to greater intention to use, disseminate WOM about, and to positively rate, the app. Finally, this study provides a number of theoretical and practical implications that can help developers design more effective gamified mobile apps.","['Gamification', 'Mobile apps', 'Self-system model of motivational development', 'User engagement']","['gamification', 'mobile apps', 'self-system model of motivational development', 'user engagement']","Enhancing user engagement: The role of gamification in mobile apps Organizations are increasingly making use of gamification to enhance users’ engagement with their mobile apps. However, more research into the mechanisms that facilitate user engagement and its consequences is needed. Drawing on the self-system model of motivational development, this study investigates how gamification might foster user engagement and positive marketing outcomes. Data from 276 users of a mobile gamified app were analyzed using partial least squares regression. The results showed that gamification increases user engagement through satisfaction of the needs for competence, autonomy and relatedness. User engagement, in turn, leads to greater intention to use, disseminate WOM about, and to positively rate, the app. Finally, this study provides a number of theoretical and practical implications that can help developers design more effective gamified mobile apps.",2021,427,10.1016/j.jbusres.2021.04.028,Bitrián P.,Journal of Business Research,2-s2.0-85104742779,0.32465227897451765,22,0,0.09818166120828731
It’s not all fun and games: gamification in e-commerce on consumers’ impulse buying of retail food products,"Purpose: This study aims to look into the role of gamification as an effective marketing tool to engage with consumers and influence purchase behaviours. As there are a plethora of gamified elements, it is crucial to determine which of them can significantly facilitate consumer purchase behaviour. Therefore, a unique stimulus–organism–response (SOR) framework which encompasses four popular gamified elements (i.e. fun, rewards, competition and badges) was employed to investigate consumers’ engagement. Design/methodology/approach: An online survey was utilized to collect the data which yielded 307 responses. Subsequently, partial least squares-structural equation modeling (PLS-SEM) was used to analyse the data. Findings: Among the gamification elements assessed in this study, fun was revealed to be the strongest facilitating antecedent of shopping engagement. However, reward was revealed to have an insignificant effect on shopping engagement. In addition, it was found that consumers undergo a processual development with regard to their impulse buying of retail food products. More precisely, shopping engagement is a significant facilitator of customer satisfaction which subsequently motivates impulse buying. Originality/value: This is among the pioneering studies to provide detailed insights into the effect of different gamified elements on consumer engagement. Furthermore, a number of practical and theoretical implications for the relevant stakeholders were discussed.","['Consumer behaviour', 'e-commerce platforms', 'Gamification', 'Impulse buying', 'Retail food products', 'Stimulus-organism-response']","['consumer behaviour', 'e-commerce platforms', 'gamification', 'impulse buying', 'retail food products', 'stimulus-organism-response']","It’s not all fun and games: gamification in e-commerce on consumers’ impulse buying of retail food products Purpose: This study aims to look into the role of gamification as an effective marketing tool to engage with consumers and influence purchase behaviours. As there are a plethora of gamified elements, it is crucial to determine which of them can significantly facilitate consumer purchase behaviour. Therefore, a unique stimulus–organism–response (SOR) framework which encompasses four popular gamified elements (i.e. fun, rewards, competition and badges) was employed to investigate consumers’ engagement. Design/methodology/approach: An online survey was utilized to collect the data which yielded 307 responses. Subsequently, partial least squares-structural equation modeling (PLS-SEM) was used to analyse the data. Findings: Among the gamification elements assessed in this study, fun was revealed to be the strongest facilitating antecedent of shopping engagement. However, reward was revealed to have an insignificant effect on shopping engagement. In addition, it was found that consumers undergo a processual development with regard to their impulse buying of retail food products. More precisely, shopping engagement is a significant facilitator of customer satisfaction which subsequently motivates impulse buying. Originality/value: This is among the pioneering studies to provide detailed insights into the effect of different gamified elements on consumer engagement. Furthermore, a number of practical and theoretical implications for the relevant stakeholders were discussed.",2025,14,10.1108/BFJ-04-2024-0361,Lim S.Y.,British Food Journal,2-s2.0-85214837317,0.3258892185914424,23,4,0.07586490801516121
Leveraging gamification for tourism marketing activities: Toward a comprehensive conceptual model,"Gamification has become one of the most effective ways to generate customer engagement. However, there needs to be more structured research on the drivers of the adoption and sustained use of gamification in travel and tourism research. Drawing upon the uses and gratifications theory and the technology acceptance model, this research examines the individual motivational drivers for adopting gamification in the context of tourism services. We employed a combination of partial least squares—structural equation modeling and fuzzy set qualitative comparative analysis on the data gathered from 680 users of various online travel agencies. Our findings show that individual motivational dimensions of uses and gratifications significantly influence perceived usefulness and ease of use in gamified marketing activities. Our analysis demonstrates five configurations leading to a high level of adoption of gamified marketing activities. This study extends the use of gamification in the tourism industry, offering insights into enhancing customer motivations for adopting and effectively utilizing game mechanics and dynamics in marketing activities. Furthermore, through a novel framework, this study advances the uses and gratification theory at the intersection of gamification research and tourism literature.","['destination marketing organization', 'Gamification', 'gamified tourism activities', 'technology acceptance model', 'uses and gratifications theory']","['destination marketing organization', 'gamification', 'gamified tourism activities', 'technology acceptance model', 'uses and gratifications theory']","Leveraging gamification for tourism marketing activities: Toward a comprehensive conceptual model Gamification has become one of the most effective ways to generate customer engagement. However, there needs to be more structured research on the drivers of the adoption and sustained use of gamification in travel and tourism research. Drawing upon the uses and gratifications theory and the technology acceptance model, this research examines the individual motivational drivers for adopting gamification in the context of tourism services. We employed a combination of partial least squares—structural equation modeling and fuzzy set qualitative comparative analysis on the data gathered from 680 users of various online travel agencies. Our findings show that individual motivational dimensions of uses and gratifications significantly influence perceived usefulness and ease of use in gamified marketing activities. Our analysis demonstrates five configurations leading to a high level of adoption of gamified marketing activities. This study extends the use of gamification in the tourism industry, offering insights into enhancing customer motivations for adopting and effectively utilizing game mechanics and dynamics in marketing activities. Furthermore, through a novel framework, this study advances the uses and gratification theory at the intersection of gamification research and tourism literature.",2026,9,10.1177/13567667241268725,Malik G.,Journal of Vacation Marketing,2-s2.0-85200990445,0.32626890627630656,24,3,0.17129421299702108
The impact of gamification features on customer brand engagement: a study in entertainment mobile apps,"This study aims to develop a conceptual model to investigate the influence of the main features of gamification (entertainment, interactivity, innovation, and sociability) on customers’ brand engagement in terms of emotional, cognitive, and behavioural dimensions on SnappQ as the online social and entertaining application. A survey employing researcher-developed-questionnaire was conducted by collecting data from 233 customers using SnappQ in Iran. The structural equation modelling method was employed to investigate research hypotheses. The findings of this study revealed that gamification features have a significant relationship with customer brand engagement. Following the findings, employing gamified services and gamification features in online social and entertaining platforms help managers to satisfy customers’ psychological needs, and this leads them to have to learn the manner of managing their customers to engage them profitably. The findings help marketing managers/practitioners to understand how to enhance customers’ motivation to engage with the desired brand by designing different gamification features.","['behavioural engagement', 'cognitive engagement', 'customer engagement', 'emotional engagement', 'gamification feature']","['behavioural engagement', 'cognitive engagement', 'customer engagement', 'emotional engagement', 'gamification feature']","The impact of gamification features on customer brand engagement: a study in entertainment mobile apps This study aims to develop a conceptual model to investigate the influence of the main features of gamification (entertainment, interactivity, innovation, and sociability) on customers’ brand engagement in terms of emotional, cognitive, and behavioural dimensions on SnappQ as the online social and entertaining application. A survey employing researcher-developed-questionnaire was conducted by collecting data from 233 customers using SnappQ in Iran. The structural equation modelling method was employed to investigate research hypotheses. The findings of this study revealed that gamification features have a significant relationship with customer brand engagement. Following the findings, employing gamified services and gamification features in online social and entertaining platforms help managers to satisfy customers’ psychological needs, and this leads them to have to learn the manner of managing their customers to engage them profitably. The findings help marketing managers/practitioners to understand how to enhance customers’ motivation to engage with the desired brand by designing different gamification features.",2025,0,10.1504/IJMC.2025.149384,Monfared A.R.K.,International Journal of Mobile Communications,2-s2.0-105020463731,0.3296442445257437,25,3,0.13910023379706793
Gamified in-store mobile marketing: The mixed effect of gamified point-of-purchase advertising,"This study investigates the effect of gamification on in-store mobile advertisement. More specifically, it investigates the effect of gamification on the inclination to act on offers gained at point of purchase. For this purpose, a field experiment was conducted at a supermarket, where real customers were recruited. Eye tracking, smartphone activity logging and choice were used to investigate the customers’ behaviour. The results reveal that gamification is not always useful for increasing the tendency to act on offers. In fact, engagement in a gamified shopping task is needed; otherwise, the tendency to act on offers might even decrease when gamifying.","['Engagement', 'Gamification', 'Mobile in-store marketing']","['engagement', 'gamification', 'mobile in-store marketing']","Gamified in-store mobile marketing: The mixed effect of gamified point-of-purchase advertising This study investigates the effect of gamification on in-store mobile advertisement. More specifically, it investigates the effect of gamification on the inclination to act on offers gained at point of purchase. For this purpose, a field experiment was conducted at a supermarket, where real customers were recruited. Eye tracking, smartphone activity logging and choice were used to investigate the customers’ behaviour. The results reveal that gamification is not always useful for increasing the tendency to act on offers. In fact, engagement in a gamified shopping task is needed; otherwise, the tendency to act on offers might even decrease when gamifying.",2019,72,10.1016/j.jretconser.2018.07.004,Högberg J.,Journal of Retailing and Consumer Services,2-s2.0-85049647943,0.3297025205175861,26,4,0.09163648173127847
Gamification as a marketing strategy for sustainable retail: Effects on consumer purchasing decisions and environmental awareness,"Sustainability is a pressing concern for the global retail industry, yet consumer behavior often reflects an attitude-behavior gap wherein environmental concern does not consistently translate into pro-environmental purchasing. This study investigates gamification as a mechanism to bridge this gap by enhancing environmental awareness and influencing sustainable purchasing decisions. A mixed-methods design integrated a systematic literature review (SLR) with a quantitative survey. The SLR, conducted according to PRISMA guidelines and synthesizing 78 peer-reviewed articles published between 2019 and 2024, identified eight gamification mechanisms—immersion, achievement, social influence, reward, challenge, interactivity, meaningful design, and assessment—as critical design elements. These insights informed a structured questionnaire administered to 405 consumers in Bangkok and five surrounding provinces. Reliability and validity testing confirmed the robustness of the instrument, and statistical analyses, including correlation and hierarchical regression, were conducted using SPSS. Results show that gamification exerted significant effects, explaining 77.3% of the variance in environmental awareness and 64.8% of the variance in purchasing decisions. Mechanism-specific effects differed: social influence, meaningful design, challenge, immersion, and assessment were most influential for awareness, while immersion, achievement, challenge, and assessment predicted purchasing more strongly. These findings highlight dual pathways: cognitive–attitudinal processes drive awareness, while behavioral–transactional processes shape purchasing. Theoretically, the study extends gamification’s application within the Technology Acceptance Model, Theory of Planned Behavior, Self-Determination Theory, and Flow Theory. Managerially, it offers practical guidance for retailers, while policy implications suggest gamification can support Sustainable Development Goal 12 on Responsible Consumption and Production.","['consumer behavior', 'environmental awareness', 'gamification', 'purchasing decisions', 'sustainable retail']","['consumer behavior', 'environmental awareness', 'gamification', 'purchasing decisions', 'sustainable retail']","Gamification as a marketing strategy for sustainable retail: Effects on consumer purchasing decisions and environmental awareness Sustainability is a pressing concern for the global retail industry, yet consumer behavior often reflects an attitude-behavior gap wherein environmental concern does not consistently translate into pro-environmental purchasing. This study investigates gamification as a mechanism to bridge this gap by enhancing environmental awareness and influencing sustainable purchasing decisions. A mixed-methods design integrated a systematic literature review (SLR) with a quantitative survey. The SLR, conducted according to PRISMA guidelines and synthesizing 78 peer-reviewed articles published between 2019 and 2024, identified eight gamification mechanisms—immersion, achievement, social influence, reward, challenge, interactivity, meaningful design, and assessment—as critical design elements. These insights informed a structured questionnaire administered to 405 consumers in Bangkok and five surrounding provinces. Reliability and validity testing confirmed the robustness of the instrument, and statistical analyses, including correlation and hierarchical regression, were conducted using SPSS. Results show that gamification exerted significant effects, explaining 77.3% of the variance in environmental awareness and 64.8% of the variance in purchasing decisions. Mechanism-specific effects differed: social influence, meaningful design, challenge, immersion, and assessment were most influential for awareness, while immersion, achievement, challenge, and assessment predicted purchasing more strongly. These findings highlight dual pathways: cognitive–attitudinal processes drive awareness, while behavioral–transactional processes shape purchasing. Theoretically, the study extends gamification’s application within the Technology Acceptance Model, Theory of Planned Behavior, Self-Determination Theory, and Flow Theory. Managerially, it offers practical guidance for retailers, while policy implications suggest gamification can support Sustainable Development Goal 12 on Responsible Consumption and Production.",2026,1,10.31893/multiscience.2026477,Wittayakom S.,Multidisciplinary Science Journal,2-s2.0-105028894035,0.3299909394877618,27,1,0.10247654318801147
How can gamified applications drive engagement and brand attitude? The case of nike run club application,"This research aims to analyze the feasibility of gamified applications as a tool to promote engagement and brand attitude. To accomplish this, this research was developed using a quantitative methodology. A confirmatory factor analysis (CFA) was performed and the model hypotheses were tested by a structural equation modeling (SEM). A questionnaire was applied to Portuguese consumers who use the “Nike Run Club” application, from which 203 valid responses were received. The results confirm the influence of social circles and their impact on the intention to interact with the brand. For theoretical contributions, this research contributes to the existing literature and academic knowledge in the areas of marketing and gamification, providing a suggestion for the TAM model to be used in this type of research. It also contributes to a better understanding of the relationship between gamification and marketing, demonstrating that the use of gamified applications as engagement tools can have a positive impact on the brand attitude. On the practical side, it contributes as a consultation tool for brands, application designers, and marketers when defining engagement strategies, allowing a better understanding of the factors that may or may not influence the public’s relationship with the brands and what dynamics they should use in the development of new Gamified marketing solutions.","['Brand attitude', 'Companies', 'COVID-19', 'Engagement', 'Gamification', 'Marketing', 'Mobile apps']","['brand attitude', 'companies', 'covid-19', 'engagement', 'gamification', 'marketing', 'mobile apps']","How can gamified applications drive engagement and brand attitude? The case of nike run club application This research aims to analyze the feasibility of gamified applications as a tool to promote engagement and brand attitude. To accomplish this, this research was developed using a quantitative methodology. A confirmatory factor analysis (CFA) was performed and the model hypotheses were tested by a structural equation modeling (SEM). A questionnaire was applied to Portuguese consumers who use the “Nike Run Club” application, from which 203 valid responses were received. The results confirm the influence of social circles and their impact on the intention to interact with the brand. For theoretical contributions, this research contributes to the existing literature and academic knowledge in the areas of marketing and gamification, providing a suggestion for the TAM model to be used in this type of research. It also contributes to a better understanding of the relationship between gamification and marketing, demonstrating that the use of gamified applications as engagement tools can have a positive impact on the brand attitude. On the practical side, it contributes as a consultation tool for brands, application designers, and marketers when defining engagement strategies, allowing a better understanding of the factors that may or may not influence the public’s relationship with the brands and what dynamics they should use in the development of new Gamified marketing solutions.",2021,23,10.3390/ADMSCI11030092,Rodrigues I.,Administrative Sciences,2-s2.0-85116023002,0.33032936523799195,28,3,0.1632932773968443
Gamification and customer experience: the mediating role of brand engagement in online grocery retailing,"Purpose: In recent years, the concept of gamification is one of the fastest-growing trends in the field of marketing to persuade, motivate and manipulate customer behavior. The application of gamification has become a priority for marketers as a new way of exploiting customers. Despite the increasing use of gamification mechanisms in marketing activities, there remain limitations. Although there is extensive literature in the field of customer experience and gamification, few studies have empirically examined how gamification influences customer experience by considering the mediating role of brand engagement in the online retailing context. Design/methodology/approach: To obtain this aim, a cross-sectional survey was used. The statistical population was customers of online grocery retailers. The convenience sampling technique was used as a sampling technique. Out of 402 received questionnaires, 384 were selected for analysis. Structural equation modeling approach was applied to test the research hypotheses using AMOS 24 and SPSS 22 software. Findings: The results indicated that all research hypotheses were supported. Gamification has a significant and positive impact on customer experience, gamification has a positive and significant effect on user customer brand engagement and customer brand engagement has a positive and significant impact on customer experience. Also, it revealed that customer brand engagement mediates between gamification and customer experience. Originality/value: A review of the digital marketing literature reveals that there are few empirical studies, which adequately examined significant effective factors of customer experience in online grocery retailing; despite, the majority of researchers consider customer experience as the most important concept in digital marketing. The main contribution of this study is to examine the role of gamification on customer experience through the mediating role of customer engagement in the online grocery context. It adds value to the digital marketing and online retailing literature by providing new insight about determinants of customer experience in online grocery.","['Customer brand engagement', 'Customer experience', 'Gamification', 'Online retailing']","['customer brand engagement', 'customer experience', 'gamification', 'online retailing']","Gamification and customer experience: the mediating role of brand engagement in online grocery retailing Purpose: In recent years, the concept of gamification is one of the fastest-growing trends in the field of marketing to persuade, motivate and manipulate customer behavior. The application of gamification has become a priority for marketers as a new way of exploiting customers. Despite the increasing use of gamification mechanisms in marketing activities, there remain limitations. Although there is extensive literature in the field of customer experience and gamification, few studies have empirically examined how gamification influences customer experience by considering the mediating role of brand engagement in the online retailing context. Design/methodology/approach: To obtain this aim, a cross-sectional survey was used. The statistical population was customers of online grocery retailers. The convenience sampling technique was used as a sampling technique. Out of 402 received questionnaires, 384 were selected for analysis. Structural equation modeling approach was applied to test the research hypotheses using AMOS 24 and SPSS 22 software. Findings: The results indicated that all research hypotheses were supported. Gamification has a significant and positive impact on customer experience, gamification has a positive and significant effect on user customer brand engagement and customer brand engagement has a positive and significant impact on customer experience. Also, it revealed that customer brand engagement mediates between gamification and customer experience. Originality/value: A review of the digital marketing literature reveals that there are few empirical studies, which adequately examined significant effective factors of customer experience in online grocery retailing; despite, the majority of researchers consider customer experience as the most important concept in digital marketing. The main contribution of this study is to examine the role of gamification on customer experience through the mediating role of customer engagement in the online grocery context. It adds value to the digital marketing and online retailing literature by providing new insight about determinants of customer experience in online grocery.",2021,48,10.1108/NBRI-07-2020-0041,Jami Pour M.,Nankai Business Review International,2-s2.0-85111118028,0.3309317113567777,29,5,0.07363901354630986
Effects of Gamified Mobile Apps on Purchase Intentions and Word-of-Mouth Engagement: Implications for Sustainability Behavior,"In today’s competitive environment, stimulating and maintaining customer engagement through gamified apps seems essential for gaining a sustainable competitive advantage. Consequently, gamification in marketing apps has garnered increased attention from companies interested in exploring how gaming processes and experiences can be utilized to create more engaging digital platforms. The objective of this study is to examine how consumer experiences and satisfaction with mobile gaming apps influence their purchase intentions and propensity to participate in word-of-mouth (WOM) communication. A total of 351 study participants who have used gamified mobile apps completed an online survey. The study results indicate that user experience with the gamified mobile apps has a positive influence on consumers’ perceived value and satisfaction. Furthermore, perceived value and satisfaction mediate the relationships between gamified mobile app experience and marketing outcomes, specifically purchase intentions and WOM communication. The implications for sustainable behavior are also discussed.","['customer satisfaction', 'gamified mobile apps', 'purchase intentions', 'sustainability behavior', 'WOM']","['customer satisfaction', 'gamified mobile apps', 'purchase intentions', 'sustainability behavior', 'wom']","Effects of Gamified Mobile Apps on Purchase Intentions and Word-of-Mouth Engagement: Implications for Sustainability Behavior In today’s competitive environment, stimulating and maintaining customer engagement through gamified apps seems essential for gaining a sustainable competitive advantage. Consequently, gamification in marketing apps has garnered increased attention from companies interested in exploring how gaming processes and experiences can be utilized to create more engaging digital platforms. The objective of this study is to examine how consumer experiences and satisfaction with mobile gaming apps influence their purchase intentions and propensity to participate in word-of-mouth (WOM) communication. A total of 351 study participants who have used gamified mobile apps completed an online survey. The study results indicate that user experience with the gamified mobile apps has a positive influence on consumers’ perceived value and satisfaction. Furthermore, perceived value and satisfaction mediate the relationships between gamified mobile app experience and marketing outcomes, specifically purchase intentions and WOM communication. The implications for sustainable behavior are also discussed.",2023,26,10.3390/su151310506,Doğan-Südaş H.,Sustainability Switzerland,2-s2.0-85165001539,0.3310116770303614,30,0,0.10868636924671282
Can gamification marketing enhance the digital destination image of cultural heritage sites?,"Digital technology represents a powerful tool for the market competitiveness of cultural heritage sites. However, destination content marketing research has received limited attention from a gamification digital technology perspective. Concerning the tourism advertising effects (AIEDA) model and the four-phase model of interest development, this study investigated the impact of the content marketing form (gamification vs. non-gamification) on destination digital images in two experiments. Study 1 examined and confirmed that gamification (vs. non-gamification) content marketing fosters a better digital image. Moreover, the awakening of interest and perceived attractiveness mediated that relationship. Study 2 further revealed the moderating role of the storyteller image's cultural symbolism. When the storyteller's cultural symbolism is low, the gamification form is more conducive to establishing an excellent digital destination image; however, storytellers with high cultural symbolism do not have significant effects. Our research provides theoretical and practical implications for how tourism practitioners can harness gamification in content marketing.","['Content marketing', 'cultural heritage sites', 'digital destination image', 'gamification', 'tourism advertising effects (AIEDA) model']","['content marketing', 'cultural heritage sites', 'digital destination image', 'gamification', 'tourism advertising effects (aieda) model']","Can gamification marketing enhance the digital destination image of cultural heritage sites? Digital technology represents a powerful tool for the market competitiveness of cultural heritage sites. However, destination content marketing research has received limited attention from a gamification digital technology perspective. Concerning the tourism advertising effects (AIEDA) model and the four-phase model of interest development, this study investigated the impact of the content marketing form (gamification vs. non-gamification) on destination digital images in two experiments. Study 1 examined and confirmed that gamification (vs. non-gamification) content marketing fosters a better digital image. Moreover, the awakening of interest and perceived attractiveness mediated that relationship. Study 2 further revealed the moderating role of the storyteller image's cultural symbolism. When the storyteller's cultural symbolism is low, the gamification form is more conducive to establishing an excellent digital destination image; however, storytellers with high cultural symbolism do not have significant effects. Our research provides theoretical and practical implications for how tourism practitioners can harness gamification in content marketing.",2025,5,10.1177/13567667251333476,Zhang W.Y.,Journal of Vacation Marketing,2-s2.0-105003996099,0.3325262824776325,31,2,0.154425031561924
Value dimensions of gamification and their influence on brand loyalty and word-of-mouth: Relationships and combinations with satisfaction and brand love,"This study examined the influence of different value dimensions of gamification on two important marketing outcomes, brand loyalty and word-of-mouth (WOM), using a mixed methods approach. A fuzzy-set qualitative comparative analysis (fs/QCA) is employed alongside structural equation modeling (SEM). These methods showcase nuances that contribute to the understanding of the effects of different value dimensions. Although the SEM results stress the mediating role of brand love, the fs/QCA results indicate that brand love is a core condition for brand loyalty, but it might be indifferent to obtaining positive WOM. Different paths can be sufficient to produce the outcomes of interest. The value dimensions of gamification can be substitutes, contingent on the presence of other conditions, thereby providing a novel perspective. These findings advance our knowledge of the functioning of gamification and can serve as a guide for practitioners seeking to employ gamification experiences to alter consumers' behavior.","['brand love', 'brand loyalty', 'gamification', 'perceived value', 'satisfaction', 'word-of-mouth']","['brand love', 'brand loyalty', 'gamification', 'perceived value', 'satisfaction', 'word-of-mouth']","Value dimensions of gamification and their influence on brand loyalty and word-of-mouth: Relationships and combinations with satisfaction and brand love This study examined the influence of different value dimensions of gamification on two important marketing outcomes, brand loyalty and word-of-mouth (WOM), using a mixed methods approach. A fuzzy-set qualitative comparative analysis (fs/QCA) is employed alongside structural equation modeling (SEM). These methods showcase nuances that contribute to the understanding of the effects of different value dimensions. Although the SEM results stress the mediating role of brand love, the fs/QCA results indicate that brand love is a core condition for brand loyalty, but it might be indifferent to obtaining positive WOM. Different paths can be sufficient to produce the outcomes of interest. The value dimensions of gamification can be substitutes, contingent on the presence of other conditions, thereby providing a novel perspective. These findings advance our knowledge of the functioning of gamification and can serve as a guide for practitioners seeking to employ gamification experiences to alter consumers' behavior.",2022,98,10.1002/mar.21573,Torres P.,Psychology and Marketing,2-s2.0-85112394067,0.33344712354553663,32,3,0.16685128770520263
Running Towards a Better Brand Attitude: How Gamification in Nike Run Club Can Help?,"The dynamics of the knowledge-based economy are intrinsically linked to the concept of gamification, which has been increasingly discussed in the context of companies’ marketing strategies. It is therefore necessary to understand how gamification can be strategically applied in different contexts to increase the performance and competitiveness of companies. This paper aimed to analyze how gamification impacts customers’ intention to participate in the gamification process and how this strategy influences customers’ attitudes towards the brand. Multiple linear regression analyses were conducted in a sample of 238 Portuguese consumers using the Nike Run Club application. The study revealed that gamification can be an effective tool to increase users’ interaction with brands. Perceived usefulness, perceived social influence, engagement intention and gamification performance were identified as the main predictors of gamification on brand attitude. Furthermore, social interaction is a key factor for the success of game systems, which should promote interaction between communities of players to share functionality and solve task problems. It was observed that attitude towards the brand is positively influenced by factors such as usefulness, perceived ease of use, social influence, intention to get involved, and gamification of performance, especially when these are mediated by the sensation of pleasure. This finding points to the importance of these elements in shaping consumers’ perceptions of brands. To maximize engagement with brands, gamification tools should allow sharing content and tasks, promoting discussions and broadening the connection between the gamers community. It is important to consider technological resources and innovation in the design of gamification tools, as well as to meet the different expectations of consumers, allowing different tasks and high connection between different information-sharing channels. This study contributes to the development of knowledge in gamification on brand attitude. Practical implications have been suggested to guide companies in implementing a successful gamified marketing strategy.","['Brand attitude', 'Customer perceptions', 'Engagement', 'Gamification', 'Marketing', 'Technology acceptance model']","['brand attitude', 'customer perceptions', 'engagement', 'gamification', 'marketing', 'technology acceptance model']","Running Towards a Better Brand Attitude: How Gamification in Nike Run Club Can Help? The dynamics of the knowledge-based economy are intrinsically linked to the concept of gamification, which has been increasingly discussed in the context of companies’ marketing strategies. It is therefore necessary to understand how gamification can be strategically applied in different contexts to increase the performance and competitiveness of companies. This paper aimed to analyze how gamification impacts customers’ intention to participate in the gamification process and how this strategy influences customers’ attitudes towards the brand. Multiple linear regression analyses were conducted in a sample of 238 Portuguese consumers using the Nike Run Club application. The study revealed that gamification can be an effective tool to increase users’ interaction with brands. Perceived usefulness, perceived social influence, engagement intention and gamification performance were identified as the main predictors of gamification on brand attitude. Furthermore, social interaction is a key factor for the success of game systems, which should promote interaction between communities of players to share functionality and solve task problems. It was observed that attitude towards the brand is positively influenced by factors such as usefulness, perceived ease of use, social influence, intention to get involved, and gamification of performance, especially when these are mediated by the sensation of pleasure. This finding points to the importance of these elements in shaping consumers’ perceptions of brands. To maximize engagement with brands, gamification tools should allow sharing content and tasks, promoting discussions and broadening the connection between the gamers community. It is important to consider technological resources and innovation in the design of gamification tools, as well as to meet the different expectations of consumers, allowing different tasks and high connection between different information-sharing channels. This study contributes to the development of knowledge in gamification on brand attitude. Practical implications have been suggested to guide companies in implementing a successful gamified marketing strategy.",2025,3,10.1007/s13132-024-02398-7,Lopes J.M.,Journal of the Knowledge Economy,2-s2.0-105006591789,0.3336043617606361,33,3,0.14321455938208827
The impact of gamification adoption intention on brand awareness and loyalty in tourism: The mediating effect of customer engagement,"Gamification has been used by tourism organisations for marketing purposes to reinforce customer engagement and to achieve brand awareness and loyalty. The current study, using the Unified Theory of Acceptance and Use of Technology, aims to investigate the antecedents and consequences of gamification's adoption intention by tourist organisations, and to examine the mediation effect of customer engagement. A quantitative method was employed using a survey to collect data from a random sample of relevant managers in travel agencies. Using structural equation modelling for data analysis, the findings revealed that tourism organisations have positive intentions to adopt gamification to increase customer engagement and to achieve tourist destinations' brand awareness and loyalty. Implications, limitations, and future research are also addressed.","['Brand awareness', 'Brand loyalty', 'Customer engagement', 'Egypt', 'Gamification', 'Travel agencies']","['brand awareness', 'brand loyalty', 'customer engagement', 'egypt', 'gamification', 'travel agencies']","The impact of gamification adoption intention on brand awareness and loyalty in tourism: The mediating effect of customer engagement Gamification has been used by tourism organisations for marketing purposes to reinforce customer engagement and to achieve brand awareness and loyalty. The current study, using the Unified Theory of Acceptance and Use of Technology, aims to investigate the antecedents and consequences of gamification's adoption intention by tourist organisations, and to examine the mediation effect of customer engagement. A quantitative method was employed using a survey to collect data from a random sample of relevant managers in travel agencies. Using structural equation modelling for data analysis, the findings revealed that tourism organisations have positive intentions to adopt gamification to increase customer engagement and to achieve tourist destinations' brand awareness and loyalty. Implications, limitations, and future research are also addressed.",2021,211,10.1016/j.jdmm.2021.100559,Abou-Shouk M.,Journal of Destination Marketing and Management,2-s2.0-85099626451,0.33542609205623863,34,5,0.10976519014885988
Gamification and service marketing,"Our paper addresses the development of the gamification concept with business applications. We report on our survey of customers and managers seeking to participate in gamification on their websites. We examined both customer and manager perspectives and compare survey results in terms of service marketing and characteristics of consumers who engage with gamification platforms. Our data supported a design theory delineating four key characteristics in gamification platforms that attract consumers toward an enterprise’s website. Those features attract individuals through (1) Progress Paths, (2) Feedback and Reward, (3) Social Connection, and (4) Attractiveness of the site. Results from the managers’ survey reflected key characteristics that must exist for implementation of a gamification platform. The data revealed a particular demographic profile of a gamification individual drawn to a website. These findings may help company managers who wish to adopt a gamification platform in the future.","['Customer service', 'Gamification', 'Service business', 'Technology in business']","['customer service', 'gamification', 'service business', 'technology in business']","Gamification and service marketing Our paper addresses the development of the gamification concept with business applications. We report on our survey of customers and managers seeking to participate in gamification on their websites. We examined both customer and manager perspectives and compare survey results in terms of service marketing and characteristics of consumers who engage with gamification platforms. Our data supported a design theory delineating four key characteristics in gamification platforms that attract consumers toward an enterprise’s website. Those features attract individuals through (1) Progress Paths, (2) Feedback and Reward, (3) Social Connection, and (4) Attractiveness of the site. Results from the managers’ survey reflected key characteristics that must exist for implementation of a gamification platform. The data revealed a particular demographic profile of a gamification individual drawn to a website. These findings may help company managers who wish to adopt a gamification platform in the future.",2014,104,10.1186/2193-1801-3-653,Conaway R.,Springerplus,2-s2.0-84919723190,0.3376402027049019,35,2,0.11364206469215632
Does gamification effect customer brand engagement and co-creation during pandemic? A moderated-mediation analysis,"While insight into gamification, customer brand engagement (CBE), and co-creation is rapidly increasing, little remains known about the relationship of these, and related concepts, as thus investigated in this study. Rooted in service-dominant logic and protection motivation theory-informed perspectives, this study develops and tests a model which investigates the effects of destination brand-based gamification on CBE, co-creation, loyalty and positive word-of-mouth (WOM) during pandemic. This study also investigates the potentially moderating role of protection motivation and psychological fear in affecting these associations. To explore these issues, we collected tourist-based survey data using PLS-SEM analysis. Our findings suggest that gamification positively impacts CBE, co-creation, loyalty and WOM. Second, our findings confirm the CBE’s differing effects on co-creation, loyalty and WOM. Third, results revealed the gamification’s indirect effect on co-creation, loyalty and WOM, as mediated through CBE. Further, findings verify a reciprocal relationship between loyalty and CBE, which has not been reported in existing studies. Finally, our analyses revealed a significant-positive moderating role of protection motivation and significant-negative moderating effect of psychological fear in proposed associations. This study offers key theoretical and practical implications to marketing literature with valuable suggestions for destination brand managers during pandemic.","['co-creation', 'customer brand engagement', 'Gamification', 'protection motivation', 'psychological fear']","['co-creation', 'customer brand engagement', 'gamification', 'protection motivation', 'psychological fear']","Does gamification effect customer brand engagement and co-creation during pandemic? A moderated-mediation analysis While insight into gamification, customer brand engagement (CBE), and co-creation is rapidly increasing, little remains known about the relationship of these, and related concepts, as thus investigated in this study. Rooted in service-dominant logic and protection motivation theory-informed perspectives, this study develops and tests a model which investigates the effects of destination brand-based gamification on CBE, co-creation, loyalty and positive word-of-mouth (WOM) during pandemic. This study also investigates the potentially moderating role of protection motivation and psychological fear in affecting these associations. To explore these issues, we collected tourist-based survey data using PLS-SEM analysis. Our findings suggest that gamification positively impacts CBE, co-creation, loyalty and WOM. Second, our findings confirm the CBE’s differing effects on co-creation, loyalty and WOM. Third, results revealed the gamification’s indirect effect on co-creation, loyalty and WOM, as mediated through CBE. Further, findings verify a reciprocal relationship between loyalty and CBE, which has not been reported in existing studies. Finally, our analyses revealed a significant-positive moderating role of protection motivation and significant-negative moderating effect of psychological fear in proposed associations. This study offers key theoretical and practical implications to marketing literature with valuable suggestions for destination brand managers during pandemic.",2023,31,10.1080/21639159.2022.2083000,Rather R.A.,Journal of Global Scholars of Marketing Science Bridging Asia and the World,2-s2.0-85150229771,0.33972536096016337,36,3,0.14556239338939148
Encouraging Sustainable Consumption through Gamification in a Branded App: A Study on Consumers’ Behavioral Perspective,"Gamification, an innovative tool for interacting with consumers that can be seen as a new trend in marketing, could enhance customer behavior, such as greater loyalty. This paper investigates the relationship between gamification, attitude, and customer behavioral intention. Using the Starbucks branded app as the tool, this study aims to identify the influencing factors of the app from a gamification perspective (achievement, challenge, rewards) on customer engagement, perceived playfulness, attitude, and behavior. The Technology Acceptance Model and Mechanics Dynamics Emotions were employed, using perceived playfulness as an intrinsic motivation of the Technology Acceptance Model. The subjects of this study were 581 customers in Taiwan who have used the Starbucks branded app. The primary data were gathered to test the hypothesis and propose a model. The findings showed that game elements have a positive influence on customer engagement and perceived playfulness. Gamification positively enhances customer engagement on the Starbucks branded app and creates joyful emotion and sustainable consumption. Thus, the game element positively affects subsequent behaviors, such as attitude and behavioral intention.","['attitude', 'behavioral intention', 'customer engagement', 'game element', 'perceived playfulness']","['attitude', 'behavioral intention', 'customer engagement', 'game element', 'perceived playfulness']","Encouraging Sustainable Consumption through Gamification in a Branded App: A Study on Consumers’ Behavioral Perspective Gamification, an innovative tool for interacting with consumers that can be seen as a new trend in marketing, could enhance customer behavior, such as greater loyalty. This paper investigates the relationship between gamification, attitude, and customer behavioral intention. Using the Starbucks branded app as the tool, this study aims to identify the influencing factors of the app from a gamification perspective (achievement, challenge, rewards) on customer engagement, perceived playfulness, attitude, and behavior. The Technology Acceptance Model and Mechanics Dynamics Emotions were employed, using perceived playfulness as an intrinsic motivation of the Technology Acceptance Model. The subjects of this study were 581 customers in Taiwan who have used the Starbucks branded app. The primary data were gathered to test the hypothesis and propose a model. The findings showed that game elements have a positive influence on customer engagement and perceived playfulness. Gamification positively enhances customer engagement on the Starbucks branded app and creates joyful emotion and sustainable consumption. Thus, the game element positively affects subsequent behaviors, such as attitude and behavioral intention.",2023,25,10.3390/su15010589,Lin C.W.,Sustainability Switzerland,2-s2.0-85145898390,0.3399629196017866,37,3,0.1547671438695417
The moderating effect of environmental gamification on the relationship between social media marketing and consumer-brand engagement: A case study of Ant Forest Gen Z users,"Social media marketing plays a relevant role in the brand promotion of enterprises owing to its advantages of rapid and diversified communication with consumers. The Chinese Internet enterprise Alipay launched Ant Forest as a mobile application with gamified social functions, bringing consumer-brand engagement. Ant Forest provides a variety of gamification functions (e.g. point, leaderboard, badge, task and teamwork) to encourage users to participate in environmental protection and public welfare activities. These gamification mechanisms, combined with the spread of social media, have realised the co-creation of user brand value. In the current study, 305 Gen Z users of Ant Forest were surveyed through an online questionnaire, and the data analysis was conducted using the partial least squares structural equation modelling (PLS-SEM) method. This study indicates that the four elements of entertainment, trendiness, customisation and word-of-mouth in social media marketing have statistically significant direct effects on the consumer-brand engagement in Ant Forest. In addition, gamification shows a significant positive moderating effect on the relationship between customisation and consumer-brand engagement and a significant negative moderating effect on the relationship between trendiness and consumer-brand engagement in Ant Forest. This study adds gamification to the conceptual system of social media marketing and provides suggestions for the development of gamified social media marketing applications.","['Ant forest', 'Consumer-brand engagement', 'Gamification', 'Social media marketing']","['ant forest', 'consumer-brand engagement', 'gamification', 'social media marketing']","The moderating effect of environmental gamification on the relationship between social media marketing and consumer-brand engagement: A case study of Ant Forest Gen Z users Social media marketing plays a relevant role in the brand promotion of enterprises owing to its advantages of rapid and diversified communication with consumers. The Chinese Internet enterprise Alipay launched Ant Forest as a mobile application with gamified social functions, bringing consumer-brand engagement. Ant Forest provides a variety of gamification functions (e.g. point, leaderboard, badge, task and teamwork) to encourage users to participate in environmental protection and public welfare activities. These gamification mechanisms, combined with the spread of social media, have realised the co-creation of user brand value. In the current study, 305 Gen Z users of Ant Forest were surveyed through an online questionnaire, and the data analysis was conducted using the partial least squares structural equation modelling (PLS-SEM) method. This study indicates that the four elements of entertainment, trendiness, customisation and word-of-mouth in social media marketing have statistically significant direct effects on the consumer-brand engagement in Ant Forest. In addition, gamification shows a significant positive moderating effect on the relationship between customisation and consumer-brand engagement and a significant negative moderating effect on the relationship between trendiness and consumer-brand engagement in Ant Forest. This study adds gamification to the conceptual system of social media marketing and provides suggestions for the development of gamified social media marketing applications.",2024,23,10.1016/j.heliyon.2024.e25948,Huang M.,Heliyon,2-s2.0-85187267418,0.3443043039865419,38,3,0.1893716479340024
Gamification for brand value co-creation: A systematic literature review,"Gamification, commonly defined as the use of game elements in non-game contexts, is a relatively novel term, yet it has been gaining popularity across a wide range of academic and industrial disciplines. In the marketing field, companies are increasingly gamifying their mobile apps and online platforms to enrich their customers’ digital experiences. Whilst there has been a number of systematic studies examining the influence of gamification on user engagement across different fields, none has reviewed its role in brand value co-creation. Following a systematic literature review procedure via the online research platform EBSCOhost, this paper is the first to survey a set of empirical studies examining the role and impact of gamification on brand value co-creation. A final pool of 32 empirical studies implies the existence of four types of activities that are co-created by online users and positively influenced by gamification, namely: customer service, insights sharing, word-of-mouth, and random task. Moreover, this paper highlights the major game dynamics driving these activities, the key findings of each of the covered studies and their main theoretical underpinnings. Lastly, a set of noteworthy research directions for future related studies are suggested, comprising the exploration of novel game elements, and new co-creation activities related to corporate social responsibilities and physical commercial operations.","['Brand value co-creation', 'Consumer behaviour', 'Consumer motivation', 'Crowdsourcing', 'Customer engagement', 'Customer value creation', 'Gamification', 'Marketing', 'Online users', 'Sharing economy']","['brand value co-creation', 'consumer behaviour', 'consumer motivation', 'crowdsourcing', 'customer engagement', 'customer value creation', 'gamification', 'marketing', 'online users', 'sharing economy']","Gamification for brand value co-creation: A systematic literature review Gamification, commonly defined as the use of game elements in non-game contexts, is a relatively novel term, yet it has been gaining popularity across a wide range of academic and industrial disciplines. In the marketing field, companies are increasingly gamifying their mobile apps and online platforms to enrich their customers’ digital experiences. Whilst there has been a number of systematic studies examining the influence of gamification on user engagement across different fields, none has reviewed its role in brand value co-creation. Following a systematic literature review procedure via the online research platform EBSCOhost, this paper is the first to survey a set of empirical studies examining the role and impact of gamification on brand value co-creation. A final pool of 32 empirical studies implies the existence of four types of activities that are co-created by online users and positively influenced by gamification, namely: customer service, insights sharing, word-of-mouth, and random task. Moreover, this paper highlights the major game dynamics driving these activities, the key findings of each of the covered studies and their main theoretical underpinnings. Lastly, a set of noteworthy research directions for future related studies are suggested, comprising the exploration of novel game elements, and new co-creation activities related to corporate social responsibilities and physical commercial operations.",2021,48,10.3390/info12090345,Merhabi M.A.,Information Switzerland,2-s2.0-85114208166,0.34543000963012527,39,3,0.16134017942068046
Understanding how gamification influences behaviour in social marketing,"Purpose In Australia and many other nations the prevalence of overweight and obesity is increasing, while physical activity declines. This paper investigates the effect of gamification on consumers' motivation and behaviour to engage in physical activity over time from a social marketing perspective. Design/methodology/approach An experimental design was used to determine the effect of a popular gamified fitness application (app) on both intrinsic motivation and walking behaviour over four weeks. Findings While the study found that gamification supported behaviour change and maintenance, there was no significant change to intrinsic motivation as a result of using the app. This finding suggests there may be an alternative mechanism underlying how gamification achieves behavioural outcomes. Research limitations/implications Future research is recommended to further explore the manner in which gamification influences behaviours. Originality/value This paper addresses the call for longitudinal studies of gamification and for studies examining both the motivational and behavioural outcomes of gamification.","['Behaviour maintenance', 'Gamification', 'Intrinsic motivation', 'Self-determination theory', 'Social marketing']","['behaviour maintenance', 'gamification', 'intrinsic motivation', 'self-determination theory', 'social marketing']","Understanding how gamification influences behaviour in social marketing Purpose In Australia and many other nations the prevalence of overweight and obesity is increasing, while physical activity declines. This paper investigates the effect of gamification on consumers' motivation and behaviour to engage in physical activity over time from a social marketing perspective. Design/methodology/approach An experimental design was used to determine the effect of a popular gamified fitness application (app) on both intrinsic motivation and walking behaviour over four weeks. Findings While the study found that gamification supported behaviour change and maintenance, there was no significant change to intrinsic motivation as a result of using the app. This finding suggests there may be an alternative mechanism underlying how gamification achieves behavioural outcomes. Research limitations/implications Future research is recommended to further explore the manner in which gamification influences behaviours. Originality/value This paper addresses the call for longitudinal studies of gamification and for studies examining both the motivational and behavioural outcomes of gamification.",2017,80,10.1016/j.ausmj.2016.12.001,Mitchell R.,Australasian Marketing Journal,2-s2.0-85008192234,0.34892092611272474,40,0,0.16129199667774274
The effects of gamified customer benefits and characteristics on behavioral engagement and purchase: Evidence from mobile exercise application uses,"This study investigates how gamified customer benefits (epistemic, social integrative, and personal integrative) and customer characteristics (age and experience) influence marketing outcomes, behavioral engagement and purchase, in exercise context. Using a unique data set of exercise and purchase history created by 5072 smartphone users over three years in South Korea, this study finds that although all three customer benefits are positively associated with marketing outcomes, personal and social integrative benefits are the best predictors for engagement and purchase, respectively. Furthermore, the effects of gamified customer benefits on marketing outcomes vary by age and experience, showing the importance of epistemic and personal integrative benefits to older and less experienced customers and social integrative benefits to younger and experienced customers. This study not only explores the long-term effects of gamification on behavioral outcomes but also examines the feasibility of successfully implementing the gamification benefit proposition strategy for superior marketing outcomes.","['Customer benefits', 'Customer characteristics', 'Engagement', 'Gamification']","['customer benefits', 'customer characteristics', 'engagement', 'gamification']","The effects of gamified customer benefits and characteristics on behavioral engagement and purchase: Evidence from mobile exercise application uses This study investigates how gamified customer benefits (epistemic, social integrative, and personal integrative) and customer characteristics (age and experience) influence marketing outcomes, behavioral engagement and purchase, in exercise context. Using a unique data set of exercise and purchase history created by 5072 smartphone users over three years in South Korea, this study finds that although all three customer benefits are positively associated with marketing outcomes, personal and social integrative benefits are the best predictors for engagement and purchase, respectively. Furthermore, the effects of gamified customer benefits on marketing outcomes vary by age and experience, showing the importance of epistemic and personal integrative benefits to older and less experienced customers and social integrative benefits to younger and experienced customers. This study not only explores the long-term effects of gamification on behavioral outcomes but also examines the feasibility of successfully implementing the gamification benefit proposition strategy for superior marketing outcomes.",2018,150,10.1016/j.jbusres.2018.07.056,Jang S.,Journal of Business Research,2-s2.0-85051023573,0.35003735077204046,41,3,0.16676079730186177
How and when does gamification level up mobile app effectiveness? Meta-analytics review,"Purpose: Gamification in mobile apps has emerged as a compelling strategy to foster firm’s relationships with their customers through mobile applications. This study utilizes a meta-analytic review to demonstrate how gamification shapes consumer responses and how moderator variables play a role in this process. Design/methodology/approach: The study employed a meta-analytic review to combine and synthesize data from 62 studies, including 71 independent samples and a sample size of 20,510 to test the research model and examine the role of moderators in this model. Findings: Findings reveal that gamification, through the customer experience components (cognitive, hedonic, pragmatic and social elements), leads to customer engagement, resulting in word-of-mouth and loyalty. However, privacy concerns play a destructive role in this process, deteriorating customer–firm relationships. Moderator analysis indicates that gamification design elements, such as rewards, progression and customization systems, along with product and service benefit, involvement, familiarity and firm type moderate the relationship between gamification and customer response. Research limitations/implications: The meta-analysis main and moderator analysis results provide several insights for marketing managers that assist them in developing an effective gamification in mobile app strategy. Originality/value: The findings reveal novel insights, encompassing both the bright and dark sides of the influence of gamification on customer response, while also examining the moderating roles of gamification, product and service and firm characteristics.","['Customer engagement', 'Customer experience', 'Gamification', 'Loyalty', 'Meta-analysis']","['customer engagement', 'customer experience', 'gamification', 'loyalty', 'meta-analysis']","How and when does gamification level up mobile app effectiveness? Meta-analytics review Purpose: Gamification in mobile apps has emerged as a compelling strategy to foster firm’s relationships with their customers through mobile applications. This study utilizes a meta-analytic review to demonstrate how gamification shapes consumer responses and how moderator variables play a role in this process. Design/methodology/approach: The study employed a meta-analytic review to combine and synthesize data from 62 studies, including 71 independent samples and a sample size of 20,510 to test the research model and examine the role of moderators in this model. Findings: Findings reveal that gamification, through the customer experience components (cognitive, hedonic, pragmatic and social elements), leads to customer engagement, resulting in word-of-mouth and loyalty. However, privacy concerns play a destructive role in this process, deteriorating customer–firm relationships. Moderator analysis indicates that gamification design elements, such as rewards, progression and customization systems, along with product and service benefit, involvement, familiarity and firm type moderate the relationship between gamification and customer response. Research limitations/implications: The meta-analysis main and moderator analysis results provide several insights for marketing managers that assist them in developing an effective gamification in mobile app strategy. Originality/value: The findings reveal novel insights, encompassing both the bright and dark sides of the influence of gamification on customer response, while also examining the moderating roles of gamification, product and service and firm characteristics.",2024,7,10.1108/MIP-10-2023-0569,Barari M.,Marketing Intelligence and Planning,2-s2.0-85197299178,0.3501067544090013,42,0,0.10310327281840048
Gamification using a choose-your-own-adventure type platform to augment learning and facilitate student engagement in marketing education,"Purpose of the Study: Gamification is the instructor’s use of a game (e.g., role playing, word, adventure, trivia, puzzle, simulation, race, etc.) in the classroom to facilitate learning. Prior gamification research has yet to investigate the efficacy of using a choose-your-own-adventure style platform in the classroom. The purpose of this research is to explore the pedagogical value of that particular gamification method. Method/Design and Sample: Two independent studies using quantitative and qualitative data taken from three samples of marketing students at a large California university investigate the academic effectiveness, perceived helpfulness, and perceived enjoyment of a choose-your-own-adventure type game in the classroom via the open-source program Twine. Results: Results from Study 1 indicate marketing students take 23.8% less time while simultaneously scoring 10.2% higher on the module assessment when their lessons are gamified using Twine (vs. not gamified). Results from Study 2 suggest this particular gamification method also increases student engagement. Value to Marketing Educators: Given the findings of these two studies, the previously unstudied choose-your-own-adventure gamification platform is a recommended teaching method to augment marketing education as it not only increases student performance, but also student engagement.","['Educational technology', 'Gamification', 'Instructional strategy', 'Self-efficacy', 'Student engagement']","['educational technology', 'gamification', 'instructional strategy', 'self-efficacy', 'student engagement']","Gamification using a choose-your-own-adventure type platform to augment learning and facilitate student engagement in marketing education Purpose of the Study: Gamification is the instructor’s use of a game (e.g., role playing, word, adventure, trivia, puzzle, simulation, race, etc.) in the classroom to facilitate learning. Prior gamification research has yet to investigate the efficacy of using a choose-your-own-adventure style platform in the classroom. The purpose of this research is to explore the pedagogical value of that particular gamification method. Method/Design and Sample: Two independent studies using quantitative and qualitative data taken from three samples of marketing students at a large California university investigate the academic effectiveness, perceived helpfulness, and perceived enjoyment of a choose-your-own-adventure type game in the classroom via the open-source program Twine. Results: Results from Study 1 indicate marketing students take 23.8% less time while simultaneously scoring 10.2% higher on the module assessment when their lessons are gamified using Twine (vs. not gamified). Results from Study 2 suggest this particular gamification method also increases student engagement. Value to Marketing Educators: Given the findings of these two studies, the previously unstudied choose-your-own-adventure gamification platform is a recommended teaching method to augment marketing education as it not only increases student performance, but also student engagement.",2019,30,,Bechkoff J.,Journal for Advancement of Marketing Education,2-s2.0-85068720038,0.3518744202474826,43,3,0.20615231429035918
Let’s play! Gamification as a marketing tool to deliver a digital luxury experience,"This paper aims to investigate the features of gamification as a digital marketing tool to deliver a digital luxury experience. The paper employs the qualitative methodology of case study and presents a case of a multi-brand luxury company adopting gamification through the development of a game app. Four features of the gaming luxury experience are discussed: individual and collective gaming experiences, exclusiveness through rarity in luxury gaming, social networking and virtual influencing marketing mechanisms, and cross-fertilization between gaming and e-commerce. The paper expands the knowledge on gamification by highlighting its main features as a digital marketing tool for luxury companies and the benefits it can bring in terms of consumer experience, engagement, and sales. It also contributes to studies on luxury companies by discussing gamification as a means to create digital luxury experiences, particularly suitable for the new generations of consumers, such as Generation Z.","['Digital experience', 'E-commerce', 'Gamification', 'Luxury', 'Retail']","['digital experience', 'e-commerce', 'gamification', 'luxury', 'retail']","Let’s play! Gamification as a marketing tool to deliver a digital luxury experience This paper aims to investigate the features of gamification as a digital marketing tool to deliver a digital luxury experience. The paper employs the qualitative methodology of case study and presents a case of a multi-brand luxury company adopting gamification through the development of a game app. Four features of the gaming luxury experience are discussed: individual and collective gaming experiences, exclusiveness through rarity in luxury gaming, social networking and virtual influencing marketing mechanisms, and cross-fertilization between gaming and e-commerce. The paper expands the knowledge on gamification by highlighting its main features as a digital marketing tool for luxury companies and the benefits it can bring in terms of consumer experience, engagement, and sales. It also contributes to studies on luxury companies by discussing gamification as a means to create digital luxury experiences, particularly suitable for the new generations of consumers, such as Generation Z.",2023,53,10.1007/s10660-021-09529-1,Milanesi M.,Electronic Commerce Research,2-s2.0-85123095732,0.35589368540003186,44,2,0.12427718580977154
Impact of Gamification on Consumers’ Favorability in Cause-Related Marketing Programs: Between-Subjects Experiments,"Background: Successful cause-related marketing (CRM) campaigns can help companies stand out from their competitors; however, CRM may not have pleasant outcomes, even if it receives substantial investment. Objective: This research aimed to investigate how gamified CRM projects influence consumers’ favorability. Methods: We introduced 3 different CRM projects in 3 different studies. Every project had 2 versions according to the level of gamification, and participants were randomly assigned into these 2 groups. Additionally, we used a 2 (gamification: lower, higher) 2 (rules presentation: without visual cues, with visual cues) between-subjects design to test the moderation role of rules presentation in gamified CRM projects. Results: In Study 1, we identified that the highly gamified CRM program induces more enjoyment (F<inf>1,139</inf>=21.11, P<.001) and higher favorability (F<inf>1,139</inf>=14.57, P<.001). Moreover, we found that enjoyment played a mediation role between gamification and favorability (P<.001) in Study 2. In addition, the results of Study 3 indicated rules presentation in a gamified CRM program can moderate the indirect effect of gamification on favorability via enjoyment (index of the moderated mediation: 95% CI –1.12 to –0.10; for rules presentation with visual cues: 95% CI 0.69 to 1.40; for rules presentation without visual cues: 95% CI 0.08 to 0.83). Conclusions: Overall, this research contributes to the CRM literature and suggests gamification is an effective way of managing CRM campaigns.","['business', 'cause-related marketing', 'enjoyment', 'favorability', 'gamification', 'gamified', 'marketing']","['business', 'cause-related marketing', 'enjoyment', 'favorability', 'gamification', 'gamified', 'marketing']","Impact of Gamification on Consumers’ Favorability in Cause-Related Marketing Programs: Between-Subjects Experiments Background: Successful cause-related marketing (CRM) campaigns can help companies stand out from their competitors; however, CRM may not have pleasant outcomes, even if it receives substantial investment. Objective: This research aimed to investigate how gamified CRM projects influence consumers’ favorability. Methods: We introduced 3 different CRM projects in 3 different studies. Every project had 2 versions according to the level of gamification, and participants were randomly assigned into these 2 groups. Additionally, we used a 2 (gamification: lower, higher) 2 (rules presentation: without visual cues, with visual cues) between-subjects design to test the moderation role of rules presentation in gamified CRM projects. Results: In Study 1, we identified that the highly gamified CRM program induces more enjoyment (F<inf>1,139</inf>=21.11, P<.001) and higher favorability (F<inf>1,139</inf>=14.57, P<.001). Moreover, we found that enjoyment played a mediation role between gamification and favorability (P<.001) in Study 2. In addition, the results of Study 3 indicated rules presentation in a gamified CRM program can moderate the indirect effect of gamification on favorability via enjoyment (index of the moderated mediation: 95% CI –1.12 to –0.10; for rules presentation with visual cues: 95% CI 0.69 to 1.40; for rules presentation without visual cues: 95% CI 0.08 to 0.83). Conclusions: Overall, this research contributes to the CRM literature and suggests gamification is an effective way of managing CRM campaigns.",2023,11,10.2196/35756,Li Y.,Jmir Serious Games,2-s2.0-85149849325,0.3564218989843325,45,3,0.18146680854257813
Fun Shopping: A Randomized Field Experiment on Gamification,"Gamification utilizes game-like features to engage participants, widely implemented in a variety of contexts. Such an IT-enabled engagement strategy serves as a marketing device to boost sales and customer loyalty. This study focuses on two significant game elements (i.e., badges and leaderboards) that promote consumer motivations and social comparisons. To qualify the impacts, we conduct a randomized field experiment at one of the largest shopping malls in Asia. In the experiment, we contrast the two elements against coupons regarding various shopping outcomes. A two-period design (consisting of the treatment and posttreatment periods) identifies the long-term behavior changes after the treatment removals. The main results suggest that badging and leaderboarding promote sales by 21.5% and 22.5% in the treatment period, respectively, whereas couponing delivers a more potent effect of 31.7%. In the posttreatment period, the gamification impacts remain significant compared with the baseline, but the influence of couponing fades out. Besides, the additional analyses document the salient heterogeneous treatment effects across demographics. We further discover the substantial differences in the within-group heterogeneity across the treatments. Specifically, badging is a balanced tool for attracting the general public, whereas leaderboarding is a double-edged sword that could encourage self-reinforcing or self-banishing. Finally, gamification brings more explorations that lead to additional sales and engagements. Overall, the robust results can be translated into actionable strategies to utilize gamification proactively.","['badge', 'gamification', 'heterogeneous treatment effect', 'leaderboard', 'location-based technology', 'randomized field experiment']","['badge', 'gamification', 'heterogeneous treatment effect', 'leaderboard', 'location-based technology', 'randomized field experiment']","Fun Shopping: A Randomized Field Experiment on Gamification Gamification utilizes game-like features to engage participants, widely implemented in a variety of contexts. Such an IT-enabled engagement strategy serves as a marketing device to boost sales and customer loyalty. This study focuses on two significant game elements (i.e., badges and leaderboards) that promote consumer motivations and social comparisons. To qualify the impacts, we conduct a randomized field experiment at one of the largest shopping malls in Asia. In the experiment, we contrast the two elements against coupons regarding various shopping outcomes. A two-period design (consisting of the treatment and posttreatment periods) identifies the long-term behavior changes after the treatment removals. The main results suggest that badging and leaderboarding promote sales by 21.5% and 22.5% in the treatment period, respectively, whereas couponing delivers a more potent effect of 31.7%. In the posttreatment period, the gamification impacts remain significant compared with the baseline, but the influence of couponing fades out. Besides, the additional analyses document the salient heterogeneous treatment effects across demographics. We further discover the substantial differences in the within-group heterogeneity across the treatments. Specifically, badging is a balanced tool for attracting the general public, whereas leaderboarding is a double-edged sword that could encourage self-reinforcing or self-banishing. Finally, gamification brings more explorations that lead to additional sales and engagements. Overall, the robust results can be translated into actionable strategies to utilize gamification proactively.",2023,25,10.1287/isre.2022.1147,Ho Y.J.I.,Information Systems Research,2-s2.0-85146376544,0.3568184349950896,46,4,0.07246542781777221
The role of gamification in enhancing consumer engagement at expositions through self-determination theory,"Purpose: This study aims to investigate the role of gamification in enhancing user engagement and behavioral intentions in tourism expositions. By integrating self-determination theory (SDT) with gamification concepts, the research seeks to understand how intrinsic motivations – such as competence, relatedness and autonomy – along with extrinsic factors like knowledge gain and social support, influence participants’ intentions to purchase tourism products and engage in word-of-mouth (WOM) communication. Design/methodology/approach: This study uses a quantitative research design, utilizing data collected from participants at various tourism expositions in Taiwan. A combination of exploratory and confirmatory factor analyses was used to validate the measurement scales. This study analyzed the moderating effects of knowledge gain, social support and prior travel experiences on these relationships. Findings: The results confirm that intrinsic motivations of competence, relatedness and autonomy significantly enhance the gamified experience, positively influencing purchase intentions and WOM intentions. This study also reveals that knowledge gain and social support further strengthen the effectiveness of gamification in stimulating self-determination needs. Moreover, a favorable gamified experience can improve the perception of tourism expos, increasing tourists’ likelihood to purchase and recommend products. Originality/value: This research contributes to the limited literature on gamification in tourism by demonstrating its effectiveness in enhancing consumer engagement and behavior. The study provides a novel perspective by integrating SDT with gamification strategies and highlighting the critical role of knowledge gain and social support as crucial elements in gamification design. The findings offer practical insights for tourism expo organizers and related enterprises, suggesting that well-designed gamified experiences can significantly enhance tourism marketing efforts’ immediate and long-term success.","['Gamification', 'Gamified experience', 'Self-determination theory', 'Tourism App experience', 'Tourism exposition']","['gamification', 'gamified experience', 'self-determination theory', 'tourism app experience', 'tourism exposition']","The role of gamification in enhancing consumer engagement at expositions through self-determination theory Purpose: This study aims to investigate the role of gamification in enhancing user engagement and behavioral intentions in tourism expositions. By integrating self-determination theory (SDT) with gamification concepts, the research seeks to understand how intrinsic motivations – such as competence, relatedness and autonomy – along with extrinsic factors like knowledge gain and social support, influence participants’ intentions to purchase tourism products and engage in word-of-mouth (WOM) communication. Design/methodology/approach: This study uses a quantitative research design, utilizing data collected from participants at various tourism expositions in Taiwan. A combination of exploratory and confirmatory factor analyses was used to validate the measurement scales. This study analyzed the moderating effects of knowledge gain, social support and prior travel experiences on these relationships. Findings: The results confirm that intrinsic motivations of competence, relatedness and autonomy significantly enhance the gamified experience, positively influencing purchase intentions and WOM intentions. This study also reveals that knowledge gain and social support further strengthen the effectiveness of gamification in stimulating self-determination needs. Moreover, a favorable gamified experience can improve the perception of tourism expos, increasing tourists’ likelihood to purchase and recommend products. Originality/value: This research contributes to the limited literature on gamification in tourism by demonstrating its effectiveness in enhancing consumer engagement and behavior. The study provides a novel perspective by integrating SDT with gamification strategies and highlighting the critical role of knowledge gain and social support as crucial elements in gamification design. The findings offer practical insights for tourism expo organizers and related enterprises, suggesting that well-designed gamified experiences can significantly enhance tourism marketing efforts’ immediate and long-term success.",2025,14,10.1108/JSM-08-2024-0423,Yeh H.,Journal of Services Marketing,2-s2.0-105004765776,0.3576130449973911,47,3,0.15986098059913834
The Ethics of Gamification in a Marketing Context,"Gamification is an increasingly common marketing tool. Yet, to date, there has been little examination of its ethical implications. In light of the potential implications of this type of stealth marketing for consumer welfare, this paper discusses the ethical dilemmas raised by the use of gamified approaches to marketing. The paper draws on different schools of ethics to examine gamification as an overall system, as well as its constituent parts. This discussion leads to a rationale and suggestions for how gamification could be regulated and/or controlled by more informal codes of conduct. The paper ends by outlining a practical framework which businesses can use to evaluate the potential ethical implications raised by their own gamified marketing techniques.","['Ethics', 'Gamification', 'Marketing', 'Regulation', 'Stealth marketing']","['ethics', 'gamification', 'marketing', 'regulation', 'stealth marketing']","The Ethics of Gamification in a Marketing Context Gamification is an increasingly common marketing tool. Yet, to date, there has been little examination of its ethical implications. In light of the potential implications of this type of stealth marketing for consumer welfare, this paper discusses the ethical dilemmas raised by the use of gamified approaches to marketing. The paper draws on different schools of ethics to examine gamification as an overall system, as well as its constituent parts. This discussion leads to a rationale and suggestions for how gamification could be regulated and/or controlled by more informal codes of conduct. The paper ends by outlining a practical framework which businesses can use to evaluate the potential ethical implications raised by their own gamified marketing techniques.",2019,88,10.1007/s10551-017-3501-y,Thorpe A.S.,Journal of Business Ethics,2-s2.0-85015151098,0.3581238678888873,48,2,0.14165667054282516
How gamification affects online shopping behavior: An approach with youngsters (aged 16–30),"Online shopping has grown in popularity over the past few years, particularly in the context of COVID-19. Gamification is also progressively emerging as an ideal means to boost motivation and encourage community engagement. This study attempts to identify the variables influencing young Vietnamese people’s willingness to adopt gamification and its impact on their buying habits in order to suggest practical solutions for business marketing initiatives. The study uses a quantitative research approach with simple random sampling (n = 230). The number of valid samples officially included in the study is 288 as a consequence of the survey results. The results suggest that the following elements significantly impact the intention to adopt gamification: favorable circumstances, effort expectations, social influence, and performance expectations. These have a 54.1 percent impact on gamification acceptance intent and a 29.6 percent impact on online shopping behavior. Finally, the study’s findings are used to make various suggestions to improve gamification’s effectiveness in marketing activities.","['customer behavior', 'e-marketing', 'gamification', 'online shopping behavior']","['customer behavior', 'e-marketing', 'gamification', 'online shopping behavior']","How gamification affects online shopping behavior: An approach with youngsters (aged 16–30) Online shopping has grown in popularity over the past few years, particularly in the context of COVID-19. Gamification is also progressively emerging as an ideal means to boost motivation and encourage community engagement. This study attempts to identify the variables influencing young Vietnamese people’s willingness to adopt gamification and its impact on their buying habits in order to suggest practical solutions for business marketing initiatives. The study uses a quantitative research approach with simple random sampling (n = 230). The number of valid samples officially included in the study is 288 as a consequence of the survey results. The results suggest that the following elements significantly impact the intention to adopt gamification: favorable circumstances, effort expectations, social influence, and performance expectations. These have a 54.1 percent impact on gamification acceptance intent and a 29.6 percent impact on online shopping behavior. Finally, the study’s findings are used to make various suggestions to improve gamification’s effectiveness in marketing activities.",2023,18,10.1080/23311975.2023.2256076,Tien Minh D.,Cogent Business and Management,2-s2.0-85171839437,0.36038263540768956,49,1,0.08808679213924875
The role of user participation and psychological distance in consumer brand attitudes in gamified marketing,"With the rapid development of the digital age, in the business field, gamified marketing has been applied to practice by more and more enterprises, and has been studied by many scholars in the field of academic research. However, the existing research mainly focuses on the impact of gamification marketing activities itself on consumer behavior, and lacks the exploration of the design and mechanism of gamification marketing itself. The purpose of this paper is to find out the influence factors of gamification marketing language style on consumers’ brand attitudes, and the empirical results have important theoretical significance and practical implication. In the context of gamification marketing strategy design, consumers’ brand attitudes are measured through situational experiments, and psychological distance is introduced as a moderating variable to explore the boundary conditions. The results show that gamified marketing language styles (ludus and paida) have an impact on consumer brand attitudes by influencing consumer user participation. Meanwhile, consumers’ psychological distance moderates the impact of gamified marketing language styles on consumer user participation.","['Brand attitude', 'Construal level theory', 'Gamified marketing', 'Psychological distance', 'Self-determination theory', 'User participation']","['brand attitude', 'construal level theory', 'gamified marketing', 'psychological distance', 'self-determination theory', 'user participation']","The role of user participation and psychological distance in consumer brand attitudes in gamified marketing With the rapid development of the digital age, in the business field, gamified marketing has been applied to practice by more and more enterprises, and has been studied by many scholars in the field of academic research. However, the existing research mainly focuses on the impact of gamification marketing activities itself on consumer behavior, and lacks the exploration of the design and mechanism of gamification marketing itself. The purpose of this paper is to find out the influence factors of gamification marketing language style on consumers’ brand attitudes, and the empirical results have important theoretical significance and practical implication. In the context of gamification marketing strategy design, consumers’ brand attitudes are measured through situational experiments, and psychological distance is introduced as a moderating variable to explore the boundary conditions. The results show that gamified marketing language styles (ludus and paida) have an impact on consumer brand attitudes by influencing consumer user participation. Meanwhile, consumers’ psychological distance moderates the impact of gamified marketing language styles on consumer user participation.",2025,2,10.1038/s41598-024-84268-5,Li X.,Scientific Reports,2-s2.0-85214010557,0.36377723634645065,50,3,0.18283375706389582
