title,abstract,author_keywords,keywords_normalized,combined_text,year,citations,doi,authors,source,eid,query_distance,rank
Building dynamic capabilities for digital transformation: An ongoing process of strategic renewal,"In this qualitative study, we explore how incumbent firms in traditional industries build dynamic capabilities for digital transformation. Digital transformation has been defined as the use of new digital technologies, such as mobile, artificial intelligence, cloud, blockchain, and the Internet of things (IoT) technologies, to enable major business improvements to augment customer experience, streamline operations, or create new business models. In making sense of digital transformation, we discovered that leaders in various industry circles use the term inconsistently to describe various strategizing and organizing activities; in addition, the term has gained limited scholarly attention as a context for study of strategic change. Drawing on senior executives' experiences with leading digitalization projects at incumbent firms, we propose a process model comprising of nine microfoundations to reveal the generic contingency factors that trigger, enable, and hinder the building of dynamic capabilities for digital transformation. Our findings reveal that digital transformation is an ongoing process of using new digital technologies in everyday organizational life, which recognizes agility as the core mechanism for the strategic renewal of an organization's (1) business model, (2) collaborative approach, and eventually the (3) culture.","['Digital transformation', 'Digitalization', 'Dynamic capabilities', 'Microfoundations', 'Qualitative interpretive research', 'Strategic agility', 'Strategic renewal', 'Technology and innovation management']","['digital transformation', 'digitalization', 'dynamic capabilities', 'microfoundations', 'qualitative interpretive research', 'strategic agility', 'strategic renewal', 'technology and innovation management']","Building dynamic capabilities for digital transformation: An ongoing process of strategic renewal In this qualitative study, we explore how incumbent firms in traditional industries build dynamic capabilities for digital transformation. Digital transformation has been defined as the use of new digital technologies, such as mobile, artificial intelligence, cloud, blockchain, and the Internet of things (IoT) technologies, to enable major business improvements to augment customer experience, streamline operations, or create new business models. In making sense of digital transformation, we discovered that leaders in various industry circles use the term inconsistently to describe various strategizing and organizing activities; in addition, the term has gained limited scholarly attention as a context for study of strategic change. Drawing on senior executives' experiences with leading digitalization projects at incumbent firms, we propose a process model comprising of nine microfoundations to reveal the generic contingency factors that trigger, enable, and hinder the building of dynamic capabilities for digital transformation. Our findings reveal that digital transformation is an ongoing process of using new digital technologies in everyday organizational life, which recognizes agility as the core mechanism for the strategic renewal of an organization's (1) business model, (2) collaborative approach, and eventually the (3) culture.",2019,2820,10.1016/j.lrp.2018.12.001,Warner K.S.R.,Long Range Planning,2-s2.0-85067622891,0.23314005113413439,1
Dynamic capabilities for digital transformation in an enterprise business,"Purpose: Digital transformation is a process in which organizations use technology as an essential resource to improve performance and increase market reach and results. Design/methodology/approach: This research aims to verify how dynamic capabilities are configured for the development of strategies and processes necessary for digital transformation. To this end, qualitative research of an exploratory nature was carried out, operationalized through in-depth individual interviews with a semi-structured approach with managers who occupy leadership positions, in addition to a documentary survey of the internal records of the analyzed organization. In data analysis, the content analysis technique was used. Findings: The main results of the research showed that the dynamic capabilities configured in sensing, seizing and reconfiguring contribute to leveraging digital transformation in the business studied through the reformulation of strategies to integrate and coordinate the implementation of new routines, investments in technological and human resources and actions to change culture with a focus on digital transformation considering the company’s stakeholders. Originality/value: This transformation affects business models, products, services and processes, as well as the review of strategies, organizational structures and management concepts.","['Digital transformation', 'Dynamic capabilities', 'Reconfiguring', 'Seizing', 'Sensing']","['digital transformation', 'dynamic capabilities', 'reconfiguring', 'seizing', 'sensing']","Dynamic capabilities for digital transformation in an enterprise business Purpose: Digital transformation is a process in which organizations use technology as an essential resource to improve performance and increase market reach and results. Design/methodology/approach: This research aims to verify how dynamic capabilities are configured for the development of strategies and processes necessary for digital transformation. To this end, qualitative research of an exploratory nature was carried out, operationalized through in-depth individual interviews with a semi-structured approach with managers who occupy leadership positions, in addition to a documentary survey of the internal records of the analyzed organization. In data analysis, the content analysis technique was used. Findings: The main results of the research showed that the dynamic capabilities configured in sensing, seizing and reconfiguring contribute to leveraging digital transformation in the business studied through the reformulation of strategies to integrate and coordinate the implementation of new routines, investments in technological and human resources and actions to change culture with a focus on digital transformation considering the company’s stakeholders. Originality/value: This transformation affects business models, products, services and processes, as well as the review of strategies, organizational structures and management concepts.",2025,40,10.1108/BIJ-12-2023-0864,Froehlich C.,Benchmarking,2-s2.0-85192247753,0.23989895728648902,2
The Antecedents and Outcomes of Dynamic Capabilities in Digital Transformation: A Study of Chinese Manufacturing Companies,"The rapid evolution of digital technologies has underscored the need for firms to develop robust digitalization capabilities to remain competitive in the global market. This study investigated the development of digitalization capabilities and their effects on digital technology adoption and internationalization in Chinese manufacturing. Additionally, the mediating role of digitalization capabilities in the relationship between commitment and knowledge development processes regarding digital technology adoption is examined. Using a survey of 322 respondents, the hypothesized model is tested via partial least squares structural equation modeling (SEM-PLS). Commitment and knowledge development processes significantly influence digitalization capabilities and digital technology adoption. Digitalization capabilities positively influence internationalization and mediate the relationship between commitment and knowledge development processes and digital technology adoption. Beyond advancing scholarly understanding of how specific dynamic capabilities facilitate technology adoption and international expansion, these findings provide key insights for policymakers and industry stakeholders. Policy measures that encourage firms’ commitments, support knowledge-development initiatives, and incentivize investments in digitalization capabilities can accelerate digital transformation in manufacturing. By integrating dynamic capabilities theory with the Uppsala model in an Industry 4.0 context, this study offers a novel contribution to the literature and provides the first empirical examination to combine these elements in Chinese manufacturing.","['Digital Technology', 'Digital Transformation', 'Dynamic Capabilities', 'Internationalization']","['digital technology', 'digital transformation', 'dynamic capabilities', 'internationalization']","The Antecedents and Outcomes of Dynamic Capabilities in Digital Transformation: A Study of Chinese Manufacturing Companies The rapid evolution of digital technologies has underscored the need for firms to develop robust digitalization capabilities to remain competitive in the global market. This study investigated the development of digitalization capabilities and their effects on digital technology adoption and internationalization in Chinese manufacturing. Additionally, the mediating role of digitalization capabilities in the relationship between commitment and knowledge development processes regarding digital technology adoption is examined. Using a survey of 322 respondents, the hypothesized model is tested via partial least squares structural equation modeling (SEM-PLS). Commitment and knowledge development processes significantly influence digitalization capabilities and digital technology adoption. Digitalization capabilities positively influence internationalization and mediate the relationship between commitment and knowledge development processes and digital technology adoption. Beyond advancing scholarly understanding of how specific dynamic capabilities facilitate technology adoption and international expansion, these findings provide key insights for policymakers and industry stakeholders. Policy measures that encourage firms’ commitments, support knowledge-development initiatives, and incentivize investments in digitalization capabilities can accelerate digital transformation in manufacturing. By integrating dynamic capabilities theory with the Uppsala model in an Industry 4.0 context, this study offers a novel contribution to the literature and provides the first empirical examination to combine these elements in Chinese manufacturing.",2026,4,10.1007/s13132-025-02689-7,Huang J.,Journal of the Knowledge Economy,2-s2.0-105031842180,0.24132130858665368,3
Digital transforming capability and performance: a microfoundational perspective,"Purpose: Drawing on the literature on dynamic capabilities and digital transformation, this paper conceptualises and investigates the relevant antecedents of an essential capability for digital transformation – the digital transforming capability – and its effect on the competitive advantage of firms. Design/methodology/approach: A framework with individual and organisational microfoundations of the digital transforming capability is proposed based on previous research. The digital transforming capability is conceptualised as a second-order construct. The model is tested using data from a broad spectrum of large US companies. Structural equation modelling (SEM) is applied to test the proposed framework. Findings: The study identifies three main microfoundations that, when combined, build a digital transforming capability (digital-savvy skills, digital intensity and context for action and interaction); in addition, the study tests the relationship between digital transforming capability and firm performance. The results validate the proposed theoretical framework. In addition to proposing relevant microfoundations of the digital transforming capability, we advance knowledge on the performance effects of those microfoundations. Originality/value: The paper contributes to advancing the understanding of the digital transformation phenomenon by revealing the role of the primary components underlying the digital transforming capability. Yet the mechanisms by which the micro-level aspects are important for digital transformation and organisational outcomes are only suggested by anecdotal evidence. The paper also contributes to ongoing calls for further investigation to extend the understanding of the microfoundations of dynamic capabilities. Finally, by drawing on archival data, this study also contributes to calls to broaden the toolkit used in dynamic capabilities research.","['Digital transformation', 'Dynamic capabilities', 'Firm performance']","['digital transformation', 'dynamic capabilities', 'firm performance']","Digital transforming capability and performance: a microfoundational perspective Purpose: Drawing on the literature on dynamic capabilities and digital transformation, this paper conceptualises and investigates the relevant antecedents of an essential capability for digital transformation – the digital transforming capability – and its effect on the competitive advantage of firms. Design/methodology/approach: A framework with individual and organisational microfoundations of the digital transforming capability is proposed based on previous research. The digital transforming capability is conceptualised as a second-order construct. The model is tested using data from a broad spectrum of large US companies. Structural equation modelling (SEM) is applied to test the proposed framework. Findings: The study identifies three main microfoundations that, when combined, build a digital transforming capability (digital-savvy skills, digital intensity and context for action and interaction); in addition, the study tests the relationship between digital transforming capability and firm performance. The results validate the proposed theoretical framework. In addition to proposing relevant microfoundations of the digital transforming capability, we advance knowledge on the performance effects of those microfoundations. Originality/value: The paper contributes to advancing the understanding of the digital transformation phenomenon by revealing the role of the primary components underlying the digital transforming capability. Yet the mechanisms by which the micro-level aspects are important for digital transformation and organisational outcomes are only suggested by anecdotal evidence. The paper also contributes to ongoing calls for further investigation to extend the understanding of the microfoundations of dynamic capabilities. Finally, by drawing on archival data, this study also contributes to calls to broaden the toolkit used in dynamic capabilities research.",2020,389,10.1108/IJOPM-06-2019-0444,Sousa-Zomer T.T.,International Journal of Operations and Production Management,2-s2.0-85085469906,0.2478340797464571,4
Microfoundations of dynamic capabilities for digital transformation,,"['Digital innovation management', 'Digital transformation', 'Dynamic capabilities', 'Microfoundations']","['digital innovation management', 'digital transformation', 'dynamic capabilities', 'microfoundations']",Microfoundations of dynamic capabilities for digital transformation,2025,54,10.1108/EJIM-12-2023-1074,Kowalski M.,European Journal of Innovation Management,2-s2.0-85195492127,0.2513405208876309,5
Dynamic capability reconstruction of digital transformation for emerging market enterprises: Learning from Chinese experience,"Digital transformation is a high-level transformation based on digital conversion and digital upgrading. The main focus of this paper is the role that dynamic capability plays in shaping digital transformation. Applying a single longitudinal case study design to a Chinese high-tech manufacturing company, this study reveals the ways in which dynamic capability promotes digital transformation. The result shows that six factors, including environmental perception, determination and courage of leaders, organisational remodelling, dual business controlling, strong executive power, and service upgrading, integrate to support the framework of dynamic capability and to promote digital transformation. This study contributes to the existing literature on both dynamic capability and digital transformation clearly illustrating how a firm's digital transformation can be achieved through reconstruction of its dynamic capabilities. The findings also provide some recommendations for management of manufacturing companies in emerging markets to carry out digital transformation more effectively.","['Case study', 'Digital transformation', 'Dynamic capability', 'Emerging market', 'Organisational remodelling']","['case study', 'digital transformation', 'dynamic capability', 'emerging market', 'organisational remodelling']","Dynamic capability reconstruction of digital transformation for emerging market enterprises: Learning from Chinese experience Digital transformation is a high-level transformation based on digital conversion and digital upgrading. The main focus of this paper is the role that dynamic capability plays in shaping digital transformation. Applying a single longitudinal case study design to a Chinese high-tech manufacturing company, this study reveals the ways in which dynamic capability promotes digital transformation. The result shows that six factors, including environmental perception, determination and courage of leaders, organisational remodelling, dual business controlling, strong executive power, and service upgrading, integrate to support the framework of dynamic capability and to promote digital transformation. This study contributes to the existing literature on both dynamic capability and digital transformation clearly illustrating how a firm's digital transformation can be achieved through reconstruction of its dynamic capabilities. The findings also provide some recommendations for management of manufacturing companies in emerging markets to carry out digital transformation more effectively.",2021,8,10.1504/IJTPM.2021.117780,Lan F.,International Journal of Technology Policy and Management,2-s2.0-85116069459,0.2523616800599213,6
Transform Me If You Can: Leveraging Dynamic Capabilities to Manage Digital Transformation,"This study sheds light on the relationships between digital transformation, business model, and process efficiency capabilities, and new product development (NPD) performance by employing a sequential explanatory approach, combining quantitative and qualitative research methodologies, utilizing structural equation modeling based on 430 questionnaire respondents, and a multiple case study design using four cases. The derived framework highlights that digital transformation does not directly lead to NPD performance but that organizations use idiosyncratic higher order (e.g., business model and process efficiency) capabilities that mediate this relationship to strategically cope with change. When assessing, reconfiguring, and integrating, organizations tap into internal and external value, individual, technological, and organizational (VITO) dimensions to transform operational capabilities and resources. Thus, higher order capabilities enable organizations to leverage firm-external opportunities to adjust intrafirm operational capabilities, resources, and competencies, emphasizing a complex hierarchical and contextual interplay. The contributions of the study are twofold: 1) we provide statistical evidence that the business model and process efficiency capabilities are coping mechanisms to master digital transformation and 2) the successful orchestration of VITO dimensions is essential for assessing, reconfiguring, and integrating resources, competencies, and operational capabilities to derive NPD performance.","['Digital transformation (DT)', 'dynamic capabilities', 'mixed method', 'multiple case study', 'new product development (NPD)', 'sequential explanatory approach', 'structural equation model']","['digital transformation (dt)', 'dynamic capabilities', 'mixed method', 'multiple case study', 'new product development (npd)', 'sequential explanatory approach', 'structural equation model']","Transform Me If You Can: Leveraging Dynamic Capabilities to Manage Digital Transformation This study sheds light on the relationships between digital transformation, business model, and process efficiency capabilities, and new product development (NPD) performance by employing a sequential explanatory approach, combining quantitative and qualitative research methodologies, utilizing structural equation modeling based on 430 questionnaire respondents, and a multiple case study design using four cases. The derived framework highlights that digital transformation does not directly lead to NPD performance but that organizations use idiosyncratic higher order (e.g., business model and process efficiency) capabilities that mediate this relationship to strategically cope with change. When assessing, reconfiguring, and integrating, organizations tap into internal and external value, individual, technological, and organizational (VITO) dimensions to transform operational capabilities and resources. Thus, higher order capabilities enable organizations to leverage firm-external opportunities to adjust intrafirm operational capabilities, resources, and competencies, emphasizing a complex hierarchical and contextual interplay. The contributions of the study are twofold: 1) we provide statistical evidence that the business model and process efficiency capabilities are coping mechanisms to master digital transformation and 2) the successful orchestration of VITO dimensions is essential for assessing, reconfiguring, and integrating resources, competencies, and operational capabilities to derive NPD performance.",2024,49,10.1109/TEM.2023.3319406,Schneider M.H.G.,IEEE Transactions on Engineering Management,2-s2.0-85174823448,0.2597305740869048,7
Digital transformation of industrial businesses: A dynamic capability approach,"Industrial firms are under severe pressure to undertake digital transformation and leverage the Industrial Internet of Things (IIoT) and emerging technologies for the integration of industrial machines to share information on a real-time or near real-time basis. Though in recent years researchers have focused their attention on digital transformation, there is limited scholarly guidance for developing capabilities for such transformation. Drawing on dynamic capability theory and exploratory qualitative interviews with senior ‘elite’ executives from five of the world's largest multinational firms, the study outlines a new conceptual framework for digital transformative capability development. The integrative framework demonstrates how the three core capabilities of digital sensing, digital seizing, and digital reconfiguring manifest through associated capabilities of Strategic Sensing, Rapid Prototyping, Organization Structure, Business Model Transformation, and Cultural/Mindset Transformation. Internal and external contingencies are proposed as moderators of the relationship between IIoT and emerging technologies, and digital transformative capability development. Collectively, the article makes the case for Digital Transformation Capability and sheds new light on the digital transformation process. Implications for theory and practice are highlighted, and limitations are discussed.","['Digital transformation', 'Dynamic capability', 'Emerging technologies', 'IIoT']","['digital transformation', 'dynamic capability', 'emerging technologies', 'iiot']","Digital transformation of industrial businesses: A dynamic capability approach Industrial firms are under severe pressure to undertake digital transformation and leverage the Industrial Internet of Things (IIoT) and emerging technologies for the integration of industrial machines to share information on a real-time or near real-time basis. Though in recent years researchers have focused their attention on digital transformation, there is limited scholarly guidance for developing capabilities for such transformation. Drawing on dynamic capability theory and exploratory qualitative interviews with senior ‘elite’ executives from five of the world's largest multinational firms, the study outlines a new conceptual framework for digital transformative capability development. The integrative framework demonstrates how the three core capabilities of digital sensing, digital seizing, and digital reconfiguring manifest through associated capabilities of Strategic Sensing, Rapid Prototyping, Organization Structure, Business Model Transformation, and Cultural/Mindset Transformation. Internal and external contingencies are proposed as moderators of the relationship between IIoT and emerging technologies, and digital transformative capability development. Collectively, the article makes the case for Digital Transformation Capability and sheds new light on the digital transformation process. Implications for theory and practice are highlighted, and limitations are discussed.",2022,523,10.1016/j.technovation.2021.102414,Ghosh S.,Technovation,2-s2.0-85119018010,0.26073570706396465,8
Digital transformation in family-owned Mittelstand firms: A dynamic capabilities perspective,"Digital technologies are increasingly affecting industries worldwide in many ways. Although the adoption of digital technologies by firms has been studied extensively from a technical point of view, previous research lacks insight into the managerial aspects of digital transformation, which, given the transformation’s interdisciplinarity, might have substantial implications for information systems research. In particular, it is unclear how small and medium-sized family-controlled firms (known as family-owned Mittelstand firms) with resource constraints handle digital transformation. This paper addresses this gap by drawing on rich data from 127 semi-structured interviews in a multiple case study of 15 family-owned Mittelstand firms from Germany, Austria, and Switzerland. All of these firms are active in the manufacturing industry but vary in terms of their digital transformation progress. Based on within-case and cross-case pattern analysis, we propose that the digital transformation of Mittelstand firms is a process consisting of three stages, namely, process digitalisation, product and service digitalisation, and business model digitalisation, and we reveal triggers for each stage and the dynamic capabilities needed throughout this process. Moreover, we identify three combinations of enablers and barriers that support or hinder the development of dynamic capabilities and thus accelerate or impede the advancement of the digital transformation process.","['digital innovation', 'Digital transformation', 'dynamic capabilities', 'family business', 'Mittelstand firms', 'Pär Ågerfalk', 'Ryad Titah', 'SMEs', 'technology adoption']","['digital innovation', 'digital transformation', 'dynamic capabilities', 'family business', 'mittelstand firms', 'pär ågerfalk', 'ryad titah', 'smes', 'technology adoption']","Digital transformation in family-owned Mittelstand firms: A dynamic capabilities perspective Digital technologies are increasingly affecting industries worldwide in many ways. Although the adoption of digital technologies by firms has been studied extensively from a technical point of view, previous research lacks insight into the managerial aspects of digital transformation, which, given the transformation’s interdisciplinarity, might have substantial implications for information systems research. In particular, it is unclear how small and medium-sized family-controlled firms (known as family-owned Mittelstand firms) with resource constraints handle digital transformation. This paper addresses this gap by drawing on rich data from 127 semi-structured interviews in a multiple case study of 15 family-owned Mittelstand firms from Germany, Austria, and Switzerland. All of these firms are active in the manufacturing industry but vary in terms of their digital transformation progress. Based on within-case and cross-case pattern analysis, we propose that the digital transformation of Mittelstand firms is a process consisting of three stages, namely, process digitalisation, product and service digitalisation, and business model digitalisation, and we reveal triggers for each stage and the dynamic capabilities needed throughout this process. Moreover, we identify three combinations of enablers and barriers that support or hinder the development of dynamic capabilities and thus accelerate or impede the advancement of the digital transformation process.",2021,372,10.1080/0960085X.2020.1857666,Soluk J.,European Journal of Information Systems,2-s2.0-85099577908,0.2633464939174799,9
Dynamic Capabilities and Digital Transformation: Toward Strategic Planning in the Digital Age—Evidence from Palestine,"The concept of digital maturity has gained prominence in the context of digital transformation. It refers to an organization’s ability to effectively adapt to changing environments using digital technologies. At the same time, the dynamic capabilities of an organization play a crucial role in maintaining a competitive advantage. These capabilities allow organizations to integrate, build, and reconfigure competencies in response to market dynamics. Despite empirical evidence supporting the impact of dynamic capabilities on competitive advantage, there remains a need to explore the specific mechanisms driving this relationship. Moreover, in traditional industries experiencing digital disruption, understanding digital maturity as an intermediate outcome becomes essential. This study focuses on the Palestinian financial sector and investigates the significance of digital maturity in the context of dynamic capabilities. Primary data were collected through an online questionnaire survey, and a model was estimated through a SEM-PLS methodology. The results highlight a strong relationship between dynamic capability and competitive advantage. Thus, digital maturity plays a crucial role in enhancing strategic planning efficiency through the implementation of dynamic capabilities.","['competitive advantage', 'digital maturity', 'digital transformation', 'dynamic capabilities', 'strategic planning']","['competitive advantage', 'digital maturity', 'digital transformation', 'dynamic capabilities', 'strategic planning']","Dynamic Capabilities and Digital Transformation: Toward Strategic Planning in the Digital Age—Evidence from Palestine The concept of digital maturity has gained prominence in the context of digital transformation. It refers to an organization’s ability to effectively adapt to changing environments using digital technologies. At the same time, the dynamic capabilities of an organization play a crucial role in maintaining a competitive advantage. These capabilities allow organizations to integrate, build, and reconfigure competencies in response to market dynamics. Despite empirical evidence supporting the impact of dynamic capabilities on competitive advantage, there remains a need to explore the specific mechanisms driving this relationship. Moreover, in traditional industries experiencing digital disruption, understanding digital maturity as an intermediate outcome becomes essential. This study focuses on the Palestinian financial sector and investigates the significance of digital maturity in the context of dynamic capabilities. Primary data were collected through an online questionnaire survey, and a model was estimated through a SEM-PLS methodology. The results highlight a strong relationship between dynamic capability and competitive advantage. Thus, digital maturity plays a crucial role in enhancing strategic planning efficiency through the implementation of dynamic capabilities.",2025,31,10.3390/admsci15010021,Alrub Y.A.,Administrative Sciences,2-s2.0-85216001963,0.26335529277469183,10
Leading the digital transformation: a dynamic capability framework proposal,"Digital transformation has been defined as the capacity of organisations to embed digital technologies in their routines, leading to a change in how they create value for their customers, backed by a rethinking of their whole structure and processes, reshaping their business model. Empirical data and cases reported that just a few companies succeed in digital transformation and go beyond the experimentation and piloting steps. We proposed a framework to generically describe the triggers, enablers, barriers, dynamic capabilities, expected outcomes, and strategic renewal that encompass digital transformation in incumbent organisations. By following a design science research approach, we proposed an artefact demonstrated and evaluated by a group of experts. Our findings revealed that digital transformation is a continuous process of adapting technology and strategy, evolving the business model, building a culture of collaboration, supporting people's development, creating smart governance structures, and connecting deeply with customers.","['design science research', 'digital transformation', 'dynamic capabilities', 'information system strategy']","['design science research', 'digital transformation', 'dynamic capabilities', 'information system strategy']","Leading the digital transformation: a dynamic capability framework proposal Digital transformation has been defined as the capacity of organisations to embed digital technologies in their routines, leading to a change in how they create value for their customers, backed by a rethinking of their whole structure and processes, reshaping their business model. Empirical data and cases reported that just a few companies succeed in digital transformation and go beyond the experimentation and piloting steps. We proposed a framework to generically describe the triggers, enablers, barriers, dynamic capabilities, expected outcomes, and strategic renewal that encompass digital transformation in incumbent organisations. By following a design science research approach, we proposed an artefact demonstrated and evaluated by a group of experts. Our findings revealed that digital transformation is a continuous process of adapting technology and strategy, evolving the business model, building a culture of collaboration, supporting people's development, creating smart governance structures, and connecting deeply with customers.",2023,7,10.1504/ijbis.2023.131354,Albino R.D.,International Journal of Business Information Systems,2-s2.0-85164428343,0.2750503595157823,11
"DIGITAL TRANSFORMATION, ENTERPRISE DYNAMIC CAPABILITIES, AND “BUSINESS MODEL INNOVATION","The concepts of digital transformation and dynamic capabilities have gained significant attention in contemporary times. Chinese enterprises must promptly utilize dynamic capabilities to acquire external resources, knowledge, and skills to enhance their internal capabilities and achieve innovation. This study constructs a theoretical model to examine the influence of digital transformation on business innovation, based on the dynamic capabilities theory. It also explores the mediating role of dynamic capabilities in the relationship between digital transformation and business model innovation. The research model was empirically tested using SEM structural equations on 400 valid enterprise questionnaires. The results indicate that the digital transformation of enterprises has a positive effect on’’ business model innovation’’ and enterprise dynamic capabilities. Furthermore, enterprise dynamic capabilities have a positive impact on “business model innovation.” Moreover, digital transformation has a positive effect on ‘’business model innovation’’ by mediating enterprise dynamic capabilities. At the strategic level, enterprises should prioritize digital awareness, quickly adapt to changes in both internal and external markets, and adjust their business models by emphasizing the optimization of dynamic capabilities.","['Digital Transformation', 'Enterprise Dynamic Capabilities', '“Business Model Innovation”']","['digital transformation', 'enterprise dynamic capabilities', '“business model innovation”']","DIGITAL TRANSFORMATION, ENTERPRISE DYNAMIC CAPABILITIES, AND “BUSINESS MODEL INNOVATION The concepts of digital transformation and dynamic capabilities have gained significant attention in contemporary times. Chinese enterprises must promptly utilize dynamic capabilities to acquire external resources, knowledge, and skills to enhance their internal capabilities and achieve innovation. This study constructs a theoretical model to examine the influence of digital transformation on business innovation, based on the dynamic capabilities theory. It also explores the mediating role of dynamic capabilities in the relationship between digital transformation and business model innovation. The research model was empirically tested using SEM structural equations on 400 valid enterprise questionnaires. The results indicate that the digital transformation of enterprises has a positive effect on’’ business model innovation’’ and enterprise dynamic capabilities. Furthermore, enterprise dynamic capabilities have a positive impact on “business model innovation.” Moreover, digital transformation has a positive effect on ‘’business model innovation’’ by mediating enterprise dynamic capabilities. At the strategic level, enterprises should prioritize digital awareness, quickly adapt to changes in both internal and external markets, and adjust their business models by emphasizing the optimization of dynamic capabilities.",2024,3,10.19255/JMPM3407,Luo X.,Journal of Modern Project Management,2-s2.0-85213479132,0.2755603445262038,12
Boosting SMEs’ digital transformation: the role of dynamic capabilities in cultivating digital leadership and digital culture,"Digital transformation is crucial for the competitiveness of small and medium-sized enterprises (SMEs), yet many SMEs struggle with its implementation. Although digital leadership and digital culture are two established facilitators of digital transformation, their antecedents remain highly understudied. Drawing on the dynamic capabilities framework, we hypothesize that dynamic capabilities promote digital leadership and digital culture in SMEs. Our empirical study builds on questionnaire data from 98 SMEs located in Southern Germany. The findings support the enabling role of dynamic capabilities, indicating that dynamic capabilities enhance digital leadership and digital culture. Contrary to our expectations, the hypothesized mediation effects between dynamic capabilities, digital leadership, and digital culture were not supported, indicating that the translation mechanisms between digital leadership and digital culture might be less direct and straightforward than previously presumed. Thus, dynamic capabilities emerge as critical, yet separate, enablers of digital leadership and digital culture. By positioning dynamic capabilities as antecedents rather than outcomes, this study provides a novel perspective on central enablers of digital transformation, extending dynamic capabilities theory into this context. Overall, our findings offer important implications for facilitating SMEs’ digital transformation, highlighting dynamic capabilities as essential for fostering digital leadership and digital culture. Despite its significance, our study faces some limitations that hinder the generalizability of our findings, including relatively small sample size or specific sample context. Future research should replicate and extend our analyses using larger and more diverse samples.","['Digital culture', 'Digital leadership', 'Digital transformation', 'Dynamic capabilities', 'Small and medium-sized enterprises']","['digital culture', 'digital leadership', 'digital transformation', 'dynamic capabilities', 'small and medium-sized enterprises']","Boosting SMEs’ digital transformation: the role of dynamic capabilities in cultivating digital leadership and digital culture Digital transformation is crucial for the competitiveness of small and medium-sized enterprises (SMEs), yet many SMEs struggle with its implementation. Although digital leadership and digital culture are two established facilitators of digital transformation, their antecedents remain highly understudied. Drawing on the dynamic capabilities framework, we hypothesize that dynamic capabilities promote digital leadership and digital culture in SMEs. Our empirical study builds on questionnaire data from 98 SMEs located in Southern Germany. The findings support the enabling role of dynamic capabilities, indicating that dynamic capabilities enhance digital leadership and digital culture. Contrary to our expectations, the hypothesized mediation effects between dynamic capabilities, digital leadership, and digital culture were not supported, indicating that the translation mechanisms between digital leadership and digital culture might be less direct and straightforward than previously presumed. Thus, dynamic capabilities emerge as critical, yet separate, enablers of digital leadership and digital culture. By positioning dynamic capabilities as antecedents rather than outcomes, this study provides a novel perspective on central enablers of digital transformation, extending dynamic capabilities theory into this context. Overall, our findings offer important implications for facilitating SMEs’ digital transformation, highlighting dynamic capabilities as essential for fostering digital leadership and digital culture. Despite its significance, our study faces some limitations that hinder the generalizability of our findings, including relatively small sample size or specific sample context. Future research should replicate and extend our analyses using larger and more diverse samples.",2026,44,10.1007/s11846-025-00919-5,Held P.,Review of Managerial Science,2-s2.0-105010905406,0.27830510636595496,13
Dynamic capabilities for digital transformation,"Purpose: The purpose of this paper is to identify sensing, seizing and reconfiguring routines of dynamic capabilities that enable digital transformation in firms. Design/methodology/approach: A qualitative approach is used. Representatives from a firm going through digital transformations are interviewed, and focus groups have been carried out with a consultancy firm experienced in giving advice to firms going through digital transformation. Findings: Six routines identified as relevant specifically for digital transformation are identified. These are cross-industrial digital sensing, inside-out digital infrastructure sensing, digital strategy development, determination of enterprise boundaries, decomposition of digital transformation into specified projects and creation of a unified digital infrastructure. Practical implications: The authors provide direction for managers on how to approach digital transformation. In relation to previous research, the authors provide more specific guidance regarding how to reconfigure the organization in digital transformation. Originality/value: The paper uses a novel context for digital transformation and complements the very few studies available using dynamic capabilities to understand digital transformation.","['Digital transformation', 'Digitalization', 'Dynamic capabilities', 'Innovation', 'Qualitative research', 'Routines', 'Technology']","['digital transformation', 'digitalization', 'dynamic capabilities', 'innovation', 'qualitative research', 'routines', 'technology']","Dynamic capabilities for digital transformation Purpose: The purpose of this paper is to identify sensing, seizing and reconfiguring routines of dynamic capabilities that enable digital transformation in firms. Design/methodology/approach: A qualitative approach is used. Representatives from a firm going through digital transformations are interviewed, and focus groups have been carried out with a consultancy firm experienced in giving advice to firms going through digital transformation. Findings: Six routines identified as relevant specifically for digital transformation are identified. These are cross-industrial digital sensing, inside-out digital infrastructure sensing, digital strategy development, determination of enterprise boundaries, decomposition of digital transformation into specified projects and creation of a unified digital infrastructure. Practical implications: The authors provide direction for managers on how to approach digital transformation. In relation to previous research, the authors provide more specific guidance regarding how to reconfigure the organization in digital transformation. Originality/value: The paper uses a novel context for digital transformation and complements the very few studies available using dynamic capabilities to understand digital transformation.",2022,338,10.1108/JSMA-04-2021-0089,Ellström D.,Journal of Strategy and Management,2-s2.0-85115102396,0.27961384861950545,14
Developing dynamic capabilities for successful digital transformation projects: the mediating role of change management,"Digital transformation is a growth strategy that has attracted a significant amount investment and is projected to boost the global economy by 2030. However, organizations face challenges in their efforts to develop effective approaches to digital transformation because of the constant need for new strategic choices. Dynamic capabilities and change management are vital with respect to organizations’ ability to maintain competitiveness in the changing environment established by digital technologies. The effective management of these changes is crucial, and failure is often the result of the absence of a suitable change management model. This study examines the significance of dynamic capabilities in digital transformation and explores the mediating role of a well-defined approach to change management in the context of digital projects. A quantitative research approach is used to investigate a population of 902 managers and team leaders working in the telecommunications sector in Yemen. A questionnaire is developed and administered to a sample of 350 participants, and the data collected were analyzed via SmartPLS. The findings reveal a positive relationship between dynamic capabilities and the successful implementation of digital transformation initiatives. Effective change management techniques facilitate digital transformation by playing a mediating role in the abovementioned relationship. The results of this research provide valuable insights into the theoretical framework underlying this topic by integrating dynamic capabilities, change management, and digital transformation. This information can help decision-makers in the telecommunications sector develop a roadmap for successful digital transformation projects in their organizations.","['Change management', 'Digital transformation', 'Dynamic capabilities', 'Telecom', 'Yemen']","['change management', 'digital transformation', 'dynamic capabilities', 'telecom', 'yemen']","Developing dynamic capabilities for successful digital transformation projects: the mediating role of change management Digital transformation is a growth strategy that has attracted a significant amount investment and is projected to boost the global economy by 2030. However, organizations face challenges in their efforts to develop effective approaches to digital transformation because of the constant need for new strategic choices. Dynamic capabilities and change management are vital with respect to organizations’ ability to maintain competitiveness in the changing environment established by digital technologies. The effective management of these changes is crucial, and failure is often the result of the absence of a suitable change management model. This study examines the significance of dynamic capabilities in digital transformation and explores the mediating role of a well-defined approach to change management in the context of digital projects. A quantitative research approach is used to investigate a population of 902 managers and team leaders working in the telecommunications sector in Yemen. A questionnaire is developed and administered to a sample of 350 participants, and the data collected were analyzed via SmartPLS. The findings reveal a positive relationship between dynamic capabilities and the successful implementation of digital transformation initiatives. Effective change management techniques facilitate digital transformation by playing a mediating role in the abovementioned relationship. The results of this research provide valuable insights into the theoretical framework underlying this topic by integrating dynamic capabilities, change management, and digital transformation. This information can help decision-makers in the telecommunications sector develop a roadmap for successful digital transformation projects in their organizations.",2024,49,10.1186/s13731-024-00446-9,Al-Moaid N.A.A.,Journal of Innovation and Entrepreneurship,2-s2.0-85209406348,0.280999209269589,15
Digital transformation and the performance of family firms: a dynamic capabilities perspective,"Digital transformation (DT) has become a critical strategy for enhancing a firm’s market competitiveness, yet the relationship between digital transformation and firm performance remains contentious. This study employs a dynamic capabilities perspective to compare the impact of digital transformation on performance between family firms and non-family firms, exploring the effect differences at a micro level. The empirical results reveal that while digital transformation in family firms is less effective in enhancing short-term performance compared to non-family firms, it significantly boosts long-term performance more than in non-family firms. Dynamic capabilities serve as the mediating path between DT and performance. Furthermore, focusing on family control characteristics, the paper examines and explains why the effects of DT on performance differ between family and non-family firms. It finds that family ownership and family management weaken the enhancement effect of DT on dynamic capabilities, but family management strengthens the role of dynamic capabilities in improving long-term performance. By exploring the relationship between DT and performance through the lens of firm characteristics, this study not only expands the research perspective on DT in family firms but also contributes to the ongoing debate on the impact of DT.","['digital transformation', 'dynamic capabilities', 'Family firms', 'performance']","['digital transformation', 'dynamic capabilities', 'family firms', 'performance']","Digital transformation and the performance of family firms: a dynamic capabilities perspective Digital transformation (DT) has become a critical strategy for enhancing a firm’s market competitiveness, yet the relationship between digital transformation and firm performance remains contentious. This study employs a dynamic capabilities perspective to compare the impact of digital transformation on performance between family firms and non-family firms, exploring the effect differences at a micro level. The empirical results reveal that while digital transformation in family firms is less effective in enhancing short-term performance compared to non-family firms, it significantly boosts long-term performance more than in non-family firms. Dynamic capabilities serve as the mediating path between DT and performance. Furthermore, focusing on family control characteristics, the paper examines and explains why the effects of DT on performance differ between family and non-family firms. It finds that family ownership and family management weaken the enhancement effect of DT on dynamic capabilities, but family management strengthens the role of dynamic capabilities in improving long-term performance. By exploring the relationship between DT and performance through the lens of firm characteristics, this study not only expands the research perspective on DT in family firms but also contributes to the ongoing debate on the impact of DT.",2026,5,10.1080/14479338.2024.2448486,Canjun C.,Innovation Organization and Management,2-s2.0-85214688964,0.2815366710795889,16
Managerial capabilities as facilitators of digital transformation? Dynamic managerial capabilities as antecedents to digital business model transformation and firm performance,"Digital business model transformation (DBMT) necessitates new managerial capabilities, yet the existing literature lacks an empirical understanding of managerial capabilities as antecedents to strategic change and firm performance. This paper builds on dynamic managerial capabilities theory to argue that managerial human capital—composed of leadership and entrepreneurial skills—is a critical facilitator of DBMT and resultant firm performance. Further, the research model proposes that managers' social capital and cognition positively moderate the relationship between human capital and DBMT. The study's findings from a sample of German Industry 4.0 firms provide new insights into the significance of managerial capabilities in a digital economy. This study advances management literature by demonstrating that the benefits of managers' human capital for DBMT are contingent on its form: entrepreneurial skills facilitate digital transformation integral for firm performance, while leadership skills have no impact on firm performance—neither directly nor indirectly through DBMT. Thus, this study provides strong evidence of the importance of entrepreneurial skills in driving DBMT to increase firm performance. Further, the findings offer a nuanced account of the interrelationships between dynamic managerial capabilities, revealing that higher levels of social capital and lower levels of cognition increase the positive effect of entrepreneurial skills on DBMT. This study altogether reaffirms the significance of managers' dynamic capabilities for strategic change enabled by DBMT and their performance benefits, yet it reveals that the effect mechanisms differ from those found in nondigital research settings.","['Business model', 'Digital transformation', 'Dynamic managerial capabilities', 'Entrepreneurship', 'Firm performance']","['business model', 'digital transformation', 'dynamic managerial capabilities', 'entrepreneurship', 'firm performance']","Managerial capabilities as facilitators of digital transformation? Dynamic managerial capabilities as antecedents to digital business model transformation and firm performance Digital business model transformation (DBMT) necessitates new managerial capabilities, yet the existing literature lacks an empirical understanding of managerial capabilities as antecedents to strategic change and firm performance. This paper builds on dynamic managerial capabilities theory to argue that managerial human capital—composed of leadership and entrepreneurial skills—is a critical facilitator of DBMT and resultant firm performance. Further, the research model proposes that managers' social capital and cognition positively moderate the relationship between human capital and DBMT. The study's findings from a sample of German Industry 4.0 firms provide new insights into the significance of managerial capabilities in a digital economy. This study advances management literature by demonstrating that the benefits of managers' human capital for DBMT are contingent on its form: entrepreneurial skills facilitate digital transformation integral for firm performance, while leadership skills have no impact on firm performance—neither directly nor indirectly through DBMT. Thus, this study provides strong evidence of the importance of entrepreneurial skills in driving DBMT to increase firm performance. Further, the findings offer a nuanced account of the interrelationships between dynamic managerial capabilities, revealing that higher levels of social capital and lower levels of cognition increase the positive effect of entrepreneurial skills on DBMT. This study altogether reaffirms the significance of managers' dynamic capabilities for strategic change enabled by DBMT and their performance benefits, yet it reveals that the effect mechanisms differ from those found in nondigital research settings.",2023,123,10.1016/j.digbus.2023.100053,Heubeck T.,Digital Business,2-s2.0-85150862577,0.28155278222191127,17
Key enablers of dynamic capabilities for digital transformation in supply chain management,"Digital transformation is reshaping supply chains, yet we still know little about how dynamic capabilities are enabled to make large-scale change happen across networks of firms. This study examines the managerial levers that activate sensing, seizing, and reconfiguring during supply chain digitalization. Based on a multiple-case analysis of 17 large international firms and a frequency analysis of 3,326 interview codes, we identify 22 micro-foundations clustered around three managerial enablers, namely leadership approach, investment-decision process, and digital experts, shaping the dynamic capabilities in digitally transforming supply chains. The findings show that a top-down strategic vision fused with bottom-up entrepreneurship, reinforced by cross-functional and inter-organizational collaboration and flexible, impact-based funding, synchronizes sensing with seizing, whereas iterative investment cycles and the staged involvement of digital experts foster continuous reconfiguration of structures and processes. By unpacking the operative “how” behind dynamic capabilities and extending their lens beyond the single firm to the supply chain network, the research advances theory and offers managers actionable levers for accelerating large-scale digital change while preserving entrepreneurial agility.","['Digital transformation', 'Dynamic capabilities', 'Micro-foundations', 'Supply chain management']","['digital transformation', 'dynamic capabilities', 'micro-foundations', 'supply chain management']","Key enablers of dynamic capabilities for digital transformation in supply chain management Digital transformation is reshaping supply chains, yet we still know little about how dynamic capabilities are enabled to make large-scale change happen across networks of firms. This study examines the managerial levers that activate sensing, seizing, and reconfiguring during supply chain digitalization. Based on a multiple-case analysis of 17 large international firms and a frequency analysis of 3,326 interview codes, we identify 22 micro-foundations clustered around three managerial enablers, namely leadership approach, investment-decision process, and digital experts, shaping the dynamic capabilities in digitally transforming supply chains. The findings show that a top-down strategic vision fused with bottom-up entrepreneurship, reinforced by cross-functional and inter-organizational collaboration and flexible, impact-based funding, synchronizes sensing with seizing, whereas iterative investment cycles and the staged involvement of digital experts foster continuous reconfiguration of structures and processes. By unpacking the operative “how” behind dynamic capabilities and extending their lens beyond the single firm to the supply chain network, the research advances theory and offers managers actionable levers for accelerating large-scale digital change while preserving entrepreneurial agility.",2026,2,10.1007/s12063-025-00575-8,Lennartz C.,Operations Management Research,2-s2.0-105029177018,0.28360708225057485,18
"Digital maturity, dynamic capabilities and innovation performance in high-tech SMEs","The rapid advancement of digital technologies has positioned digital transformation as a strategic imperative for firms seeking to enhance innovation and competitiveness. However, existing research predominantly focuses on large corporations, overlooking how high-tech small and medium-sized enterprises (SMEs) navigate digitalization to drive innovation performance. Addressing this gap, this study examines the role of digital maturity in fostering innovation within high-tech SMEs, with a particular emphasis on the mediating effect of dynamic capabilities. Using survey data from 587 high-tech SMEs in China, analyzed through Partial Least Squares Structural Equation Modeling (PLS-SEM), the findings reveal that digital maturity positively influences both dynamic capabilities and innovation performance. Additionally, dynamic capabilities serve as a crucial mediating mechanism between digital maturity and innovation performance, reinforcing the importance of organizational agility and resource reconfiguration in digital transformation. However, the moderating effect of digital maturity on the relationship between dynamic capabilities and innovation performance was not supported, indicating that achieving higher digital maturity alone does not necessarily strengthen this linkage. These insights contribute to the broader discourse on digital transformation by demonstrating that a strategic alignment between digital maturity and dynamic capabilities is essential for high-tech SMEs to achieve sustainable innovation. The findings provide actionable implications for managers and policymakers seeking to optimize digital strategies and enhance competitiveness in rapidly evolving technological landscapes.","['Digital maturity', 'Digital transformation', 'Dynamic capabilities', 'Innovation performance']","['digital maturity', 'digital transformation', 'dynamic capabilities', 'innovation performance']","Digital maturity, dynamic capabilities and innovation performance in high-tech SMEs The rapid advancement of digital technologies has positioned digital transformation as a strategic imperative for firms seeking to enhance innovation and competitiveness. However, existing research predominantly focuses on large corporations, overlooking how high-tech small and medium-sized enterprises (SMEs) navigate digitalization to drive innovation performance. Addressing this gap, this study examines the role of digital maturity in fostering innovation within high-tech SMEs, with a particular emphasis on the mediating effect of dynamic capabilities. Using survey data from 587 high-tech SMEs in China, analyzed through Partial Least Squares Structural Equation Modeling (PLS-SEM), the findings reveal that digital maturity positively influences both dynamic capabilities and innovation performance. Additionally, dynamic capabilities serve as a crucial mediating mechanism between digital maturity and innovation performance, reinforcing the importance of organizational agility and resource reconfiguration in digital transformation. However, the moderating effect of digital maturity on the relationship between dynamic capabilities and innovation performance was not supported, indicating that achieving higher digital maturity alone does not necessarily strengthen this linkage. These insights contribute to the broader discourse on digital transformation by demonstrating that a strategic alignment between digital maturity and dynamic capabilities is essential for high-tech SMEs to achieve sustainable innovation. The findings provide actionable implications for managers and policymakers seeking to optimize digital strategies and enhance competitiveness in rapidly evolving technological landscapes.",2025,53,10.1016/j.iref.2025.103971,Jie H.,International Review of Economics and Finance,2-s2.0-86000347758,0.2863380708059674,19
Is it strategy or technology that drives value? Exploring the impact of digital transformation on manufacturing firms,"This study examines the impact of digital transformation on the market value of manufacturing firms in China, emphasizing the mechanisms driving performance improvement. Using Dynamic Capabilities Theory (DCT), we propose that digital transformation enhances market value through the upgrading of human capital, technological innovation, and operational efficiency. Based on data from 23,440 firm-year observations between 2012 and 2024, our analysis shows that digital transformation positively affects market value, measured by Tobin's Q. We also find that human capital, technological innovation, and operational efficiency mediate this relationship. Furthermore, external factors such as ESG performance and industry competition moderate the effects of digital transformation. Strong ESG ratings amplify its benefits, while greater industry concentration enhances the impact. State-owned and larger firms benefit more due to institutional advantages and resource availability. Additionally, firms with analytical strategies achieve the highest returns, highlighting the role of strategic orientation in digital transformation. These findings offer theoretical insights and practical guidance for managers seeking to use digital transformation for long-term value creation.","['Digital transformation', 'ESG performance', 'Firm performance', 'Human capital', 'Operational efficiency', 'Technological innovation']","['digital transformation', 'esg performance', 'firm performance', 'human capital', 'operational efficiency', 'technological innovation']","Is it strategy or technology that drives value? Exploring the impact of digital transformation on manufacturing firms This study examines the impact of digital transformation on the market value of manufacturing firms in China, emphasizing the mechanisms driving performance improvement. Using Dynamic Capabilities Theory (DCT), we propose that digital transformation enhances market value through the upgrading of human capital, technological innovation, and operational efficiency. Based on data from 23,440 firm-year observations between 2012 and 2024, our analysis shows that digital transformation positively affects market value, measured by Tobin's Q. We also find that human capital, technological innovation, and operational efficiency mediate this relationship. Furthermore, external factors such as ESG performance and industry competition moderate the effects of digital transformation. Strong ESG ratings amplify its benefits, while greater industry concentration enhances the impact. State-owned and larger firms benefit more due to institutional advantages and resource availability. Additionally, firms with analytical strategies achieve the highest returns, highlighting the role of strategic orientation in digital transformation. These findings offer theoretical insights and practical guidance for managers seeking to use digital transformation for long-term value creation.",2026,3,10.1016/j.iref.2026.105076,Jiang Z.,International Review of Economics and Finance,2-s2.0-105032256641,0.2864314083789097,20
Mastering the digital transformation through organizational capabilities: A conceptual framework,"As digital transformation is changing entire industries, organizations are struggling to keep up with these changes. Scholars are viewing organizational capabilities as a central mean for organizations to master digital transformation. Based on a comprehensive literature review, this study identifies a broad set of relevant organizational capabilities and introduces a conceptual framework in which organizational capabilities are clustered into seven relevant themes for managing digital transformation. These capabilities are then embedded in the logic of the dynamic capability theory, highlighting the development of organizational capabilities throughout the digital transformation process. The results reveal that a differentiated perspective on the digital transformation process is beneficial to account for changing needs of organizational capabilities during the transformation process. Just as organizations themselves change during the process, various capabilities at different time points are needed to support and enable organizations during digital transformation. The developed conceptual framework gives organizations guidance for the development of organizational capabilities throughout the digital transformation process.","['Conceptual framework', 'Digital transformation', 'Dynamic capabilities', 'Organizational capabilities']","['conceptual framework', 'digital transformation', 'dynamic capabilities', 'organizational capabilities']","Mastering the digital transformation through organizational capabilities: A conceptual framework As digital transformation is changing entire industries, organizations are struggling to keep up with these changes. Scholars are viewing organizational capabilities as a central mean for organizations to master digital transformation. Based on a comprehensive literature review, this study identifies a broad set of relevant organizational capabilities and introduces a conceptual framework in which organizational capabilities are clustered into seven relevant themes for managing digital transformation. These capabilities are then embedded in the logic of the dynamic capability theory, highlighting the development of organizational capabilities throughout the digital transformation process. The results reveal that a differentiated perspective on the digital transformation process is beneficial to account for changing needs of organizational capabilities during the transformation process. Just as organizations themselves change during the process, various capabilities at different time points are needed to support and enable organizations during digital transformation. The developed conceptual framework gives organizations guidance for the development of organizational capabilities throughout the digital transformation process.",2022,245,10.1016/j.digbus.2021.100019,Konopik J.,Digital Business,2-s2.0-85155450906,0.2892913685722822,21
The effect of process digitalization initiative on firm performance: A dynamic capability development perspective,"Digitalization has been increasingly adopted to transform the manufacturing process and considered as effective to achieve product customization, process efficiency, and firm performance for companies. Nevertheless, misalignment among digital initiative and existing operational routines are found in some companies, making the effectiveness of process digitalization initiative (PDI) uncertain. This research empirically investigates the effect of PDI on firm performance. Taking the perspective of dynamic operational capability, this study considers three key organizational factors, i.e., differentiation strategy, absorptive capability and lean production mechanism, that can facilitate firms to align their existing operational processes with digital technology and examine how they affect the implementation of PDI. We employ the long-horizon event study approach using the panel data collected from 168 firms adopting PDI in China during the period between 2006 and 2018. The findings of this study demonstrate that PDI implementation enhances firm performance. The results also show that differentiation strategy and absorptive capacity can enhance the effect of PDI implementation, but lean production has a substitution role in the effect of PDI. This research contributes to the literature on digital transformation and dynamic capability by investigating the actual effects of PDI implementation and exploring the key elements for its success from a novel perspective (i.e., dynamic capability development). This research also provides practical guidelines to enterprises how to conduct effective process digitalization and valuable insights to governments how to support enterprises for digitalization.","['Absorptive capacity', 'Differentiation strategy', 'Dynamic operational capability', 'Lean production mechanism', 'Process digitalization initiative']","['absorptive capacity', 'differentiation strategy', 'dynamic operational capability', 'lean production mechanism', 'process digitalization initiative']","The effect of process digitalization initiative on firm performance: A dynamic capability development perspective Digitalization has been increasingly adopted to transform the manufacturing process and considered as effective to achieve product customization, process efficiency, and firm performance for companies. Nevertheless, misalignment among digital initiative and existing operational routines are found in some companies, making the effectiveness of process digitalization initiative (PDI) uncertain. This research empirically investigates the effect of PDI on firm performance. Taking the perspective of dynamic operational capability, this study considers three key organizational factors, i.e., differentiation strategy, absorptive capability and lean production mechanism, that can facilitate firms to align their existing operational processes with digital technology and examine how they affect the implementation of PDI. We employ the long-horizon event study approach using the panel data collected from 168 firms adopting PDI in China during the period between 2006 and 2018. The findings of this study demonstrate that PDI implementation enhances firm performance. The results also show that differentiation strategy and absorptive capacity can enhance the effect of PDI implementation, but lean production has a substitution role in the effect of PDI. This research contributes to the literature on digital transformation and dynamic capability by investigating the actual effects of PDI implementation and exploring the key elements for its success from a novel perspective (i.e., dynamic capability development). This research also provides practical guidelines to enterprises how to conduct effective process digitalization and valuable insights to governments how to support enterprises for digitalization.",2022,70,10.1016/j.ijpe.2022.108654,Yang Y.,International Journal of Production Economics,2-s2.0-85139320509,0.2899123090192546,22
"Environmental, social and governance performance: dynamic capabilities through digital transformation","Purpose: While prior studies predominantly focus on the overall impact of digital transformation on environmental, social and governance (ESG) performance, this study employs dynamic capability theory to examine two different dimensions of digital transformation, namely digital transformation quantity and digital transformation structure, and how they influence the ESG performance of enterprises. The mediating roles of social attention and green innovation are investigated to further explore the underlying mechanisms. Design/methodology/approach: The authors apply fixed effects models and empirically test the hypotheses using samples of Chinese A-share listed companies from 2011 to 2020. In addition, difference-in-differences and instrumental variable methods are used in the robustness test. Findings: When digital transformation is categorized into quantity and structure, the impact mechanisms are found to be distinct. Externally, digital transformation quantity attracts social attention, aiding enterprises in evolutionary adaptability and acquiring resources to support ESG practices. Internally, digital transformation structure fosters green innovation, enabling enterprises to overcome technical obstacles and harness technology’s potential to enhance their ESG performance. Originality/value: This study contributes to the current knowledge by differentiating digital transformation into quantity and structure, which helps to further explore the mechanism of digital transformation on ESG and address the research gap. Meanwhile, the concept of adaptability in the dynamic capability theory is employed to construct the model, offering a deeper perspective and expanding the theory. This nuanced investigation of the mediating effects of social attention and green innovation elucidates how different dimensions of digital transformation contribute to the development and utilization of dynamic capabilities, thereby enhancing enterprises’ ESG performance.","['Digital transformation', 'Dynamic capability theory', 'ESG performance', 'Green innovation', 'Social attention']","['digital transformation', 'dynamic capability theory', 'esg performance', 'green innovation', 'social attention']","Environmental, social and governance performance: dynamic capabilities through digital transformation Purpose: While prior studies predominantly focus on the overall impact of digital transformation on environmental, social and governance (ESG) performance, this study employs dynamic capability theory to examine two different dimensions of digital transformation, namely digital transformation quantity and digital transformation structure, and how they influence the ESG performance of enterprises. The mediating roles of social attention and green innovation are investigated to further explore the underlying mechanisms. Design/methodology/approach: The authors apply fixed effects models and empirically test the hypotheses using samples of Chinese A-share listed companies from 2011 to 2020. In addition, difference-in-differences and instrumental variable methods are used in the robustness test. Findings: When digital transformation is categorized into quantity and structure, the impact mechanisms are found to be distinct. Externally, digital transformation quantity attracts social attention, aiding enterprises in evolutionary adaptability and acquiring resources to support ESG practices. Internally, digital transformation structure fosters green innovation, enabling enterprises to overcome technical obstacles and harness technology’s potential to enhance their ESG performance. Originality/value: This study contributes to the current knowledge by differentiating digital transformation into quantity and structure, which helps to further explore the mechanism of digital transformation on ESG and address the research gap. Meanwhile, the concept of adaptability in the dynamic capability theory is employed to construct the model, offering a deeper perspective and expanding the theory. This nuanced investigation of the mediating effects of social attention and green innovation elucidates how different dimensions of digital transformation contribute to the development and utilization of dynamic capabilities, thereby enhancing enterprises’ ESG performance.",2024,57,10.1108/MD-10-2023-2028,Wei J.,Management Decision,2-s2.0-85198095024,0.2901582798075135,23
Linking manufacturing digitalization and technological Innovation: The mediating role of dynamic capabilities,"Amid the expanding digital economy and the progression of Industry 4.0 initiatives, both industry professionals and academic researchers are increasingly focused on unraveling the mechanisms by which manufacturing digitalization drives technological innovation. Build upon the resource-based view and dynamic capability theory, this study develops a theoretical framework and proposes research hypotheses to investigate how manufacturing digitalization and dynamic capabilities influence technological innovation, with particular attention to product and process innovation. Analyzing survey data from 276 manufacturing firms located in the first national-level pilot cities for digital transformation in China, structural equation modeling results reveal that: (1) digitalization within manufacturing firms can significantly promote both product and process innovation; (2) dynamic capabilities play a mediating role in linking manufacturing digitalization with technological innovation. Specifically, dynamic capabilities partially mediate the relationship between manufacturing digitalization and process innovation, and serve as a full mediator in its impact on product innovation. These findings provide theoretical insights and practical implications, helping manufacturing firms better recognize the strategic value of digitalization and dynamic capabilities in enhancing technological innovation through digital transformation.","['Dynamic capabilities', 'Manufacturing digitalization', 'Manufacturing firms', 'Technological innovation']","['dynamic capabilities', 'manufacturing digitalization', 'manufacturing firms', 'technological innovation']","Linking manufacturing digitalization and technological Innovation: The mediating role of dynamic capabilities Amid the expanding digital economy and the progression of Industry 4.0 initiatives, both industry professionals and academic researchers are increasingly focused on unraveling the mechanisms by which manufacturing digitalization drives technological innovation. Build upon the resource-based view and dynamic capability theory, this study develops a theoretical framework and proposes research hypotheses to investigate how manufacturing digitalization and dynamic capabilities influence technological innovation, with particular attention to product and process innovation. Analyzing survey data from 276 manufacturing firms located in the first national-level pilot cities for digital transformation in China, structural equation modeling results reveal that: (1) digitalization within manufacturing firms can significantly promote both product and process innovation; (2) dynamic capabilities play a mediating role in linking manufacturing digitalization with technological innovation. Specifically, dynamic capabilities partially mediate the relationship between manufacturing digitalization and process innovation, and serve as a full mediator in its impact on product innovation. These findings provide theoretical insights and practical implications, helping manufacturing firms better recognize the strategic value of digitalization and dynamic capabilities in enhancing technological innovation through digital transformation.",2025,16,10.1016/j.techsoc.2025.103041,Chen W.,Technology in Society,2-s2.0-105013551391,0.2925107068520889,24
"Enterprise Digital Transformation, Dynamic Capabilities, and ESG Performance: Based on Data From Listed Chinese Companies","Digital transformation improves the operational efficiency and perceptual capabilities of businesses and creates a foundation for fulfilling ESG responsibilities. The authors use the theories of technological innovation and dynamic capabilities and select a sample of 4054 listed companies with commercial integration of ESG rating data to explore the mechanisms through which digital transformation affects ESG performance. Dynamic capabilities are further divided into innovation changeability (IT), coordination integration capability (CI), and learning absorption capability (LA) to investigate the mediating effects and summarize the causal path of “digital transformation - dynamic capabilities - ESG performance.” The research focuses on the impact of digital technology on ESG performance with the aim of helping businesses utilize technology more effectively to build dual competitive advantages in digitization and ESG.","['Digital Transformation', 'Dynamic Capabilities', 'ESG']","['digital transformation', 'dynamic capabilities', 'esg']","Enterprise Digital Transformation, Dynamic Capabilities, and ESG Performance: Based on Data From Listed Chinese Companies Digital transformation improves the operational efficiency and perceptual capabilities of businesses and creates a foundation for fulfilling ESG responsibilities. The authors use the theories of technological innovation and dynamic capabilities and select a sample of 4054 listed companies with commercial integration of ESG rating data to explore the mechanisms through which digital transformation affects ESG performance. Dynamic capabilities are further divided into innovation changeability (IT), coordination integration capability (CI), and learning absorption capability (LA) to investigate the mediating effects and summarize the causal path of “digital transformation - dynamic capabilities - ESG performance.” The research focuses on the impact of digital technology on ESG performance with the aim of helping businesses utilize technology more effectively to build dual competitive advantages in digitization and ESG.",2024,53,10.4018/JGIM.335905,Zhang L.,Journal of Global Information Management,2-s2.0-85182887827,0.2934044939371042,25
"Managing Technological Innovation: Dynamic Capabilities, Collaborative Innovation, and Born-Digital SMEs' Performance","In contrast to the digital transformation of the incumbents, born-digital small- and medium-sized enterprises (SMEs) embrace digital logic in the organization's design, processes, and governance from the very start. So far, scholars have focused on the digital transformation of the incumbents; thus, little is known about how dynamic capabilities, collaborative innovation, and firm performance interact in the context of born-digital SMEs - a new generation of digital firms with no legacy of the incumbent firm. Therefore, the study's research question is how dynamic capabilities and collaborative innovation affect the performance of born-digital SMEs. We aim to investigate the impact of the dynamic capabilities of born-digital SMEs on their performance when collaborative innovations mediate it. The empirical research was based on 268 complete viable responses from born-digital SMEs in the U.S., Sweden, and Lithuania. The study results show that dynamic capabilities' effect on born-digital SMEs' performance is more potent when mediated by collaborative innovations. Furthermore, the study highlights that although the impact of dynamic capabilities on partnership networks and relational collaboration is significant, only relational collaboration significantly affects the performance of born-digital SMEs. Our study contributes to the management of technology literature by advancing knowledge on dynamic capabilities and collaborative innovation of born-digital SMEs. In addition, we are exposing the limited role of partnership networks in born-digital SMEs' superior performance and spotlighting the significance of relational collaboration - cocreating innovative products and services and sharing the cocreated value among the relevant partners.","['Born-digital', 'collaborative innovation', 'dynamic capabilities', 'performance', 'relational collaboration', 'small- and medium-sized enterprise (SME)']","['born-digital', 'collaborative innovation', 'dynamic capabilities', 'performance', 'relational collaboration', 'small- and medium-sized enterprise (sme)']","Managing Technological Innovation: Dynamic Capabilities, Collaborative Innovation, and Born-Digital SMEs' Performance In contrast to the digital transformation of the incumbents, born-digital small- and medium-sized enterprises (SMEs) embrace digital logic in the organization's design, processes, and governance from the very start. So far, scholars have focused on the digital transformation of the incumbents; thus, little is known about how dynamic capabilities, collaborative innovation, and firm performance interact in the context of born-digital SMEs - a new generation of digital firms with no legacy of the incumbent firm. Therefore, the study's research question is how dynamic capabilities and collaborative innovation affect the performance of born-digital SMEs. We aim to investigate the impact of the dynamic capabilities of born-digital SMEs on their performance when collaborative innovations mediate it. The empirical research was based on 268 complete viable responses from born-digital SMEs in the U.S., Sweden, and Lithuania. The study results show that dynamic capabilities' effect on born-digital SMEs' performance is more potent when mediated by collaborative innovations. Furthermore, the study highlights that although the impact of dynamic capabilities on partnership networks and relational collaboration is significant, only relational collaboration significantly affects the performance of born-digital SMEs. Our study contributes to the management of technology literature by advancing knowledge on dynamic capabilities and collaborative innovation of born-digital SMEs. In addition, we are exposing the limited role of partnership networks in born-digital SMEs' superior performance and spotlighting the significance of relational collaboration - cocreating innovative products and services and sharing the cocreated value among the relevant partners.",2024,32,10.1109/TEM.2023.3281722,Pundziene A.,IEEE Transactions on Engineering Management,2-s2.0-85162690230,0.2947350200004839,26
Research on antecedent configurations of enterprise digital transformation and enterprise performance from the perspective of dynamic capability,"Based on the dynamic capability theory, this paper integrates the fsQCA and PSM methods to examine the antecedent configuration and subsequent performance of the digital transformation of Chinese listed manufacturing enterprises. The study shows that the following three configurations can lead to high-maturity digital transformation: efficient innovation, robust adaptation, and forward-looking innovation. At the same time, different configurations have different effects on enterprise performance. For instance, “efficient innovation” and “robust adaptation” can significantly improve the financial performance of enterprises but have no significant effect on market performance. While on the other hand, “forward-looking innovation” can negatively affect the market performance of enterprises but has no significant effect on the financial performance.","['Digital transformation', 'Dynamic capability', 'Financial performance', 'Market performance']","['digital transformation', 'dynamic capability', 'financial performance', 'market performance']","Research on antecedent configurations of enterprise digital transformation and enterprise performance from the perspective of dynamic capability Based on the dynamic capability theory, this paper integrates the fsQCA and PSM methods to examine the antecedent configuration and subsequent performance of the digital transformation of Chinese listed manufacturing enterprises. The study shows that the following three configurations can lead to high-maturity digital transformation: efficient innovation, robust adaptation, and forward-looking innovation. At the same time, different configurations have different effects on enterprise performance. For instance, “efficient innovation” and “robust adaptation” can significantly improve the financial performance of enterprises but have no significant effect on market performance. While on the other hand, “forward-looking innovation” can negatively affect the market performance of enterprises but has no significant effect on the financial performance.",2023,29,10.1016/j.frl.2023.104170,Wang Y.,Finance Research Letters,2-s2.0-85165118375,0.2948430601533337,27
"Digital transformation, dynamic capabilities, and aggressive corporate strategy","This article explores the intrinsic relationship between the process of digital transformation, the construction of dynamic capabilities, and the tendency for strategic aggressiveness in non-financial listed companies in China based on empirical data from 2010 to 2023. The research confirms that digital transformation and dynamic capabilities significantly promote strategic aggressiveness in enterprises. Dynamic capabilities serve as a mediating factor in the relationship between digital transformation and corporate strategic aggressiveness. Heterogeneity analysis reveals significant differences in the impact of digital transformation and dynamic capabilities on strategic aggressiveness between state-owned enterprises (SOEs) and private enterprises (PEs). Furthermore, the effect of digital transformation on strategic aggressiveness shows notable heterogeneity between firms with high and low levels of chairman shareholding.","['Digital transformation', 'Dynamic capabilities', 'Strategic aggressiveness']","['digital transformation', 'dynamic capabilities', 'strategic aggressiveness']","Digital transformation, dynamic capabilities, and aggressive corporate strategy This article explores the intrinsic relationship between the process of digital transformation, the construction of dynamic capabilities, and the tendency for strategic aggressiveness in non-financial listed companies in China based on empirical data from 2010 to 2023. The research confirms that digital transformation and dynamic capabilities significantly promote strategic aggressiveness in enterprises. Dynamic capabilities serve as a mediating factor in the relationship between digital transformation and corporate strategic aggressiveness. Heterogeneity analysis reveals significant differences in the impact of digital transformation and dynamic capabilities on strategic aggressiveness between state-owned enterprises (SOEs) and private enterprises (PEs). Furthermore, the effect of digital transformation on strategic aggressiveness shows notable heterogeneity between firms with high and low levels of chairman shareholding.",2025,11,10.1016/j.iref.2025.104603,Zhou J.,International Review of Economics and Finance,2-s2.0-105015960233,0.294871252268165,28
Using dynamic capabilities to cope with digital transformation and boost innovation in traditional banks,"Financial institutions operate in a competitive, complex, and uncertain environment. A series of changes—many accelerated by the COVID-19 pandemic—demand innovative movements from the organizations that operate in the sector. The emergence of new business models (e.g., fintecs) requires a realignment of the capabilities of traditional organizations, such as banks. Indeed, internal adaptations and the formulation of market strategies focused on a digital user are part of the current narrative. But how can it be executed? This article explores the relationship between dynamic capabilities and digital transformation. In summary, we present insights about how dynamic capabilities can drive innovation in traditional financial institutions based on the challenges brought by digital transformation. Starting from a Brazilian case study, we identified that external and internal contextual factors—especially the political-legal environment and cultural and governance issues—are necessary for stimulating the dynamic capabilities that should be addressed for digital transformation. Finally, we propose a framework that summarizes how dynamic capabilities enable the guidance of traditional banks amid challenges caused by digital transformation.","['Digital transformation', 'Dynamic capabilities', 'Organizational resilience', 'Technology disruption']","['digital transformation', 'dynamic capabilities', 'organizational resilience', 'technology disruption']","Using dynamic capabilities to cope with digital transformation and boost innovation in traditional banks Financial institutions operate in a competitive, complex, and uncertain environment. A series of changes—many accelerated by the COVID-19 pandemic—demand innovative movements from the organizations that operate in the sector. The emergence of new business models (e.g., fintecs) requires a realignment of the capabilities of traditional organizations, such as banks. Indeed, internal adaptations and the formulation of market strategies focused on a digital user are part of the current narrative. But how can it be executed? This article explores the relationship between dynamic capabilities and digital transformation. In summary, we present insights about how dynamic capabilities can drive innovation in traditional financial institutions based on the challenges brought by digital transformation. Starting from a Brazilian case study, we identified that external and internal contextual factors—especially the political-legal environment and cultural and governance issues—are necessary for stimulating the dynamic capabilities that should be addressed for digital transformation. Finally, we propose a framework that summarizes how dynamic capabilities enable the guidance of traditional banks amid challenges caused by digital transformation.",2024,32,10.1016/j.bushor.2024.03.006,de Paula Pereira G.,Business Horizons,2-s2.0-85190732601,0.29567066666578934,29
Enlightening the dynamic capabilities of design thinking in fostering digital transformation,"Digital transformation describes the deep-seated changes in organizational activities, processes, and capabilities induced by the advent of digital technologies. Digital transformation requires sensing, seizing, and reconfiguring the digital technological challenges into opportunities. Academic literature acknowledges the central role of design as a driver of innovation. Furthermore, recent research discloses the value that design, especially design thinking, can have in leading digital transformations. In this understanding, design thinking has been proven to be an approach based on dynamic capabilities. What seems to lack in the current understanding is how the dynamic capabilities of design thinking can facilitate digital transformation. Thus, the paper aims to shed light on how dynamic capabilities of design thinking foster discovering the opportunities digital technologies provide to enact the transformation. This paper investigates four different cases of consulting projects where the adoption of design thinking dynamic capabilities enhance the value of digital technologies towards a more human centric digital transformation. By being a business-to-business market, the consulting environment might inform readers how design thinking dynamic capabilities are salient for digital transformation. Examining them, the paper proposes five design thinking dynamic capabilities that managers should cultivate: extending, debating, cropping, interpreting, and recombining. Concerning academic debate, the paper enriches the understanding of digital transformation by unshadowing the value that design thinking dynamic capabilities might play in it.","['Design capabilities', 'Design thinking', 'Digital technologies', 'Digital transformation', 'Dynamic capabilities', 'Innovation']","['design capabilities', 'design thinking', 'digital technologies', 'digital transformation', 'dynamic capabilities', 'innovation']","Enlightening the dynamic capabilities of design thinking in fostering digital transformation Digital transformation describes the deep-seated changes in organizational activities, processes, and capabilities induced by the advent of digital technologies. Digital transformation requires sensing, seizing, and reconfiguring the digital technological challenges into opportunities. Academic literature acknowledges the central role of design as a driver of innovation. Furthermore, recent research discloses the value that design, especially design thinking, can have in leading digital transformations. In this understanding, design thinking has been proven to be an approach based on dynamic capabilities. What seems to lack in the current understanding is how the dynamic capabilities of design thinking can facilitate digital transformation. Thus, the paper aims to shed light on how dynamic capabilities of design thinking foster discovering the opportunities digital technologies provide to enact the transformation. This paper investigates four different cases of consulting projects where the adoption of design thinking dynamic capabilities enhance the value of digital technologies towards a more human centric digital transformation. By being a business-to-business market, the consulting environment might inform readers how design thinking dynamic capabilities are salient for digital transformation. Examining them, the paper proposes five design thinking dynamic capabilities that managers should cultivate: extending, debating, cropping, interpreting, and recombining. Concerning academic debate, the paper enriches the understanding of digital transformation by unshadowing the value that design thinking dynamic capabilities might play in it.",2021,140,10.1016/j.indmarman.2021.06.014,Magistretti S.,Industrial Marketing Management,2-s2.0-85109153903,0.2964018846018257,30
The impact of dynamic capabilities on enterprise agility: The intervening roles of digital transformation and IT alignment,"The purpose of this study is to investigate the impact of dynamic capabilities on enterprise agility through the mediating effect of IT alignment and the moderating influence of digital transformation. Using a quantitative survey strategy, data were collected from 236 respondents from UAE firms and analysed through a non-linear structural equation modelling approach, partial least squares (PLS-SEM). The study ’s findings indicate that firms’ transforming, sensing and seizing capabilities enhance enterprise agility, respectively. However, only transforming and seizing increase IT alignment, which in turn improved agility. Also, digital transformation was found to moderate the link between transforming and enterprise agility, while IT allignment acted as a mediator. The study offers novel evidence uncovering the mechanism whereby sub-dimensional dynamic capabilities impact enterprise agility. Precisely, it provides fresh evidence on the critical intervening roles of digital transformation and IT alignment in the UAE context.","['Digital transformation', 'Dynamic capability', 'Enterprise agility', 'IT alignment']","['digital transformation', 'dynamic capability', 'enterprise agility', 'it alignment']","The impact of dynamic capabilities on enterprise agility: The intervening roles of digital transformation and IT alignment The purpose of this study is to investigate the impact of dynamic capabilities on enterprise agility through the mediating effect of IT alignment and the moderating influence of digital transformation. Using a quantitative survey strategy, data were collected from 236 respondents from UAE firms and analysed through a non-linear structural equation modelling approach, partial least squares (PLS-SEM). The study ’s findings indicate that firms’ transforming, sensing and seizing capabilities enhance enterprise agility, respectively. However, only transforming and seizing increase IT alignment, which in turn improved agility. Also, digital transformation was found to moderate the link between transforming and enterprise agility, while IT allignment acted as a mediator. The study offers novel evidence uncovering the mechanism whereby sub-dimensional dynamic capabilities impact enterprise agility. Precisely, it provides fresh evidence on the critical intervening roles of digital transformation and IT alignment in the UAE context.",2024,34,10.1016/j.joitmc.2024.100266,Al Jabri M.A.,Journal of Open Innovation Technology Market and Complexity,2-s2.0-85190338150,0.2977861760615148,31
"Harnessing Intellectual Capital, Digital Leadership, and Dynamic Capabilities to Reorchestrate Change in Digital Transformation","Digital transformation has become a critical imperative for organizations seeking to maintain competitiveness and resilience in rapidly evolving digital environments. This study aims to examine the influence of digital leadership and intellectual capital on digital transformation through the mediating role of dynamic capabilities. Specifically, it investigates the extent to which digital leadership and intellectual capital, with its human, structural, and relational components, contribute to the development of dynamic capabilities and, in turn, support digital transformation efforts. The study is based on survey data collected from 214 respondents across organizations actively engaged in digital transformation initiatives, using a non-random sampling approach. A quantitative analysis was employed to test the proposed relationships among digital leadership, intellectual capital, dynamic capabilities, and digital transformation. The results indicate that digital leadership has a significant positive effect on both dynamic capabilities and digital transformation. Indeed, intellectual capital components significantly enhance dynamic capabilities. However, only human capital demonstrates a direct positive effect on digital transformation, while structural and relational capital do not. The direct relationship between dynamic capabilities and digital transformation is not supported. Nevertheless, dynamic capabilities significantly mediate the relationship between digital leadership and digital transformation, as well as between intellectual capital and digital transformation. These findings underscore the pivotal role of digital leadership in driving digital transformation and highlight the strategic importance of intellectual capital in strengthening dynamic capabilities. The study offers theoretical and managerial implications for enhancing organizational adaptability, resilience, and long-term competitiveness in digitally turbulent environments.","['competitive advantage', 'digital leadership', 'digital transformation', 'dynamic capabilities', 'intellectual capital', 'organizational adaptability', 'technological innovation']","['competitive advantage', 'digital leadership', 'digital transformation', 'dynamic capabilities', 'intellectual capital', 'organizational adaptability', 'technological innovation']","Harnessing Intellectual Capital, Digital Leadership, and Dynamic Capabilities to Reorchestrate Change in Digital Transformation Digital transformation has become a critical imperative for organizations seeking to maintain competitiveness and resilience in rapidly evolving digital environments. This study aims to examine the influence of digital leadership and intellectual capital on digital transformation through the mediating role of dynamic capabilities. Specifically, it investigates the extent to which digital leadership and intellectual capital, with its human, structural, and relational components, contribute to the development of dynamic capabilities and, in turn, support digital transformation efforts. The study is based on survey data collected from 214 respondents across organizations actively engaged in digital transformation initiatives, using a non-random sampling approach. A quantitative analysis was employed to test the proposed relationships among digital leadership, intellectual capital, dynamic capabilities, and digital transformation. The results indicate that digital leadership has a significant positive effect on both dynamic capabilities and digital transformation. Indeed, intellectual capital components significantly enhance dynamic capabilities. However, only human capital demonstrates a direct positive effect on digital transformation, while structural and relational capital do not. The direct relationship between dynamic capabilities and digital transformation is not supported. Nevertheless, dynamic capabilities significantly mediate the relationship between digital leadership and digital transformation, as well as between intellectual capital and digital transformation. These findings underscore the pivotal role of digital leadership in driving digital transformation and highlight the strategic importance of intellectual capital in strengthening dynamic capabilities. The study offers theoretical and managerial implications for enhancing organizational adaptability, resilience, and long-term competitiveness in digitally turbulent environments.",2026,2,10.1002/kpm.70033,Ben Sedrine Doghri S.,Knowledge and Process Management,2-s2.0-105031507449,0.29804187116047964,32
Digital Capabilities on Business Performance: Does It Matter?,"Objective: the study aims to address the central research question: How do digital capabilities impact the performance of digital businesses? We explore digital capabilities in the context of digital transformation, enhancing the understanding of this phenomenon for businesses through dynamic capability theory and defining digital capabilities based on previous studies. Methods: these capabilities are presented in the research model. A survey was conducted with 308 digital businesses, and the hypotheses were tested using partial least squares structural equation modeling. Results: this paper demonstrates the significant impact of digital capabilities on business performance, providing evidence that ecosystem orchestration capability is a precursor to other capabilities. Conclusions: we conclude that a critical factor for a digital business’s success is its responsiveness. Digital capabilities are essential for a company’s success in the new digital business landscape. Additionally, digital technologies enable entrepreneurs to create innovations that cross traditional industry boundaries, integrating digital and non-digital assets and scaling new ventures with new products, services, and business models. This study is valuable for managers to direct investments in digital technologies, integrate stakeholders, and respond quickly to customer demands to enhance performance.","['digital business performance', 'digital capabilities', 'ecosystem orchestration', 'process digitization', 'responsiveness']","['digital business performance', 'digital capabilities', 'ecosystem orchestration', 'process digitization', 'responsiveness']","Digital Capabilities on Business Performance: Does It Matter? Objective: the study aims to address the central research question: How do digital capabilities impact the performance of digital businesses? We explore digital capabilities in the context of digital transformation, enhancing the understanding of this phenomenon for businesses through dynamic capability theory and defining digital capabilities based on previous studies. Methods: these capabilities are presented in the research model. A survey was conducted with 308 digital businesses, and the hypotheses were tested using partial least squares structural equation modeling. Results: this paper demonstrates the significant impact of digital capabilities on business performance, providing evidence that ecosystem orchestration capability is a precursor to other capabilities. Conclusions: we conclude that a critical factor for a digital business’s success is its responsiveness. Digital capabilities are essential for a company’s success in the new digital business landscape. Additionally, digital technologies enable entrepreneurs to create innovations that cross traditional industry boundaries, integrating digital and non-digital assets and scaling new ventures with new products, services, and business models. This study is valuable for managers to direct investments in digital technologies, integrate stakeholders, and respond quickly to customer demands to enhance performance.",2025,4,10.1590/1807-7692bar2024230128,Freitas Junior J.C.d.S.,Bar Brazilian Administration Review,2-s2.0-85216534394,0.2982476654123932,33
"Disentangling the dynamic digital capability, digital transformation, and organizational performance relationships in SMEs: a configurational analysis based on fsQCA","While digitalization has become inevitable for firms of every size, a limited number of studies to date aimed to investigate the impact of digital capabilities and digital transformation on the organizational performance of small businesses. Drawing on the dynamic capabilities view, the current study analyzes the conditions under which the dynamic digital capability of a small and medium-sized enterprise (SME) would lead to higher performance. In this study, a unique fuzzy-set qualitative comparative analysis methodology was used for analyzing the data collected from 136 SMEs for investigating the IT utilization, human capital, digital maturity, and digitalization strategy antecedents of dynamic digital capability. The results reveal that two particular configurations of dynamic digital capability are identified as the main digitalization influencers of organizational performance in SMEs. To the best of our knowledge, this study presents the first empirical findings to the literature about dynamic digital capability and organizational performance relationships in SMEs through the utilization of configurational analysis methodology. Theoretically, the study addresses an acknowledged need for a holistic approach to uncover the underlying mechanisms of dynamic digital capability formation and digital transformation in small firms, with their impact on firm performance. The findings also present vital practical implications for business owners, policy-makers, and bodies responsible for SMEs, by providing new insights about the combination of factors that drive high performance, particularly at times of turbulence, in these units.","['Digital transformation', 'Dynamic digital capability', 'fsQCA', 'Organizational innovation', 'Configurational approach', 'Small to medium-sized enterprises']","['digital transformation', 'dynamic digital capability', 'fsqca', 'organizational innovation', 'configurational approach', 'small to medium-sized enterprises']","Disentangling the dynamic digital capability, digital transformation, and organizational performance relationships in SMEs: a configurational analysis based on fsQCA While digitalization has become inevitable for firms of every size, a limited number of studies to date aimed to investigate the impact of digital capabilities and digital transformation on the organizational performance of small businesses. Drawing on the dynamic capabilities view, the current study analyzes the conditions under which the dynamic digital capability of a small and medium-sized enterprise (SME) would lead to higher performance. In this study, a unique fuzzy-set qualitative comparative analysis methodology was used for analyzing the data collected from 136 SMEs for investigating the IT utilization, human capital, digital maturity, and digitalization strategy antecedents of dynamic digital capability. The results reveal that two particular configurations of dynamic digital capability are identified as the main digitalization influencers of organizational performance in SMEs. To the best of our knowledge, this study presents the first empirical findings to the literature about dynamic digital capability and organizational performance relationships in SMEs through the utilization of configurational analysis methodology. Theoretically, the study addresses an acknowledged need for a holistic approach to uncover the underlying mechanisms of dynamic digital capability formation and digital transformation in small firms, with their impact on firm performance. The findings also present vital practical implications for business owners, policy-makers, and bodies responsible for SMEs, by providing new insights about the combination of factors that drive high performance, particularly at times of turbulence, in these units.",2026,17,10.1007/s10799-024-00437-y,Karadağ H.,Information Technology and Management,2-s2.0-85202928660,0.2994321032514634,34
Assessing the Impact of Strategic and Organizational Factors on Digital Capabilities,"Digital Transformation (DT) involves the use of new digital technologies to enable major business improvements that enhance customer experience, accelerate operations, create new business models, and improve the daily operations of companies. Drawing on dynamic capability theory, this empirical study assesses the impact of strategic and organizational factors on building digital capabilities (DC), which are technology-based abilities, supported by a digitally advanced mindset to carry out tasks and processes. The proposed model analyzes unexplored connections between digital vision or orientation, organizational culture, DT-oriented leadership, and human resources practices and their impact on DC. Hypotheses are tested in a sample of 110 Spanish financial and consulting companies using a structural equation model (SEM) employing the partial least squares (PLS) technique. Our findings reveal that all the variables introduced in the model are enablers of DC, contributing also to a company's DT. The main contribution of this research is to show how DC are developed by employing coherent strategic and organizational factors, which support the development of DT.","['digital capabilities', 'digital culture', 'digital transformation (DT)', 'digital-oriented human resources practices', 'DT vision', 'leadership']","['digital capabilities', 'digital culture', 'digital transformation (dt)', 'digital-oriented human resources practices', 'dt vision', 'leadership']","Assessing the Impact of Strategic and Organizational Factors on Digital Capabilities Digital Transformation (DT) involves the use of new digital technologies to enable major business improvements that enhance customer experience, accelerate operations, create new business models, and improve the daily operations of companies. Drawing on dynamic capability theory, this empirical study assesses the impact of strategic and organizational factors on building digital capabilities (DC), which are technology-based abilities, supported by a digitally advanced mindset to carry out tasks and processes. The proposed model analyzes unexplored connections between digital vision or orientation, organizational culture, DT-oriented leadership, and human resources practices and their impact on DC. Hypotheses are tested in a sample of 110 Spanish financial and consulting companies using a structural equation model (SEM) employing the partial least squares (PLS) technique. Our findings reveal that all the variables introduced in the model are enablers of DC, contributing also to a company's DT. The main contribution of this research is to show how DC are developed by employing coherent strategic and organizational factors, which support the development of DT.",2026,2,10.1002/jsc.70065,Guadamillas F.,Strategic Change,2-s2.0-105034187482,0.2996696174319762,35
"More capable, more innovative? An empirical inquiry into the effects of dynamic managerial capabilities on digital firms' innovativeness","Purpose: Managers play a critical role in shaping the development of firms due to the risky and long-term nature of innovation. Although the managerial effect on strategic change has long been factored into organizational theories, scholars still lack a complete understanding of the specific managerial capabilities that drive innovation in today's digital economy. The present study builds on dynamic managerial capabilities theory to close this research gap. The paper proposes managers' dynamic capabilities and their three underlying drivers – managerial human capital, social capital, and cognition – as a direct antecedent to digital firms' innovativeness. Design/methodology/approach: The study draws on survey data from German Industry 4.0 manufacturing firms, which were analyzed using regression analysis. Findings: The results confirm managers' dynamic capabilities as facilitators of innovation. In contrast to previous research on nondigital industries, the findings demonstrate that only the complete portfolio of managers' dynamic capabilities promotes innovativeness in digital firms. The study provides evidence for the importance of dynamic managerial capabilities in the digital economy yet contradicts previous research on nondigital industries related to the advantageousness of managers' human capital, social capital, and cognition for innovation. Originality/value: The study contributes to the literature by being the first to holistically test the effects of dynamic managerial capabilities on innovation in digital firms. The results offer a nuanced account of managers' dynamic capabilities, thereby expanding dynamic managerial capabilities theory to the digital economy.","['Digital transformation', 'Dynamic managerial capabilities', 'Human capital', 'Innovation', 'Managerial cognition', 'Social capital']","['digital transformation', 'dynamic managerial capabilities', 'human capital', 'innovation', 'managerial cognition', 'social capital']","More capable, more innovative? An empirical inquiry into the effects of dynamic managerial capabilities on digital firms' innovativeness Purpose: Managers play a critical role in shaping the development of firms due to the risky and long-term nature of innovation. Although the managerial effect on strategic change has long been factored into organizational theories, scholars still lack a complete understanding of the specific managerial capabilities that drive innovation in today's digital economy. The present study builds on dynamic managerial capabilities theory to close this research gap. The paper proposes managers' dynamic capabilities and their three underlying drivers – managerial human capital, social capital, and cognition – as a direct antecedent to digital firms' innovativeness. Design/methodology/approach: The study draws on survey data from German Industry 4.0 manufacturing firms, which were analyzed using regression analysis. Findings: The results confirm managers' dynamic capabilities as facilitators of innovation. In contrast to previous research on nondigital industries, the findings demonstrate that only the complete portfolio of managers' dynamic capabilities promotes innovativeness in digital firms. The study provides evidence for the importance of dynamic managerial capabilities in the digital economy yet contradicts previous research on nondigital industries related to the advantageousness of managers' human capital, social capital, and cognition for innovation. Originality/value: The study contributes to the literature by being the first to holistically test the effects of dynamic managerial capabilities on innovation in digital firms. The results offer a nuanced account of managers' dynamic capabilities, thereby expanding dynamic managerial capabilities theory to the digital economy.",2022,57,10.1108/EJIM-02-2022-0099,Heubeck T.,European Journal of Innovation Management,2-s2.0-85135471311,0.3011848812721616,36
"Turning the lens: linking knowledge-based dynamic capabilities, digital transformation and business model innovation","Purpose – As organizations face constant disruption from technological innovation and evolving market demands, understanding how to successfully implement digital transformation (DT) has become increasingly critical. While prior research has often examined how DT influences dynamic capabilities (DCs), this study aims to invert that perspective by investigating how three specific DCs, namely, information capability, organizational agility and absorptive capacity, enable DT. It further explores the mediating role of business model innovation (BMI) in the relationship between DT and company performance. Design/methodology/approach – The study is based on surveys data collected from 184 chief executive officers of Spanish enterprises analyzed using partial least squares structural equation modeling. Findings – The results show that all three DCs have a significant positive effect on DT. Furthermore, BMI plays a partial mediating role in the relationship between DT and company performance. Practical implications – The findings suggest that managers should prioritize the development of internal capabilities before initiating DT efforts. In particular, fostering organizational agility, strengthening information practices and enhancing the ability to acquire and integrate external knowledge are crucial for enabling transformation and driving performance through BMI. Originality/value – This study advances the DCs framework by demonstrating how specific knowledge-based capabilities function as antecedents to DT, thereby emphasizing internal organizational conditions over external tools. Furthermore, by empirically validating the mediating role of BMI, it clarifies the mechanisms through which DT as a holistic process contributes to performance gains, rather than through isolated digital technologies.","['Business model innovation', 'Company performance', 'Digital transformation', 'Dynamic capabilities']","['business model innovation', 'company performance', 'digital transformation', 'dynamic capabilities']","Turning the lens: linking knowledge-based dynamic capabilities, digital transformation and business model innovation Purpose – As organizations face constant disruption from technological innovation and evolving market demands, understanding how to successfully implement digital transformation (DT) has become increasingly critical. While prior research has often examined how DT influences dynamic capabilities (DCs), this study aims to invert that perspective by investigating how three specific DCs, namely, information capability, organizational agility and absorptive capacity, enable DT. It further explores the mediating role of business model innovation (BMI) in the relationship between DT and company performance. Design/methodology/approach – The study is based on surveys data collected from 184 chief executive officers of Spanish enterprises analyzed using partial least squares structural equation modeling. Findings – The results show that all three DCs have a significant positive effect on DT. Furthermore, BMI plays a partial mediating role in the relationship between DT and company performance. Practical implications – The findings suggest that managers should prioritize the development of internal capabilities before initiating DT efforts. In particular, fostering organizational agility, strengthening information practices and enhancing the ability to acquire and integrate external knowledge are crucial for enabling transformation and driving performance through BMI. Originality/value – This study advances the DCs framework by demonstrating how specific knowledge-based capabilities function as antecedents to DT, thereby emphasizing internal organizational conditions over external tools. Furthermore, by empirically validating the mediating role of BMI, it clarifies the mechanisms through which DT as a holistic process contributes to performance gains, rather than through isolated digital technologies.",2026,2,10.1108/JKM-06-2025-0918,Nicolás-Agustín Á.,Journal of Knowledge Management,2-s2.0-105039108625,0.30249671340269424,37
The role of dynamic capabilities in responding to digital disruption: A factor-based study of the newspaper industry,"Internet and digitization are fundamentally changing and disrupting newspaper companies' traditional operating models. Disruptive innovation theory offers explanations for why companies succeed or fail to respond to disruptive innovations. This study builds on disruptive innovation theory by ascertaining the role of dynamic capabilities in the performance of response to digital disruption. Empirical results suggest that first-order dynamic capabilities that are created by changing, extending, or adapting a firm's existing resources, processes, and values are positively associated with building digital platform capabilities, and that these capabilities impact the performance of response to digital disruption. For information systems (IS) researchers, this study clarifies the role of first-order dynamic capabilities in responding to digital disruption. For IS practice, it helps managers to focus on the most promising factors for creating first-order dynamic capabilities, for building digital platform capabilities, and for reinventing their core functions to accelerate digitization.","['Autonomous growth group', 'Common language', 'Digital disruption', 'Digital platforms', 'Digital transformation', 'Digitization', 'Disruptive innovation', 'Innovative culture', 'Multimedia mindset', 'Organizational capabilities', 'Resources-processes-values (RPV) framework', 'Response performance', 'Staged resource allocation']","['autonomous growth group', 'common language', 'digital disruption', 'digital platforms', 'digital transformation', 'digitization', 'disruptive innovation', 'innovative culture', 'multimedia mindset', 'organizational capabilities', 'resources-processes-values (rpv) framework', 'response performance', 'staged resource allocation']","The role of dynamic capabilities in responding to digital disruption: A factor-based study of the newspaper industry Internet and digitization are fundamentally changing and disrupting newspaper companies' traditional operating models. Disruptive innovation theory offers explanations for why companies succeed or fail to respond to disruptive innovations. This study builds on disruptive innovation theory by ascertaining the role of dynamic capabilities in the performance of response to digital disruption. Empirical results suggest that first-order dynamic capabilities that are created by changing, extending, or adapting a firm's existing resources, processes, and values are positively associated with building digital platform capabilities, and that these capabilities impact the performance of response to digital disruption. For information systems (IS) researchers, this study clarifies the role of first-order dynamic capabilities in responding to digital disruption. For IS practice, it helps managers to focus on the most promising factors for creating first-order dynamic capabilities, for building digital platform capabilities, and for reinventing their core functions to accelerate digitization.",2015,791,10.1080/07421222.2015.1029380,Karimi J.,Journal of Management Information Systems,2-s2.0-84943371154,0.3046150871481603,38
Dynamic capabilities as paths to organizational readiness for digital transformation: an analysis of the NRRP horizontal reform “public administration digitalization”,"Over the last two decades, the adoption of information and communication technologies has proven beneficial to public deliveries allowing organizations to transform many traditional encounters into automated or smart services. Examples of such usages include online student classes, remote patient-family physician relationships, and from-home work for civil servants. Pursuing such goals has led several governments to prioritize digital transformation for their reform agenda. However, implementing digital transformation in public sector organizations does not equate to digitizing, i.e., the simple conversion of analog inputs into digits but “being digital”. Such a metamorphosis demands the development of specific dynamic capabilities which make an organization ready to implement digital transformation. To investigate such a transformation process, the paper adopts the organizational readiness framework to assess the NRRP horizontal reform “public administration digitalization” with the intent to reveal which organizational and managerial logic, resources, and routines lead to public value creation through digitalization. Our analysis illustrates how integrating technological-driven dynamic capabilities with human resources digital skills provides paths for public sector organizations to move from a mere “digitization” to a pervasive “digitalization”, enabling superior public value appropriation by the user, community, and service professionals.","['Digital transformation', 'Dynamic capabilities', 'National Recovery and Resilience Plan', 'organizational readiness', 'Public value creation']","['digital transformation', 'dynamic capabilities', 'national recovery and resilience plan', 'organizational readiness', 'public value creation']","Dynamic capabilities as paths to organizational readiness for digital transformation: an analysis of the NRRP horizontal reform “public administration digitalization” Over the last two decades, the adoption of information and communication technologies has proven beneficial to public deliveries allowing organizations to transform many traditional encounters into automated or smart services. Examples of such usages include online student classes, remote patient-family physician relationships, and from-home work for civil servants. Pursuing such goals has led several governments to prioritize digital transformation for their reform agenda. However, implementing digital transformation in public sector organizations does not equate to digitizing, i.e., the simple conversion of analog inputs into digits but “being digital”. Such a metamorphosis demands the development of specific dynamic capabilities which make an organization ready to implement digital transformation. To investigate such a transformation process, the paper adopts the organizational readiness framework to assess the NRRP horizontal reform “public administration digitalization” with the intent to reveal which organizational and managerial logic, resources, and routines lead to public value creation through digitalization. Our analysis illustrates how integrating technological-driven dynamic capabilities with human resources digital skills provides paths for public sector organizations to move from a mere “digitization” to a pervasive “digitalization”, enabling superior public value appropriation by the user, community, and service professionals.",2023,2,10.30448/AP.2023.3.01,Vignieri V.,Azienda Pubblica,2-s2.0-105039647542,0.30521040573271774,39
Toward a dynamic capability perspective of digital transformation in SMEs: A study of the mobility sector,"Digital Transformation (DT) has been considered a critical structural change for SMEs to be responsive and agile in today's dynamic and turbulent business environments. This significance is more evident in mobility and transport systems in which the sector is undergoing radical technological changes in the context of smart cities. However, SMEs must possess some capabilities to successfully leverage DT toward better performance and gain a competitive advantage. The current research is a step forward toward achieving this goal. Using a multiple case study of mobility sector SMEs in Australia, the authors explore the nature of Dynamic Capabilities (DC) in SMEs and discover digital transformation's enablers, barriers, and performance outcomes.","['Case study', 'Competitive advantage', 'Digital transformation', 'Dynamic capabilities', 'Innovation', 'Performance', 'Qualitative study']","['case study', 'competitive advantage', 'digital transformation', 'dynamic capabilities', 'innovation', 'performance', 'qualitative study']","Toward a dynamic capability perspective of digital transformation in SMEs: A study of the mobility sector Digital Transformation (DT) has been considered a critical structural change for SMEs to be responsive and agile in today's dynamic and turbulent business environments. This significance is more evident in mobility and transport systems in which the sector is undergoing radical technological changes in the context of smart cities. However, SMEs must possess some capabilities to successfully leverage DT toward better performance and gain a competitive advantage. The current research is a step forward toward achieving this goal. Using a multiple case study of mobility sector SMEs in Australia, the authors explore the nature of Dynamic Capabilities (DC) in SMEs and discover digital transformation's enablers, barriers, and performance outcomes.",2024,105,10.1016/j.jclepro.2024.140718,Saeedikiya M.,Journal of Cleaner Production,2-s2.0-85184146640,0.30711688949619087,40
Digital transformation and customer value creation in Made in Italy SMEs: A dynamic capabilities perspective,"This study examines the impact of digital transformation on customer value creation in the context of small and medium-sized firms (SMEs) operating in the Made in Italy sectors, with the aim of understanding how dynamic capabilities, as enabling mechanisms, may foster digital transformation. We use multi-case study research on the digital transformation of six Made in Italy SMEs, belonging to the food, fashion, and furniture design industries. The results show that, for the selected SMEs, digital instruments contribute to innovation of their business model, creating new distribution channels and new ways to create and deliver value to customer segments. The results highlight the relevance of sensing and learning capabilities as triggers of digital transformation. In addition to the theoretical contribution to the existing literature on digital transformation and organizational capability, this study provides some managerial implications for digital transformation in SMEs operating in the Made in Italy sectors.","['Customer value creation', 'Digital transformation', 'Dynamic capabilities', 'Made in Italy', 'SME']","['customer value creation', 'digital transformation', 'dynamic capabilities', 'made in italy', 'sme']","Digital transformation and customer value creation in Made in Italy SMEs: A dynamic capabilities perspective This study examines the impact of digital transformation on customer value creation in the context of small and medium-sized firms (SMEs) operating in the Made in Italy sectors, with the aim of understanding how dynamic capabilities, as enabling mechanisms, may foster digital transformation. We use multi-case study research on the digital transformation of six Made in Italy SMEs, belonging to the food, fashion, and furniture design industries. The results show that, for the selected SMEs, digital instruments contribute to innovation of their business model, creating new distribution channels and new ways to create and deliver value to customer segments. The results highlight the relevance of sensing and learning capabilities as triggers of digital transformation. In addition to the theoretical contribution to the existing literature on digital transformation and organizational capability, this study provides some managerial implications for digital transformation in SMEs operating in the Made in Italy sectors.",2021,1040,10.1016/j.jbusres.2020.10.033,Matarazzo M.,Journal of Business Research,2-s2.0-85093678965,0.3072321009790515,41
The impacts of dynamic capabilities on SMEs’ digital transformation process: The resource-based view perspective,"Research background:SMEs’ concern for the digital literacy of their workforce, their interest in increasing digital literacy among employees, and securing their digital platforms, have been major issues in their digital transformation process. To reduce those obstacles, the dynamic capabilities of SMEs included in the Resource-based View (RBV) might be an effective solution since they help companies be more competitive and proactive against the threats they face in the digitalization process. Purpose of the article: This research aims to investigate whether SMEs' dynamic capabilities positively contribute to their digital transformation process. Methods: In line with the proposed relationships, this paper analyzes SMEs from Czechia by running Ordinal Logistic Regression analyses. The research sample is created by stratified random sampling and purposive sampling methods. The research data is collected via telephone surveys. Findings & value added: This research does not find a positive relationship between the dynamic capabilities of SMEs and the digital transformation process. While the results related to digital literacy are negatively associated with digital transformation, no significant relationship exists between security actions and the digital transformation of SMEs. This paper extends the scope of RBV on the digital transformation of SMEs by analyzing various dynamic capabilities of SMEs that have not been included in a sole study. Moreover, the perceptions of SME executives are considered by this research to provide effective solutions for the problems they face in digital transformation. Having a joint venture agreement with well-experienced IT companies, having a network with partner firms, looking for funding opportunities in the EU, participating in some practical training, and providing internships for bachelor students might enable SMEs to hit their targets in digital transformation.","['cyber-security', 'digital literacy', 'digital transformation', 'dynamic capabilities of the resourcebased view', 'SMEs']","['cyber-security', 'digital literacy', 'digital transformation', 'dynamic capabilities of the resourcebased view', 'smes']","The impacts of dynamic capabilities on SMEs’ digital transformation process: The resource-based view perspective Research background:SMEs’ concern for the digital literacy of their workforce, their interest in increasing digital literacy among employees, and securing their digital platforms, have been major issues in their digital transformation process. To reduce those obstacles, the dynamic capabilities of SMEs included in the Resource-based View (RBV) might be an effective solution since they help companies be more competitive and proactive against the threats they face in the digitalization process. Purpose of the article: This research aims to investigate whether SMEs' dynamic capabilities positively contribute to their digital transformation process. Methods: In line with the proposed relationships, this paper analyzes SMEs from Czechia by running Ordinal Logistic Regression analyses. The research sample is created by stratified random sampling and purposive sampling methods. The research data is collected via telephone surveys. Findings & value added: This research does not find a positive relationship between the dynamic capabilities of SMEs and the digital transformation process. While the results related to digital literacy are negatively associated with digital transformation, no significant relationship exists between security actions and the digital transformation of SMEs. This paper extends the scope of RBV on the digital transformation of SMEs by analyzing various dynamic capabilities of SMEs that have not been included in a sole study. Moreover, the perceptions of SME executives are considered by this research to provide effective solutions for the problems they face in digital transformation. Having a joint venture agreement with well-experienced IT companies, having a network with partner firms, looking for funding opportunities in the EU, participating in some practical training, and providing internships for bachelor students might enable SMEs to hit their targets in digital transformation.",2023,79,10.24136/oc.2023.019,Civelek M.,Oeconomia Copernicana,2-s2.0-85174970684,0.3078671658755965,42
Road to digital manufacturing – a longitudinal case-based analysis,"Purpose: The authors’ main objective is to examine the resource alteration underlying the digital manufacturing transformation. The authors rely on the adaptation aspect of dynamic capabilities (DC) theory and their analysis shows how and why a factory adapts its resources and capabilities during digital transformation. Design/methodology/approach: To grasp the change, the authors apply the longitudinal case study method within a revelatory case setting. The digital transformation is detailed from the perspective of a subsidiary that has played a key role in the division's digital transformation. Findings: Analysing the revealed four stages of the transformation through the lenses of the DC components of adaptation (sensing capability, absorptive capacity, integrative capability, relational capability), this study suggests a sequence with unbalanced characteristics. Each stage starts with sensing capability, each component appears during each stage and each stage is dominated by a different component. Relying on the path dependency concept, the authors also present that the interplay between lean as an old resource stock and digital manufacturing as a new resource stock is rather a necessity, especially at the beginning of the transformation (at a corporation that pursues lean for years). Practical implications: Digital strategy development is rather an intermediate element of the transformation, since committed personnel (or maybe their network) start bottom-up and coordinate initiatives as they sense the opportunities in the environment. Top managers should rely on their accumulated knowledge and involve them into the transfer coalition in the top-down phase of digitalization. The authors’ case also underlines that starting to experiment with novel technologies requires a solid (and usually expensive) technological and human basis. Finally, process improvement focussed developments at a high-performing factory might be just enough to deal with ever-demanding customer expectations. Originality/value: This study is among the firsts in operations management that relies on the DC theory to follow up the digital transformation of a factory. A further valuable contribution is that the adaptation process is examined in a longitudinal case study.","['Automotive industry', 'Case study', 'Digitalization', 'Industry 4.0']","['automotive industry', 'case study', 'digitalization', 'industry 4.0']","Road to digital manufacturing – a longitudinal case-based analysis Purpose: The authors’ main objective is to examine the resource alteration underlying the digital manufacturing transformation. The authors rely on the adaptation aspect of dynamic capabilities (DC) theory and their analysis shows how and why a factory adapts its resources and capabilities during digital transformation. Design/methodology/approach: To grasp the change, the authors apply the longitudinal case study method within a revelatory case setting. The digital transformation is detailed from the perspective of a subsidiary that has played a key role in the division's digital transformation. Findings: Analysing the revealed four stages of the transformation through the lenses of the DC components of adaptation (sensing capability, absorptive capacity, integrative capability, relational capability), this study suggests a sequence with unbalanced characteristics. Each stage starts with sensing capability, each component appears during each stage and each stage is dominated by a different component. Relying on the path dependency concept, the authors also present that the interplay between lean as an old resource stock and digital manufacturing as a new resource stock is rather a necessity, especially at the beginning of the transformation (at a corporation that pursues lean for years). Practical implications: Digital strategy development is rather an intermediate element of the transformation, since committed personnel (or maybe their network) start bottom-up and coordinate initiatives as they sense the opportunities in the environment. Top managers should rely on their accumulated knowledge and involve them into the transfer coalition in the top-down phase of digitalization. The authors’ case also underlines that starting to experiment with novel technologies requires a solid (and usually expensive) technological and human basis. Finally, process improvement focussed developments at a high-performing factory might be just enough to deal with ever-demanding customer expectations. Originality/value: This study is among the firsts in operations management that relies on the DC theory to follow up the digital transformation of a factory. A further valuable contribution is that the adaptation process is examined in a longitudinal case study.",2021,65,10.1108/JMTM-06-2019-0226,Demeter K.,Journal of Manufacturing Technology Management,2-s2.0-85087027090,0.30792538084254295,43
Digital transformation and digital dynamic capabilities improvement in low-medium technology sector: evidence from Thai family firms,"With the digital technologies diffusion, low-medium technology firms have been pushed to advance their dynamic capabilities. Through an exploratory multiple-case study, we analyze four Thai family firms assessing their preparedness in pursuing a digital transformation journey and their ability to improve dynamic capabilities. The study shows that LMT firms are in the early stage of their digital transformation, which is led by being part of a global value chain, serving exigent consumers, and imitating startups. Thai firms revitalize business models, while optimizing operations. They build dynamic capabilities through the help of third-party providers prioritizing social media marketing and digital marketing, with a general awareness of environmental, societal, and governance trends. Overall, family firms are still reluctant to pursue strategic agility and rapid prototyping. Thus, in the absence of an innovation ecosystem supporting family firms, it is harder to augment their absorptive capacity and redesign the internal structure of the organization.","['Digital transformation', 'Dynamic capabilities', 'Family firms', 'Thailand']","['digital transformation', 'dynamic capabilities', 'family firms', 'thailand']","Digital transformation and digital dynamic capabilities improvement in low-medium technology sector: evidence from Thai family firms With the digital technologies diffusion, low-medium technology firms have been pushed to advance their dynamic capabilities. Through an exploratory multiple-case study, we analyze four Thai family firms assessing their preparedness in pursuing a digital transformation journey and their ability to improve dynamic capabilities. The study shows that LMT firms are in the early stage of their digital transformation, which is led by being part of a global value chain, serving exigent consumers, and imitating startups. Thai firms revitalize business models, while optimizing operations. They build dynamic capabilities through the help of third-party providers prioritizing social media marketing and digital marketing, with a general awareness of environmental, societal, and governance trends. Overall, family firms are still reluctant to pursue strategic agility and rapid prototyping. Thus, in the absence of an innovation ecosystem supporting family firms, it is harder to augment their absorptive capacity and redesign the internal structure of the organization.",2024,15,10.1057/s41291-024-00281-6,Borsano P.,Asian Business and Management,2-s2.0-85204119130,0.30809532926513383,44
Unraveling the role of digital leadership in developing digital dynamic capabilities for the digital transformation of firms,,"['Digital dynamic capabilities', 'Digital leadership', 'Digital transformation', 'Dynamic capability']","['digital dynamic capabilities', 'digital leadership', 'digital transformation', 'dynamic capability']",Unraveling the role of digital leadership in developing digital dynamic capabilities for the digital transformation of firms,2025,50,10.1108/BIJ-10-2023-0756,Albannai N.A.,Benchmarking,2-s2.0-85198507678,0.3091904874638439,45
"A dynamic capability perspective on digital transformation: drivers, the process and consequences","Purpose – Despite wide awareness of the importance of digital transformation (DT) for emerging market firms, we have limited understanding of the drivers, the process or the outcomes of DT in emerging market firms. Design/methodology/approach – We conducted a qualitative study on 24 case companies in Thailand and embraced thematic analysis to generate our research findings. Findings – The framework shows that the DT process in emerging market firms proceeds over three stages—market-opportunity sensing, digital technology acquisition and leading DT—which are driven by technological dynamism, business ties and institutional support. Once DT is successfully implemented, emerging market firms can improve their operational efficiency, customer relationship management, business model innovation and human resources management. Originality/value – This study thus contributes to the DT literature by offering a three-stage model of DT and identifying important antecedents and consequences of DT, which together specify how emerging market firms transform themselves digitally.","['Digital transformation', 'Dynamic capability', 'Emerging market firms', 'Qualitative study']","['digital transformation', 'dynamic capability', 'emerging market firms', 'qualitative study']","A dynamic capability perspective on digital transformation: drivers, the process and consequences Purpose – Despite wide awareness of the importance of digital transformation (DT) for emerging market firms, we have limited understanding of the drivers, the process or the outcomes of DT in emerging market firms. Design/methodology/approach – We conducted a qualitative study on 24 case companies in Thailand and embraced thematic analysis to generate our research findings. Findings – The framework shows that the DT process in emerging market firms proceeds over three stages—market-opportunity sensing, digital technology acquisition and leading DT—which are driven by technological dynamism, business ties and institutional support. Once DT is successfully implemented, emerging market firms can improve their operational efficiency, customer relationship management, business model innovation and human resources management. Originality/value – This study thus contributes to the DT literature by offering a three-stage model of DT and identifying important antecedents and consequences of DT, which together specify how emerging market firms transform themselves digitally.",2026,17,10.1108/MD-06-2023-1077,Shu C.,Management Decision,2-s2.0-86000476440,0.3096308049278029,46
Exploring digital transformation and dynamic capabilities in agrifood SMEs,"The study explores digital transformation in agrifood small and medium enterprises (SMEs) through a framework of dynamic capabilities. The research question is addressed to identify unique firms’ capabilities to face the change in agrifood environments. The study adopts a qualitative approach and is based on in-depth interviews of 21 key respondents such as CEOs, owners, and managers of both public bodies and agrofirms in Sardinia (Italy). As new concepts, the study finds that distinctive dynamic capabilities are led by a sense of belonging in territorial value-oriented enterprises and collaboration among firms’ stakeholders, who feel as members of an extended family. It also shows that personal capabilities are associated with a gender domain and that digitalization reshapes not only organizational structures but also societal ones. The study aims to contribute theoretically and empirically through novel meanings of dynamic capabilities for digital transformation in the context of small and medium-sized agrofirms.","['agrifood businesses', 'Digital transformation', 'dynamic capabilities', 'SMEs']","['agrifood businesses', 'digital transformation', 'dynamic capabilities', 'smes']","Exploring digital transformation and dynamic capabilities in agrifood SMEs The study explores digital transformation in agrifood small and medium enterprises (SMEs) through a framework of dynamic capabilities. The research question is addressed to identify unique firms’ capabilities to face the change in agrifood environments. The study adopts a qualitative approach and is based on in-depth interviews of 21 key respondents such as CEOs, owners, and managers of both public bodies and agrofirms in Sardinia (Italy). As new concepts, the study finds that distinctive dynamic capabilities are led by a sense of belonging in territorial value-oriented enterprises and collaboration among firms’ stakeholders, who feel as members of an extended family. It also shows that personal capabilities are associated with a gender domain and that digitalization reshapes not only organizational structures but also societal ones. The study aims to contribute theoretically and empirically through novel meanings of dynamic capabilities for digital transformation in the context of small and medium-sized agrofirms.",2023,131,10.1080/00472778.2020.1844494,Cannas R.,Journal of Small Business Management,2-s2.0-85100854001,0.3102232388642103,47
Digital barriers and capabilities in aspirant emerging-market SMEs: A resource-adaptive dynamic capabilities model of transformation phases,"Digital transformation is disruptive yet invaluable, but existing research tend to depict it as a linear and static progression, paying limited attention to the evolving combinations of resources and capabilities needed to sustain momentum as organisational routines, processes, and culture shift. These limitations are especially evident in resource-constrained SMEs in China's traditional sectors, an aspirant emerging market where digital transformation is promoted as a national priority. Pressed to compete digitally with limited experience, SME managers and employees confront cognitive and micro-foundational barriers that differ substantially from those in advanced economies. However, few studies examine how key SME stakeholders interpret digital change, overcome cognitive bias, and develop the capabilities required for meaningful transformation. Using a multi-case study and in-depth interviews, we investigate the temporal dynamics of digital transformation through the lens of dynamic capabilities. We identify four micro-foundational capabilities that shape SMEs' capacity to sense opportunities, mobilise resources, reconfigure operations, and sustain their transformation trajectory. The findings also reveal that digital transformation unfolds across four cyclical phases: exploring, scaling, optimising, and sustaining. By developing a process-based, resource-adaptive model and a typology of phase-specific triggers, capability requirements, and stakeholder roles, we reconceptualise digital transformation in traditional SMEs in aspirant emerging markets as a fluid and cyclical process in which each phase presents distinct challenges that require synchronised, dynamic, and adaptive micro-foundational capabilities.","['Digital barriers', 'Digital transformation', 'Dynamic capabilities', 'Micro-foundations', 'Process-based perspective', 'SMEs']","['digital barriers', 'digital transformation', 'dynamic capabilities', 'micro-foundations', 'process-based perspective', 'smes']","Digital barriers and capabilities in aspirant emerging-market SMEs: A resource-adaptive dynamic capabilities model of transformation phases Digital transformation is disruptive yet invaluable, but existing research tend to depict it as a linear and static progression, paying limited attention to the evolving combinations of resources and capabilities needed to sustain momentum as organisational routines, processes, and culture shift. These limitations are especially evident in resource-constrained SMEs in China's traditional sectors, an aspirant emerging market where digital transformation is promoted as a national priority. Pressed to compete digitally with limited experience, SME managers and employees confront cognitive and micro-foundational barriers that differ substantially from those in advanced economies. However, few studies examine how key SME stakeholders interpret digital change, overcome cognitive bias, and develop the capabilities required for meaningful transformation. Using a multi-case study and in-depth interviews, we investigate the temporal dynamics of digital transformation through the lens of dynamic capabilities. We identify four micro-foundational capabilities that shape SMEs' capacity to sense opportunities, mobilise resources, reconfigure operations, and sustain their transformation trajectory. The findings also reveal that digital transformation unfolds across four cyclical phases: exploring, scaling, optimising, and sustaining. By developing a process-based, resource-adaptive model and a typology of phase-specific triggers, capability requirements, and stakeholder roles, we reconceptualise digital transformation in traditional SMEs in aspirant emerging markets as a fluid and cyclical process in which each phase presents distinct challenges that require synchronised, dynamic, and adaptive micro-foundational capabilities.",2026,10,10.1016/j.technovation.2026.103506,Yao M.X.,Technovation,2-s2.0-105030486071,0.31060405722560946,48
Building digitally-enabled process innovation in the process industries: A dynamic capabilities approach,"Digitalization and industry 4.0 technologies promise to provide many novel opportunities and benefits to industrial firms, such as increased product quality, process reliability, and improved flexibility and productivity. Although digitalization shows great potential from a technological perspective, many process industry firms still face challenges in utilizing it for process innovations. Hence, this study aims to understand how process industry firms develop and implement new process innovations today and identify improvement opportunities through the better adoption and implementation of digitalization. The study adopted a multiple case study design in two steel manufacturing firms and developed a framework for building digitally-enabled process innovation using dynamic capabilities. The framework consists of 19 dynamic capabilities in total: 8 related to traditional process innovation and 11 related to digitally enabled process innovation. The study found four key challenges in process innovation (i.e., poor data strategy and readiness, lack of standardisation practices for change, competence and culture gaps, and ad-hoc problem solving) and four key enablers for digitally-enabled process innovation (i.e., infrastructure and methodological definition, preparation for predictive and analytical readiness, proactive management practices, and plan for a digital matureness for each function and department). The study's detailed empirical insights provide new understandings regarding required dynamic capabilities for the smoother transformation of a firm from the traditional process innovation to the digitally enabled process innovation. The dynamic capabilities are limitedly explored in the research of the process industries in the context of process innovation and digitalization. Thus, this study makes essential contributions to the theory of process innovation in process industries and strategic management by providing rich empirical insights from the steel sector.","['Digital process innovation', 'Digital transformation', 'Digitalization', 'Industry 4.0', 'Microfoundations', 'Process development', 'Production system development', 'Smart factory', 'Steel industry']","['digital process innovation', 'digital transformation', 'digitalization', 'industry 4.0', 'microfoundations', 'process development', 'production system development', 'smart factory', 'steel industry']","Building digitally-enabled process innovation in the process industries: A dynamic capabilities approach Digitalization and industry 4.0 technologies promise to provide many novel opportunities and benefits to industrial firms, such as increased product quality, process reliability, and improved flexibility and productivity. Although digitalization shows great potential from a technological perspective, many process industry firms still face challenges in utilizing it for process innovations. Hence, this study aims to understand how process industry firms develop and implement new process innovations today and identify improvement opportunities through the better adoption and implementation of digitalization. The study adopted a multiple case study design in two steel manufacturing firms and developed a framework for building digitally-enabled process innovation using dynamic capabilities. The framework consists of 19 dynamic capabilities in total: 8 related to traditional process innovation and 11 related to digitally enabled process innovation. The study found four key challenges in process innovation (i.e., poor data strategy and readiness, lack of standardisation practices for change, competence and culture gaps, and ad-hoc problem solving) and four key enablers for digitally-enabled process innovation (i.e., infrastructure and methodological definition, preparation for predictive and analytical readiness, proactive management practices, and plan for a digital matureness for each function and department). The study's detailed empirical insights provide new understandings regarding required dynamic capabilities for the smoother transformation of a firm from the traditional process innovation to the digitally enabled process innovation. The dynamic capabilities are limitedly explored in the research of the process industries in the context of process innovation and digitalization. Thus, this study makes essential contributions to the theory of process innovation in process industries and strategic management by providing rich empirical insights from the steel sector.",2021,277,10.1016/j.technovation.2021.102256,Chirumalla K.,Technovation,2-s2.0-85103963512,0.3116702462385651,49
‘I digitize so I exist’. Searching for critical capabilities affecting firms’ digital innovation,"Taking into account the increasing importance of digitalization to characterize companies’ competitive advantages, and the contextual growing research interest in digital transformation, this paper focuses on dynamic capabilities affecting firms’ digital innovation in terms of creation of new offerings, processes or solutions by using a wide range of digital technologies. By means of quantitative research on a sample of managers of 210 firms in Italy, the study performs an ordinary least squares regression to investigate whether and how different knowledge-based capabilities support the process to develop digital innovation, taking into consideration the moderating effect of social media. Despite some limitations, essentially due to the geographical focus of the analysis, the paper contributes to better understand the effect of digitalization in the distinguishing context of the Italian companies, providing useful insights to rethink firms’ innovation models.","['Digitalization', 'Innovation', 'Knowledge', 'Market-sensing', 'Social media']","['digitalization', 'innovation', 'knowledge', 'market-sensing', 'social media']","‘I digitize so I exist’. Searching for critical capabilities affecting firms’ digital innovation Taking into account the increasing importance of digitalization to characterize companies’ competitive advantages, and the contextual growing research interest in digital transformation, this paper focuses on dynamic capabilities affecting firms’ digital innovation in terms of creation of new offerings, processes or solutions by using a wide range of digital technologies. By means of quantitative research on a sample of managers of 210 firms in Italy, the study performs an ordinary least squares regression to investigate whether and how different knowledge-based capabilities support the process to develop digital innovation, taking into consideration the moderating effect of social media. Despite some limitations, essentially due to the geographical focus of the analysis, the paper contributes to better understand the effect of digitalization in the distinguishing context of the Italian companies, providing useful insights to rethink firms’ innovation models.",2021,141,10.1016/j.jbusres.2021.02.048,Tortora D.,Journal of Business Research,2-s2.0-85102234795,0.31216458178998185,50
