Title,Abstract,Author Keywords,Year,Cited by,DOI,Authors,Source title,EID
Impact of digital finance on financial inclusion and stability,"This article provides a discussion on some issues associated with digital finance – an area which has not been critically addressed in the literature. Digital finance and financial inclusion has several benefits to financial services users, digital finance providers, governments and the economy; notwithstanding, a number of issues still persist which if addressed can make digital finance work better for individuals, businesses and governments. The digital finance issues discussed in this article are relevant for the on-going debate and country-level projects directed at greater financial inclusion via digital finance in developing and emerging economies.",Digital finance; Financial inclusion; Financial institutions; Financial risk; Financial stability; Fintech,2018,1495,10.1016/j.bir.2017.12.003,Ozili P.K.,Borsa Istanbul Review,2-s2.0-85044613529
Blockchain disruption and decentralized finance: The rise of decentralized business models,"Blockchain technology can reduce transaction costs, generate distributed trust, and empower decentralized platforms, potentially becoming a new foundation for decentralized business models. In the financial industry, blockchain technology allows for the rise of decentralized financial services, which tend to be more decentralized, innovative, interoperable, borderless, and transparent. Empowered by blockchain technology, decentralized financial services have the potential to broaden financial inclusion, facilitate open access, encourage permissionless innovation, and create new opportunities for entrepreneurs and innovators. In this article, we assess the benefits of decentralized finance, identify existing business models, and evaluate potential challenges and limits. As a new area of financial technology, decentralized finance may reshape the structure of modern finance and create a new landscape for entrepreneurship and innovation, showcasing the promises and challenges of decentralized business models.",Blockchain; Decentralization; Decentralized finance; Decentralized platform; FinTech,2020,649,10.1016/j.jbvi.2019.e00151,Chen Y.,Journal of Business Venturing Insights,2-s2.0-85075120827
"Sustainability, FinTech and Financial Inclusion","We argue financial technology (FinTech) is the key driver for financial inclusion, which in turn underlies sustainable balanced development, as embodied in the UN Sustainable Development Goals (SDGs). The full potential of FinTech to support the SDGs may be realized with a progressive approach to the development of underlying infrastructure to support digital financial transformation. Our research suggests that the best way to think about such a strategy is to focus on four primary pillars. The first pillar requires the building of digital identity, simplified account opening and e-KYC systems, supported by the second pillar of open interoperable electronic payments systems. The third pillar involves using the infrastructure of the first and second pillars to underpin electronic provision of government services and payments. The fourth pillar—design of digital financial markets and systems—supports broader access to finance and investment. Implementing the four pillars is a major journey for any economy, but one which has tremendous potential to transform not only finance but economies and societies, through FinTech, financial inclusion and sustainable balanced development.",e-KYC; Electronic payment infrastructure; Financial inclusion; FinTech; RegTech; Sustainability; Sustainable development goals; Sustainable investment,2020,631,10.1007/s40804-020-00183-y,Arner D.W.,European Business Organization Law Review,2-s2.0-85082754210
"Fintech, financial inclusion and income inequality: a quantile regression approach","Although theory suggests that financial market imperfections–mainly information asymmetries, market segmentation and transaction costs–prevent poor people from escaping poverty by limiting their access to formal financial services, new financial technologies (FinTech) are seen as key enablers of financial inclusion. Indeed, the UN 2030 Agenda for Sustainable Development (UN-2030-ASD) and the G20 High-Level Principles for Digital Financial Inclusion (G20-HLP-DFI) highlight the importance of harnessing the potential of FinTech to reduce financial exclusion and income inequality. This paper investigates the interrelationship between FinTech, financial inclusion and income inequality for a panel of 140 countries using the Global Findex waves of survey data for 2011, 2014 and 2017. We posit that FinTech affects inequality directly and indirectly through financial inclusion. We invoke quantile regression analysis to investigate whether such effects differ across countries with different levels of income inequality. We uncover new evidence that financial inclusion is a key channel through which FinTech reduces income inequality. We also find that while financial inclusion significantly reduces inequality at all quantiles of the inequality distribution, these effects are primarily associated with higher-income countries. Overall, our results support the aspirations of the UN-2030-ASD and G20-HLP-DFI. Highlights Harnessing the potential of FinTech to reduce financial exclusion and income inequality has been proposed by the UN and G20. We posit that FinTech affects income inequality directly and indirectly through financial inclusion. We invoke quantile regression analysis to investigate whether the effects of FinTech differ across countries with different levels of income inequality. We find that financial inclusion is a key channel through which FinTech reduces income inequality, at all quantile levels, primarily among higher-income countries.",financial inclusion; FinTech; income inequality; quantile regression,2022,627,10.1080/1351847X.2020.1772335,Demir A.,European Journal of Finance,2-s2.0-85087048353
Industry 4.0 in finance: the impact of artificial intelligence (ai) on digital financial inclusion,"This study sought to investigate the impact of AI on digital financial inclusion. Digital financial inclusion is becoming central in the debate on how to ensure that people who are at the lower levels of the pyramid become financially active. Fintech companies are using AI and its various applications to ensure that the goal of digital financial inclusion is realized that is to ensure that low-income earners, the poor, women, youths, small businesses participate in the mainstream financial market. This study used conceptual and documentary analysis of peer-reviewed journals, reports and other authoritative documents on AI and digital financial inclusion to assess the impact of AI on digital financial inclusion. The present study discovered that AI has a strong influence on digital financial inclusion in areas related to risk detection, measurement and management, addressing the problem of information asymmetry, availing customer support and helpdesk through chatbots and fraud detection and cybersecurity. Therefore, it is recommended that financial institutions and non-financial institutions and governments across the world adopt and scale up the use of AI tools and applications as they present benefits in the quest to ensure that the vulnerable groups of people who are not financially active do participate in the formal financial market with minimum challenges and maximum benefits.",Artificial intelligence; Digital financial inclusion; Finance; Industry 4.0,2020,473,10.3390/ijfs8030045,Mhlanga D.,International Journal of Financial Studies,2-s2.0-85089602698
Does bank FinTech reduce credit risk? Evidence from China,"Using data from Chinese commercial banks between 2008 and 2017, this paper explores the effects of bank FinTech on credit risk. We first construct and measure a bank FinTech index using web crawler technology and word frequency analysis. The results show that the development of bank FinTech is faster in state-owned banks than in other banks. Moreover, among the five subareas of bank FinTech, the development of internet technology is ahead of artificial intelligence technology, blockchain technology, cloud computing technology, and big data technology. Then, the impacts of bank FinTech on credit risk are examined. We find that bank FinTech significantly reduces credit risk in Chinese commercial banks, and further analyses show that the negative effects of bank FinTech on credit risk are relatively weak among large banks, state-owned banks, and listed banks.",Bank FinTech; China; Commercial banks; Credit risk,2020,424,10.1016/j.pacfin.2020.101398,Cheng M.,Pacific Basin Finance Journal,2-s2.0-85089013293
Explainable Machine Learning in Credit Risk Management,"The paper proposes an explainable Artificial Intelligence model that can be used in credit risk management and, in particular, in measuring the risks that arise when credit is borrowed employing peer to peer lending platforms. The model applies correlation networks to Shapley values so that Artificial Intelligence predictions are grouped according to the similarity in the underlying explanations. The empirical analysis of 15,000 small and medium companies asking for credit reveals that both risky and not risky borrowers can be grouped according to a set of similar financial characteristics, which can be employed to explain their credit score and, therefore, to predict their future behaviour.",Credit risk management; Explainable AI; Financial technologies; Similarity networks,2021,397,10.1007/s10614-020-10042-0,Bussmann N.,Computational Economics,2-s2.0-85091518212
Financial inclusion research around the world: A review,"This paper provides a comprehensive review of the recent evidence on financial inclusion from all the regions of the World. It identifies the emerging themes in the financial inclusion literature as well as some controversy in policy circles regarding financial inclusion. In particular, I draw attention to some issues such as optimal financial inclusion, extreme financial inclusion, how financial inclusion can transmit systemic risks to the formal financial sector, and whether financial inclusion and exclusion are pro-cyclical with changes in the economic cycle. The key findings in this review indicate that financial inclusion affects, and is influenced by, the level of financial innovation, poverty-levels, the stability of the financial sector, the state of the economy, financial literacy, and regulatory frameworks which differ across countries. Finally, the issues discussed in this paper opens up several avenues for future research.",controversy; digital finance; economic cycle; financial inclusion; financial institutions; financial stability; financial technology; Fintech; poverty reduction; systemic risk,2021,394,10.1080/07360932.2020.1715238,Ozili P.K.,Forum for Social Economics,2-s2.0-85078471678
The rise of digital finance: Financial inclusion or debt trap?,"This study focuses on the impact of digital finance on households. While digital finance has brought financial inclusion, it has also increased the risk of households falling into a debt trap. We provide evidence that supports this notion and explain the channel through which digital finance increases the likelihood of financial distress. Our results show that the widespread use of digital finance increases credit market participation. The broadened access to credit markets increases household consumption by changing the marginal propensity to consume. However, the easier access to credit markets also increases the risk of households falling into a debt trap.",Debt trap; Digital financial literacy; Digital lending; Financial inclusion; Fintech,2022,391,10.1016/j.frl.2021.102604,Yue P.,Finance Research Letters,2-s2.0-85122276865
Unearthing antecedents to financial inclusion through FinTech innovations,"Fintech innovations are enabling access to financial services through mobile devices for many unbanked in the world. Though fintech innovations are touted as game changers in deepening financial inclusion, their wide acceptance and use still remain limited. In the extant literature, technological and behavioural antecedents that influence users’ behaviour toward financial technologies are not fully understood. This study argues that understanding antecedents to the actual use of fintech innovations will lead to deepening financial inclusion. Using mobile money—a type of fintech innovation, this study adopts the Unified Theory of Acceptance and Use of Technology 2 (UTAUT2) and the Prospect theory. Drawing on survey data collected from 294 respondents, this study applies the partial least square structural equation modelling technique. The findings show that performance and effort expectancy have significant relationship with the intention to use mobile money services. However, contrary to well-established positions, price value, hedonic motivation, social influence and perceived risk do not influence intention and use of mobile money services. The study makes significant theoretical contributions and offers practical and policy implications for deepening financial inclusion.",Antecedents; Financial inclusion; FinTech; Mobile money; Prospect theory; SEM; UTAUT2,2020,345,10.1016/j.technovation.2020.102155,Senyo P.K.,Technovation,2-s2.0-85086730126
The Global Findex Database 2017: Measuring Financial Inclusion and Opportunities to Expand Access to and Use of Financial Services,"Financial services can help drive development. They help people escape poverty by facilitating investments in their health, education, and businesses. And they make it easier to manage financial emergencies-such as a job loss or crop failure-that can push families into destitution. A growing body of research reveals many potential development benefits from financial inclusion-especially from the use of digital financial services, including mobile money services, payment cards, and other financial technology (or fintech) applications. Although the evidence is somewhat mixed, even studies that do not find positive results often point to possibilities for achieving better outcomes through careful attention to local needs.1 Many poor people around the world lack the financial services that can serve these functions, such as bank accounts and digital payments. Instead, they rely on cash-which can be unsafe and hard to manage. That's why the World Bank has made it a key priority to promote financial inclusion-access to and use of formal financial services. Measurement is key to understanding financial inclusion and identifying opportunities to expand it. In 2011 the World Bank launched the Global Findex database, theworld's most comprehensive database on how adults save, borrow, make payments, and manage risks. Compiled using nationally representative surveys in of more than 150,000 adults age 15 and above in over 140 economies, the 2017 Global Findex database includes updated indicators on access to, and use of, formal and informal financial services. It has additional data on the use of financial technology, including the use of mobile phones and the Internet to conduct financial transactions. The 2017 Global Findex is the third survey round, following the initial one and a second one in 2014.",credit; digital payments; Financial inclusion; financial resilience; mobile money; savings,2020,310,10.1093/wber/lhz013,Demirgüç-Kunt A.,World Bank Economic Review,2-s2.0-85081890321
"Fintech, Cryptocurrencies, and CBDC: Financial Structural Transformation in China","Fintech and decentralized finance have penetrated all areas of the financial system and have improved financial inclusion in the last decade. In this paper, we review the recent literature on fintech, cryptocurrencies, stablecoins, and central bank digital currencies (CBDCs). There are important implications from the rise of fintech and the introduction of stablecoins and CBDC in recent years. We provide an overview of China's experience in fintech, focusing on payments, digital banking, fintech lending, and the recent progress on its CBDC pilots (e-CNY). We also discuss important considerations in designing effective cryptocurrency regulations. Cryptocurrency regulations could promote growth of innovations through enhanced public confidence in this market. The e-CNY could become mainstream in the global market through effective regulations which provide incentives and protection to market participants. A key factor to success for digital currencies has been their widespread adoption. If the Chinese e-CNY were to become a mainstream currency, the introduction of CBDC could potentially offer solutions to existing problems inherent in the traditional financial systems.",CBDCs; China; Cryptocurrency Regulations; e-CNY; Fintech; Stablecoins,2022,305,10.1016/j.jimonfin.2022.102625,Allen F.,Journal of International Money and Finance,2-s2.0-85125956557
Nurturing a FinTech ecosystem: The case of a youth microloan startup in China,"Financial technology, or FinTech, involves the design and delivery of financial products and services through technology. It impacts financial institutions, regulators, customers, and merchants across a wide range of industries. Pervasive digital technologies are challenging the fundamentals of the highly regulated financial sector, leading to the emergence of non-traditional payment systems, peer-to-peer money exchanges and increased turbulence in currency markets. This case study explores the development of a FinTech company in China that offers microloans to college students. Five lessons learned are presented for organizations to better manage the challenges and to leverage the opportunities amidst the disruption of financial sector. Our findings also shed light on how digital technology 1) offers the strategic capability for a firm to occupy a market niche in financial sector, 2) enables the generation of alternative credit scores based on non-traditional data, and 3) improves the financial inclusion of previously excluded market segments.",Case study; Ecosystem development; Financial inclusion; FinTech; Online microloan,2017,295,10.1016/j.ijinfomgt.2016.11.006,Leong C.,International Journal of Information Management,2-s2.0-85011832590
How does financial literacy impact on inclusive finance?,"Inclusive finance is a core concept of finance that makes various financial products and services accessible and affordable to all individuals and businesses, especially those excluded from the formal financial system. One of the leading forces affecting people's ability to access financial services in rural areas is financial literacy. This study investigated the impacts of financial knowledge on financial access through banking, microfinance, and fintech access using the Bangladesh rural population data. We employed three econometrics models: logistic regression, probit regression, and complementary log–log regression to examine whether financial literacy significantly affects removing the barriers that prevent people from participating and using financial services to improve their lives. The empirical findings showed that knowledge regarding various financial services factors had significant impacts on getting financial access. Some variables such as profession, income level, knowledge regarding depositing and withdrawing money, and knowledge regarding interest rate highly affected the overall access to finance. The study's results provide valuable recommendations for the policymaker to improve financial inclusion in the developing country context. A comprehensive and long-term education program should be delivered broadly to the rural population to make a big stride in financial inclusion, a key driver of poverty reduction and prosperity boosting.",Bangladesh; Bank; Financial inclusion; Financial knowledge; Financial literacy; FinTech; Inclusive finance; Knowledge economy; Microfinance,2021,263,10.1186/s40854-021-00259-9,Hasan M.,Financial Innovation,2-s2.0-85107155343
Building financial resilience through financial and digital literacy in South Asia and Sub-Saharan Africa,"Globally, 1.7 billion adults still lack access to formal financial services, with a large percentage living in South Asia and Sub-Saharan Africa. Current financial inclusion strategies seek to enhance these vulnerable populations' access to financial services with the aim of building more inclusive and financially resilient societies. With the Fintech movement and over 67% of the world's population having a mobile phone, digital financial literacy is gaining momentum. Nevertheless, negligible research has measured its impacts on financial behavior. This study uses data from the InterMedia Financial Inclusion Insights (FII) surveys for seven South Asian and Sub-Saharan African countries to investigate the relationship between multidimensional measures of financial and digital literacy and resilience-building financial behaviors, including saving, borrowing, and risk management. The findings consistently show that both financial and digital literacy are key factors to building inclusiveness and financial resilience. Heterogeneities are identified across regions, as well as for poor, rural, and female households. A robustness check is also included to address potential endogeneity. The results emphasize the need to redefine traditional financial literacy to include digital literacy, with important implications for countries considering both as a dual approach to improving households' long-run financial resilience.",Digital literacy; Financial inclusion; Financial literacy; Financial services; South Asia; Sub-Saharan Africa,2022,259,10.1016/j.ememar.2021.100846,Kass-Hanna J.,Emerging Markets Review,2-s2.0-85119334437
FinTech adoption and financial inclusion: Evidence from household consumption in China,"This paper provides micro-level evidence on how FinTech adoption affects household consumption and consumption inequality. Our hypothesis is that through FinTech's payment facilitation and credit constraint alleviation, higher FinTech adoption by households fosters financial inclusion by promoting consumption. Financial inclusion is especially increased for households that traditionally consumed less, which suggests that FinTech could reduce consumption inequality. By combining region-level FinTech adoption measures with household-level representative data of consumption, we find that higher FinTech adoption by a household increases household consumption and reduces consumption inequality across households. Using the distance to Hangzhou from the city in which a household is located as an instrument variable to capture the exogenous variation in FinTech adoption yields results with similar economic and statistical significance. In addition, traditional financial infrastructure is still a prerequisite for the benign distributive impacts provided by FinTech credit, which demonstrates the need for further welfare-improving policies. Our paper adds to the literature by documenting FinTech to be a market force that contributes to financial inclusion.",Consumption; Consumption inequality; Credit constraint alleviation; FinTech adoption; Payment facilitation,2022,233,10.1016/j.jbankfin.2022.106668,Yang T.,Journal of Banking and Finance,2-s2.0-85138806241
Fintech in the time of COVID−19: Technological adoption during crises,"We document the effects of the COVID−19 pandemic on digital finance and fintech adoption. Drawing on mobile application data from a globally representative sample, we find that the spread of COVID− 19 and related government lockdowns led to a sizeable increase in the rate of finance app downloads. We then analyze factors that may have driven this effect on the demand−side and better understand the “winners” from this digital acceleration on the supply−side. Our overall results suggest that traditional incumbents saw the largest growth in their digital offerings during the initial period, but that “BigTech” companies and newer fintech providers ultimately outperformed them over time. Finally, we drill−down further on the adoption of fintech apps pertaining to both the asset and liability side of the traditional bank balance sheet, to explore the implications that the accelerated trends in digitization may have for the future landscape of financial intermediation.",COVID−19; Digital finance; Financial inclusion; Fintech; Market structure; Technological adoption,2022,225,10.1016/j.jfi.2021.100945,Fu J.,Journal of Financial Intermediation,2-s2.0-85122335805
Fintech-based financial inclusion and bank risk-taking: Evidence from OIC countries,"Financial inclusion has gone beyond the rhetoric surrounding social development and financial stability, but also expanding into pathos of arbitrage benefits made from cheap retail deposits by large banks and banks from technologically developed regions. This study investigates whether a higher degree of fintech-based financial inclusion (FFI) intensifies banks’ risk-taking by analysing data from 534 banks from 24 OIC countries. The results indicate that higher degree of FFI controls bank's risk-taking behaviour. The nexus turns stronger in the post-industrial revolution 4.0 (IR4.0) era. Our results are robust across multiple proxies and estimation methods. We discuss how competition surrounding investing in fintech may expose the banks towards severe uncertainty.",Banks’ risk-taking; Financial inclusion; Financial stability; Fintech; Z-score,2021,195,10.1016/j.intfin.2021.101447,Banna H.,Journal of International Financial Markets Institutions and Money,2-s2.0-85117378710
Understanding technological change in global finance through infrastructures: Introduction to Review of International Political Economy Special Issue ‘The Changing Technological Infrastructures of Global Finance’,"Amid escalating claims about the promises and perils of emergent financial technologies (fintech), critical investigation of the extent to which specific technological changes in global finance are truly ‘disruptive’ is sorely needed. Yet, IPE has engaged little with the growing focus on fintech in popular and regulatory debates, as well as in Social Studies of Finance (SSF). This article and accompanying special issue foreground ‘infrastructures’ as a heuristic for injecting nuance into debates on the emergence, limits and implications of technological changes in global finance while bringing IPE into conversation with perspectives on fintech in cognate literatures. Building on insights developed in Science and Technology Studies (STS), we argue that tracing the ways in which infrastructures enabling financial markets to operate are assembled out of multiple old and new socio-technical devices offers productive avenues for addressing key questions arising from several entanglements underpinning technological change. The findings of contributions to this special issue are linked to two key themes in debates on the impacts of technological change: financial inclusion and financial stability. Further avenues are proposed for examining the infrastructures in which technological change occurs in global finance and beyond, while fostering on-going dialogues between IPE, STS and SSF.",Finance; financial inclusion; financialization; governance; infrastructure; innovation; technology,2019,190,10.1080/09692290.2019.1625420,Bernards N.,Review of International Political Economy,2-s2.0-85068227974
"The role of fintech in driving financial inclusion in developing and emerging markets: issues, challenges and prospects","Purpose: In recent times, various governments in the developing and emerging markets are increasingly embracing financial technology to help improve financial inclusion and integration within the governments' countries. One of the primary goals of using such technology is to reduce poverty. This paper explores Fintech innovations' effectiveness in developing and emerging markets in driving financial inclusion using Nigeria as a case study. The paper explores the challenges militating against financial inclusion and the role of government, financial institutions, and fintech companies in ensuring financial inclusion for the vast majority of the unbanked population in the developing and emerging markets. Design/methodology/approach: This paper is based on doctrinal, sociological, and comparative research methodologies. The researchers conducted a content analysis drawing on data from both primary and secondary sources, including existing legislation, journal articles, newspaper reports, and policy documents. Findings: The research showed that the financial inclusion gap has expanded despite the government, regulators, and financial institutions' various efforts by developing various digital platforms, including encouraging the use of smartphones for mobile payments and automated teller machines (ATMs) and mobile money. Several reasons are responsible for the gap in financial inclusion: illiteracy, poor infrastructural facilities, intermittent power supply, poor mobile receptions, especially in rural areas, constant banks' network failures, unnecessary charges, information asymmetry and data privacy breaches, amongst others. Practical implications: Financial inclusion through fintech is essential in eradicating poverty in developing and emerging markets if adequately implemented. Therefore, this paper will be useful to researchers exploring how technology influences financial inclusion. The paper will also aid policymakers and practitioners in financial technology regulation to improve the effectiveness of policymakers and practitioners' policies and implementation strategies of financial inclusion in developing and emerging markets. Originality/value: This research is significant, especially in developing and emerging markets, by exploring issues and challenges of fintech in promoting financial inclusion in challenging institutional contexts. This paper suggested potential areas for further research, particularly women's attitudes and expectations towards services provided by fintech companies and other financial institutions.",Banking; Financial exclusion; Financial inclusion; Fintech; Institutional theory; Unbanked,2023,188,10.1108/TECHS-10-2021-0017,Ediagbonya V.,Technological Sustainability,2-s2.0-85190160827
Blockchain entrepreneurship opportunity in the practices of the unbanked,"Two billion people in developing economies have limited or no access to formal financial services, creating cause for substantial research interest in financial inclusion as a complex multidimensional phenomenon. Digital finance technologies, including blockchain, have empowered a type of crescive entrepreneurship that seeks opportunities in relation to financially excluded individuals. This article hypothesizes that nonmonetary causal factors and informal financial practices play a major role in habits of the financially excluded, which would favor blockchain's disintermediation features over the incumbent approach. After applying fuzzy-set Qualitative Comparative Analysis (fsQCA) to determine the conditions related to financial practice and motivations that explain the absence of a formal bank account, I prescribe five sensitivities that blockchain entrepreneurs need to consider when targeting this segment. The value of this article's approach extends well beyond traditional unisystemic views for financial inclusion, as blockchain-based entrepreneurial opportunities emerge to reveal alternative forms of disintermediated financial services, which we exemplify in startups modeling informal practices. Blockchain entrepreneurship can generate semi-formal financial services that bring financial aspirations closer to people. My perspective is relevant to blockchain entrepreneurs who aim to understand the practices of the unbanked as source information for the development of innovative solutions.",Blockchain; Financial entrepreneurship; Financial inclusion; Fintech; fsQCA; Informal finance,2017,185,10.1016/j.bushor.2017.07.012,Larios-Hernández G.J.,Business Horizons,2-s2.0-85029477219
Promoting China’s Inclusive Finance Through Digital Financial Services,"While much progress has been made in promoting inclusive finance through the ownership of a basic personal account, billions of people in developed and emerging markets are still underrepresented in financial services. Also, they are unable to contribute to the provision of better access to financial services. The purpose of this study was defined as to explore the contribution of digital financial services (DFSs) in promoting inclusive finance in China. This study presents a theoretical discussion on how DFSs play an important role in promoting China’s inclusive finance. This study uses the systematic review method of qualitative sampling to achieve the goal of this study. Different forces play different roles behind the promotion of inclusive finance. However, DFSs are considered to be one of the most influential forces in the development of inclusive finance in the present world. Many examples of how DFS can improve inclusive finance are discussed in the literature. In addition, different contributions to DFS usage are presented here to achieve the objectives of this study. The contents of the study contributed to a better understanding of the practical impact and implication of DFS tools in transforming the financial sector. In this study, first, a structured review method is followed; second, most important discussion on the contribution of DFS in promoting inclusive finance is presented and third, the relation between the topic and related research is identified.",Chinese inclusive finance; digital financial services; financial inclusion; FinTech; Inclusive finance; internet finance,2022,177,10.1177/0972150919895348,Hasan M.M.,Global Business Review,2-s2.0-85078998042
From Fintech to Finlife: the case of Fintech Development in China,"The purpose of technology is not to make finance better, but to make finance serve real life better. Fintech has grown much faster in China than in the United States. In China, this success has come not from an initial technology advantage, but from integration between finance and real-life needs. This experience has important implications for understanding financial innovations, and for the development of inclusive finance.",financial inclusion; financial scenarization; Fintech,2016,168,10.1080/17538963.2016.1215057,Chen L.,China Economic Journal,2-s2.0-84988481793
Navigating the Uncharted: The Shaping of FinTech Ecosystems in Emerging Markets,"Although there is a significant gap in comprehensive research on FinTech ecosystems in emerging markets, it is evident that these regions hold immense potential for growth in the field of financial technology. This study explores the FinTech landscape of these markets, focusing on the opportunities and challenges that exist. We emphasize the necessity of adopting localized, trust-oriented strategies, strengthening capacity, and exploring under-represented segments such as small markets and Islamic Finance. We further identify the need for confidence-building measures, customer-focused approaches, active consumer participation, equitable FinTech reporting, and an orientation toward the Future. We strongly encourage policymakers to update regulations that prioritise consumers, create task forces dedicated to FinTech, promote collaboration among regions, and ensure that business models comply with existing laws. We suggest simplifying regulations and developing a flexible, industry-specific regulatory action plan. In addition, we emphasise the significance of strategic investment in emerging market FinTech companies through secure regional registration, investor education, qualification programmes, third-party evaluation, and promoting mergers and acquisitions. These factors are essential for nurturing a strong FinTech ecosystem in these markets.",Ecosystem; Emerging Markets; Financial Inclusion; Fintech,2023,166,10.32826/cude.v46i132.1217,Ajouz M.,Cuadernos De Economia,2-s2.0-85190988545
Mobile money as a driver of digital financial inclusion,"Meeting the mobile money needs of the less privileged in developing and emerging markets opens up enormous possibilities for banks and newly emerged financial-technology firms. Many consider mobile money services a separate domain within the banking and payment sector, different from its siblings: automated teller machines, net banking, point-of-sale banking, etc. This study was conducted to investigate how mobile money services act as a reliable driver of digital financial inclusion and to determine the role of mobile money agents in the transformation from the traditional services to mobile money services. This paper presents a conceptual model based on the stimulus-organism-response paradigm. We propose that the mobile money agent characteristics are the stimuli, that the mobile money customer is the organism, and that the response of the organism to the stimuli is continuous usage, which leads to financial inclusion in the developing country of Ghana. The continuous usage of mobile money services by customers encourages more engagement experiences and advocacy intentions. We provide empirical evidence suggesting that mobile money agent credibility and service quality stimulate customer empowerment. Furthermore, we argue that for the less financially empowered customer segment, mobile money agent credibility provides the needed impetus for the continuous usage of mobile money services.",Africa; Continuous usage; Empowerment; Mobile money agent; Mobile money technology; Stimulus-organism-response theory,2023,162,10.1016/j.techfore.2022.122158,Shaikh A.A.,Technological Forecasting and Social Change,2-s2.0-85141892993
How does fintech influence carbon emissions: Evidence from China's prefecture-level cities,"We investigate how fintech development affects carbon emissions using the panel data of 253 prefecture-level cities in China from 2011 to 2019. We employ the city-level digital financial inclusion index to gauge the fintech development and identify the impact mechanisms through which fintech affects the city's carbon emissions. Our results show that fintech can significantly reduce carbon emissions, and this conclusion still holds when considering potential endogeneity, when considering the impact of resource endowment, when using alternative measures of carbon emissions, even after removing the impact of low-carbon pilot cities policy, and after winsorization treatment. We further find that the main mechanisms by which fintech affects carbon emissions are industrial structure, financing constraints, and green technology innovation. Our results provide powerful evidence that fintech positively impacts the real economy, offering more confidence and reason to stimulate fintech development.",Carbon emissions; Financing constraints; Fintech; Green technology innovation; Industrial structure,2023,150,10.1016/j.irfa.2023.102655,Cheng X.,International Review of Financial Analysis,2-s2.0-85151756826
Fintech Adoption Drivers for Innovation for SMEs in Indonesia,"The rapid evolution of technology and a large number of smartphone users are transforming the way the masses access financial services. Fintech companies consistently innovate in developing customized products and services for users and SMEs to increase financial access and inclusiveness to achieve the Indonesian national financial inclusion target of 90 percent by 2024. Access to digital financial products via Fintech contributes to greater financial inclusion for SMEs, particularly during the COVID-19 pandemic, which restricted economic activities. Using an extended TAM model, this study explores the driving factors of Fintech adoption for Indonesian SMEs during the COVID-19 outbreak. Data analysis of 415 respondents was conducted utilizing Smart-PLS 3.0 software. The findings confirm perceived usefulness, perceived ease of use, government support, trust, and user innovativeness to have a direct positive effect on the intention of SMEs to adopt Fintech. The result also reveals that financial literacy indirectly correlates with Fintech adoption mediated by user innovativeness. This indicates that Fintech could contribute to bridging financial inclusion where SMEs with lower financial literacy can utilize financial products and services via Fintech. This is a positive contribution of Fintech for SMEs in developing economies. The present study suggests that policymakers could foster the expansion of Fintech business infrastructure to improve access to SME financial services.",digitization in finance; extended TAM; Indonesian SMEs; SME Innovativeness; Sustainable Development Goals 10,2022,147,10.3390/joitmc8040208,Nugraha D.P.,Journal of Open Innovation Technology Market and Complexity,2-s2.0-85144720598
"Understanding China’s fintech sector: development, impacts and risks","Financial technology (fintech) is rapidly transforming the economy as well as the financial landscape in China. This paper attempts to shed light on its contributing factors, current state, economic impacts and potential risks. We identify three key drivers for China’s fintech development, namely shortage of supply in formal financial market, strong government support for promoting financial inclusion through digital technology, and more ‘tolerant’ regulatory environment. The greatest value of the Chinese fintech sector is promotion of financial inclusion, enabling a vast number of small- and medium-sized enterprises (SMEs) and low-income households to access to financial services. Existing studies unveil some strong evidences of fintech development improving efficiency, increasing employment and supporting entrepreneurship. In the meantime, there are also serious challenges facing this sector, such as regulatory uncertainties, illegal transactions, data abuse, etc. We conclude the paper by presenting some key takeaways, including several lessons for financial regulation.",China; financial inclusion; financial stability; Financial technology,2021,146,10.1080/1351847X.2020.1811131,Hua X.,European Journal of Finance,2-s2.0-85089904960
Fintech-based Financial Inclusion and Risk-taking of Microfinance Institutions (MFIs): Evidence from Sub-Saharan Africa,"Fintech innovations are rapidly transforming the global financial industry and easing the financial inclusion initiatives of microfinance institutions (MFIs). Such technological transformations are expected to promote stability in the financial system and in turn reduce the risk-taking behavior of its main actors. However, there is limited or no empirical evidence to confirm the impact of fintech-based financial inclusion (FinFI) on the risk-taking behavior of Sub-Saharan African MFIs. Thus, we have developed a new index to measure FinFI and empirically assess its role in reducing the risk-taking attitude of MFIs. The validity of our results was confirmed by using various robustness tests.",financial inclusion; Financial technology; fintech-based financial inclusion; microfinance institutions; risk-taking behavior; Sub-Saharan Africa,2022,143,10.1016/j.frl.2021.102149,Banna H.,Finance Research Letters,2-s2.0-85107147974
The Impact of Fintech and Digital Financial Services on Financial Inclusion in India,"India’s financial inclusion has significantly improved during the last several years. In recent years, there has been a rise in the number of Indians who have bank accounts, with this figure believed to be close to 80% at present. Fintech businesses in India are progressively becoming more noticeable as the Government of India (GoI) continues to strive for expanding financial services to the underbanked sector of the population. To reach the underbanked segments of the population and provide a stable operating environment for fintech businesses, India must seek to increase financial inclusion. In this study, regression and correlation were employed, together with secondary data gathered from the RBI, to analyze this influence. The aim was to determine the impact of fintech and digital financial services on financial inclusion in India. According to the results, fintech businesses have significantly aided financial inclusion in this nation, especially for the middle class. These findings will be helpful for policy-makers working hard to bring every individual in this country into an organized financial system.",behavioral intention; financial inclusion; financial services; fintech; service trust; social influence; usability,2023,139,10.3390/jrfm16020122,Asif M.,Journal of Risk and Financial Management,2-s2.0-85148750128
Impact of digital financial inclusion on ASEAN banking stability: implications for the post-Covid-19 era,"Purpose: This paper aims to investigate how digital financial inclusion (DFI) can be a potential factor to maintain banking stability in Association of Southeast Asian Nations (ASEAN) countries and whether the relationship could bring a possible implication for the post-Covid-19 pandemic era. Design/methodology/approach: Using an unbalanced panel data of 213 banks of 4 ASEAN countries, the study has deployed principal component analysis, ordinary least square, two-step dynamic system generalised method of moments and panel corrected standard errors techniques. Findings: The empirical study finds that the full-fledged application of DFI accelerates the ASEAN banking stability which not only decreases the default risk of the banks but also upturns the financial mobility in the region. The results also suggest that ASEAN banks are, with the implementation of DFI, likely to uphold the banking sector stability by reducing liquidity crisis and non-performing loans during and in the post-Covid-19 era. Therefore, accelerating digital finance in ASEAN countries is considered as one of the significant means for the banking sector stability that subsequently leads to economic and financial resilience even in the face of any crises. Originality/value: Prevailing studies have mostly investigated the association between financial inclusion and banking stability in different contexts. However, this study is unique to empirically investigate the association between DFI and the ASEAN banking stability.",ASEAN; Banking stability; COVID-19; Digital financial inclusion index; Fintech,2021,138,10.1108/SEF-09-2020-0388,Banna H.,Studies in Economics and Finance,2-s2.0-85106705274
Can FinTech reduce disparities in access to finance? Evidence from the Paycheck Protection Program,"New technology promises to expand the supply of financial services to small businesses poorly served by banks. Does it succeed? We study the response of FinTech to financial services demand created by the introduction of the Paycheck Protection Program. FinTech is disproportionately used in ZIP codes with fewer bank branches, lower incomes, and more minority households, and in industries with fewer banking relationships. It is also greater in counties where the economic effects of the COVID-19 pandemic were more severe. Substitution between FinTech and banks is economically small, implying that FinTech mostly expands, rather than redistributes, the supply of financial services.",Coronavirus; Financial inclusion; Financial technology; Nonbank; Online bank; PPP,2022,137,10.1016/j.jfineco.2022.05.004,Erel I.,Journal of Financial Economics,2-s2.0-85134939811
"The diffusion of fintech, financial inclusion and income per capita","Advances in information and communication technology (ICT) have provided a platform for the introduction and diffusion of a range of financial technologies that have transformed the financial sector. This study analyses the diffusion of financial technology (fintech) and its interaction with financial inclusion and living standards (GDP per capita). We consider the determinants and effects of technology diffusion in financial services and identify two possible transmission mechanisms from the financial sector to GDP per capita–a fintech diffusion channel and a financial inclusion channel. We specify the interactions between these two channels and their relationship with income per capita. Our empirical analysis focuses on the diffusion of two enabling fintech innovations: ATMs and associated digital networks; and mobile phones and payments systems. The relationships between fintech diffusion, financial inclusion and GDP per capita are estimated using a panel data set for up to 137 countries over the period 1991–2015 using both cross section and panel techniques, including an error correction model that distinguishes short- and long-run effects. A key finding is that fintech diffusion and financial inclusion have long-run effects on GDP per capita over and above their short-run impact and the effects of investment in fixed and human capital.",financial inclusion; Fintech; growth; income per capita,2022,136,10.1080/1351847X.2021.1945646,Kanga D.,European Journal of Finance,2-s2.0-85110223634
Does FinTech adoption increase the diffusion rate of digital financial inclusion? A study of the banking industry sector,"Purpose: The purpose of this study is to discuss the United Arab Emirates’ (UAE) favorable attitude toward the financial sector’s digital transformation and the development of FinTech due to the rise of financial technology. FinTech blends innovation and technology to provide financial inclusion to stakeholders through various new products and services such metaverse and artificial intelligence. Design/methodology/approach: A quantitative research approach was used to empirically validate the suggested research model by using 260 Emirates-based banking authorities and administrators’ data. Findings: The findings indicate that FinTech adoption had a substantial impact on the competitiveness and performance of the UAE banking industry during COVID-19 times. The research indicates that adequate FinTech implementation and alignment with technology management directly influence the performance of the UAE’s banking sector in difficult times. Originality/value: This study is critical because the UAE banking sector serves diverse nationalities, and its success is contingent on FinTech and its competitive edge.",Artificial intelligence; Banking industry sector; Digital financial inclusion; Economic growth; FinTech; Information technology; Metaverse; UAE,2024,135,10.1108/JFRA-05-2023-0224,Aloulou M.,Journal of Financial Reporting and Accounting,2-s2.0-85173006883
FinTech ecosystem practices shaping financial inclusion: the case of mobile money in Ghana,"Financial technology (FinTech) is widely recognised as important in addressing financial inclusion. However, limited research theorises how new entrants and incumbents work together in FinTech ecosystems to shape financial inclusion. We undertake a theory-generating case study with multilevel interacting organisations in Ghana, where, like many other African countries, the growth in FinTech has led to new opportunities for financial inclusion. We conceptualise three practices, as building blocks at the ecosystem level, through which incumbents and new entrants shape financial inclusion: (1) innovative and collaborative practices, (2) protectionist and equitable practices, and (3) legitimising and sustaining practices. We articulate a theoretical model that explains how the practices shape financial inclusion and propose three theoretical propositions of how financial inclusion in developing countries is being scaled and shaped in terms of actors, relationships, and practices.","Developing countries; ecosystems; financial inclusion; FinTech; Ghana; Irwin Brown, Kweku-Muata Osei-Bryson and Peter Meso; theory development",2022,127,10.1080/0960085X.2021.1978342,Senyo P.K.,European Journal of Information Systems,2-s2.0-85115769178
The influence of e-satisfaction on users' e-loyalty toward e-wallet payment apps: a mediated-moderated model,"Purpose: The purpose of this study is to investigate the antecedent factors influencing e-loyalty toward e-wallet payment apps in developing countries (e.g. Jordan). This study also investigates the mediating role of perceived usefulness (PU) and the moderating role of electronic word of mouth (e-WOM) toward these apps. Design/methodology/approach: An online questionnaire was used for data collection from 251 actual users of e-wallet payment apps. To estimate and test the research-proposed model, the partial least squares structural equation modeling (PLS-SEM) was employed. Findings: The results mainly confirm that perceived trust (PT), perceived financial cost (PFC) and perceived ease of use were found to be determinants of PU; perceived security (PS), PT, PFC, perceived ease of use and perceived enjoyment (PE) were found to be determinants of e-satisfaction, whereas e-satisfaction and e-WOM were found to be determinants of e-loyalty toward e-wallet payment apps. Likewise, the results support the significant effect of the moderating effect of e-WOM. Conversely, the direct and indirect impact of PU and perceived health benefits (PHB) on e-satisfaction is not supported; therefore, hypotheses H4, H5 and H9 were rejected. Originality/value: This study contributes to the understanding of the critical success factors underlying e-wallet apps during and post-COVID-19 era, which can help policymakers in banks and other financial institutions (service providers) to increase the diffusion rate of financial inclusion by the usage of e-wallet apps.",Digital financial inclusion; e-loyalty; e-satisfaction; e-wallets; e-WOM; FinTech,2025,117,10.1108/IJOEM-08-2022-1313,Al-Okaily M.,International Journal of Emerging Markets,2-s2.0-85174023244
Factors determining behavioral intentions to use Islamic financial technology: Three competing models,"Purpose: The purpose of this paper is to investigate the influential factors on behavioral intentions toward Islamic financial technology (FinTech) use in Indonesia, for all types of FinTech services as follows: payments, peer to peer lending and crowdfunding. Design/methodology/approach: This study adopted structural equation modeling using the partial least squares approach to test the hypotheses. Based on purposive sampling, the questionnaire was distributed through an online survey and received 1,262 responses. Findings: The results demonstrate that the latent variables, planned behavior, acceptance model and use of technology, have a significant impact on encouraging behavioral intentions to use Islamic FinTech. The “acceptance model” latent variable is the most influential factor. Research limitations/implications: This study was conducted only in Indonesia; therefore, the results cannot be generalized to other countries. However, the study provides important strategic guidelines for policymakers in designing a framework to enhance the development of Islamic FinTech and to achieve financial inclusion. It is suggested that future studies include samples from FinTech users in different countries. Originality/value: This study adds to the literature especially on the factors affecting behavioral intentions to use Islamic FinTech. There are limited studies concerning this topic, especially for Indonesia. The unique feature of this study is the use of a large primary data set that covers most provinces in Indonesia. Furthermore, this study focuses on three types of Islamic FinTech, namely, payments, peer to peer lending and crowdfunding.",Behavioural intention; Indonesia; Islamic financial services marketing; Islamic financial technology,2021,116,10.1108/JIMA-12-2019-0252,Darmansyah ,Journal of Islamic Marketing,2-s2.0-85082923387
How does Islamic fintech promote the SDGs? Qualitative evidence from Indonesia,"Purpose: This study aims to explore the existing Islamic financial technology (fintech) lending in Indonesia. Doing so is to better understand in what way the fintech firms have been promoting the global movement of sustainable development goals (SDGs) in the local context. Design/methodology/approach: This study engages qualitative methods. This paper first reviews relevant literature related to fintech and establishes the substantive definition of Islamic fintech. Further, the existing literature of SDGs is explored to understand its original idea and its recent implementation, particularly in Indonesia. Following this, the official reports from the domestic regulators are referred to select the fintech firms which meet the criteria of Islamic fintech lending based on the proposed definition. The selected firms are then analysed based on several themes which best capture their position in promoting the SDGs. Finally, the discussion is linked to the recent performance of Indonesia in implementing SDGs. Findings: This work finds that the reviewed fintech firms have been promoting the idea of financial inclusion, for example, financing the underdeveloped sectors such as agriculture and small and micro enterprises (SMEs). Furthermore, the selected fintech firms are also found to collect and distribute Islamic social funds such as infaq (charity spending), waqf (endowment) and sadaqah (voluntary charity). Besides, the firms are also found to initiate charity programmes for underprivileged community. In some degree, these findings are synonymous of the firms’ effort in promoting SDG of ending poverty (SDG 1) and hunger (SDG 2) and reducing the inequalities (SDG 10). Research limitations/implications: The discussion of this work does not provide any positivist generalisation due to the method used. Practical implications: The Indonesian Government is advised to legally engage with the existing fintech firms and other related stakeholders to best solve its recent issue of the declining trend in SDG 15 (life on land). Social implications: This work elaborates in what way the Islamic fintech lending has been promoting the SDGs in Indonesian context. In some extent, such discussion can best challenge the social issue of fintech which has been stigmatised of bringing mafsadah (harm), as subjectively claimed by one particular religious group in Indonesia. Originality/value: This study is among the pioneers which offers the definition of Islamic fintech and further explains its position in endorsing the global movement of SDGs.",Indonesia; Islamic fintech; Review; Sustainable development goals (SDGs),2020,114,10.1108/QRFM-05-2019-0058,Hudaefi F.A.,Qualitative Research in Financial Markets,2-s2.0-85081751758
Digital Financial Inclusion and Consumption Smoothing in China,"In this paper, we investigate the effect of digital financial inclusion (DFI) on household consumption smoothing in China. We use four waves of the biennial China Family Panel Studies from 2010 to 2016, during which time DFI has significantly developed alongside financial technology across China. We split household income shocks into permanent and transitory components, and evaluate if DFI may help households to buffer against these shocks. We find that households are not able to insure against permanent shocks to income, but they can smooth approximately 70 percent of transitory shocks to income. We also find that DFI has diminished households’ ability to insure against transitory income shocks. This is partly because online purchase may lead to the oversensitivity of consumption to income. In addition, we find that contrary to DFI, traditional financial sector development contributes to better household consumption smoothing against transitory income shocks.",consumption smoothing; D14; digital financial inclusion; E21; F61; insurance; permanent income shock; transitory income shock,2020,113,10.1111/cwe.12312,Lai J.T.,China and World Economy,2-s2.0-85079728049
FinTech and Financial Inclusion: Exploring the Mediating Role of Digital Financial Literacy and the Moderating Influence of Perceived Regulatory Support,"Exploring the potential of financial technology (FinTech) to promote financial inclusion is the aim of this research. This study concentrated on understanding why people use FinTech and how it affects their access to financial services by taking into account the mediating role of digital financial literacy and the moderating effect of perceived regulatory support. This study used partial least squares structural equation modeling (PLS-SEM) for testing the research model by collecting data from 608 FinTech users in India. The results revealed the role of trust, service quality, and perceived security are essential in promoting the utilization of FinTech services. This study also demonstrated that FinTech positively impacts financial inclusion, making it easier for individuals to get into formal financial services. Furthermore, digital financial literacy emerged as an important mediator between FinTech use and financial inclusion. The research also confirmed that perceived regulatory support has a significant moderation influence on the relationship between FinTech and financial inclusion. This research would contribute to advancing theoretical frameworks and offer practical advice for policymakers and FinTech companies to make financial services more inclusive.",digital financial literacy; financial inclusion; FinTech; perceived regulatory support,2024,108,10.3390/jrfm17030108,Amnas M.B.,Journal of Risk and Financial Management,2-s2.0-85189169639
"The poverty of fintech? Psychometrics, credit infrastructures, and the limits of financialization","It is increasingly common to claim that innovative financial technologies (‘fintech’) will enable ever-wider access to credit. Previous critical accounts have often linked the development of fintech to processes of financialization. However, these arguments rarely take account of the uneven and highly limited character of ‘financial inclusion’ in practice. Drawing on engagements with science and technology studies and historical materialist political economy, this article advances an approach emphasizing processes of abstraction from productive activities, mediated through particular infrastructures, as core elements of financial accumulation. Seen in this light, psychometrics in particular and alternative credit data more broadly can be seen as flawed efforts to confront three sets of limits—(1) the necessarily reductive character of abstract framings, and the consequent challenges posed by their encounter with complex processes in practice, (2) the ways that systems for credit scoring interact with the infrastructures of existing financial systems, and (3) the difficulty of realizing financial profits in the context of widespread precarious livelihoods. Looking at alternative forms of credit data from this angle offers a way of grasping the truncated and uneven rollout of fintech, and hence of prompting more critical reflections about the limits to processes of financialization.",credit scoring; Financial inclusion; financialization; historical materialism; psychometrics; science and technology studies; technology,2019,103,10.1080/09692290.2019.1597753,Bernards N.,Review of International Political Economy,2-s2.0-85066820476
Financial inclusion – does digital financial literacy matter for women entrepreneurs?,"Purpose: Women's financial inclusion has become a global research agenda, and past studies provide mixed evidence on the determinants of financial inclusion among women entrepreneurs across the globe. However, the impact of digital financial literacy on women's financial inclusion has seldom been addressed in the past literature. Design/methodology/approach: The authors perform a cross-sectional analysis of 144 countries using the World Bank Global Findex Database. Findings: This study’s probabilistic regression results indicate that women entrepreneurs with a higher degree of digital financial literacy are more likely to engage in formal banking channels. Practical implications: The study findings have practical implications in terms of allowing regulators and banks to draw effective policies to attract women customers. Lack of effective regulatory intervention could lead to women exploring financial crimes, such as money laundering, due to their lack of involvement with the formal banking channel. Originality/value: The authors explore the impact of digital financial literacy on women's financial inclusion. Such evidence is rare in the existing literature. Peer review: The peer review history for this article is available at: https://publons.com/publon/10.1108/IJSE-04-2022-0277",Digital financial literacy; Entrepreneurs; Financial inclusion; Fintech; Women,2023,103,10.1108/IJSE-04-2022-0277,Hasan R.,International Journal of Social Economics,2-s2.0-85144023871
How signaling and search costs affect information asymmetry in P2P lending: the economics of big data,"In the past decade, online Peer-to-Peer (P2P) lending platforms have transformed the lending industry, which has been historically dominated by commercial banks. Information technology breakthroughs such as big data-based financial technologies (Fintech) have been identified as important disruptive driving forces for this paradigm shift. In this paper, we take an information economics perspective to investigate how big data affects the transformation of the lending industry. By identifying how signaling and search costs are reduced by big data analytics for credit risk management of P2P lending, we discuss how information asymmetry is reduced in the big data era. Rooted in the lending business, we propose a theory on the economics of big data and outline a number of research opportunities and challenging issues.",Big data; Economics of big data; Fintech; Information economics; Lending industry; P2P lending,2015,103,10.1186/s40854-015-0018-1,Yan J.,Financial Innovation,2-s2.0-84984652045
"Fintech development and savings, borrowing, and remittances: A comparative study of emerging economies","Fintech is rapidly changing the financial landscape, especially in the post-COVID era. This study uses data from the world's first global ranking of fintech ecosystems, the Global Fintech Index (GFI), to investigate the linkages between fintech development and demand for savings, borrowing, and remittances for 16 of the world's largest emerging economies. Our results find a consistently strong and positive relationship between fintech development and financial inclusion. However, considerable heterogeneities persist across population groups and regions. Evidence also suggests that access may not translate to greater usage of financial services. The findings have important implications for future models of financial inclusion looking to harness the power of fintech.",Digital financial services; Emerging economies; Financial inclusion; Financial security; Fintech; Vulnerable populations,2022,102,10.1016/j.ememar.2021.100842,Lyons A.C.,Emerging Markets Review,2-s2.0-85114258546
Mobile payments in India: the privacy factor,"Purpose: The purpose of this paper is to understand Indian consumers’ intention to use mobile payments by examining their adoption readiness (AR) in the larger context of their technology readiness (TR) and their privacy concerns (PCs). Design/methodology/approach: A four-city, three language, paper and pencil survey yielded a sample of 600 respondents from India. Data were analyzed using structural equations modeling. Findings: This study finds that AR positively mediates the relationship between TR and intention to adopt (IA) mobile payments. More importantly, PCs negatively moderate the relationship between AR and IA. Research limitations/implications: Results will vary depending on country and other variables outside the scope of this study such as perceived risk, trust, etc. The sample was large but mainly comprised males, between 18 and 35 years of age. Practical implications: The cash shortage due to a recent demonetization move in India had spurred mobile payment adoption but usage and retention remained low. Many other banking self-service technologies had not been successful and digitization was critical for easing payments and potentially paving the way for mobile banking. However, using mobile phones for financial transactions raises PCs that attenuate the positive impact of AR. Also, understanding overall attitudes with TR is important in a rapidly digitizing country with relatively novice users. Social implications: Adoption of mobile payment technology can help address social and economic challenges in India, such as financial inclusion, corruption and tax evasion. Given the increasing awareness of privacy issues in India, mobile payment adoption, which already faces acquisition and retention challenges, will likely to face greater resistance in the future. Originality/value: The findings add to the literature on emerging markets and marketing of technology products by identifying the critical role of privacy in the adoption of financial technology services. Moreover, the authors demonstrate that given the rapid introduction of technology in India, consumers’ overarching TR has to be considered along with AR for mobile payments. Thus, the authors offer a tripartite, customer–technology–transaction view of the mobile payment adoption process in India.",Adoption readiness; Emerging markets; India; Mobile payments; Privacy concerns; Technology readiness,2019,102,10.1108/IJBM-05-2017-0099,Sinha M.,International Journal of Bank Marketing,2-s2.0-85053248448
"Mobile money and financial inclusion in Africa: Emerging themes, challenges and policy implications","Mobile money is purported to promote financial inclusion. The growing number of studies have largely focused on transactions and related benefits with limited attention to emerging challenges, policies and initiatives that address the relative needs of different stakeholders. Consequently, little has been done to probe the ‘bottom-of-the-pyramid’ paradigm that underpins these assumptions. There has been inadequate endeavour to examine ways that empirical research could shed more light on these challenges and how to overcome them. To address these gaps, this study reviews the emerging literature on mobile money that explores both benefits and challenges. From our study three main themes emerge that suggest areas where challenges to the efficacy of the mobile money-financial inclusion link still appears not to have been adequately addressed by policymakers: ensuring integrity, privacy and security; addressing resource and infrastructure constraints; and integrating stakeholder benefits. Yet we suggest merely addressing these challenges does not go far enough in safeguarding the needs of local communities, as major stakeholders. Evidence from our study suggests little direct benefit to the poorer sections of local communities, only to the strata above and to elites and external stakeholders. This has implications for development and social change through technology adoption.",Africa; Bottom-of-the-pyramid; Financial inclusion; Fintech; Mobile money,2024,99,10.1016/j.techfore.2024.123339,Osabutey E.L.C.,Technological Forecasting and Social Change,2-s2.0-85188616241
Impact of fintech on bank risk-taking: Evidence from China,"This article focuses on the relationship between Fintech and bank risk-taking behavior. Since Robo-Advisor is one of the mature applications of Fintech, we found that the development of Fintech will have a greater impact on small and medium-sized banks through the establishment of a Robo-Advisor model. This paper uses a benchmark regression model to analyze the municipal digital financial inclusion index compiled by Peking University and the annual report data of 155 small and medium-sized banks from 2011 to 2016. We found that the development of Fintech has significantly reduced bank risk-taking level. This result is still valid after the robustness test of replacing the bank’s risk-taking index and replacing the Fintech development index. We used the urban innovation index as an instrumental variable to deal with the endogenous problem, and obtained consistent estimation results. The test of the intermediary effect shows that the development of Fintech will affect the bank risk-taking through channels such as the bank’s internal interest margin, management capabilities, the bank’s external competition intensity, and residents’ saving willingness. Heterogeneity analysis shows the reduction effect of Fintech on bank risk-taking is more pronounced in banks in eastern and western regions in China, the large banks and the urban commercial banks.",Bank competition; Bank’s risk-taking; Fintech; Intermediary; Robo-Advisor,2021,99,10.3390/risks9050099,Deng L.,Risks,2-s2.0-85107366367
Financial inclusion: The role of fintech and digital financial services in India,"The cashless transaction system is achieving its growth day by day, as soon as the market becomes globalized and the development of the banking sector more and more the people moves from cash to a cashless system. The cashless system is not just a necessity but also a need of today’s order. Over the past few years, efforts to drive financial inclusion in India have delivered mixed results. Access to bank accounts has increased dramatically, driven by a strong policy and regulatory push. However, the usage of these accounts and the uptake of formal financial services beyond savings accounts has remained exceptionally difficult. The recent initiatives by the Government around demonetization and the move to cashless transactions will further drive innovation and new entrants into the Indust ry. The amendment s to the banking act clearly demonst rate the Government, RBI and Banking institutions intent to ensure stable growth of the economy by ensuring a healthy BFSI. Building Trust within the industry will be paramount to India’s further growth. Newer technologies pose different challenges to the banks and regulators, with security being a key concern. With cyber-frauds on the rise, the regulators and the bankers would have to come together to ensure control mechanisms are in place. A strong push from the Government of India has given the non-banking population easy access to financial products. Payment organizations have demonstrated the advantages of mobile-led solutions and the traditional banking organizations are now trying to make inroads into rural India by launching innovative mobile-based banking solutions. With support from the government, large technology companies are using new ways of reaching out to the rural masses and educate them about the various financial products, thus ensuring that their hard-earned income is rightly invested.",Digital Apps; Financial Transactions; JEL Classifications: G; Rural Population,2019,97,,Kandpal V.,Indian Journal of Economics and Business,2-s2.0-85078895210
"CBDC, Fintech and cryptocurrency for financial inclusion and financial stability","Purpose: The purpose of this study is to discuss the role of central bank digital currency (CBDC), Fintech and cryptocurrency for financial inclusion and financial stability. Design/methodology/approach: This study used critical discourse analysis to identify the benefits and risks of CBDC, Fintech and cryptocurrency for financial inclusion and financial stability. Findings: Fintech, CBDC and cryptocurrency can increase financial inclusion by providing an alternative channel through which unbanked adults can access formal financial services. CBDC and Fintech services have the potential to preserve financial stability, while cryptocurrency presents financial stability risks that can be mitigated through effective regulation. This paper also identified some problems of CBDC, Fintech and cryptocurrency for financial inclusion and financial stability. This paper offered some insight about the future of financial inclusion and the future of financial stability. Practical implications: Although CBDC, Fintech or cryptocurrency can extend financial services to unbanked adults and offer cost-efficient advantages, there are risk considerations that need to be taken into account when using CBDC, Fintech and cryptocurrency to increase financial inclusion and to preserve financial stability. Originality/value: The literature has not identified the combined role of CBDC, Fintech and cryptocurrency for financial inclusion and financial stability. To the best of the author’s knowledge, this paper is the first paper to assess the combined role of CBDC, Fintech and cryptocurrency for financial inclusion and financial stability.",Blockchain; CBDC; Central bank digital currency; Cryptocurrency; Financial inclusion; Financial stability; Fintech,2023,95,10.1108/DPRG-04-2022-0033,Ozili P.K.,Digital Policy Regulation and Governance,2-s2.0-85142237695
Digital financial inclusion. Visualizing the academic literature,"Financial inclusion, which requires granting an affordable, adequate and widespread access to a sufficient range of financial products and services, has often been considered one of the cornerstones of social development, as it can contribute to poverty reduction, narrow the income gap, lead to wiser financial decisions, help to enlarge savings, increase the productive investment and foster a greater gender equality. Information and communication technologies have shown a major potential to contribute to financial inclusion, giving birth to digital financial inclusion. Using bibliometric techniques, this paper disentangles the intellectual structure of the research on digital financial inclusion, revealing the most influential sources, authors and areas inside this research stream. The results of this paper show that we are dealing with a critical demand of current society, which is attracting a growing attention of the academic literature and should be in the spotlight of both private and public institutions.",Digitalization; Financial inclusion; Fintech; ICTs; Mobile-money,2023,91,10.1016/j.ribaf.2022.101862,Gallego-Losada M.J.,Research in International Business and Finance,2-s2.0-85146035054
Mobile payment and rural household consumption: Evidence from China,"Exploring effective measures to promote rural household consumption is a challenge for developing countries, where rural areas often face severe financial exclusion and undeveloped commercial services. In this research, the influence of mobile payment, a popular payment method emerging in recent years, on rural household consumption is assessed by adopting China Household Finance Survey of 2017. Estimation results under the instrumental variable method suggest that mobile payment has a statistically significant and facilitating effect on rural household consumption in China. This positive effect is attributed to the benefits of mobile payment in improving financial inclusion and the convenience of consumption activities for rural areas, which is verified by performing several disaggregated analyses in our study. This work provides new evidence for the increasing literature on the economic impact of financial technology and several enlightenments for developing countries to improve the quality of public life through information intervention policies.",Financial inclusion; Financial technology; Mobile payment; Rural household consumption,2022,91,10.1016/j.telpol.2021.102276,Zhang J.,Telecommunications Policy,2-s2.0-85119160106
The impact of bank FinTech on commercial banks' risk-taking in China,"FinTech has facilitated the digital transformation of commercial banks, but it has also impacted their micro-risk-taking. This paper investigates the relationship between bank FinTech and micro-risks of commercial banks, including credit, liquidity, and insolvency risks. To overcome the shortcomings of the existing measurements of bank FinTech, this paper establishes an index that covers 148 commercial banks based on their annual financial reports from 2007 to 2019 by using text mining. In addition, this work discusses the heterogeneity of ownership and influence channels. The following conclusions emerge: (1) innovation and the application of bank FinTech increase bank credit and liquidity risks but reduce insolvency risk; (2) Considering ownerships, bank FinTech in state-owned commercial banks enables credit risk to be controlled effectively, whereas it in joint-stock commercial banks brings higher liquidity risk and lower insolvency risk. (3) Technological application in bank FinTech can help banks to reduce insolvency risk, while business innovation in bank FinTech can exacerbate liquidity risk. This paper adds theoretical and empirical evidence on the role of FinTech in banks' risk-taking. And it concludes with recommendations for banking regulation and the development of commercial banks.",Commercial banks; Financial regulation; FinTech; Micro-risks; Risk-taking,2023,90,10.1016/j.irfa.2023.102944,Wu X.,International Review of Financial Analysis,2-s2.0-85171850855
The impact of FinTech innovation on digital financial literacy in Europe: Insights from the banking industry,"Within the evolving financial industry, characterised by the proliferation of FinTech and exacerbated by the Covid-19, this paper investigates the unexplored relationship between financial, social, infrastructural factors and the level of digital financial divide (DFD) in Europe. Applying a difference-in-difference model, the study reveals that innovation in financial services correlates with a reduced DFD, further reinforced by improved digital infrastructure and social progress. However, the post-Covid environment has widened the gap in EU financially illiterate regions. Our results hold relevance for policymakers, governments, and supervisory banking authorities, indicating the most effective areas for intervention in lowering the country's DFD, but they could also support banks in the design of tailor-made digitalization strategies.",Banking; Digital skills; Financial inclusion; Financial literacy; FinTech,2024,90,10.1016/j.ribaf.2024.102218,Ferilli G.B.,Research in International Business and Finance,2-s2.0-85185184858
The Value of Smart Contract in Trade Finance,"Problem definition: Smart contract improves the supply chain efficiency by enabling the supplier’s commitment to postshipment financing decisions, which mitigates the bank’s lending risk exposure and thereby reduces the financing cost. This paper investigates how smart contract adoption could facilitate trade finance activities and create value for supply chain firms. Academic/practical relevance: As the emerging blockchain technology could potentially reshape the trade financing landscape, understanding the impact of smart contract adoption and its interaction with trade finance activities is practically relevant and of great importance. Methodology: We develop a two-stage game-theoretic model and adopt supply chain finance theory to characterize the strategic interactions between supply chain firms in the presence of both operational risk (demand uncertainty) and financial risks (credit and liquidity risks). Results: We find that the value of smart contract depends critically on the trade finance structures, including both preshipment and postshipment financing schemes. Under the baseline trade finance model (with purchase order financing as preshipment financing and factoring as postshipment financing), smart contract alleviates the supplier’s overpricing behavior caused by commitment frictions and helps restore the supply chain efficiency. When buyer direct financing serves as an alternative preshipment financing, smart contract might discourage the retailer from offering buyer direct financing, which significantly hurts the supplier and thus reduces the supply chain profit. When invoice trading serves as the alternative postshipment financing, the supplier always chooses invoice trading over factoring because of its trading flexibility, which in turn, makes the commitment frictions ubiquitous and unresolvable (namely, commitment trap). As a result, invoice trading could unexpectedly lead to a lower supplier’s profit. Luckily, such an adoption dilemma can be resolved by smart contract adoption in conjunction with factoring. Managerial implications: Our findings provide guidelines for and insights into when smart contract should be adopted and its interactions with different trade finance schemes. In particular, smart contract adoption does not always benefit the supply chain.",buyer direct financing; factoring; FinTech; invoice trading; purchase order financing; smart contract; supply chain finance; trade finance,2023,90,10.1287/msom.2022.1126,Wang X.,Manufacturing and Service Operations Management,2-s2.0-85179557483
Contesting digital finance for the poor,"Purpose: This paper aims to critically assess digital finance as a pro-poor intervention in the development finance space. Design/methodology/approach: Using critical policy discourse analysis, this paper explains the turn from microfinance to digital finance, and thereafter discusses four issues: the lack of evidence that digital finance for poor people actually promotes socioeconomic development; the risks that poor people are exposed to, which arises from their exposure to digital finance technology; the lack of evidence that digital finance actually brings poor people immediate benefits; and the weak business rationale for digital finance. Findings: The expectation for digital finance serving as a major pro-poor private sector intervention lacks justification. Originality/value: The paper reflects on the effect of digital finance for poor people.",Blockchain; Digital finance; Financial development; Financial inclusion; Financial technology; Fintech; Innovation; Microfinance; Poor people; Risk; Technology,2020,89,10.1108/DPRG-12-2019-0104,Ozili P.K.,Digital Policy Regulation and Governance,2-s2.0-85084853700
The fintech gender gap,"Can fintech close the gender gap in access to financial services? Using novel survey data for 28 countries, this paper finds a large and ubiquitous ‘fintech gender gap’: while 29% of men use fintech products, only 21% of women do. This difference exceeds the gender gap in bank account ownership at traditional financial institutions. While country characteristics and individual-level controls explain about a third of the fintech gender gap, the residual gap declines by 60% when accounting for gender differences in the willingness to use new financial technology, the suitability of fintech products, and the willingness to use fintech entrants if they offer cheaper products. The paper concludes by discussing drivers of differences in attitudes and implications for policy to foster financial inclusion with new technology.",Financial inclusion; Fintech; Gender; Personal data; Privacy,2023,87,10.1016/j.jfi.2023.101026,Chen S.,Journal of Financial Intermediation,2-s2.0-85148629135
Mobile money adoption and usage and financial inclusion: mediating effect of digital consumer protection,"Purpose: Drawing from the argument that mobile money services have a significant potential to provide a wide range of affordable, convenient and secure financial services, there have been rampant frauds on consumers of financial products over the digital financial platform. Thus, this study aims to establish the mediating effect of digital consumer protection in the relationship between mobile money adoption and usage and financial inclusion with data collected from micro small and medium enterprises (MSMEs) in northern Uganda. Design/methodology/approach: To achieve the main objective of this study, a research model was developed to test for the mediating effect of digital consumer protection in the relationship between mobile money adoption and usage and financial inclusion. The data were collected from MSMEs and structural equation modelling in partial least square (PLS) combined with bootstrap was applied to analyze and test the hypotheses of this study. The direct and indirect effect of mobile money adoption and usage on financial inclusion was tested through digital consumer protection as a mediator variable. Findings: The findings from the PLS-structural equation modelling (SEM) showed that mobile money adoption and usage has both direct and indirect effect on financial inclusion. Moreover, financial inclusion is influenced by both mobile money adoption and usage and digital consumer protection. Research limitations/implications: The study used partial least square (PLS-SEM) combined with bootstrap confidence intervals through a formative approach to establish the mediating effect of the mediator variable. Hence, it ignored the use of covariance-based SEM and the MedGraph programme. Furthermore, data were collected from samples located in Gulu district, northern Uganda and specifically from MSMEs. This limits generalization of the study findings to other population who also use mobile money services. Practical implications: Promoters of digital financial services, managers of telecommunication companies, and financial inclusion advocates should consider strengthening the existing digital consumer protection laws on the mobile money platform. A collaborative approach between the mobile network operators, financial institutions and regulators should tighten the existing laws against mobile money fraudsters and an efficient mechanism for recourse, compensation and remedy should be set up to benefit the victims of frauds and cybercrime on the Fintech ecosystem. Originality/value: The current study gives a useful insight into the critical mediating role of digital consumer protection as a cushion for promoting financial inclusion through mobile phones over the Fintech that face great threat and risk from cyber insecurity.",Cyber insecurity; Digital consumer protection; Financial inclusion; Financial innovation; Fintech ecosystem; Mobile money services,2020,85,10.1108/DPRG-01-2019-0005,Okello Candiya Bongomin G.,Digital Policy Regulation and Governance,2-s2.0-85085027615
Do perceived risks and benefits impact trust and willingness to adopt CBDCs?,"Central Bank Digital Currency (CBDC), as a FinTech initiative, has the potential to enhance financial inclusion, increase the speed and efficiency of financial transactions, and reduce the costs associated with traditional payment systems. This study investigates how risks and benefits impact trust and the digital rupee (or CBDC) adoption in India. We use six perceived risk factors and four perceived benefits factors. The willingness to adopt the digital rupee can be significantly predicted by all the constructs except perceived usefulness. The study also shows the partial mediation effect of trust to bridge the impact of perceived risk on willingness. However, perceived ease of use, innovativeness, and inertia do not significantly impact trust to adopt the digital rupee. This study pioneers the literature on behavioral intention toward digital rupee adoption in India. The findings offer important implications for policymakers.",CBDC; Digital currency; Digital rupee; FinTech; Perceived risk and benefit; Trust,2023,84,10.1016/j.ribaf.2023.101993,Gupta S.,Research in International Business and Finance,2-s2.0-85160519841
Rural Consumers’ Financial Literacy and Access to FinTech Services,"The study aims to show the impact of financial knowledge among rural consumers’ access to financial technology services. In general, knowledge regarding any particular fact helps consumers to select or reject different options. Therefore, knowledge regarding financial services is considered a factor that influences access to financial technology services. This study carries out a survey-oriented method with a structured questionnaire. According to the data category, this study uses three well-known econometric models: logistic regression, probit regression, and complementary log–log regression, have been experimented. This study finds that knowledge regarding various factors significantly impact on access to financial technology services. Mainly, this study has important practical significance for the use of rural finance and financial technology in rural areas, which affects the entire economy.",D1; D9; Financial inclusion in Bangladesh; Financial knowledge; Financial literacy; FinTech access; G2; G4; G5; Inclusive finance; O2; R1; Rural finance,2023,84,10.1007/s13132-022-00936-9,Hasan M.,Journal of the Knowledge Economy,2-s2.0-85123943313
Fintech in the eyes of Millennials and Generation Z (the financial behavior and Fintech perception),"This study investigates the Millennials and Gen Z perception toward Fintech services, their usage intention, and their financial behavior. The study took place in the Palestinian context with a global comparison among these generations. The authors used the questionnaire-based technique to meet the study objective. West Bank respondents were selected for this purpose; the study instrument was distributed through different social media channels. The findings show that reliability/trust and ease of use are the main issues in using a financial service. Millennials are more aware (48%) of Fintech services than Gen Z (38%), which is different from the global view where Gen Z is the highest. The smartphone penetration rate is 100% among both generations, while the financial inclusion ratio in Palestine is around 36.4%; these clear indicators are the main Fintech drivers to promote Fintech services in Palestine, and these are global indicators for Fintech adoption intention. Both generations (84%) intend to use e-wallet services, Millennials (87%) and Gen Z is (70%) prefer using real-time services. Half of the respondents see that Fintech plays a complementary role with banks. The majority see that Fintech services are cheaper than bank services. Wealth management, and robot advisor services, and both generations are looking to acquire them in the long run. The authors revealed that 85% of respondents from both generations trust banks, so it is recommended that banks digitize their financial services to meet the customers' needs, considering that 90% of respondents see that promotions are a key issue in adopting Fintech services. Promoting e-wallet services by banks is highly recommended due to the massive rivalry with Fintech parties.",Artificial intelligence; E-banking; E-wallet; Fintech; Real-time,2020,81,10.21511/bbs.15(3).2020.03,Abu Daqar M.A.M.,Banks and Bank Systems,2-s2.0-85091816702
Islamic banking stability amidst the COVID-19 pandemic: the role of digital financial inclusion,"Purpose: This paper aims to explore the role of digital financial inclusion (DFI) in stabilizing the Islamic banking sector amidst the current COVID-19 pandemic. Design/methodology/approach: This study has used the Panel-Corrected Standard Errors (PCSE), Two-Stage Panel Least Squares-Instrumental Variables (2SLS-IV) and Two-Step System Generalized Method of Moments (2SGMM) dynamic panel estimation method to investigate the DFI-Islamic banking stability nexus using an unbalanced panel data of 65 Islamic banks from six countries over the period 2011–2020. Findings: The result suggests that greater implementation of DFI promotes Islamic banking stability, which reduces the default risk of the banks in the studied region. Consequently, incorporating DFI into the Islamic banking sector encourages inclusive economic growth that can keep the financial sector sustainable even in a crisis period like the current COVID-19 pandemic. Originality/value: Unlike previous studies, the authors have focused mainly on DFI and the Islamic banking sector. This is one of the first to explore how DFI contribute to the stability and productivity of the Islamic banking sector during the pandemic. Also, this study provides fresh evidence on how the supply and demand side of DFI impact Islamic banking stability.",Banking stability; COVID-19; Digital financial inclusion; FinTech; Islamic banks,2022,80,10.1108/IMEFM-08-2020-0389,Banna H.,International Journal of Islamic and Middle Eastern Finance and Management,2-s2.0-85112511796
Fintech and Financial Health in Vietnam during the COVID-19 Pandemic: In-Depth Descriptive Analysis,"The growing popularity of smartphones and the proliferation of technology have accelerated the development of the digital payment industry. Fintech enables customers to access financial services more efficiently and faster than traditional business, especially during the COVID-19 pandemic due to health protocols, including restrictions on physical contact. This study investigates financial literacy, fintech adoption, and the impact of the COVID-19 crisis on the financial health of consumers in Vietnam. The relatively higher level of the unbanked population in Vietnam and the lower level of adult financial literacy compared with the ASEAN region motivated this study. Based on judgment sampling, participants were approached using the mall intercept technique, and those familiar with fintech were selected for the research interview. Thirty participants were interviewed and were given a survey form to be filled online using their mobile phones. Data analysis was conducted using IBM SPSS software version 23. Perceived ease of use, perceived usefulness, trust, brand image, government support, user innovativeness, and attitude are found to be significantly correlated with fintech adoption in Vietnam, while financial literacy was found to be not significantly correlated with fintech adoption. Furthermore, further analysis using multiple linear regression revealed user innovativeness and attitude have a positive impact towards fintech adoption, and in contrast, financial literacy showed significant negative impact on fintech. This inverse relationship could indicate that in Vietnam, fintech may play a role of bringing financial inclusion where people with lower financial literacy are able to use technology for financial transactions, which was previ-ously inaccessible to them. This could also mean that Vietnamese with higher financial literacy do not see fintech as an important tool for their financial transactions, as they may already have strong access to traditional financial facilities. This research contributes to knowledge in the field of Fintech adoption in Vietnam at the time of the COVID-19 outbreak. To foster greater financial inclusivity and access for the Vietnamese consumers, policy makers could promote the development of fintech business infrastructure and regulatory sandboxes to foster fintech startups.",ASEAN; digitization in finance; financial inclusion; financial literacy; fintech adoption; low income group; poverty alleviation,2022,79,10.3390/jrfm15030125,Nathan R.J.,Journal of Risk and Financial Management,2-s2.0-85130427428
FinTech and capital allocation efficiency: Another equity-efficiency dilemma?,"The emergence of financial technology (FinTech) introduces new tools and solutions to lending and equity markets, and has significantly increased the accessibility of marginal firms to funds, a property known as financial inclusion. However, little is known about whether such inclusion is acquired at the cost of efficiency. This paper provides evidence on how FinTech affects the efficiency of capital allocation using firm-level data for China over the period of 2010–2020. The development of FinTech is measured as the number of FinTech firms in a city. We find interesting evidence that the growth of FinTech reduces the capital available to more efficient firms. The evidence stands robust at both the firm- and industry-level. We identify two mechanisms that can explain the inefficiencies of FinTech in capital allocation. The first mechanism involves FinTech-induced competition in the lending market, and the second explanation relates to the property of equity-efficiency dilemma of FinTech. Finally, we show that the inefficiencies of FinTech in capital allocation arise mainly from its impact on debt financing.",Allocative efficiency; Competition; Equity-efficiency dilemma; FinTech,2022,79,10.1016/j.gfj.2022.100741,Xie X.,Global Finance Journal,2-s2.0-85131067028
Financial inclusion and FinTech: A comparative study of countries following Islamic finance and conventional finance,"Purpose: Using data from World Bank and Global Islamic Finance Report, this paper aims to compare the performance of countries following Islamic and conventional finance system in terms of financial inclusion and FinTech. Design/methodology/approach: Ten countries from both financial systems have been selected based on the presence of Islamic finance and conventional finance in the country. Data was analyzed from year 2011 to 2017 and keeping the former as base year to measure the change in the population fraction. Findings: The findings found that Islamic finance countries are more inclusive in terms of financial inclusion and women are financially more empowered as compared to the counterpart. On the contrary, countries with conventional finance have a higher number of FinTech users. Research limitations/implications: The difference between the performances of two systems in terms of financial inclusion is relatively small; therefore, future studies should incorporate more indicators for financial inclusion. Originality/value: This study will be useful for understanding the nature of both financial systems, and the further research can be done to find the determinants of financial inclusion.",Banking; Conventional finance; Finance; Financial inclusion; Findex; FinTech; Islamic finance,2020,79,10.1108/QRFM-12-2018-0131,Baber H.,Qualitative Research in Financial Markets,2-s2.0-85075455833
Opportunities and Challenges of Artificial Intelligence in Banking: Systematic Literature Review,"The primary aim of this systematic literature review (SLR) was to identify, assess and synthesize the extant evidence about the opportunities and challenges concerning the use of Artificial Intelligence (AI) in the banking sector. From the SLR, it is evident that AI has several opportunities for the sector. There are many fin-tech start-ups that offer banking AI solutions, and banking regulators are fostering AI adoption through legislation and collaboration. Other opportunities include the following: personalized services, smart wallets, decision-making and problem-solving, customer satisfaction and loyalty, process automation (especially targeting repetitive tasks), transactional security and cybersecurity improvements, and promotion of digital financial inclusion. Nevertheless, the key banking industry stakeholders have to formulate appropriate strategies aimed at overcoming existing and prospect AI challenges. Among the AI challenges that should be prioritized we include the following: job loss and user acceptance concerns, privacy breaches, creativity and adaptability loss, restrictive implementation and operational requirements, digital divide, availability of vast quality data, AI-business strategy alignment, and loss of emotional “human touch”. However, existing studies are largely descriptive and based on secondary sources of data. This necessitates empirical studies to expand the existing body of knowledge regarding AI opportunities and challenges in the banking industry.",Artificial intelligence; Banking; Challenges; Fintech; Opportunities,2021,76,10.18421/TEM104-12,Ghandour A.,TEM Journal,2-s2.0-85121790356
The Identity Challenge in Finance: From Analogue Identity to Digitized Identification to Digital KYC Utilities,"Identity is fundamental in finance: to protect against fraud and crime, to fulfil know-your-customer obligations, and to ensure market integrity. At the same time, identification and know-your-customer rules can be major barriers to accessing financial services. This paper considers the various requirements for identification in the financial sector and the evolving nature of identity. We argue that technology presents an opportunity to solve this challenge through the development of digital identity infrastructure and related utilities. The establishment of such utilities requires addressing design questions such as registration methods, data availability, and cross-jurisdiction recognitions. Yet, as with any reform, a balance between flow through efficiency and cyber-security needs to be reached to ensure that the objectives of financial inclusion and market integrity are not achieved to the detriment of financial stability.",Anti-money laundering; Digital identification; eKYC infrastructure; Finance; Financial inclusion; FinTech; Identity; KYC utilities; Market integrity; RegTech,2019,75,10.1007/s40804-019-00135-1,Arner D.W.,European Business Organization Law Review,2-s2.0-85063024463
FinTech and SMEs financing: A systematic literature review and bibliometric analysis,"Small and medium-sized enterprises (SMEs) face obstacles in raising capital and accessing financial services due to information asymmetry, high transaction costs and lack of collateral. FinTech developments have made gathering and sharing information easier, changed how funds are mobilized and allocated, and increased capital-raising activities. This paper conducts a systematic literature review on FinTech and SME financing for the period 2008–2022. So far there are unstructured and separate publications on this topic. Therefore, there is a need to consolidate the empirical research and their findings on the effectiveness of FinTech in meeting SMEs' financing needs. The bibliometric findings show that few studies on FinTech and SME financing are empirical in nature. These empirical studies surged a decade later after FinTech 3.0 started in 2008, with the majority of them using quantitative methods based on data from surveys and FinTech platforms. Furthermore, emerging alternative digital financing to SMEs have attracted more empirical studies than those on FinTech and bank lending to SMEs. In terms of publications, China is dominating, followed by the United States. The content analysis shows that FinTech has increased the ability of financial and non-financial institutions to collect and process accurate information about SMEs, thus reducing information asymmetry and transaction costs. FinTech has also increased the speed and quality of the lending cycle, from establishing an SME pipeline, collecting and processing information, to loan screening, monitoring and repayment. Finally, the paper presents research gaps and areas for future studies, challenges and policy recommendations on this novel subject.",Alternative financing; Bank credit; FinTech; SME financing,2023,73,10.1016/j.digbus.2023.100067,Sanga B.,Digital Business,2-s2.0-85173917966
The dark side of mobile money: Perspectives from an emerging economy,"Advancements in money transfer protocols have resulted in the growth of financial technology (FinTech) and the acceleration of digitalisation, yet studies have often focused on the advantages of adopting these protocols without empirically recognising the disadvantages that may jeopardise the success of this innovation. This study aimed to qualitatively examine the dark side of mobile money by engaging with key stakeholders in the mobile money ecosystem of Sub-Saharan Africa (SSA). Qualitative data from interviews with financially vulnerable customers, mobile money agents and FinTech developers were analysed thematically. A typology of four relationships between the stakeholders – customer–developer, customer–agent, developer–agent and developer–regulator – was found along with issues of fraud, security, information privacy and emotional connections with money. The customer–developer relationship requires effective communication, engagement and reassurance. The customer–agent relationship requires assurances that customers' information is safe and not vulnerable to fraud and other security threats. The developer–agent relationship requires training, security and technical support. Developer–regulator relations should recognise the inherent challenges of policies and regulations and the uniqueness of business operations in SSA. Firms must have contingency plans in place should policies change, which may affect their business activities.",Dark side; Financial inclusion; Mobile money; Mobile payment; Nigeria,2022,70,10.1016/j.techfore.2022.122045,Mogaji E.,Technological Forecasting and Social Change,2-s2.0-85138830724
Impact of the development of FinTech by commercial banks on bank credit risk,"This paper constructs FinTech development indicators of commercial banks through web crawler, and uses the data of 138 Chinese commercial banks from 2013 to 2021 to investigate the impact of the development of FinTech of commercial banks on bank credit risk. The results show that the development of FinTech significantly reduces the credit risk level of commercial banks, among which the application of FinTech in the digital risk control of banks plays an important role in reducing bank credit risk, and the development of FinTech in small and medium-sized banks has a greater inhibitory effect on credit risk.",Bank credit risk; Digital risk control; FinTech,2023,70,10.1016/j.frl.2023.103857,Zhang Y.,Finance Research Letters,2-s2.0-85152430146
FinTech Adoption in SMEs and Bank Credit Supplies: A Study on Manufacturing SMEs,"Bank lending to SMEs plays a vital role in economic growth, contributing significantly to employment and GDP. Access to bank lending is crucial for small- and medium-sized enterprises (SMEs), as they contribute significantly to global employment and GDP. New financial technologies promise better bank operations, fewer costs, and enhanced credit supply to SMEs. However, there is still a lack of empirical findings on how these technologies can solve demand-side bank lending problems for small- and medium-sized firms. This study gathered data from a sample of 381 respondents, comprising CEOs, managers, officers, loan managers, IT consultants, and other relevant stakeholders. The findings indicate that the adoption of blockchain technologies, as well as the adoption of Big Data technologies encompassing cloud computing, data analytics, algorithms, and programming, along with the adoption of mobile banking technologies, have had a substantial positive impact on bank credit supplies for small- and medium-sized enterprises (SMEs) in Pakistan. This novel study contributes to existing knowledge in two ways. First, it provides knowledge to SMEs looking to adopt new technologies; second, it provides knowledge to a manager looking to finance the SMEs with information asymmetries. This research also provides key findings for researchers and policymakers.",bank lending; financial technology (FinTech); loan officer; manipulation; SMEs credit supplies; technology adoption theory,2023,69,10.3390/economies11080213,Rehman S.U.,Economies,2-s2.0-85169051330
"Fintech, financial inclusion and income inequality nexus in Africa","Financial institutions play a pivotal role in the efficient allocation of capital resources. However, some households and firms may be excluded from formal financial markets due to asymmetric information and market imperfections, thereby adversely affecting equitable income distribution. On the other hand, among other things, access to finance is viewed as one of the key tools to fight poverty. This study develops a novel double FFI Model and applies the structural equation modelling to simultaneously analyze the interaction between financial technology, financial inclusion, and income inequality in a panel of 25 African countries over the periods 2011, 2014, and 2017. The results show that financial inclusion mediates the financial technology-income inequality relationship thus playing a fundamental role in reducing income inequality in Africa. On the policy front, the study urges African policymakers and regulators to craft policies that enhance Fintech developments and financial inclusion.",Africa; financial inclusion; Fintech; income inequality; structural equation modelling,2021,69,10.1080/23322039.2021.1986926,Chinoda T.,Cogent Economics and Finance,2-s2.0-85116733439
Analysis of financial development and open innovation oriented fintech potential for emerging economies using an integrated decision-making approach of MF-X-DMA and golden cut bipolar q-ROFSs,"The purpose of the paper is to identify the factors of financial development that have the greatest impact on open innovation in 7 emerging countries. The analysis was performed featuring the MF-X-DMA method, as well as its further verification for autocorrelation and heteroscedasticity. The time period covers years from 2002 to 2020. The article states that the main indicators to improve financial development should enhance the process of bank lending and equity market development. An important area is the development of competition by providing equal access to information to all market participants in a continuously refining technical infrastructure. Regression analysis with the MF-X-DMA method confirms the statistical significance of this influence. The article fills the knowledge gap into the link between open innovations and the relatively low capitalization of the modern emerging countries’ financial market, low liquidity in small cap stocks at the financial market and concentration of the banking sector, as well as risks arising in the process of globalization. Another analysis has also been conducted by generating a novel fuzzy decision-making model. In the first stage, the determinants of open innovation-based fintech potential are weighted for the emerging economies. For this purpose, M-SWARA methodology is taken into consideration based on bipolar q-ROFSs and golden cut. The second stage of the analysis includes evaluating the emerging economies with the determinants of open innovation-based fintech potential. In this context, emerging seven countries are examined with ELECTRE methodology. It found the most significant factor is the open innovation-based fintech potential.",Banking sector; Concentration; Economic monetization; Financial depth; Macroeconomic impact,2023,69,10.1186/s40854-022-00399-6,Mikhaylov A.,Financial Innovation,2-s2.0-85145598550
Financial inclusion and inclusive growth in sub-Saharan Africa,"This paper empirically examines the quantitative relationship between financial inclusion and inclusive growth in sub-Saharan Africa using a panel of 46 countries for the period 2004–2018. The evidence suggests that usage of financial services, among other covariates, has a quantifiable and discernible impact on inclusive growth compared with availability and knowledge of financial services. Precisely, a unit increase in the usage of financial products and services improves inclusive growth by 0.03 units in sub-Saharan Africa. The paper contributes to literature by initially constructing a broader index of inclusive growth and subsequently estimating the separate quantitative effects of three categories of financial inclusion indicators on inclusive growth by employing the Arellano–Bover/Blundell–Bond system Generalized Method of Moment estimator. The findings underscore the need for policymakers to develop innovative, sustainable and inclusive financial systems capable of distributing growth benefits equitably. This can be achieved through moderate lending rates and transaction charges, improved access to retail and corporate loans, mortgages, overdrafts, credit cards, letters of credits and user-friendly financial technologies.",Financial Inclusion; G21; I30; Inclusive Growth; Inequality; O15; O16; Poverty; Sub-Saharan Africa,2022,68,10.1080/23322039.2022.2058734,Sarpong B.,Cogent Economics and Finance,2-s2.0-85128302005
"Fintech use, digital divide and financial inclusion","Purpose: Financial Technology (FinTech) innovations enable the provision of financial services to many unbanked across the world by increasing access. The key role of FinTech to drive financial inclusion however suffers significant impediments including the digital divide. Nevertheless, there is paucity of elaborate theories on financial inclusion while extant literature on FinTech only identify factors that drive its acceptance and use with little attention to inhibitors such as the digital divide. This study aims to investigate the impact of FinTech usage on financial inclusion amid the digital divide. Design/methodology/approach: This study uses the unified theory of acceptance and use of technology (UTAUT2) and the model of digital inequality. A structural equation modeling technique is applied to data collected from 282 respondents in an online survey. Findings: The findings confirm a positive influence of FinTech use on financial inclusion as well as the influence of performance expectancy and facilitating conditions on behavioral intentions. The results also show that digital divide measured with access, resource and force moderate the use of FinTech. Originality/value: This study presents a theoretical model which is unique given that UTAUT2 was combined with digital divide moderators from the model of digital inequality to explain how FinTech usage impacts on financial inclusion. Addressing the research questions has led several theoretical contributions including the extension of the applicability of UTAUT2.",Digital divide; Digital inequality; Financial inclusion; FinTech; UTAUT2,2022,68,10.1108/DPRG-09-2021-0111,Odei-Appiah S.,Digital Policy Regulation and Governance,2-s2.0-85139096377
Digital Financial Literacy and Its Impact on Financial Decision-Making of Women: Evidence from India,"Despite the increasing accessibility of digital financial instruments globally, a number of women encounter obstacles in properly using these platforms due to insufficient digital financial literacy, which profoundly affects their financial decision-making and economic empowerment. This study aims to promote digital financial literacy and Fintech adoption for women in India by examining the effects of digital financial literacy on financial decision-making while considering the mediating effect of government support and digital financial literacy. Furthermore, in this study, we analyzed the relationship between independent variables such as financial attitude (FAtt), subjective norms (SNs), perceived behavior control (PBC), digital financial literacy (DFL), and financial accessibility (FA) on the dependent variable, i.e., financial decision-making (FDM). We also explored how financial decision-making impacts women’ intention towards investment (INT). By analyzing 385 Indian women respondents using Structural Equation Modeling (SEM), this study revealed that financial attitude (FAtt) leads to higher financial decision-making (FDM), exerting moderate effects. Similarly, subjective norms (SNs), perceived behavioral control (PBC), digital financial literacy (DFL), and financial accessibility (FA) significantly lead to financial decision-making. Overall, the five predictors of financial decision-making explained around 71% of the variance. Financial decision-making exerted a significant and robust effect on women’s intention towards investment. Financial resilience significantly moderated the effects of financial decision-making on women’s intention towards investment. These findings emphasize the necessity of implementing a distinct government strategy and programs to enhance the adoption of Fintech among women living in urban and rural regions across India. This study is aligned with UN Sustainable Development Goals, especially Sustainable Development Goal (SDG) 1: No Poverty, SDG 5: Gender Equality, and SDG 8: Decent Work and Economic Growth.",digital financial literacy; financial decision-making; financial inclusion; financial resilience; Saudi Vision 2030; Sustainable Development Goals (SDGs); women’s empowerment,2024,68,10.3390/jrfm17100468,Mishra D.,Journal of Risk and Financial Management,2-s2.0-85207481032
Financial inclusion through FinTech and women's financial empowerment,"Purpose: Women's financial empowerment (WFE) is one of the sustainable development goals. This research examines the effect of financial inclusion through FinTech (FIF) on WFE at the international level. The purpose of this paper is to address this issue. Design/methodology/approach: The authors analyze the dataset of 113 countries from the Global Findex (2017) and World Bank databases using principal component analysis (PCA) and cross-sectional data methodology. Initially, they calculate the overall index for FIF with PCA. Then, they investigate the effect of FIF on WFE in two groups of countries classified by low and high levels of gender discrimination. Findings: The results show that the relationship between FIF and WFE is positive and significant in countries classified by low levels of gender discrimination. However, this effect is insignificant in countries with high gender discrimination. Hence, gender inequality is a barrier and denies financial independence to women. Research limitations/implications: Given these results, it seems unlikely that FinTech will be able to eliminate the gender gap in financial inclusion on its own for women's empowerment. To directly address the gender gap and alter attitudes and social norms across demographics, FinTech development may need to be supplemented with focused policy initiatives. Originality/value: This study provides evidence of FIF's impact on WFE at the international level.",Financial inclusion; FinTech; Gender discrimination; Women's financial empowerment,2023,66,10.1108/IJSE-04-2022-0246,Esmaeilpour Moghadam H.,International Journal of Social Economics,2-s2.0-85148867225
The impact of network coverage on adoption of Fintech and financial inclusion in sub-Saharan Africa,"Digital finance plays a major role in improving access to, usage and quality of financial services in developing countries. The use of these platforms has been associated with a positive impact on economic growth and people’s welfare. They allow for convenient, secure, and efficient transaction and are the crucial element of e-commerce. In this paper, we analyse the effect of mobile network coverage on adoption of financial technologies and financial inclusion using a survey data of 12,735 individuals from nine sub-Saharan African countries conducted in 2017. By combining survey data with information on the proximity of mobile network towers, we estimate a two-stage model. In the first stage, consumers decide to adopt a technology device, and in the second stage, they decide whether to use digital financial services or not. Results show a significant and positive relationship between network coverage and adoption of digital financial services. Considering that the whole population lives within 2 km radius from the LTE tower, financial inclusion would increase by 6% in Mozambique and 3% in Ghana, Rwanda and Senegal. In Tanzania, where mobile money is the common financial service, investment in GSM and UMTS would have a larger impact on financial inclusion than LTE. These results show that digital financial technologies such as mobile money, mobile banking and e-wallet, that do not necessarily require consumers to be connected to the Internet have a greater impact on financial inclusion in East African countries, where financial service innovations are mobile led. However, in countries where digital financial innovations are bank led, LTE coverage have a greater impact than GSM and UMTS coverage. The findings of this study can help policy-makers to understand the issues related to the expansion of digital financial services and effective strategies to deliver these services to the poor.",Digital finance; Digital technologies; Financial inclusion,2024,64,10.1186/s40008-023-00326-7,Mothobi O.,Journal of Economic Structures,2-s2.0-85182700550
"Three and a half decades of artificial intelligence in banking, financial services, and insurance: A systematic evolutionary review","The banking, financial services, and insurance (BFSI) sector is one of the earliest and most prominent adopters of artificial intelligence (AI). However, academic research substantially lags behind the adoption of AI in practice. At the beginning of this century, AI research has been centered on the sector's credit risk. In the 2010s decade, expert systems were increasingly replaced by data-driven, “algorithmic” AI. Big data enjoyed much hype in that decade, which diminished later mostly due to unsuccessful implementations. Much published research on big data actually relates to machine and deep learning but not to big data per se. These terms are often found to be conflated in research and practice. The insurance sector is substantially underrepresented in published AI research, and current research is dominated by banking and investments. Governance frameworks for “responsible AI” (RAI) are yet to be incorporated into practice by fintech companies as well as incumbent organizations. RAI is a particular issue for decentralized finance (DeFi). The most successful implementations of AI in BFSI practice, as well as dominant academic research areas, are in investments, securities, market making, customer relationships, lending, risk management, and compliance.",artificial intelligence; banking; financial services; fintech; insurance; systematic science mapping,2022,61,10.1002/jsc.2525,Herrmann H.,Strategic Change,2-s2.0-85140010376
Artificial intelligence-enhanced predictive insights for advancing financial inclusion: A human-centric ai-thinking approach,"According to the World Bank, a key factor to poverty reduction and improving prosperity is financial inclusion. Financial service providers (FSPs) offering financially-inclusive solutions need to understand how to approach the underserved successfully. The application of artificial intelligence (AI) on legacy data can help FSPs to anticipate how prospective customers may respond when they are approached. However, it remains challenging for FSPs who are not well-versed in computer programming to implement AI projects. This paper proffers a no-coding human-centric AI-based approach to simulate the possible dynamics between the financial profiles of prospective customers collected from 45,211 contact encounters and predict their intentions toward the financial products being offered. This approach contributes to the literature by illustrating how AI for social good can also be accessible for people who are not well-versed in computer science. A rudimentary AI-based predictive modeling approach that does not require programming skills will be illustrated in this paper. In these AI-generated multi-criteria optimizations, analysts in FSPs can simulate scenarios to better understand their prospective customers. In conjunction with the usage of AI, this paper also suggests how AI-Thinking could be utilized as a cognitive scaffold for educing (drawing out) actionable insights to advance financial inclusion.",AI for good; AI-Thinking; Artificial intelligence; Bayesian; Explainable-AI; Financial technology; Fintech; Human-centric; Human-in-the-loop; Marketing; Predictive modeling,2020,61,10.3390/bdcc4020008,How M.L.,Big Data and Cognitive Computing,2-s2.0-85089909572
FinTech market development and financial inclusion in Ghana: The role of heterogeneous actors,"Efforts to include many financially in Ghana continue to witness substantial progress as the nuptial between information communication technology and finance thrives. However, except for information communication technology infrastructure, the role of other actors in the development of the financial technology market and financial inclusion in Ghana is unexplored. Therefore, the study explores how other heterogeneous actors contribute to the development of the financial technology market and financial inclusion in Ghana through information technology infrastructure. Specifically, first, we identify how key actors emerged in the financial technology market of Ghana and how these actors ride on information technology infrastructure to develop FinTech and improve financial inclusion. Second, we estimate the relationship between financial inclusion and these actors using time series econometric modeling. The government, mobile phones, telcos, mobile money agents, mobile money customers, and traditional banks are identified as key actors in the market. Further, the time series model shows a significant positive relationship between the heterogeneous actors' financial inclusion in Ghana. Therefore, these actors become significant to the existence, furtherance, and sustainability of the FinTech market and financial inclusion in Ghana.",Financial inclusion; FinTech; Ghana; ICT; Mobile money,2023,60,10.1016/j.techfore.2022.122127,Coffie C.P.K.,Technological Forecasting and Social Change,2-s2.0-85141353644
The role of P2P platforms in enhancing financial inclusion in the United States: An analysis of peer-to-peer lending across the rural–urban divide,"In this paper, we examine the role of peer-to-peer (P2P) platforms in enhancing financial inclusion from the borrowers’ point of view across the rural–urban dimension. We show that when number of bank branches decrease in a rural community, the P2P loan requests increase if there is at least one bank branch in the community allowing people to participate in the P2P market. We also find that the number of P2P loan requests from urban areas is higher when such areas have fewer pawnshops per capita. Our results suggest that P2P enhances financial inclusion of those lacking traditional institutions in rural communities and offers an alternative to those with fewer fringe banks in urban communities.",access to credit; credit unions; financial access; financial inclusion; FinTech; fringe bank; pawn lending; peer-to-peer lending; rural; urban,2021,60,10.1111/fima.12341,Maskara P.K.,Financial Management,2-s2.0-85100880779
Machine + man: A field experiment on the role of discretion in augmenting AI-based lending models,"We assess the role of human discretion in lending outcomes using a randomized, controlled experiment. The lenders in our sample utilize a third party, machine-generated credit model as an input in their decision. We design a new feature for the credit-scoring platform – the slider feature – which invites lenders to incorporate additional discretion in their decision by adjusting the machine-based recommendation. We compare the loan outcomes for treatment lenders that randomly get the slider, relative to a control group. The treatment group's adjustments are predictive of forward looking portfolio characteristics – they show larger declines in future portfolio-level credit risk and larger increases in future sales orders, relative to the control group. The effects of our intervention are more pronounced when borrowers do not have social media accounts and in competitive markets. Our study provides insights about the role of human decisions, given the rapid evolution of machine-based lending models.",Artificial intelligence; Discretion; fintech; Machine-learning; Relationship lending,2020,59,10.1016/j.jacceco.2020.101360,Costello A.M.,Journal of Accounting and Economics,2-s2.0-85093109431
Quest for financial inclusion via digital financial services (Fintech) during COVID-19 pandemic: case study of women in Indonesia,"Based upon an extended Technology Acceptance Model (TAM), this study aims to investigate the factors influencing the behavioral intention to adopt Fintech from the perspective of Indonesian women. The research data were collected from 409 Indonesian female respondents and analyzed using the SEMinR statistical data analysis tool. Structural equation modeling (SEM) was used to assess this research’s measurement model and structural model. The result shows that perceived usefulness, perceived ease of use, user innovativeness, attitude, trust, and brand image significantly positively impact behavioral intention to adopt Fintech among Indonesian women. Meanwhile, perceived ease of use, financial literacy, and government support are found to have indirect relationships with behavioral intention. In addition, moderation analysis revealed that the saving habits of women during the COVID-19 pandemic reduced the relationship between their innovativeness and behavioral intention to adopt Fintech. Based on these results, we recommend practical suggestions to the government, policymakers, and aspiring Fintech service providers further to enhance women’s empowerment through digital financial inclusion.",Financial inclusion; Financial technology; G23; Indonesian gender gap; J16; O33; TAM; UN SDG8; Women in Fintech,2024,59,10.1057/s41264-023-00217-9,Setiawan B.,Journal of Financial Services Marketing,2-s2.0-85149900505
Regulations and Fintech: A Comparative Study of the Developed and Developing Countries,"Financial technology (Fintech) has influenced business by helping create better services for consumers and businesses. Fintech, however, brings new challenges for regulators, who struggle to keep pace with the constant evolution of technology and the resulting disruption. The progress of technology and regulations in the Fintech industry has been uneven across developed and developing countries, resulting in numerous opportunities and challenges. Considerable progress has recently been made in the adoption of Fintech and the subsequent development and implementation of regulations in the US, the UK, and India. While the United States (US) and the United Kingdom (UK) are global leaders in Fintech innovation, India has shown fast-paced growth in adopting and utilizing Fintech services. This paper examines the growth and evolution of Fintech in the US, the UK, and India and also explores how the regulatory agencies across these countries have responded to the evolution of Fintech. This paper finds that economies should work towards improving digital infrastructure, financial inclusion, and financial literacy and enhance the collaboration among regulators, Fintech firms, and other stakeholders.",evolution; financial services; financial technologies; Fintech; regulation; technology,2024,59,10.3390/jrfm17080324,Vijayagopal P.,Journal of Risk and Financial Management,2-s2.0-85202456494
Does FinTech penetration drive financial development? Evidence from panel analysis of emerging and developing economies,"Recent innovations in digital financial technologies (FinTech) have called into question the role of FinTech in financial development. This study examines FinTech's direct and conditional effects on financial development using data from emerging and developing economies. Three measures of financial development (broad money, Private credit, and bank deposits) and two conditional factors (financial performance and financial inclusion) were investigated vis-à-vis FinTech penetration. This paper demonstrates that FinTech penetration not only drives financial development but also strongly impacts the financial development of countries with weak financial sector performance and low financial inclusion. These findings have several policy implications: (1) countries with weak financial sector performance could leverage FinTech to improve financial development, and (2) appropriate policies on FinTech development can drive digital financial inclusion, financial deepening, and consequently economic growth.",Financial development; Financial inclusion; Financial performance; FinTech,2023,58,10.1016/j.bir.2023.06.001,Aduba J.J.,Borsa Istanbul Review,2-s2.0-85162865652
How successful countries are in promoting digital transactions during COVID-19,"Purpose: This paper aims to assess whether the coronavirus disease 2019 (COVID-19) pandemic has encouraged governments to take actions towards fostering digital means of payments and financial transactions to stimulate economic activities and achieve higher financial inclusion. Design/methodology/approach: Using a logit model, this paper tests the impact of the level of income and GDP per capita, government effectiveness, digital adoption, number of commercial banks and the pandemic-related closure of business and stores due to full lockdowns on governments’ policy response regarding digital means of payments. Findings: The author finds that low- and lower-middle-income countries had significantly responded to the surged need for digital means of payment during the pandemic compared to the upper-middle-income and high-income countries. The author also finds that government effectiveness and the number of commercial banks were predictors of government policy response, while the full lockdown of countries and the overall digital adoption were not. Research limitations/implications: Data of the post-COVID-19 pandemic are limited, and the sample size is small. Originality/value: This is the first paper to empirically model governments' response during the pandemic to promote digital means of payments. This paper gives insight into post-crisis potential changes in digital payment adoption in the upcoming years.",COVID-19; Digital payment; Fintech; Low- and lower-middle income countries; Policy response,2022,58,10.1108/JES-10-2020-0489,Mansour H.,Journal of Economic Studies,2-s2.0-85102940807
The evolution of the Fintech entrepreneurial ecosystem in Africa: An exploratory study and model for future development,"Despite Africa's leadership in mobile money innovation and an increasing level of Fintech entrepreneurial activity, Africa's Fintech ecosystem trajectory is under-represented in the literature. This study is set out to redress this anomaly while addressing the tensions on the role of history, and adaptability in entrepreneurial ecosystem research. We draw upon the Fintech and the entrepreneurial ecosystem literature, analyze the views of practitioners, and apply temporal bracketing to reconstruct the historical context and three phases of the African Fintech ecosystem evolution over a decade: mobile money, digital finance, and innovative Fintech. Based on the results, we develop a model that explains the metamorphosis of entrepreneurial ecosystems. The study contributes an African narrative to the descriptive and explanatory knowledge of Fintech. By showing how Africa's Fintech entrepreneurial ecosystem has evolved, the study also contributes to the entrepreneurial ecosystems research that has thus far focused more on place, actors, and governance than evolution. Our model adds a dynamic perspective to the theorization of Fintech ecosystems and extends the existing literature by taking a historical and longitudinal foresight. Practitioners can apply the lessons to enhance polices that support future Fintech entrepreneurship.",Africa; Digital entrepreneurship; Digital finance; Entrepreneurial ecosystem; Financial inclusion; Fintech; Mobile money; Start-up,2023,57,10.1016/j.techfore.2022.122123,Molla A.,Technological Forecasting and Social Change,2-s2.0-85140788170
The non-linear impact of digitization on remittances inflow: Evidence from the BRICS,"Due to the impact of COVID-19, it is important now more than ever to analyze the relationship between the improvement in digitization and the flow of remittances in order to fill the void that has come as a result of stay at home and quarantine orders. Using a comprehensive measure of digitization that encompasses the commonly used proxies of financial technology (Fintech) and employing a System Generalized Method of Moments (GMM) panel estimation methodology on annual data over the period 2004–2018, this paper examines the impact of digitization, as a proxy of Fintech, on the inflow of remittances for a sample of 34 developed and developing countries. Our analysis provides an interesting case study on Brazil, Russia, India, China and South Africa (BRICS), known as five emerging markets with a great number of workers out of abroad but below the average level of digital transfers. Using the Digital Ecosystem Development Index developed by Katz and Callorda (2018), the results of the paper uncover a statistically significant nonlinear relationship between the improvement in digitization measures and the inflow of remittances with an exact threshold level. More specifically, our results indicate that improvement in digitization may initially increase the remittances inflow leading to an increase in the stock of remittances received. Nevertheless, once the digitization index reaches its threshold level further improvement in digitization tends decrease as penetration increases, giving rise to a decline in the rate of remittances inflow. This result implies that the marginal effect of the digital penetration is larger when at its lower level, before the threshold level. For countries such as the BRICS, with a level of digitization below the average of our sample, policy makers should apply more aggressive and comprehensive policies to recoup the maximum gains of a digital ecosystem. Hence, our policy implications are directed towards increasing the investments in developing human capacity including carrying different skill development training programs to prepare individuals for the information age, expanding the internet coverage and speed especially in educational establishments, encouraging the use and access of electronic banking by consumers, producers, and governments, and taking cyber security and fraud protection more seriously to encourage the flow of remittances, especially in light of its renewed utility due to the recent pandemic.",BRICS; Digitization; Financial inclusion; FinTech; Remittances,2021,57,10.1016/j.telpol.2021.102112,Emara N.,Telecommunications Policy,2-s2.0-85101219930
"Blockchain, herding and trust in peer-to-peer lending","Purpose: The gradual implementation of blockchain technology in peer-to-peer (P2P) lending platforms facilitates safer, transparent and quick access to funds without having to deal with the more complex and costly processes of banks. Beyond that, the purpose of this paper is to examine trust-enhancing heuristics that show a need for blockchain to assist in monitoring and bad loan recovery. Design/methodology/approach: This study examines 909 lending decisions by 303 finance students on a mock P2P site. Each participant was asked to make three lending decisions. The loan applications were identical with the exception of a female or male photo (vs an icon) and reports of having raised half the loan in either 2 or 11 days (vs 7). Findings: Investors who have experienced financial trauma are more likely to herd and lend higher amounts to loan applicants that are highly trusted by other lenders. This effect is more pronounced for male investors lending to highly trusted female loan applicants. Practical implications: Blockchain can compensate for behavioral biases and improve monitoring by helping track digital money transactions and assisting in bad loan recovery efforts. Originality/value: This study is the first behavioral experiment to examine herding in P2P lending. The findings complement and corroborate those by Gonzalez and Komarova (2014, 2015) and emphasize the need for blockchain to assist beyond trusted records and safe transfers of funds.",Blockchain; Experimental behavioural finance; Financial inclusion; Financial trauma; Fintech; Peer-to-peer lending,2020,56,10.1108/MF-09-2018-0423,Gonzalez L.,Managerial Finance,2-s2.0-85065777048
Dark side whitewashes the benefits of FinTech innovations: a bibliometric overview,"Purpose: The current study focuses on many risk categories that have emerged in the digital ecosystem of the financial technology industry, which has dramatically changed traditional financial systems as a result of innovations in financial technology. Design/methodology/approach: The Web of Science Core Collection database was used to find a data set of 719 pertinent papers on the subject encompassing the year 2015–2023. The sample procedure was carried out utilising the PRISMA approach. The keywords were first gathered relating to technological risks in banking sectors and after confirming the keywords, the authors performed the search by the “topic” which covers “title” in the search bar. On February 15, 2023, the Web of Science database was searched using the terms “Cyber security risk OR data theft OR financial crimes OR financial stability risk OR operational risk OR default risk OR money laundering OR financial terrorism AND FinTech AND banking sector”. Two-step approach is applied in this study. First, descriptive analysis is applied using RStudio to highlight prominent authors, countries and affiliations. Furthermore, relationship among authors, countries and keywords is shown by using three fields plot. Second, using VOSviewer, co-occurrence of keyword analysis is used to determine the most influential themes. Findings: The findings show that 2,611 documents have been published from 2016 to 2023. Year 2021 is the most productive year in terms of number of publications. The results also show that WANG XC is tied for the position of most prolific contributing author. In a similar vein, the United States leads the world in publication output. Furthermore, Southwestern University of Finance and Economics in China is leading the list with 15 articles. The results from the co-occurrence of keywords reveal that “default risk”, “operational risk”, “money laundering”, “credit risk”, “corporate governance”, “systematic risk”, “financial stability risk”, “risk management” and “crises” are the frequently keywords. Originality/value: The results of this study are beneficial to academia and industry in order to advance their current understanding of FinTech and associated concerns. This work expands the understanding of the technology hazards facing the banking industry from a broad perspective.",Banking sector; Bibliometric analysis; FinTech; Risks; RStudio; VOSviewer,2024,56,10.1108/IJBM-10-2022-0438,Asif M.,International Journal of Bank Marketing,2-s2.0-85164740818
Financial literacy and FinTech market growth around the world,"Leveraging new data on fintech financing from the Bank of International Settlements, this study establishes a strong, positive association between financial literacy and the growth of the FinTech market across 114 countries from 2013 to 2019. We construct a new education policy-based measure of financial literacy based on the extent to which financial education is planned and subsequently integrated in public education curricula, using data from the World Bank's Global Financial Inclusion and Consumer Protection Survey. Additionally, we use the Standard and Poor's Global Financial Literacy Survey to obtain a market-based measure of financial literacy reflecting individuals' financial knowledge. We identify nonlinear effects within this relationship. This correlation between financial literacy and FinTech market growth remained consistent in varying economic, technological, and institutional contexts, validated through rigorous sensitivity tests and endogeneity analysis. The results imply that higher levels of financial literacy within a population could serve as a catalyst for expanding the FinTech market, underscoring the key role of financial knowledge in fostering the adoption and utilization of FinTech products and services thereby providing useful policy directions.","Financial literacy, technological adoption; FinTech finance; Global; Institutions",2024,55,10.1016/j.irfa.2024.103481,AlSuwaidi R.A.,International Review of Financial Analysis,2-s2.0-85199355649
"Corporate banking—risk management, regulatory and reporting framework in India: a Blockchain application-based approach","There has been a substantial build-up of non-performing assets in the Indian banking sector. Despite multiple initiatives and regulatory changes, there is a need to revisit the reporting and regulatory frameworks and redefine the focus areas. Banks credit problem has often been explored under the lens of asymmetric information. Spreads are generally directly proportional to probability of default and an inverse function of collateral and security. However, in India, there is a noticeable gap in academic literature to suggest robust institutional reforms to address the twin curse of adverse selection and moral hazard. Regulatory frameworks, particularly with respect to risk management function of banks, also grapple with predicting forthcoming disruptions. As banks redesign their corporate customer experience on a digitalized scale, leveraging large-scale available data, there is a bigger challenge to the regulator to ensure risk regulations are effective and save costs as well. The authors suggest that if information asymmetry exists, the blockchain protocols may mitigate uncertainty. Though blockchain technology has been leveraged to increase effectiveness of certain corporate banking products, the originality of the paper lies in coming out with a detailed framework for the possible use of blockchain (a distributed ledger based technology) for credit decisions, timely generation of red-flags and tightening the regulatory framework. The paper also lists down suggestions to improve the enabling regulatory and reporting architecture using regulatory technology (RegTech) to support unification of data already available in the banking system. This will improve the quality of information available to the lenders and enable them to take more informed credit decisions (data-driven finance), while granting and monitoring loans. Ultimately, it will lead to an optimization of credit risk capital.",Bank regulations; Blockchain; Corporate banking; Distributed ledger technology; FinTech; Information asymmetry; Non-performing assets; RegTech; Reporting framework,2021,54,10.1057/s41261-020-00127-z,Dashottar S.,Journal of Banking Regulation,2-s2.0-85083763943
Trust: mediator between mobile money adoption and usage and financial inclusion,"Purpose: Recently, a large body of research has been devoted on the role of trust in shaping different types of transactions, especially in rural financial development. Trust is a set of expectations shared by all those who engage in an exchange. Indeed, the “rule of the game” suggests that no trusting party in a transaction should act opportunistically. Consequently, this study aims to establish the mediating effect of trust in the relationship between mobile money adoption and usage and financial inclusion of MSMEs in developing countries with a specific focus on rural Uganda. Design/methodology/approach: A quantitative survey-based study was used and responses obtained from 379 MSMEs located in northern Uganda were analysed using partial least square-PLS version 3.0. A semi-structured questionnaire was developed from scales and items used in previous studies referenced in internationally recognised journals to elicit responses from the MSMEs. Structural equation modelling was used to test the models to arrive at a final empirical model derived from the data. Findings: The authors found evidence that trust enhances mobile money adoption and usage to increase the scope of financial inclusion of MSMEs in developing countries. Moreover, when individual effect was determined, trust also had significant and positive effect on financial inclusion. Thus, the study results imply that trust enhances mobile money adoption and usage to improve the level of financial inclusion of MSMEs in developing countries. Research limitations/implications: The study used cross-sectional data to document the relationship between mobile money adoption and usage and financial inclusion and to establish the mediating effect of trust in the relationship. Future research could use relevant longitudinal data to verify other benefits of trust. Practical implications: The results present trust as a significant factor for FINTECH financial services marketing and growth. Specifically, data privacy and effectiveness of the mobile telephone network is more likely to help consumers to bridge the gap between participation and non-participation on the mobile money platform. Customers’ data sent over the mobile network of providers should be protected from unnecessary access and usage by Mobile Network Operators (MNOs) staff and unauthorised persons and agents. Data protection protocols should be set by the MNOs to avoid unnecessary access and use of customers’ data. Originality/value: Globally, Fintech scholars have examined the role of mobile money in promoting financial inclusion. However, there is insufficient evidence on the mediating effect of trust in the relationship between mobile money adoption and usage and financial inclusion, especially among rural MSMEs. This study invents a novel direction on the importance of trust in creating transaction efficiency by eliminating opportunism and fraud with in the Fintech ecosystem.",Customers’ data; MNOs’ integrity; Mobile money fraud; MSMEs; Opportunism; Trust,2020,54,10.1108/SRJ-01-2019-0011,Okello Candiya Bongomin G.,Social Responsibility Journal,2-s2.0-85074041762
Financial literacy and quality of life: a moderated mediation approach of fintech adoption and leisure,"Purpose: This study explores the relationship between financial literacy and quality of life (QoL). The study further examines the mediating effect of fintech adoption and the moderating effect of leisure on the relationship between financial literacy and QoL. Design/methodology/approach: Using convenience sampling, 345 respondents participated in a cross-sectional survey. To test the moderated mediation hypotheses, the PROCESS macro was used. Findings: The results reveal the mediating effect of fintech adoption on the relationship between financial literacy and QoL, highlighting the importance of digital literacy in an increasingly digitalized society. Moreover, leisure moderates the mediating relationship. Individuals with high leisure are more likely to perceive the uncertainties and risks associated with new technology optimistically – an observation supported by existing literature on the relationships among leisure, perceived freedom, and internal locus of control. Practical implications: Financial literacy must incorporate digital literacy in order to utilize innovative technology for more efficient financial management. Additionally, having a sense of control over life outcomes can lead to well-being. Originality/value: Previous research on fintech adoption is mostly related to financial inclusion for the unbanked population in underprivileged rural areas. Here, fintech usage by the general public is the focus. The study also reveals the significance of leisure, as those who have high financial literacy are more likely to adopt fintech when they have more freedom in their lives, which leads to higher QoL. Peer review: The peer review history for this article is available at: https://publons.com/publon/10.1108/IJSE-10-2021-0633.",Financial literacy; Fintech adoption; Leisure; Quality of life,2022,53,10.1108/IJSE-10-2021-0633,Kakinuma Y.,International Journal of Social Economics,2-s2.0-85132807425
Opportunities and Barriers for FinTech in SAARC and ASEAN Countries,"This article assesses the opportunities and challenges for different categories of FinTechs in the SAARC and ASEAN regions. We consider the global financial inclusion data released by the World Bank and map the responses to gain insights into the opportunities and challenges for FinTechs in the respective regions. We develop a new index, termed the FinTech Opportunity Index (FOI), to conceptualise the opportunities and barriers based on individual savings, borrowings, purchasing behaviour, and payment preferences. We note that FinTech services have potential opportunities for expansion in the ASEAN regions but less so in the SAARC regions. The need for different types of FinTech services varies between regions. Services such as crowdfunding, neobanks, and InsurTech have potential in the ASEAN regions, especially with the positive attitude towards entrepreneurship and asset investments. In the SAARC regions, InsurTechs linked to health care has potential along with LendTechs and neobanks. We further note that males, and the young are more likely adopters of FinTechs in both regions. The analysis suggests the need for innovative promotions and education to motivate the more sceptical, especially women and the elderly population, to adopt FinTech services.",ASEAN; FinTech; SAARC; technology adoption,2022,53,10.3390/jrfm15020077,Imam T.,Journal of Risk and Financial Management,2-s2.0-85130629228
The Role of Fintech in Promoting Financial Inclusion to Achieve Sustainable Development: An Integrated Bibliometric Analysis and Systematic Literature Review,"Fintech’s ability to enhance efficiency and reduce costs in financial services can promote greater financial inclusion (FI), which in turn serves as a foundation for sustainable and equitable development. Due to the dearth of thorough summaries in the body of existing literature, this systematic review and bibliometric analysis aim to present quantitative and qualitative information about the comprehensive relationship between fintech, FI, and sustainability development in an organised way. The review includes 189 publications from peer-reviewed journals of Scopus and Web of Science (WoS) databases up to 2023. The article was compiled based on the Scientific Procedures and Rationales for Systematic Literature Reviews (SPAR‐4‐SLR) protocol and the theory-context-characteristics-methodology (TCCM) framework. Bibliometric analysis has identified the leading journals, authors, nations, articles, and themes. A conceptual model has been designed to illustrate the entire scope, following which potential study areas have been proposed. This study aims to provide academic researchers, policymakers, and regulators with a detailed understanding of the relationship between fintech, financial inclusion, and sustainable development. The analysis demonstrates that FI is an essential requirement of our society and a vital pathway to achieve sustainable development. In the content analysis, we identify an integrative framework of four variables on this nexus. We found a very few conceptual, qualitative, and mixed method papers on this interaction, which provide potential avenues for further research. We recommend that scholars consider adopting a multi-theory perspective. We propose a comprehensive framework on this nexus. It will also pinpoint specific areas that require further investigation.",Bibliometric; Financial Inclusion; Fintech; Sustainability; Systematic Literature Review,2025,53,10.1007/s13132-024-02168-5,Kishor K.,Journal of the Knowledge Economy,2-s2.0-85197412753
"Digital financial inclusion - an engine for ""leaving no one behind""","Although none of the goals of the United Nations Agenda 2030 is dedicated to finance, canthe use of financial instruments play a role in achieving some of the Sustainable Development Goals? Can financial instruments contribute to the reduction of hunger and poverty, to ensuring healthy lives, gender equality, decent jobs and the growth of micro, small and medium-sized enterprises (MSMEs), reducing inequalities, enhancing an effective fight against corruption and increasing the mobilization of additional financial resources? This article highlights how financial inclusion, meaning the access to financial services, allows the weakest to contributeto the achievement of the SDGs and to improve their life conditions. From the evidence of the UNSGSA (2018) report on integrating SDG progress through digital financial inclusion, it becomes clear that digital finance is a key that can help in boosting financial inclusion.",Agenda 2030; Financial inclusion; Fintech; Gender parity; Poverty; Sustainable development goals,2019,52,10.3326/pse.43.4.6,Ferrata L.,Public Sector Economics,2-s2.0-85077560087
Has financial inclusion made the financial sector riskier?,"Purpose: This paper aims to examine whether high levels of financial inclusion is associated with greater financial risk. Design/methodology/approach: The study uses regression methodology to estimate the effect of financial inclusion on financial risk. Findings: The findings reveal that higher account ownership is associated with greater financial risk through high non-performing loans and high-cost inefficiency in the financial sector of developed countries, advanced countries and transition economies. Increased use of debit cards, credit cards and digital finance products reduced risk in the financial sector of advanced countries and developed countries but not for transition economies and developing countries. The findings also show that the combined use of digital finance products with increased formal account ownership improves financial sector efficiency in developing countries while the combined use of credit cards with increased formal account ownership reduces insolvency risk and improves financial sector efficiency in developing countries. Research limitations/implications: The paper offers several implications for policy and financial regulation. It suggests policies that would reduce the financial risk that financial inclusion poses to the financial sector. Originality/value: The recent interest in financial inclusion and the unintended consequences of policy-driven financial inclusion in some parts of the world is raising concern about the risks that financial inclusion may introduce to the formal financial sector. Little is known about the risks that financial inclusion may pose to the financial sector.",Account ownership; Black swan; Credit card; Debit card; Digital finance; Efficiency; Financial inclusion; Financial innovation; Financial technology; Fintech; Formal accounts; Insolvency risk; Non-performing loans,2021,51,10.1108/JFRC-08-2020-0074,Ozili P.K.,Journal of Financial Regulation and Compliance,2-s2.0-85099592339
"Fintech, base of the pyramid entrepreneurs and social value creation","Purpose: Fintech is having a profound impact in Sub-Saharan Africa (SSA) because it offers more financial inclusion. In this paper, the authors examine the interrelationship of Fintech, base of the pyramid (BOP) entrepreneurs and social value creation, particularly in the SSA context. Design/methodology/approach: The current paper uses a qualitative research design with open-ended, in-depth interviews as the main data sources. The authors interviewed respondents from the Sierra Leone Fintech Association and four BOP entrepreneurs operating in different sectors. Findings: The authors find that Fintech services, specifically mobile money, play a significant role in reducing uncertainty surrounding business operations. FinTech also offers growth possibilities for BOP entrepreneurs and creates social value by providing transactional security, convenience and reducing physical cash robberies. At the same time, Fintech contributes to social value by enhancing BOP entrepreneurs as well as consumers' skills development. Research limitations/implications: This study highlights the importance of context-specific theorization when analyzing the interlinkage between BOP entrepreneurship, social value creation and Fintech. For example, the possibility of safety from a street robbery may not appear to be part of social value creation by a technological development like Fintech. However, in a country like Sierra Leone, which has experienced both a civil war and Ebola outbreak, insecurity has been one of the biggest concerns expressed by BOP inhabitants. Hence, scholars need to incorporate contextual elements of risk, uncertainty and volatility while theorizing on Fintech's application in BOP contexts. Practical implications: A key managerial implication relates to micro-firm entrepreneurs and information specific benefits. Fintech offers entrepreneurs the possibility to be in regular contact with customers and evaluate their purchasing patterns as well as emergent needs. Fintech offers BOP entrepreneurs a possibility to further develop their technological skills as learning to use such apps can be used as a basis for further skills development. From a policy perspective, our study highlights the importance of regulating Fintech charges so that the affordability is increased, which is expected to result in significantly more BOP entrepreneurs using these services. Social implications: The authors find that at the same time, Fintech contributes to social value by enhancing skills development of BOP consumers who interact with case firms. Originality/value: This paper is one of the first studies that specifically focuses on BOP entrepreneurship and social value creation by Fintech services in an SSA context. It is also one of the few studies that incorporates views from both entrepreneurs and the country's Fintech association, rather than focusing solely on either entrepreneurs or Fintech firms. Finally, there is a specific focus on BOP entrepreneurs engaging in micro-entrepreneurship.",Base of pyramid (BOP); Entrepreneurship; Fintech; Sierra Leone; Social value,2022,51,10.1108/JSBED-10-2020-0370,Arslan A.,Journal of Small Business and Enterprise Development,2-s2.0-85116860527
The role of financial technology and entrepreneurial finance practices in funding small and medium-sized enterprises,"PURPOSE: The traditional sources of financing (bank loans) cannot be treated as an essential source of financing for SMEs in developing countries. For this reason, this group of entities uses many alternative sources, from bootstrapping to microfinance and crowdfunding. During the last decade, a significant contribution in this area has been done by financial technology. The purpose of this study is threefold: 1) to present the role of financial technologies in financing SMEs, 2) to examine the role of entities based on financial technology in financing SMEs in developing countries, and 3) to consider other non-bank aspects of financing SMEs, leading to the improvement of the financial situation of these entities. The in-depth analysis of these entrepreneurial finance practices will be developed in the following papers presented in this Issue. METHODOLOGY: This study employs a theoretical approach based on a narrative literature review. The primary attention is focused on applying financial technology as a stimulant for the finance of SMEs in developing countries. FINDINGS: As a consequence of the financing gap for SMEs within the traditional financial system, these entities use non-bank financing based on financial technology. The research confirms that financial technology plays a crucial role in fostering the financial situation of SMEs in developing countries and providing greater financial inclusion for these entities. Both, financial technology and enterprises based on this technology contribute significantly to the improvement of efficiency of financing SMEs in emerging markets. They also provide a broader range of services, than were offered by the traditional financial sector. Regarding the other aspects of SME finance, it is essential to implement such ways of financing like microfinance services and crowdfunding. Such funding mechanisms, together with the budget process and the compliance under the conditions of e-tax systems, are important determinants of current entrepreneurial finance. IMPLICATIONS: The paper describes the financing of SMEs in developing countries. The in-depth picture of the SME’s financial situation, focusing on the technological development in this area, provides essential insight into this still poorly explored area. It also offers important premises for shaping the post-pandemic policy to support their further growth. ORIGINALITY/VALUE: Despite growing theoretical and empirical literature about entrepreneurial finance, this study aims to contribute to the role of financial technology in this area. The impact of financial technologies and the role of fintech-based entities on SME activity in developing countries are still poorly researched. Moreover, the research provides a brief overview of other SME funding sources and their determinants in this group of countries.",developing countries; financial technology; fintech; small and medium enterprises (SMEs),2022,50,10.7341/20221811,Łasak P.,Journal of Entrepreneurship Management and Innovation,2-s2.0-85127425913
Financial inclusion and bank risk-taking: the effect of information sharing,"We explore how information-sharing and financial inclusion influence bank risk in 84 countries from 1996 to 2020. Results show that greater information-sharing and financial inclusion lessen bank risk levels. The average bank's Z-score increases by 3.51–9.09%, attributable to enhanced information-sharing and higher financial inclusion. Inclusion-based deposit mobilization reduces bank probability of insolvency, suggesting that inclusion provides banks with cheap funding sources, reducing moral hazard problems and risky behaviors. Results remain robust across risk indicators and controlling for FinTech-based inclusion and COVID-19-induced risk. They support the hypothesis of increased social returns to transparency, information-sharing, and reaching out to financially excluded segments.",Bank risk; COVID-19; Financial inclusion; FinTech; Information-sharing; Z-score,2022,49,10.1016/j.frl.2022.103182,Marcelin I.,Finance Research Letters,2-s2.0-85135167218
Mobile fintech adoption in Sub-Saharan Africa: A systematic literature review and meta-analysis,"Financial technology (fintech) has become an important means of promoting financial inclusion in developing countries. Understanding why people use fintech services is crucial for improving financial inclusion and policy development. This study examines the drivers of mobile fintech service adoption in Sub-Saharan Africa, a region with the lowest financial inclusion rates in the world. We analyze the determinants of the use of mobile money, mobile banking, electronic wallets, and internet banking by summarizing the extensive empirical research through a systematic literature review. Based on a meta-analysis, we conclude that perceived ease of use and perceived usefulness are most important. We also find a lack of research on how the supply side drives fintech adoption. Finally, we find large-scale field experiments to be underrepresented in the literature. Policymakers should focus on enhancing digital and financial literacy and setting standards for technology compatibility to create a supportive regulatory environment for wider mobile fintech adoption in Sub-Saharan Africa.",E-wallet; Fintech; Internet banking; Literature review; Meta-analysis; Mobile banking; Mobile money,2025,49,10.1016/j.ribaf.2024.102529,Hornuf L.,Research in International Business and Finance,2-s2.0-85202848508
Does Fintech Narrow the Gender Wage Gap? Evidence from China,"Information and communication technology promotes the rapid development of fintech, which has a far-reaching impact on wage distribution in China. Using data from the Chinese General Social Survey and the Index of Digital Financial Inclusion, this study examines the impact of fintech on the gender wage gap. We find that fintech (i) narrows the gender wage gap; (ii) reduces capital constraints and operating costs, thereby promoting female entrepreneurship, driving more women into employment, and enabling women to increase their wages and bargaining power within the household; and (iii) positively impacts the wages of women (and men) who have lower family economic status, and helps women (but not men) counter the risk of decline in wages caused by childbearing and caring under the two-child policy. These findings have important policy implications and provide evidence of women's improving economic conditions leading to a reduced gender wage gap.",entrepreneurship; fintech; gender wage gap; two-child policy,2021,49,10.1111/cwe.12382,Guo Q.,China and World Economy,2-s2.0-85110984994
Digitalization of financial services in European countries: Evaluation and comparative analysis,"Constant innovations in finance and technology and different levels of their development worldwide necessitate investigating universal integrated indexes. It will enable a general assessment of the digitization of financial services and allow carrying out a comparative inter-nation analysis. The authors proposed to evaluate the level of digitalization of financial services (DFSI) based on three components: digital inclusion, financial inclusion, and digital financial services. The suggested approach includes several steps: 1) forming an array of input data by eight indicators; 2) establishing the priority of indicators and calculating their weights by using the Fishburne formula; 3) calculating the integral index of digitization of financial services by using the weighted sum method. According to the obtained DFSI values, the European countries were divided into four groups: with a high, medium, low, and critically low level of digitalization of financial services. Countries with a high level of DFSI are considered to be Denmark, the Netherlands, the UK, Finland, Sweden, and Norway. Most countries experience low (Greece, Hungary, Italy, Croatia, Portugal, Poland, Slovenia, Slovakia, Malta, Lithuania) or medium (Estonia, Ireland, Belgium, Latvia, Luxembourg, Germany, the Czech Republic, France, Austria, Spain) levels of DFSI. Critically low level of digitization of financial services is observed in Bulgaria, and Romania.",Digitalization; Electronic payments; Financial services; FinTech; Internet banking; Mobile banking,2021,49,10.14254/2071-8330.2021/14-2/17,Pakhnenko O.,Journal of International Studies,2-s2.0-85110192675
Promoting fintech: driving developing country consumers’ mobile wallet use through gamification and trust,"Purpose: M-wallets have emerged as one of the most important financial innovations of the 21st century, enabling users to carry digital cash by securely storing payment methods on their mobile devices. However, the continued use of m-wallets varies among people for several reasons. This study used the technology continuation theory (TCT), gamification and trust factors to examine the variables affecting consumers' intentions to continue using mobile wallets. Design/methodology/approach: The SmartPLS partial least squares software was used to analyze data from 431 m-wallet users in Vietnam using the structural equation modeling technique. Findings: The data revealed that the research model can predict users' intentions to continue using mobile wallets. TCT constructs demonstrated strong exploratory power in explaining consumer satisfaction and attitudes towards m-wallets. Furthermore, the study confirmed the direct effect of the perceived effectiveness of gamification on perceived ease of use and attitude, as well as its indirect effect on consumers' continued use intentions of mobile wallets via attitude. In addition, the trust negatively influenced consumers' intentions to continue using m-wallets. Practical implications: The findings of this study can help researchers, practitioners and policymakers improve m-wallet design, development and adoption, as well as advance financial technology and define the future of digital payments in terms of consumer attraction, engagement and financial inclusion. Originality/value: Based on TCT theory, this study enriches m-wallet research by examining two important factors, gamification and trust, and thus provides insights into how to improve consumers’ intentions to continue using m-wallets in developing countries. This study offers timely insights into theory and practice regarding these factors. It therefore paves the way for researchers and practitioners to learn how easy, enjoyable and secure the end-user experience should be to keep users engaged with m-wallets.",Consumers; Continued use; Fintech; Gamification; M-wallets; Trust,2024,49,10.1108/IJBM-01-2023-0033,Rahman S.u.,International Journal of Bank Marketing,2-s2.0-85183640486
Financializing authoritarian capitalism: Chinese fintech and the institutional foundations of algorithmic governance,"Digital credit scoring is driving a number of significant transformations in Chinese economy and society, catalyzing financial liberalization, deepening financial inclusion, and shifting economic power beyond the previously state-controlled commercial banking system. Yet the significance of financial technology is informed in turn by locally specific traditions of governance and regulation. This article critically interrogates the rise of Chinese fintech, reconceptualizing it as a process of financialization that is embedded in a Chinese systems-oriented authoritarian governance tradition. On the basis of documentary sources, Chinese-language secondary literature, and fieldwork conducted from 2016-18, it argues that in addition to disrupting existing practices of financial intermediation, the emergence of novel digital credit scoring technologies is enabling new forms of algorithmic governance to be exercised over the process of financialization, which in turn represents an important component in the construction of China’s neo-statist authoritarian capitalism. These findings have broader implications for how we understand the importance of new financial technologies in an era of big data, contributing to contemporary debates in international political economy, economic sociology, and Chinese studies.",Authoritarian capitalism; China; digital credit scoring; financialization; neo-statism; technology,2019,49,10.2218/finsoc.v5i2.4135,Gruin J.,Finance and Society,2-s2.0-85084257622
FinTech in India: An analysis on impact of telecommunication on financial inclusion,"There is an evident impact of telecommunication on financial inclusion in the case of several constructs irrespective of regional differences in India. Poor households suffer from inadequate access to financial services. Telecom plays an essential role in expanding financial services to rural areas and in helping people to improve their lives. Inclusive and holistic policies need to be promoted, which will simultaneously enhance telecommunication infrastructure and financial inclusion in India.",financial Inclusion; FinTech; India; smart PLS; structural equation modelling; telecommunication,2020,49,10.1002/jsc.2331,Siddiqui T.A.,Strategic Change,2-s2.0-85084209483
The exclusive nature of global payments infrastructures: the significance of major banks and the role of tech-driven companies,"Despite the narrative of a globalized economy, there is no effectively working global payment system. Although there is an infrastructure that allows the transmission of data about global payments, the movement of actual money is executed indirectly, making it an incalculable endeavor. The reason is that money is not simply data, but a complex bundle of rights closely tied to the nation state. In the absence of infrastructure that reliably links payments with guarantees of the nation state, intermediaries that facilitate global payments are forced to create trust in a different way. This is only possible by occupying a highly centralized and therefore powerful position. In this article, we investigate which actors were historically able to hold such a position and how these actors are challenged by digitalization. We suggest that there are three models of payment infrastructure provision. Bank-based systems were dominant until the 1980s, but in the following decades, a second model emerged: the provision of financial infrastructure by global companies. Since the early 2000s, we see a third model: the entrance of tech-driven companies in the payment sector. We conclude that digital technologies will not necessarily solve the problems, but might in fact exacerbate them.",banks; blockchain; financial inclusion; Financial infrastructure; FinTech; sociology of money,2023,48,10.1080/09692290.2021.2016470,Brandl B.,Review of International Political Economy,2-s2.0-85121813230
Asymmetric and threshold effects of FinTech on poverty in SSA countries,"Purpose: The purpose of this paper is to analyze the dynamic asymmetric relationship between financial technology (FinTech) adoption and poverty alleviation on annual data for the Sub-Saharan Africa (SSA) region over the period from 2004 to 2020. Design/methodology/approach: This study adopted the general method of moments (GMM) method on annual data for 127 countries including 45 countries from the SSA region over the period from 2004 to 2020. Findings: The study’s findings show that improvement in FinTech may initially decrease the rate of extreme poverty, leading to a decrease in total poverty as a percent of the population. While there is an initial decrease in the rate of extreme poverty with improvements of FinTech, once the FinTech index reaches its threshold level of 37.18 points, further improvement in FinTech tends to decrease as penetration increases, giving rise to an decrease in the rate of poverty alleviation. Research limitations/implications: Policymakers should design more aggressive and comprehensive policies directed at recouping the maximum gains of FinTech adoption, with a reasonable threshold target. Practical implications: Policymakers in the SSA region must be aware of a FinTech threshold level of 37.18 points. To ensure the highest reduction in extreme poverty, policymakers must keep investing in FinTech to reach this threshold level. Social implications: FinTech improvement leads to poverty alleviation. Policymakers in the SSA region can fully recoup the benefits of FinTech by achieving a pre-set threshold level. Originality/value: This paper addresses that gap in the literature by studying the impact of FinTech, instead of the traditional financial inclusion measures, on poverty in the 45 countries in the SSA region, exploring the potential dynamic asymmetry of this poverty-FinTech link, and testing the presence and statistical significance of the threshold level of FinTech.",Extreme poverty; FinTech; Fixed broadband; Internet; Mobile cellular; Nonlinear; SSA,2023,48,10.1108/JES-03-2022-0158,Emara N.,Journal of Economic Studies,2-s2.0-85136948649
Does data asset disclosure affect bank lending acquisition?,"The Provisional Regulations stipulates that data resources are recognized as assets, thus deemed integral to financial statements in China. This mandates a readiness for data disclosure within the enterprise domain. This study examined a sample of Chinese A-share listed companies from 2012 to 2022 to investigate the repercussions of data asset information disclosure on bank lending acquisition. The findings underscore that enterprise data asset information disclosure level positively affects strengthening bank lending. This effect can be primarily attributed to heightened information transparency and long-term investors' attention. Heterogeneity analysis indicates that enterprise data asset disclosure significantly augmented the prospects of securing bank loans in non-state-owned enterprises, non-Internet communication enterprises, and enterprises involved in economic policy. The finding illustrates the pivotal role of strengthening enterprise data asset disclosure. These can serve to refine credit service precision, steering the bidirectional integration of financial technology and informatization.",Bank lending; Data asset; Digital economy,2025,46,10.1016/j.irfa.2024.103834,Qian K.,International Review of Financial Analysis,2-s2.0-85211695438
Fintech development and corporate credit risk: Evidence from an emerging market,"This paper analyzes the impact of fintech development on the credit risk of non-financial firms. Using the city-level fintech development index constructed based on data from Ant Finance Service Group, we find that: (1) non-financial firms in cities with better fintech services have lower credit risk; (2) two channels identified are financial constraints and corporate investment efficiency; (3) the role of fintech development in reducing corporate credit risk are more pronounced for non-state-owned firms, small and medium-sized firms, firms in regions with a lower level of marketization, and firms experiencing economic contraction. Our research provides implications for the development of fintech in an emerging market.",Corporate investment efficiency; Credit risk; Financial constraints; Fintech development; Non-financial firms,2024,46,10.1016/j.irfa.2024.103084,Tan C.,International Review of Financial Analysis,2-s2.0-85183542548
Consumer lending efficiency: commercial banks versus a fintech lender,"Fintechs are believed to help expand credit access to underserved consumers without taking on additional risk. We compare the performance efficiency of LendingClub’s unsecured personal loans with similar loans originated by banks. Using stochastic frontier estimation, we decompose the observed nonperforming loan (NPL) ratio into three components: the best-practice minimum NPL ratio, the excess NPL ratio, and a statistical noise, the former two of which reflect the lender’s inherent credit risk and lending inefficiency, respectively. As of 2013 and 2016, we find that the higher NPL ratios at the largest banks are driven by inherent credit risk, rather than lending inefficiency. Smaller banks are less efficient. In addition, as of 2013, LendingClub’s observed NPL ratio and lending efficiency were in line with banks with similar lending volume. However, its lending efficiency improved significantly from 2013 to 2016. As of 2016, LendingClub’s performance resembled the largest banks – consistent with an argument that its increased use of alternative data and AI/ML may have improved its credit risk assessment capacity above and beyond its peers using traditional approaches. Furthermore, we also investigate capital market incentives for lenders to take credit risk. Market value regression using the NPL ratio suggests that market discipline provides incentives to make less risky consumer loans. However, the regression using two decomposed components (inherent credit risk and lending inefficiency) tells a deeper underlying story: market value is significantly positively related to inherent credit risk at most banks, whereas it is significantly negatively related to lending inefficiency at most banks. Market discipline appears to reward exposure to inherent credit risk and punish inefficient lending.",Credit risk management; Fintech; Lending efficiency; LendingClub; Marketplace lending; P2P lending,2022,46,10.1186/s40854-021-00326-1,Hughes J.P.,Financial Innovation,2-s2.0-85128599091
Enhancing Financial Inclusion in ASEAN: Identifying the Best Growth Markets for Fintech,"While most of the advanced economies are facing saturated markets, the Association of Southeast Asian Nations (ASEAN) has been touted a stable and attractive investment region averaging 5.4% growth since 1980. In 2013, ASEAN overtook China as the top foreign direct investment destination. Boasting the world’s fifth largest economy with over 650 million people and 400 million reaching middle class, ASEAN has commendably transitioned from a subsistence economy to product and service industries. Despite the success, many live in marginalized areas without access to banking facilities. Advancing internet capability and availability present investors an opportunity to offer financial technology, or Fintech, to meet the need for financial services in this digital era. The aim of this research is to identify the countries with the highest need for financial inclusion and, hence, the best potential for Fintech growth. The results may help governments formulate policy that improves investment competitiveness. The methodology includes identifying relevant criteria and allocating weight to each criterion to evaluate the best international markets. The findings show Vietnam, Laos, and Cambodia as the countries with the highest potential. The associated risks and opportunities are discussed, followed by managerial implications, limitations, and recommendations for future research.",ASEAN; competitiveness; financial inclusion; Fintech; foreign direct investment; risk,2019,45,10.3390/jrfm12040181,Loo M.K.L.,Journal of Risk and Financial Management,2-s2.0-85097404469
Default or profit scoring credit systems? Evidence from European and US peer-to-peer lending markets,"For the emerging peer-to-peer (P2P) lending markets to survive, they need to employ credit-risk management practices such that an investor base is profitable in the long run. Traditionally, credit-risk management relies on credit scoring that predicts loans’ probability of default. In this paper, we use a profit scoring approach that is based on modeling the annualized adjusted internal rate of returns of loans. To validate our profit scoring models with traditional credit scoring models, we use data from a European P2P lending market, Bondora, and also a random sample of loans from the Lending Club P2P lending market. We compare the out-of-sample accuracy and profitability of the credit and profit scoring models within several classes of statistical and machine learning models including the following: logistic and linear regression, lasso, ridge, elastic net, random forest, and neural networks. We found that our approach outperforms standard credit scoring models for Lending Club and Bondora loans. More specifically, as opposed to credit scoring models, returns across all loans are 24.0% (Bondora) and 15.5% (Lending Club) higher, whereas accuracy is 6.7% (Bondora) and 3.1% (Lending Club) higher for the proposed profit scoring models. Moreover, our results are not driven by manual selection as profit scoring models suggest investing in more loans. Finally, even if we consider data sampling bias, we found that the set of superior models consists almost exclusively of profit scoring models. Thus, our results contribute to the literature by suggesting a paradigm shift in modeling credit-risk in the P2P market to prefer profit as opposed to credit-risk scoring models.",Credit scoring; Financial intermediation; Fintech; P2P; Profit scoring,2022,45,10.1186/s40854-022-00338-5,Lyócsa Š.,Financial Innovation,2-s2.0-85128162625
"The role of green finance, environmental benefits, fintech development, and natural resource management in advancing sustainability","Green finance, generally considered as financial support for green growth, significantly reduces greenhouse gas and air pollutant emissions. Green finance in agriculture, green buildings and other green projects should increase the economic development of a country. Rapid advances in digital technology are revolutionizing the financial landscape. The rise of fintech has the potential to make financial systems more efficient and competitive and broaden financial inclusion. With greater technological complexity, however, fintech also brings potential systemic risks. Thus, using a panel dataset from the G7 and E7 countries, this investigation explores the interplay between green finance, environmental benefits, total natural resource management, fintech and economic sustainability. The panel dataset is subject to rigorous estimation techniques, including quantile regression and the generalized method of moments (GMM) for long-run estimation. The cointegrations among the variables are validated using the Johansen Fisher panel test. In the long-run estimation, the quantile regression shows significant influences of environmental benefits and total natural resource management. The GMM strengthens the analysis due to its effectiveness and reliability in the presence of heteroskedasticity. The outcomes of the GMM technique support the negative and significant impact of fintech, green finance and total natural resource management on GDP, while environmental benefits are significantly positively linked with GDP. The study enhances our understanding of the nexus between environmental factors and economic sustainability. Therefore, it has value in terms of its practical implications, offering policymakers insights for enhancing economic sustainability. Despite the significant contribution of the study, the limitations are acknowledged, which provide future researchers opportunities to expand on the topic.",Environmental benefits; Fintech; Green finance; Natural resources,2024,44,10.1016/j.resourpol.2024.105013,Zhou Z.,Resources Policy,2-s2.0-85191152712
"Fintech credit, big tech credit and income inequality","The rise of alternative credit lines, powered by the digital revolution, comes with a promise of additional funding to the economy. In the paper, I explore whether the growth of fintech and big tech credit can be associated with changes in income inequality. For this purpose, I utilize a rich panel of 78 countries over the 2013–2019 period. I find that rise of fintech and big tech credit is indeed associated with a reduction in income inequality. However, this somewhat wanting result emerges only in countries with an already high level of financial inclusion.",Big tech; Digital lending; Fintech; Inclusion; Income inequality,2023,44,10.1016/j.frl.2022.103387,Hodula M.,Finance Research Letters,2-s2.0-85139856128
A survey of AI in finance,"In recent years, the dramatically fast development of financial technology (fintech) has played an important role in the production, delivery and consumption of financial products and services. In this survey, we sum up the primary research discoveries in fintech area, which include the possible evolution of fintech’s effect on customer protection, prosperity and the discovery of the asset prices and returns, and the design of digital frameworks in the era of the fintech.",asset pricing; credit risk; digital banking; Financial technology,2022,43,10.1080/14765284.2022.2077632,Cao Y.,Journal of Chinese Economic and Business Studies,2-s2.0-85131160338
Using Fintech in scaling up Islamic microfinance,"Purpose: This study aims to propose a hybrid microfinance model that integrates various Islamic commercial and social finance institutions through Fintech for efficient and impactful results. The microfinance model caters to the financial and social intermediation needs through a set of financial services and non-financial support. Design/methodology/approach: The study uses both a mathematical model and an empirical estimation using micro panel data to establish the core problem in microfinance operations. Conclusions from the mathematical model and estimated results in the empirical analysis are used to suggest an institutional design which embeds technology in the delivery of Islamic microfinance in an integrated structure. For screening and incentive conditions, the study gives illustration through numerical examples. Findings: The mathematical model highlights the need for financial sustainability, outreach, scale and complementariness of non-financial factors such as commitment, repayment incentives and skills enhancement multiplier. In light of this, the proposed Islamic microfinance model is outlined to create synergies by integrating a diversity of funding sources through social savings and impact investments. The programme also blends financial services with non-financial support to ensure engagement and commitment on a long-term basis. It uses Fintech in various demand and supply-side operations to show how technology embeddedness can help in achieving cost efficiencies and extend outreach. Originality/value: It is the first study in integrated institutional design in Islamic microfinance literature that embeds Fintech in both demand side and supply side operations comprehensively. The proposed model is conducive for enhancing outreach, scale and impact in the Islamic microfinancial services.",Financial inclusion; Fintech; Islamic microfinance; Microcredit; Poverty,2021,43,10.1108/JIABR-10-2019-0198,Shaikh S.A.,Journal of Islamic Accounting and Business Research,2-s2.0-85098152285
How do machine learning and non-traditional data affect credit scoring? New evidence from a Chinese fintech firm,"This paper compares the predictive power of credit scoring models based on machine learning techniques with that of traditional loss and default models. Using proprietary transaction-level data from a leading fintech company in China, we test the performance of different models to predict losses and defaults both in normal times and when the economy is subject to a shock. In particular, we analyse the case of an (exogenous) change in regulation policy on shadow banking in China that caused credit conditions to deteriorate. We find that the model based on machine learning and non-traditional data is better able to predict losses and defaults than traditional models in the presence of a negative shock to the aggregate credit supply. This result reflects a higher capacity of non-traditional data to capture relevant borrower characteristics and of machine learning techniques to better mine the non-linear relationship between variables in a period of stress.",Credit risk; Credit scoring; Fintech; Machine learning; Non-traditional information,2024,43,10.1016/j.jfs.2024.101284,Gambacorta L.,Journal of Financial Stability,2-s2.0-85195025090
"Industry 4.0 in Finance, Digital Financial Services and Digital Financial Inclusion in Developing Countries: Opportunities, Challenges, and Possible Policy Responses","Fintech and the adoption of Fourth Industrial Revolution (industry 4.0) technologies have expanded the provision and uptake of digital financial services (DFSs) globally. Digital transformation in the financial industry intended to modify financial service provisioning by reducing the costs of accessing and challenges such as inaccessibility due to remoteness, not having a bank account, not having a credit history, or having erratic incomes. Digital financial inclusion (DFI) aims to ensure that financial services, such as deposits, payments, transfers, withdrawals, investments, accessing insurance and credit, checking account balances, receiving money, and making international remittances, are conducted conveniently, easily, safely, reliably, and affordably. DFI focuses on ensuring access to financial services through digital channels and platforms for individuals, businesses, and households, to promote financial inclusion for all stakeholders, especially previously financially excluded groups. Through a critical review of the literature, this study explores the opportunities and challenges of DFI or the adoption and use of DFS. The review unpacks the possible benefits of using DFSs, which include the broadening financial inclusion, increasing diversity and innovation in the financial services sector, attainment of the SDGs, reduction of poverty, increased economic growth, and minimization of the gender financial inclusion gap, as well as reduction in inequalities. The constraints include the inadequacy of digital infrastructure, taxes on DFS, literacy challenges, digital exclusion, poverty and the gender divide, risks, and lack of trust in the financial services sector. The study recommends appropriate regulation and oversight, literacy enhancement initiatives, investment in digital infrastructure, and increased consumer protection as measures to improve DFI in developing countries.",Challenges; Digital Financial Inclusion; Digital Financial Services; Opportunities; Sustainable Development Goals,2024,42,10.32479/ijefi.15081,Mpofu F.Y.,International Journal of Economics and Financial Issues,2-s2.0-85188802132
Open banking and inclusive finance in the European Union: perspectives from the Dutch stakeholder ecosystem,"In the European Union (EU), the revised Payment Services Directive (PSD2) aims to provide more convenient and customized financial products through open banking (OB) platforms. However, little attention has been paid to the role of OB in improving the financial well-being of the growing number of the EU’s underserved groups, which currently constitute approximately a quarter of its population. This study examines how the PSD2 and OB impact inclusive finance in the EU based on the perspectives of the Netherlands’ ecosystem, one of the leaders in the EU’s financial technology (FinTech) landscape. A fundamental distinction can be drawn between the OB users and the ecosystem’s players. Regarding the impact of financial services on the users’ inclusivity, while the PSD2 strengthens the infrastructure necessary for financial inclusion, many challenges remain, mainly because it was not designed for this purpose. This study identifies several areas of improvement that include adjustments to the know your customer and anti-money laundering processes for underserved customers, innovative ways to communicate the PSD2’s potential, and the regulation of technology providers’ activities to build trust. Meanwhile, from the ecosystem’s position, there is a need to strengthen and improve microfinance regulation according to the opportunities provided by the PSD2 to support microfinance institutions (MFIs) in scaling up and reaching underserved clients across borders with innovative services. OB improvements can also be achieved by organizations formed by MFIs and FinTechs in collaboration with banks. Such hybrid institutions will combine the best features of each of them: knowledge of the needs of local underserved clients from MFIs, technological innovations from FinTechs, and large and trusted customer bases, infrastructures, and access to institutional investments and governments from banks. Finally, an EU inclusive OB sector depends on the centrality of trusted regulators as coordination bodies.",Ecosystems; FinTech; Inclusive finance; Open banking; The European Union; The Netherlands; The Revised Payment Services Directive (PSD2),2023,42,10.1186/s40854-023-00522-1,Preziuso M.,Financial Innovation,2-s2.0-85167418655
Factors influencing Fintech adoption for women in the post-Covid-19 pandemic,"Understanding the factors influencing women in adopting and utilizing financial technology (Fintech) services will not only contribute to reduce the gender gap but will also accelerate financial inclusion. The main objective of this research is to examine the antecedents of behavioral intention and use behavior by extending the Technology Acceptance Model (TAM) of women in Indonesia, considering the mediating effect of government support, digital financial literacy and value of status quo in post-Covid-19 pandemic. Further, this study explores the potential differences in the determinants of use behavior between urban and rural respondents. By analyzing 403 Indonesian women respondents using Partial Least Square Structural Equation Modeling (PLS SEM), this study revealed that attitude has the most significant effect in explaining behavioral intention and value of status quo gained the greatest impact on use behavior in post-Covid-19 outbreak. Government support and digital financial literacy play a significant role with small effect size, while value of status quo has large effect size, in mediating the relationship between behavioral intention and use behavior. The finding also documented that the impact of government support on use behavior differs between urban and rural individuals. These findings highlight the need for a different government strategy to increase Fintech adoption for women residing in both urban and rural areas in Indonesia.",Digital financial literacy; Fintech; Gender equality; PLS-MGA; Post-Covid-19 pandemic; UNSDG5,2024,42,10.1016/j.joitmc.2024.100236,Igamo A.M.,Journal of Open Innovation Technology Market and Complexity,2-s2.0-85185775823
Banks' consumer lending reaction to fintech and bigtech credit emergence in the context of soft versus hard credit information processing,"Access to credit information and the ability to process this information effectively determine the conditions of competition in the credit market. Traditionally, local banks have had an advantage in relationship lending (based on soft credit information), whereas foreign banks are considered to base on hard credit information. With the advent of financial technology (or “fintech”) companies (or “fintechs”) and giant technology (or “bigtech”) companies (or “bigtechs”) providing alternative credit, the conditions of competition in the credit market have changed. In this empirical study, we shed light on the nature of the information advantages fintech and bigtech companies have compared to banks and how alternative lenders use them. We analyze competition in the consumer lending segment between banks and fintechs as well as bigtechs providing alternative lending. We used a database combining bank-level characteristics and country-level proxies for 72 countries from 2013 to 2018. We find that in developed markets, the relationships between fintech and bigtech credit providers and banks are similar and competitive in nature. However, banks' consumer lending grows simultaneously with fintech credit market development in emerging economies, but decreases in the aftermath of the emergence of bigtech credit. Fintech credit seems to penetrate market segments not serviced by banks; thus, it plays a complementary role, however only in emerging economies. Bigtech companies compete even more with banks and push some banking offers out of the market, both in emerging and developed economies. Furthermore, we show that domestic and privately-owned banks are more negatively affected by competition from technology-based lending, particularly bigtech, than foreign banks. Thus, bigtech lending may be treated as a serious competition for banks' relationship lending based on soft credit information processing, traditionally provisioned by local banks.",Alternative credit; Bigtech; Competition; Financial inclusion; Fintech; Local banks; Relationship lending; Soft credit information,2022,41,10.1016/j.irfa.2022.102116,Kowalewski O.,International Review of Financial Analysis,2-s2.0-85126086741
The internationalization of African fintech firms: marketing strategies for successful intra-Africa expansion,"Purpose: The purpose of this study is to explore how African fintech firms adapt their marketing strategies for successful market expansion into new African countries. Design/methodology/approach: This exploratory study is qualitative in nature and utilizes semi-structured interviews at 14 African fintech firms. Findings: The study reveals that, during intra-Africa expansion, firms adapt their marketing strategies by working with local people, prioritizing customer education, creating personal relationships with customers, adapting their communication strategies and pricing strategies and using social media. The strategies that have been most effective involve including the community in the marketing process, prioritizing relationships, segmenting customers geographically, educating customers about products, using local distribution partners and having a flexible approach to strategy adaptation. Practical implications: It has been argued that technological innovation in Africa in areas such as financial services is a critical driver of its future development, because of the opportunity it presents to promote financial inclusion. Through an increase in venture capital investment on the continent, technological innovations in financial services have grown exponentially, and this study contributes to the understanding of the marketing strategies employed to gain market traction. Originality/value: This study proposes that African fintech firms adopt a bottom-up, value proposition-driven marketing strategy to successfully navigate the environment. The proposed framework provides a lens through which to understand the components of successful strategy adaptation in Africa, against the backdrop of the unique market challenges inherent in this emerging market continent.",Africa; Emerging markets; Fintech firms; Internationalization; Marketing strategy,2020,41,10.1108/IMR-05-2019-0130,Hammerschlag Z.,International Marketing Review,2-s2.0-85083856273
Digital financial innovations in the twenty-first century: Do transaction tax exemptions promote mobile money services for financial inclusion in developing countries?,"Purpose: Premised on the assertion that financial digitalization is currently the panacea and game changer in delivering progress towards the sustainable development goals (SDGs) through universal financial inclusion, especially in developing countries, the purpose of this paper is to establish the moderating effect of transaction tax exemptions in the relationship between mobile money adoption and usage and financial inclusion. Design/methodology/approach: A semi-structured questionnaire was used to collect data from 379 micro, small and medium enterprises (MSMEs), which use mobile money services drawn from the Northern District of Gulu in Uganda to provide responses for this study. The predictive relevancy and the effect size of the model were determined by running partial least square algorithm through structural equation model (SEM) with 5,000 bootstrap samples in SmartPLS-SEM 3.0. Findings: The findings indicated that all the latent variables of transaction tax exemptions showed significant and positive impact on mobile money adoption and usage to advance financial inclusion in developing countries. Moreover, when combined together, the overall SEM predictive model revealed a significant moderating effect of transaction tax exemptions in the relationship between mobile money adoption and usage and financial inclusion. This implies that transaction tax exemptions on digital financial innovations such as the mobile money services can stimulate economic growth through increased level of financial inclusion labeled as the main enabler in achieving the SDGs by the year 2030. Research limitations/implications: Whereas data were collected from users of mobile money services, the samples were drawn specifically from MSMEs’ owners located in the Northern District of Gulu in Uganda. Thus, users located in other districts were not included in the sample for this study. Similarly, this study limited itself to only financial services offered through the mobile money platform. It ignored other digital financial channels such as the internet and electronic banking. Practical implications: Going forward, in order to improve the economic well-being of households at the “bottom of the pyramid,” governments in developing countries should embrace the significant role of transaction tax exemptions in promoting digital financial innovations such as the mobile money services for increased level of financial inclusion. The governments in developing countries where mobile money has greatly spurred financial inclusion should not only reduce the existing transaction taxes on mobile money services but scrap it off in order to champion progressive increase in the level of universal financial inclusion prescribed as a key enabler in eliminating global poverty, especially in developing countries. Originality/value: This study hints on the moderating effect of transaction tax exemptions in the relationship between mobile money adoption and usage and financial inclusion. The paradox in the current trends on transaction taxes on mobile money services, especially in developing countries remain a dearth in the nascent global FINTECH ecosystem.",Bottom of the pyramid households; Developing countries; Digital financial innovations; Financial inclusion; Mobile money tax; Sustainable development goals,2020,41,10.1108/JEAS-01-2019-0007,Okello Candiya Bongomin G.,Journal of Economic and Administrative Sciences,2-s2.0-85096439337
Digital financial inclusion and green growth: analysis of Chinese agriculture,"Capitalizing on the explosive surge in data volume and the rapid advancements in financial technology, the rise of digital financial inclusion stands poised to amplify financial support across critical agricultural sectors and propel the revitalization of rural areas. This study utilizes panel data spanning 2012 to 2018 from 26 cities in the Yangtze River Delta region of China. Employing a nonparametric approach, it quantifies the growth of agricultural green total factor productivity, both with and without accounting for environmental constraints. Additionally, this research employs the system generalized moment method (system-GMM) alongside the instrumental variable (IV) model to execute a dynamic panel regression. This study explores the influence of digital financial inclusion on agricultural green performance, all the while examining the intricate interplay between conventional financial inclusion and its digital counterpart. The findings show an overall enhancement in agricultural green performance within the Yangtze River Delta region, notwithstanding the divergence across cities, with technological progress chiefly underpinning this growth. Moreover, the development of inclusive digital finance significantly amplifies agricultural productivity gains, and this positive effect stands to be further elevated as traditional financial avenues also evolve.",digital technology; financial inclusion; Green total factor productivity; system GMM,2024,41,10.1080/00036846.2023.2257038,Shen Z.,Applied Economics,2-s2.0-85170856600
Bank lending during the COVID-19 pandemic: do alliances and digital strategies matter?,"Purpose: This paper investigates the joint impact of COVID-19, alliances and digital strategies on bank lending. Additionally, this study examines whether the effect of COVID-19, alliances and digital strategies on bank loans depends on the types of banks. Design/methodology/approach: Using a sample of 92 commercial banks in Indonesia from March 2020 to September 2021, a fixed-effects model (FEM) was used to analyze data. Findings: This study provides robust results regarding the negative impact of the COVID-19 pandemic on bank loans in Indonesian banking. Furthermore, it reveals that collaboration between banks and FinTech does not substantially influence bank lending, despite the rise in proven cases tending to reduce credit expansion. It emphasizes the importance of the development of mobile banking as part of digitalization in boosting loan bank expansion, and this finding is more noticeable in private and small banks. Practical implications: This study highlights some policy recommendations to improve bank lending during the COVID-19 period, particularly the role of new alliances and digital strategy in involving COVID-19 pandemic mitigation within a novel financial ecosystem. Originality/value: This study offers a significant contribution to the empirical literature that specifically explores the joint impact of the COVID-19 pandemic, alliances and digital strategies on bank lending in banking.",Alliance strategy; Bank lending; COVID-19; Digital strategy,2023,40,10.1108/MF-04-2022-0167,Yudaruddin R.,Managerial Finance,2-s2.0-85145027058
Innovation and sdgs through social media analysis: Messages from fintech firms,"Financial technology-based firms (FinTech) are crucial to promoting new technologies and advances in innovations related to the financial field, sustainable development, and financial inclusion. This paper aims to assess the Sustainable Development Goals (SDGs) and open innovation integrated within the public discourse in the social media of FinTech firms, using machine-learning-based social media analysis (SMA). Accordingly, we tracked the behavior of 21 firms based on the empirical material of 32,716 posts on Twitter. The outcomes showed dissimilar discourses based on FinTech firms’ activities. However, it was found that only financial infrastructure, lending, and personal finance fields have a discourse related to innovation and, to a lesser extent, related to the SDGs thematic. Thus, awareness of sustainable objectives is still far from being a relevant issue for FinTech, which, in general, has neglected to significantly mention SDGs; nonetheless, innovation and related terms are a consistent topic in this area. Furthermore, hints of the implementation of the open innovation paradigm and interest in novel technologies are demonstrated, in addition to the promotion of different actors and events on social media that serve as a showcase for firms that have a presence on Twitter.",FinTech; Innovation; Natural language processing; Open innovation; Social media analysis; Sustainable Development Goals; Text mining; Twitter,2021,40,10.3390/joitmc7030165,Franco-Riquelme J.N.,Journal of Open Innovation Technology Market and Complexity,2-s2.0-85117870702
Customer perception of adoption and use of digital financial services and mobile money services in Uganda,"Purpose: This paper aims to investigate the impact of fintech, mobile money and digital financial services in Uganda and factors impacting adoption of the services. The study will also determine their social impact through financial inclusion in the Ugandan market. Design/methodology/approach: This study covers the adoption and use of fintech, mobile money and digital financial services in Uganda. A case study approach was used through a survey questionnaire for 400 randomly selected participants within the Kampala region. Questionnaire was designed to measure customer perception of digital financial services and adoption including mobile money and agency banking. Findings: The adoption of mobile money services is driven by mobile devices penetration and the need for access to financial products and services for the unbanked. Results support CGAP (2013) that observed that mobile money adoption was based on two key variables: social network and social interactions of the customer and a segment of customers who can be described as mobile technology leaders (early adopters). There has been positive impact on person to person transfers, grocery payments and mobile money providers have to continue to simplify the access to financial services and bring convenience to the bottom of the pyramid. And mobile money positively impacts sustainable developmental goals covering Gender Equality (SDG5), SDG 8 – Decent Work and Economic Growth; expanding financial inclusion through mobile money and SDG 10 – Reduce Inequalities. Research limitations/implications: This study has limitations commonly prevalent with qualitative research, including the small size limited to Kampala and challenges of making generalisations beyond this context. Practical implications: The paper might serve as a valuable source of information for government and fintech companies in developing the digital financial services ecosystem as well as for students and academics for further case studies in this area. Originality/value: This paper serves as one of the first qualitative research papers concerning mobile money and digital financial services adoption, solely focused on Uganda. Its value is in its showcasing of the importance of mobile money among customers in emerging markets.",Digital financial services; Disruptive innovation; Financial inclusion; Fintech; Mobile money,2021,40,10.1108/JEC-07-2020-0127,Museba T.J.,Journal of Enterprising Communities,2-s2.0-85101238118
Role of Government Policies to Fintech Adoption and Financial Inclusion: A Study in Pakistan,"Purpose-Pakistan is a lower-middle-income country and financial inclusion rate is comparatively lower than other South Asian countries. In this circumstance, Government of Pakistan has implemented various financial inclusion policies and strategies to enhance the rate of financial inclusion in the country. However, a cursory attention has been paid to Government policies by the previous studies. Therefore, the aim of this study is to provide an insight into the current government policies and strategies for fintech adoption and financial inclusion in Pakistan. Design/methodology/approach-This study collected and reviewed previous literature that focused on various fintech adoption and financial inclusion policies and strategies by the Government of Pakistan. Literature has been selected from various secondary sources such as journal articles, conference proceedings, annual reports of SBP (State Bank of Pakistan), Global findex report by World Bank and so on. Findings-The study found that Government of Pakistan has successfully implemented a number of financial inclusion policies and strategies during the last decade. A noteworthy innovation approach (i.e. fintech) was applied as a catalyst in order to extend the scope of financial services in Pakistan. The Government also implemented Financial Literacy Programs specifically for youth to create awareness about financial resource management in the country. Very recently, Government of Pakistan launched banking on equality program to enhance gender equality in financial inclusion. Originality/value-The findings of this study might be useful for the decision makers and practitioners to implement the policies and strategies more effectively and efficiently to enhance the rate of financial inclusion in country.",Financial inclusion; Fintech; Government policies; Pakistan,2022,39,10.13189/ujaf.2022.100105,Noreen M.,Universal Journal of Accounting and Finance,2-s2.0-85122724880
A comparative study of renewable and fossil fuels energy impacts on green development in Asian countries with divergent income inequality,"The paper aims to analyze the impacts of renewable and non-renewable energy resources on the Sustainable Development Index in 16 Asian countries with a high GINI index and 13 Asian countries with a low GINI index from 2000 to 2021, utilizing the ARDL (Auto Regressive Distributed Lag) - PMG (Pooled Mean Group) estimation approach. Empirical evidence suggests that fossil fuel has a detrimental effect on the Sustainable Development Index. Conversely, the development of clean energy shows only short-term positive effects in Asian countries with a low GINI coefficient. Notably, green financing emerges as a crucial contributing factor to the Sustainable Development Index. To implement practical policies, it is essential to focus on developing green financing tools within digital platforms and leveraging Fintech capabilities. Furthermore, expanding financial inclusion and enhancing economic resiliency status are identified as critical strategies to bolster the Sustainable Development Index.",Fossil fuels; GINI index; Green finance; Natural resources; Renewables; Sustainability,2023,39,10.1016/j.resourpol.2023.104035,Xu J.,Resources Policy,2-s2.0-85167787504
International business and decentralized finance,"Over the last decade, the green shoots of a new economic order have emerged as decentralized technologies challenge traditional financial systems. Decentralized finance (DeFi) holds the potential to transform international business (IB) by offering accessible financial services across borders, disrupting traditional intermediaries, and promoting financial inclusion. While traditional fintech has challenged banks, DeFi operates outside legacy systems, leveraging blockchain technology and smart contracting to introduce a new range of products and services that provide first-movers with an upper hand to both expand their business across the globe as well realize cost savings on existing business. Despite offering advantages like efficiency, transparency, and security, DeFi faces regulatory uncertainties and scalability, adoption, and stability concerns. Our study explores how DeFi can seamlessly integrate into the IB space while addressing these challenges. In addition to offering insights for investors, multinational firms, and regulators, we also lay the groundwork for future IB research in the fintech domain. As the DeFi innovation unfolds, understanding and harnessing its potential can empower stakeholders to engage responsibly and effectively in this transformative landscape.",Blockchain; DeFi; Financial innovation; Fintech; International business; Regulation; Smart contracts,2024,39,10.1057/s41267-024-00705-7,Harvey C.R.,Journal of International Business Studies,2-s2.0-85193331783
Impact of fintech and financial inclusion on sustainable development goals: Evidence from cross country analysis,"We investigate the dual influence of fintech and financial inclusion on diverse sustainable development goals, including SDG 2, 3, 4, 8 and 9, based on panel data of 86 countries. A quantile regression analysis shows that fintech has a favorable influence on education at higher quantiles. Additionally, Fintech and financial inclusion positively enhance GDP (SDG 8) and internet (SDG 9) upto 50th quantiles, but their impact decreases at higher percentiles. The findings suggest that fintech and financial inclusion can drive progress towards achieving SDGs by encouraging economic growth, supporting zero hunger, reducing maternal deaths, enhancing quality education, and empowering innovation and infrastructure. Further analysis demonstrates that financial inclusion and SDGs can promote each other, and similarly, fintech and SDGs can mutually reinforce each other.",Financial inclusion; Fintech; Quantile regression; Sustainable development goals,2025,39,10.1016/j.frl.2024.106573,Choudhary P.,Finance Research Letters,2-s2.0-85211019589
"Financial Inclusion, Fintech, and Income Inequality in Africa","Financial inclusion and Fintech have revolutionized the financial sector and fundamentally changed how we store, save, borrow, transfer, and invest money. This paper investigates the impact of financial inclusion and Fintech on income inequality using waves of survey data for 2011, 2014, and 2017 across 39 African countries. By using pooled ordinary least square and two-stage least square (2sls) estimation methods, we obtain three key findings. First, institutional factors such as political stability, control of corruption, and government effectiveness determine Fintech and financial inclusion. Second, Fintech encourages individuals to have a formal bank account, thereby promoting financial inclusion. Third, financial inclusion and Fintech exacerbate income inequality. The direct implication of our findings is that policymakers make tradeoffs whether they seek to achieve higher inclusion and Fintech or to reduce income inequality. We highlight that a pro-poor financial sector development is vital. Easing the bottleneck in obtaining loans, offering agriculture-based Fintech services, and improving digital literacy are important steps to gain the most out of inclusion and Fintech in reducing income inequality.",Africa; financial inclusion; Fintech; income inequality; institutions,2022,39,10.3390/fintech1040028,Ashenafi B.B.,Fintech,2-s2.0-85167342414
Research into microfinance and ICTs: A bibliometric analysis,"Information and communication technologies (ICTs) play an ever-increasing role in improving the efficiency, profitability, and sustainability of microfinance institutions. This paper aims to assess the role of ICTs in the microfinance industry by systematically reviewing the literature with bibliometric methods. In this research, a total of 347 samples (from 1998 to 2021) were selected from the Web of Science database according to the guideline of the systematic review. By performing descriptive statistical analysis, the contributing institutions, countries, journals, authors, as well as influential publications were identified. In the co-citation and co-word analysis section, three primary types of visualization—cluster views, timezone views and timeline viewswere all presented through CiteSpace. It turns out that crowdfunding, P2P lending and mobile banking have been the favorite topics. A central issue is the role of these platforms in entrepreneurship. We also proposed that applying fintech, especially blockchain and other emerging technologies, to promote financial inclusion is one of the future research trends. The findings of this study will be of interest to researchers, managers, policymakers, and evaluators and facilitate them to make well-informed decisions in their respective domains.",Bibliometric analysis; Information and communication technologies (ICTs); Microfinance; Systematic review,2023,39,10.1016/j.evalprogplan.2022.102215,Liu A.,Evaluation and Program Planning,2-s2.0-85145841150
Banking 4.0: The era of artificial intelligence-based fintech,"Financial technology is changing the banking industry. A blend of high-tech inventions is altering business as it reacts to unpredictability, indecisions, intricacy, and vagueness in the financial area. Banks are embracing this change and adapting financial technology in their banking products and services in customer advisory, artificial intelligence models, blockchain security, and many more. Given the dearth of literature on the arising subject of Fintech banking this paper provides a status quo and the trend of Fintech banking. A review is done of 3268 documents from the data extracted from Google Scholar for the year 1966–2021. Qualitative analysis including co-occurrence analysis and the trend analysis was applied with the help of documents analysis, citation analysis, influential journals and authors, and leading countries in the research space. The results were achieved using the NVivo and Vosviewer software. The results identified significant topics trending in this space which include credit risk, artificial intelligence models, robot-advisory, and decentralized blockchain usage in banking management.",banking; bibliometric analysis; Fintech; innovation; technology,2022,38,10.1002/jsc.2526,Kumar A.,Strategic Change,2-s2.0-85139987588
The digital transformation of microfinance institutions: an empirical analysis,"Purpose: This study seeks to identify the factors that are associated with the digital transformation of microfinance institutions (MFIs). Design/methodology/approach: The study employs probit models to investigate the likelihood of integrating digital solutions by MFIs and Heckman models for robustness checks. Findings: The findings reveal that the adoption of these tools is consistent with the social performance of MFIs. Furthermore, the profitability of the institutions and their home country development are associated with a larger application of digital support solutions. Research limitations/implications: Since the survey data collected is not longitudinal and does not cover many MFIs, it may encounter the absence of comprehensive results. Moreover, the study is limited to supply-side incentive factors, thus lacks of investigations under supply-demand interaction schemes. Therefore, future studies are encouraged to fill up these knowledge gaps. Practical implications: The results imply that the adoption of digital solutions does not necessarily harm the social performance of MFIs. In addition, the findings may imply that financial sustainability can serve as being a preliminary condition but must not lead to the mission drift of MFIs. Findings of the study have implications for policymakers, donors and investors who wish to accelerate the digital transformation within the microfinance industry and to significantly boost financial inclusion. A focus on more social-oriented MFIs can be an appropriate solution. Furthermore, the pathway to digital financial inclusion through microfinance can be made more efficient if improved and supportive facilities as well as systems for digital technology are available. Originality/value: This paper is the first one which highlights the relationship between the MFI's social performance and the application of digital solutions by MFIs. Furthermore, we discuss this link while considering cost aspects.",Digital solutions; Digitization; Fintech; Microfinance institutions; Social performance,2022,38,10.1108/JAAR-02-2021-0041,Dorfleitner G.,Journal of Applied Accounting Research,2-s2.0-85115169352
Forecasting loss given default for peer-to-peer loans via heterogeneous stacking ensemble approach,"Peer-to-peer (P2P) lending is an emerging field in FinTech and is an alternative source of personal loans. However, P2P lending faces severe credit risk due to high information asymmetry and insufficient collateral. We develop a novel heterogeneous stacking ensemble (HSE) approach by using two real-world datasets to improve the loss given default (LGD) forecasting in the P2P lending domain. Some special data in P2P lending and macroeconomic variables are employed as supplementary data sources to further enhance the model performance. Our proposal is compared with several popular models, including parametric and non-parametric ones, in terms of predictive accuracy and capital requirement. Our finding reveals that special data in P2P lending (e.g., number of investors and loan description) and macroeconomic variables are powerful predictors of LGD in P2P lending. The proposed HSE model outperforms the benchmark models in most cases and significantly achieves optimal average ranks across all the evaluation metrics. The results remain robust under several validations.",Fintech; Heterogeneous ensemble model; Loss given default; Peer-to-peer lending; Regression; Stacking,2021,38,10.1016/j.ijforecast.2021.03.002,Xia Y.,International Journal of Forecasting,2-s2.0-85107829498
"Navigating the path to environmental sustainability: Exploring the role of fintech, natural resources and green energy in Belt and Road countries","The world is currently facing a major environmental crisis, with rising global warming, sea levels, droughts, and floods. This has particularly affected the poorest nations, leading to increased flooding and droughts that impact their livelihoods. To combat this, nations worldwide need to develop strategies to reverse environmental damage and achieve carbon neutrality. The Belt and Road Initiative (BRI) countries are responsible for a significant portion of pollution, making it crucial for them to take strong climate action. Besides, the financial technology (FNT), renewable energy generation (GEN) and the optimum usage of natural resources (NTR) can help the BRI economies towards Environmental Sustainability. This study used the “Cross-Sectional Autoregressive Distributed Lag Model” (CS-ARDL) model and focused on BRI countrieswhereby the data comprised of obervationsfrom 1990–2020. It was found that FNT can help reduce the cost of financial services and increase financial inclusion while also reducing carbon emissions. However, the use of NTR can have a detrimental effect on achieving environmental targets. It is important to transition towards GEN to reduce CO2 emissions and promote sustainable growth. Popular GEN methods like wind and solar power can significantly reduce emissions and satisfy a large portion of energy needs. BRI countries must take environmental action, promote the use of GEN, incentivize its adoption, encourage the development of FNT, and discourage the use of NTR-related fossil fuels to achieve environmental targets.",CS-ARDL; Environmental sustainability; Fintech; Green energy; Natural resources,2024,38,10.1016/j.resourpol.2023.104485,Li Y.,Resources Policy,2-s2.0-85181743948
AI-enabled FinTech for innovative sustainability: promoting organizational sustainability practices in digital accounting and finance,"Purpose: The purpose of this study is to delve into the intricate terrain of assimilating sustainability practices into digital accounting and finance, centring on the transformative dynamics introduced by artificial intelligence (AI)-enabled FinTech. The primary objective is to scrutinize critical lacunae in existing literature, exploring how organizations can meticulously construct comprehensive sustainability frameworks. Simultaneously, the study investigates the protracted repercussions of AI-enabled FinTech on the enduring sustainability paradigms. Design/methodology/approach: Executing a systematic literature review, the research engaged in the meticulous identification and assessment of a voluminous pool of 1,158 articles. Using a judicious two-phase strategy, the scrutiny distilled a mere 64 pertinent articles, subjecting them to rigorous evaluation encompassing methodologies, contributions and overall quality. The Fuzzy Delphi method was used to elicit expert opinions and facilitate consensus-building, leveraging fuzzy logic to accommodate uncertainties in the data. Findings: The review navigates the convoluted impact of AI across diverse sectors, accentuating its transformative imprint on realms such as health care, finance and transportation. Specifically, in the financial domain, the discerning eye of AI-enabled FinTech optimizes investment portfolios, augments risk assessment, propels financial inclusion and streamlines the intricate landscape of sustainability reporting. The study meticulously pinpoints research gaps encompassing investment optimization, risk management, financial inclusion, sustainability reporting and ethical considerations within the intricate milieu of AI-enabled FinTech. This research contributes to the existing body of knowledge by synthesizing intricate thematic strands, discerning overarching trends and spotlighting critical voids in the synthesis of sustainability practices and AI-enabled FinTech. The findings resonate with far-reaching implications, emphasizing the exigency of comprehensive investigations into the longitudinal sustainability ramifications instigated by AI-enabled FinTech. Originality/value: The study underscores the imperative of crafting robust ethical frameworks for the equitable and transparent deployment of AI solutions within the intricate landscape of FinTech. Moreover, this research stands poised to shape organizational strategies, inform regulatory frameworks and guide investment decisions, thereby catalyzing the cultivation of conscientious and sustainable financial practices.",Artificial intelligence; Digital accounting; Finance; Fintech; Fuzzy analytic hierarchy process; Fuzzy Delphi,2025,38,10.1108/IJAIM-05-2024-0172,J. Nair A.,International Journal of Accounting and Information Management,2-s2.0-105003376358
Exploring the landscape of financial inclusion through the lens of financial technologies: A review,"The intersection of financial technology (FinTech) and financial inclusion is increasingly recognized in both academic research and policy as a powerful tool for addressing global challenges and supporting sustainable development. Financial inclusion is essential for achieving the United Nations' sustainable development goals (SDGs), with access to formal financial services playing a critical role in fostering economic growth and improving the livelihoods of underserved populations. FinTech innovations, including mobile money, blockchain, and digital banking, have transformed the financial landscape by providing scalable, cost-effective solutions to bridge the gap between the unbanked and formal financial services. This paper presents a bibliometric analysis of the intersection between FinTech and financial inclusion, identifying five distinct research clusters. The findings reveal the significant role of mobile money and blockchain in enhancing financial access in developing countries, the impact of digital banking in reducing transaction costs and expanding credit access, and the growing relevance of blockchain for transparency and security in financial systems. This study also highlights emerging research areas, such as FinTech's impact on gender disparities in financial inclusion and the role of artificial intelligence (AI) in financial services, offering a foundation for future research.",Bibliometric analysis; Financial inclusion; Financial technology; Sustainable development goals,2025,37,10.1016/j.frl.2024.106500,Carè R.,Finance Research Letters,2-s2.0-85210531801
How Fintech mitigates credit mismatches to promote green innovation: Evidence from Chinese listed enterprises,"The intersection of financial technology (fintech) and sustainable development has gained increasing attention, particularly regarding how fintech can support corporate green innovation. However, the role of fintech in mitigating credit mismatches—a key barrier for enterprises pursuing green initiatives—remains underexplored, especially within the context of Chinese listed enterprises. Addressing this gap, our study utilizes a panel dataset from 2010 to 2021 to investigate the influence of fintech on green innovation and the mediating role of credit mismatches. Through a series of baseline regressions, endogeneity tests, and heterogeneity analyses, we find a significant positive relationship between fintech adoption and green innovation, with credit mismatches serving as a crucial mediator. Moreover, the effects of fintech are most pronounced in eastern China and in industries with lower pollution levels. These findings provide new insights into how fintech can bridge financing gaps, foster green innovation, and promote the transition to a more sustainable economy. Our results carry important implications for policymakers aiming to leverage fintech as a tool for both financial inclusion and environmental sustainability.",China; Credit mismatch; Fintech; Green innovation; Sustainable development,2024,36,10.1016/j.irfa.2024.103740,Wang S.,International Review of Financial Analysis,2-s2.0-85208966280
Can Fintech development improve the financial inclusion of village and township banks? Evidence from China,"Enhancing the financial inclusion of financial institutions enables more vulnerable groups to obtain opportunities to access loans—an essential prerequisite for achieving the United Nations' Sustainable Development Goals. The main purpose of this study is to explore whether the development of Fintech impacts the financial inclusion of village and township banks (VTBs). Using the micro survey data of 900 VTBs, this paper empirically analyzes the impact of financial technology on the financial inclusion of VTBs and explores the mediating role of mobile banking adoption. The results demonstrate that the development of Fintech can improve the financial inclusion of VTBs through the application of mobile banking. Notably, VTBs can significantly contribute to financial inclusion by adopting an online and offline service model, though mobile banking is substituting physical branches with the rapid development of financial technology. Further analysis finds that the development of Fintech has prompted VTBs to increase the inclusiveness of loans to rural households, loans to poor households, and loans to small and micro enterprises. Furthermore, rural credit institutions and city commercial banks as the main shareholders are conducive to strengthening the role of Fintech in promoting the financial inclusion of VTBs. Finally, the development of Fintech has a stronger competitive incentive for VTBs located in the eastern regions.",Financial inclusion; Fintech; Mobile banking; Village and township banks,2024,36,10.1016/j.pacfin.2024.102324,Chen X.,Pacific Basin Finance Journal,2-s2.0-85187561749
"Improving MSME performance through financial literacy, financial technology, and financial inclusion","Financial literacy is one of the key abilities and skills MSME business actors require to manage their finances and achieve successful business performance. This study's purpose was to analyze the impact of financial and technological literacy on improving MSME performance in Medan City and the mediation of this relationship by financial inclusion. The research had a quantitative descriptive methodology with an explanatory research approach. Data were collected from a sample of 100 business actors in Medan City. The data analysis technique used was Structural Equation Modelling-Partial Least Squares (SEM-PLS). The results showed that financial literacy, financial technology, and financial inclusion affected the performance of MSMEs in Medan City, and financial inclusion did not mediate the effects of financial literacy and financial technology on the performance of MSMEs in Medan City. The novelty of this research is its capacity to inform stakeholders of the importance of the financial literacy of MSME business actors; therefore, stakeholders must strive to educate MSME business actors on the importance of financial literacy.",Financial inclusion; Financial literacy; Financial technology,2023,36,10.33094/ijaefa.v15i1.761,Gunawan A.,International Journal of Applied Economics Finance and Accounting,2-s2.0-85146464499
FinTech and economic readiness: Institutional navigation amid climate risks,"The current climate change is declared as a global boiling point by the UN; businesses are facing increasing costs in maintaining their supply chains and production standards and are being urged to adapt and innovate for environmental transition. With the Industrial Revolution 4.0, FinTech has helped develop households’ and firms’ resilience against climate change. This study explores how businesses use FinTech to increase economic readiness to attract adaptation investments. This study hypothesizes that, at initial levels of businesses, FinTech adoptions are typically targeted to improve profitability while, as businesses mature, their FinTech adoption shows a transition towards sustainability. Following this, the role of institutions in regulating an ecosystem is to promote sustainable financial innovations. This study employs a 114-country panel data analysis to investigate these dynamics empirically. The estimation using Panel Quantile Regression showed that institutional quality can moderate the U-shaped FinTech adoption and business readiness relationship to expedite the transition under Sustainable Development Goal 9. This research sheds light on the impact of institutional quality on improving businesses’ ability to attract adaptation investments via promoting sustainable innovation. Outcomes offer valuable insights for policymakers, firms, and investors seeking to foster a more resilient economy.",Climate action; Financial inclusion; Institutional Quality Moderator Model; Quadratic FinTech adoption function; Technology 4.0,2025,36,10.1016/j.ribaf.2024.102543,Ul-Durar S.,Research in International Business and Finance,2-s2.0-85202573893
"BigTech, FinTech, and banks: A tangle or unity?","We examined the dual impact of BigTech and FinTech financing on traditional banking metrics like personal loans, credit risk, and bank performance. Through baseline regressions, alternative measures, endogeneity checks, and sub-sample analysis, our findings reveal an inverse relationship between BigTech and FinTech financing with personal loans and credit risk, suggesting severe challenges to traditional banking practices. Conversely, a positive correlation with bank performance indicates that while BigTech and FinTech disrupt certain aspects of banking, they also present opportunities for adaptation to blockchain-based financing mechanisms. Further evidence also confirmed these findings. The study informs various policymakers, stakeholder, and academic scholars.",BigTech; Credit Risk; FinTech; Performance; Personal loans,2024,35,10.1016/j.frl.2024.105490,Karim S.,Finance Research Letters,2-s2.0-85192341781
Customer Fintech Readiness (CFR): Assessing customer readiness for fintech in Bangladesh,"Financial technology (fintech) has disrupted the traditional financial system by decoupling, decentralizing, and demystifying finance. Effective and scalable adoption of fintech, however, is key to financial inclusion and value creation through new business models. While theoretical frameworks and models in the literature investigate technology adoption in general, a measurement scheme for customer readiness specifically for fintech is absent. We conduct a National Citizen Survey in Bangladesh (N = 1282), review extant literature on fintech adoption factors and variables, distill major themes into seven dimensions. In this paper, we propose the Customer Fintech Readiness (CFR) index to assess readiness to adopt and use customer facing fintech product, platforms and services. We validate the index and establish its easy replicability, albeit with small contingent adjustments. We find that customers in Bangladesh lag behind in readiness for fintech. Our dimension specific scores provide important insights for policy intervention and planning. While our dataset remains gender-imbalanced and depends on customer self-reporting, we delineate ways to fine-tune its construction for better replication of CFR in other countries.",Adoption; Bangladesh; Customer; Fintech; Index; Readiness,2023,35,10.1016/j.joitmc.2023.100032,Mahmud K.,Journal of Open Innovation Technology Market and Complexity,2-s2.0-85153711342
Interdependence between online peer-to-peer lending and cryptocurrency markets and its effects on financial inclusion,"Online peer-to-peer (P2P) lending has emerged as an innovative financial technology (FinTech) platform that renders financial services that are potentially more inclusive and affordable than those offered by traditional financial institutions. A similar purpose is served by cryptocurrency markets, where transaction costs are reduced and financial accessibility is improved based on disruptive technologies such as blockchain and distributed ledgers. Despite these developments, however, in the operations management literature limited attention has been devoted to the contribution of online P2P lending to the promotion of financial inclusion (i.e., the availability and usage of financial services for all groups of people) and its dynamic interplay with cryptocurrency markets. The rise of cryptocurrency markets affects the composition and activity of borrowers and investors in P2P lending markets and hence the capacity of the latter to support financial inclusion, leading to an operations management challenge in online P2P lending. We examine how cryptocurrency markets influence P2P lending markets' democratization of access to financial services, particularly P2P borrowing. To investigate these effects in depth, we develop a simple theoretical model to derive testable propositions, which are then empirically validated on the basis of unique data sets. We find that the growth in cryptocurrency markets is associated with increased loan requests and larger loan amounts in P2P markets, especially from borrowers who maintain good credit ratings, possess technical knowledge about cryptocurrencies, and intend to borrow for investment purposes. Our results suggest that cryptocurrency markets bring economic gains to the P2P lending market, at least in the short term. Nonetheless, the transfer of funds from P2P lending to cryptocurrency markets, particularly by highly creditworthy and tech-savvy investors, may provoke increased inequality in access to P2P lending markets. By scrutinizing the interdependence between two representative FinTech markets we uncover important operations management implications for theory and practice regarding the healthy growth and effective governance of crowdfunding platforms and the corresponding sustainability of their role in upholding financial inclusion.",crowdfunding; cryptocurrency; financial inclusion; FinTech; P2P lending; platforms,2023,34,10.1111/poms.13950,Chung S.,Production and Operations Management,2-s2.0-85147495230
The social production of financial inclusion of generation Z in digital banking ecosystems,"Digital finance is an emerging frontier of financial sector development in the contemporary 21st century. In spite of the known benefits of digital finance, there is a widely held view that digital financial services have not adequately permeated vast segments of society given the disparities in the availability of finance, its accessibility, and use. Therefore, the evolution of financial technologies along with digital consumer behaviourism in the present age presents scope for re-modelling conventional financial business models to particularly enhance the financial inclusion of Generation Z. This generation presumably has a unique mental construct of digital financial inclusion on account of its financial needs and circumstances, and its intrinsic digital consumer behaviourism. Therefore, this article espouses the Lefebvrean Social Production of Space as a novel theoretical lens through which financial inclusion of Generation Z could be better conceptualised to provide predictive insight for the future development of inclusive digital banking ecosystems. To this end, the article demonstrates, under the Zambian context in sub-Saharan Africa, that Generation Z has the propensity and competence to use digital technologies, but its adoptive response to digital finance is shaped by the perception that conventional banking and finance is highly exclusive. This suggests that the conventional banking ecosystem operates along a continuum between social equity and financial sustainability, posing a conceptual challenge of designing financial business models that are equitable without undermining the sustainability of the ecosystem. It is hereby recommended that for a digital banking ecosystem to be authentically inclusive of Generation Z there must be participatory accountability that considers and embraces the generation’s bidding strategies for financial inclusion, and further facilitates empowerment of this clientele based on the co-evolutionary dynamics of financial technology and digital consumer behaviourism.",Digital banking ecosystem; Financial inclusion; Generation Z; Social production of space,2021,34,10.14453/aabfj.v15i3.6,Kangwa D.,Australasian Accounting Business and Finance Journal,2-s2.0-85109015559
Narrowing the gender gap in mobile banking,"Mobile banking and related digital financial technologies can make financial services cheaper and more widely accessible in low-income economies, but gender gaps persist. We present evidence from two connected field experiments in Bangladesh designed to encourage the adoption and use of mobile banking by poor, illiterate households. The study focuses on migrants who live in Dhaka and send money back to their extended families. Despite large differences between female and male migrants in income and education, the first experiment shows that a training program led to similarly large, positive impacts on mobile banking use by female migrants (a 51 percentage point increase) and male migrants (46 percentage point increase), substantially narrowing the gender gap. However, the increases in adoption did not lead to similar patterns in usage: men increased digital remittances by 11 times as much as women. A second experiment tests whether introducing the technology in the context of family networks made an additional difference to gender gaps. The evidence suggests an 11 percentage point increase in adoption by women and just a 1 percentage point increase by men, although statistical power is low for this comparison and estimates are imprecise.",Bangladesh; Digital money; Domestic migration; Field experiment; Financial inclusion; Gender; Migration; Remittances,2022,34,10.1016/j.jebo.2021.10.005,Lee J.N.,Journal of Economic Behavior and Organization,2-s2.0-85120999161
Bank concentration and SME financing availability: the impact of promotion of financial inclusion in China,"Purpose: The promotion of financial inclusion can disturb the composition of traditional bank concentration and change the relationship between bank concentration and the availability of small and medium-sized enterprise (SME) financing. This paper concentrates on a less frequently explored area of research by examining the relationships between bank concentration, financial inclusion and SME financing availability respectively, and the interaction between bank concentration and financial inclusion after the implementation of a financial inclusion strategy in China. Design/methodology/approach: Using firm-level data from 1,509 listed SMEs in China from 2007 to 2017 and applying rigorous analyses, we identify how bank concentration affects SME financing availability under the promotion of financial inclusion and also the mechanisms involved. Findings: We find that bank concentration and financial inclusion respectively have positive impacts on the credit available to listed SMEs, indicating that the promotion of financial inclusion in China has reached a new high watermark. The positive impact of bank concentration is reduced when the level of financial inclusion is high. Conversely, a higher level of financial inclusion favours SME credit availability at only a low degree of bank concentration. Our findings suggest that financial inclusion has a substitution effect on bank concentration and has enabled us to add new interpretations to relevant theories; namely, the Market Power and Information Theories respectively. Originality/value: This study provides new insights into the relationship between bank concentration and SME finance availability under the promotion of financial inclusion.",Bank concentration; China; Financial inclusion; FinTech; SME financing availability,2020,33,10.1108/IJBM-01-2020-0007,Lu Z.,International Journal of Bank Marketing,2-s2.0-85088322772
"The role of financial literacy, digital literacy, and financial self-efficacy in FinTech adoption","The primary aim of this study is to delve into the factors influencing individuals' readiness to embrace financial technology (FinTech) services in Bangladesh. Specifically, the study focused on Bangladeshi fintech consumer's knowledge about contemporary digital financial tools, such as mobile-based payment service apps. Data collection was carried out using a survey questionnaire tailored to the Bangladeshi context. Participants were invited to participate in the survey, and their responses were gathered upon their consent. A five-point Likert scale, ranging from '1' for 'Strongly Disagree' to '5' for 'Strongly Agree,' was employed to gauge the questionnaire items. The final sample size was 450 respondents. To assess the hypotheses, a 5% significance level was employed, with data analysis conducted using SPSS software. The findings underscore a positive and statistically significant impact of financial literacy, digital literacy, and financial self-efficacy on the adoption of FinTech services in Bangladesh. Collectively, these variables elucidate 48.20% of the variance (R2=0.482) in predicting individuals' adoption behavior of FinTech. Financial self-efficacy (β = 0.574; t-value = 8.394) has the highest effect on FinTech adoption compared to the other two factors. Additionally, a substantial correlation coefficient (r=0.634) is present between digital literacy and FinTech adoption. This study contributes to the extant literature on FinTech services by providing valuable insights that enhance scholars' understanding of the emerging financial technologies' significance and their predominant impacts within the Bangladeshi FinTech ecosystem. These findings hold implications for policymakers, financial institutions, and stakeholders seeking to promote FinTech adoption and foster financial inclusion in Bangladesh.",Bangladesh; digital literacy; FinTech; regression; self-efficacy,2024,32,10.21511/imfi.21(2).2024.30,Anwarul Islam K.M.,Investment Management and Financial Innovations,2-s2.0-85200918581
Fintech's influence on green credit provision: Empirical evidence from China's listed banking sector,"We explore the impact of financial technology (fintech) advancements on green credit provision, investigating publicly traded banks in China from 2007 to 2022. We particularly focus on credit modelling innovation, examining the non-linear dynamics between fintech evolution and green credit distribution. Results reveal a positive U-shaped correlation. Initial stages of fintech are associated with increased green credit risk, negatively affecting the volume of green credit. However, more established fintech infrastructures significantly enhance green credit volumes by improving resource allocation and credit risk assessment. Utilizing a multiple linear regression approach, we highlight the transformative nature of fintech in advancing sustainable banking practices, particularly through innovations in credit modeling that enhance green credit risk management and resource allocation efficiency.",Financial technology; Green credit expansion; Green credit risk; Resource allocation efficiency,2024,31,10.1016/j.ribaf.2024.102394,He Z.,Research in International Business and Finance,2-s2.0-85192699263
Fintech in Malaysia: An appraisal to the need of shariah-compliant regulation,"The implementation of financial technology (Fintech) in the Islamic finance industry has created a totally new phenomenon of banking and financial behaviour for the stakeholders, particularly in Malaysia. As part of the financial revolution, the Islamic finance sector ought to embrace Fintech to diversify the services/products offered as the digitalisation process is taking place in the Fourth Industrial Revolution era. In order to safeguard the assimilation of the technology into the existing traditional practice of Islamic finance, Shariah-compliant regulation is, therefore, necessary for governing the potential risks associated throughout the process of financial activities. Hence, this paper intends to analyse the need for Shariah-compliant regulation to govern Fintech-related activity in the Islamic finance industry. The article emphasises the need from several aspects such as the non-comprehensiveness of the Islamic Financial Services Act (IFSA) 2013; the increasing rate of financial inclusion and; the qualifications of the Shariah Advisory Council's (SAC) members in Malaysia. It also provides recommendations through the introduction of subsidiary legislation pursuant to IFSA; production of regulatory sandbox framework especially for Islamic Fintech firms; and emphasis on the importance of SAC members possessing knowledge in technological aspect in order to ensure the need for Shariah-compliant regulation in the Islamic finance industry is properly satisfied.",Appraisal; Fintech; Islamic finance; Malaysia; Shariah-compliant regulation,2021,31,10.47836/PJSSH.28.4.40,Razak M.I.A.,Pertanika Journal of Social Sciences and Humanities,2-s2.0-85099854147
The role of financial technology on development of MSMEs,"The purpose of this research is to describe the role of Financial Technology in enhancing financial inclusion in the Micro, Small and Medium Enterprises (MSMEs) industry through accessibility and assistance. MSMEs play a very important role in increasing regional and national economic growth. There are various types of MSMEs that are scattered throughout Indonesia with the main problem being capital. The rapid growth of FinTech's financing business is currently an alternative that can be accessed by all levels of society through financial inclusion, which is one way to socialize the financial sector specially to facilitate financial access services for the public. The population in this study were members of Dekranasda (Dewan Kerajinan Nasional Daerah) Denpasar assisted and the determination of samples was based on purposive sampling method which includes people involved in a weaving craft business and have been fostered for at least 3 years. The method of data collection is by questionnaires, documentation and interviews. The method of data analysis in this study is the instrument test, classic assumption test, and hypothesis testing with the SPSS program. Based on the results of the analysis of accessibility and assistance, financial technology has a significant positive effect on capital development. By funding MSMEs, lenders get investment alternatives with attractive returns. On the other hand, MSMEs borrowers get business capital loans without collateral with an easy and fast online process.",Accessibility; Assistance; Financial Technology (Fintech); MSMEs,2021,31,10.5267/j.ac.2020.9.014,Candraningrat I.R.,Accounting,2-s2.0-85094156720
Bibliometric analysis of global research trends on microfinance institutions and microfinance: Suggesting new research agendas,"Poverty alleviation is a global problem. To alleviate poverty, microfinancing is used through microfinance institutions. There are many publications comprising empirical and literature review articles beside others focusing on this issue. Subjectivity bias is one of the issues that is seen in the literature reviews in an area of interest. This study answers the problem based on the bibliometric analysis of microfinance, micro-finance institutions, micro-insurance, micro-savings, and financial inclusion with other synonyms using the Scopus Database. This article focuses on overall historical trends, publication output, prolific authors and journals, google mapping of the world-renowned academic institutions, and highlights the shortcoming of the Scopus database by utilizing software for the first time. We use VOSviewer, for co-authorship analysis and our results underline the leading role of United States contribution to a greater extent, while co-citation analysis shows emerging hotspots such as financial technology including fintech, crowdfunding, and financial literacy. We concluded limited attention from scholars towards natural-resource revenues, financial development using fintech, and crowdfunding regarding poverty alleviation. Furthermore, for the interest of the development researchers and practitioners, we have highlighted the conceptual framework for financial development, natural resource abundance, economic growth nexus through fintech, crowdfunding, financial literacy to curb poverty as new avenues for future research agenda.",Bibliometric analysis; financial development; fintech; micro-insurance; microfinance; natural resource revenues,2023,31,10.1002/ijfe.2607,Ali A.,International Journal of Finance and Economics,2-s2.0-85126305094
Financial structure and income inequality,"We empirically investigate whether financial structures affect income inequality. Using panel data for 97 economies covering above two decades preceding the FinTech surge we uncover a non-monotonic relationship. More finance reduces income inequality up to a certain point, beyond which inequality rises if finance expands via market-based financing, while it does not when finance grows via bank lending. The finance-inequality relationship is not structurally affected by the occurrence of crises, while it is reinforced in countries featuring a higher degree of financial openness. Financial deepening always reduces inequality when it takes the form of improved financial access.",Banks; Finance; Financial markets; Inequality,2023,31,10.1016/j.jimonfin.2023.102807,Brei M.,Journal of International Money and Finance,2-s2.0-85147444650
From shadow banking to digital financial inclusion: China’s rise and the politics of epistemic contestation within the Financial Stability Board,"Global financial standard-setting has been the exclusive domain of advanced economies for decades. Following the 2008–09 crisis, China and other emerging markets and developing economies obtained formal membership in the forums of global financial regulatory governance. Has their incorporation changed global regulatory politics? We analyze the epistemic contestation, bargaining, and persuasion surrounding the latest item on the financial regulatory reform agenda of the G20 and the Financial Stability Board: non-bank credit intermediation. Our study identifies three groups of norm entrepreneurs with different epistemic backgrounds that advance partially overlapping and competing interpretative frames of how to define, understand, and regulate this amorphous financial (non-)sector. Regulators from Western advanced economies took the lead in defining non-bank finance as stability-threatening shadow banking, successfully asserting epistemic authority against alternative frames advanced by China and other developing countries that include developmental prerogatives. Confronted with this impasse, Chinese authorities have sought to re-frame non-bank finance at the G20 under the label of digital financial inclusion. Our findings challenge and refine salient theories of global regulatory politics and underscore the importance of epistemic concerns for debates over the consequences of the entry of new actors from the ‘Global South’ into the core institutions of global financial governance.",China; epistemic authority; financial inclusion; financial regulation; Financial Stability Board; fintech; government networks; shadow banking,2021,30,10.1080/09692290.2020.1772849,Knaack P.,Review of International Political Economy,2-s2.0-85086779796
The adoption and use of mobile payment: Determinants and relationship with bank access☆,"This study aims to answer two questions: What determines the adoption and use of mobile payment? What is the relationship between mobile payment and access to traditional bank services? By using representative survey data in rural China, we apply a hurdle model with 2SLS and find that consumers with better access to bank services are more likely to adopt mobile payment. However, after adoption, the less often the consumers visit banks because of distance or social constraints, the more they use mobile payment to complement bank services. Younger, better educated households with higher income and more smart phones are more likely to adopt and use mobile payment. Among these characteristics, age has the largest marginal effect while income has the least. Households in the agricultural sector are least likely to adopt and use mobile payment. We also find that awareness of neighbors' use of non-cash payment has a substantial positive effect.",Banking; Consumer behavior; Financial inclusion; FinTech; Mobile payment,2023,30,10.1016/j.chieco.2022.101907,Song K.,China Economic Review,2-s2.0-85144575347
"Sustainable Central Asia: Impact of fintech, natural resources, renewable energy, and financial inclusion to combat environmental degradation and achieving sustainable development goals","The prime objective of the current study is to investigate the impact of financial inclusion, fintech, natural resources rent and renewable energy consumption on the CO2 emission of Cemental Asian countries. The study is carried out on the sample of Central Asian Countries over the period of 20 years from 2000 to 2019.The Central Asian states predominantly rely on coal as their primary fuel source for electricity generation. Coal served as the predominant fuel for power generation in Kazakhstan during the year 2020. Over 50% of Kyrgyzstan's electricity needs are met by coal. Uzbekistan and Tajikistan are coal-producing nations. The study has employed the NL-ARDL estimate to examine the hypothesis relationships, and the results of the study reveal that factors such as financial inclusion, Fintech, natural resource rent and renewable energy has significant impact on CO2 emission. The findings of the study also have a significant impact on the policy implications and long-term viability of Central Asian nations. These policies should be in accordance with SDG7 (Affordable and Clean Energy) and 13 (Climate Action). Central Asia's policymakers should balance economic benefits with environmental risks when extracting natural resources, emphasizing responsible resource management in line with SDG 15 (Life on Land), ensuring a balance between potential economic benefits and environmental risks.",Central Asian; Environmental degradation; Financial inclusion; Fintech; Natural resources; Renewable energy; SDGs,2024,30,10.1016/j.resourpol.2024.105138,Jie Y.,Resources Policy,2-s2.0-85196319141
"Fintech, financial inclusion, mineral resources and environmental quality. An economic advancement perspective from China and Vietnam","From a policy perspective, China and Vietnam have made efforts to achieve environmental sustainability. However, it is important to note that environmental issues mostly arise when certain economies heavily rely on fossil fuel to fulfil energy requirements. It is challenging to reduce such reliance because, periodically, these economies become major importers of fossil fuels. Resultantly, the carbon emission rates of China and Vietnam have been increasing over time. The untapped renewable reserves of these economies encourage academia to explore its exploitation in order to produce renewable electricity. The instant growth of fintech, rapid financial inclusion, volatility of mineral resources, and growing economic advancements in China and Vietnam have initiated various dangerous climate issues. Thus, this study investigates the relationship between fintech, financial inclusion, mineral resource rents, economic advancement, and environmental quality in China and Vietnam over the period 2013–2023. Using FEOLS, DOLS, and FMOLS models, it finds that fintech, economic advancement, and mineral resource rents deteriorate the environmental quality of the selected economies, while financial inclusion has a favourable impact on the quality of the climate. The outcomes are supported by the application of the MMQR model. All quantiles show that fintech, economic advancement, and mineral resource rents pollute the environment while financial inclusion enhances climate quality. It is further observed that the extent and magnitude of the relationship increase with the increase of quantile levels. The findings have interesting and useful policy implications.",Carbon emissions; Economic development; Environmental quality; Financial advancement; Financial inclusion; Fintech; Mineral resource rents,2024,30,10.1016/j.resourpol.2024.104636,Liu H.,Resources Policy,2-s2.0-85182259078
Factors Influencing the Adoption of FinTech for the Enhancement of Financial Inclusion in Rural India Using a Mixed Methods Approach,"The swift expansion of financial technology (FinTech) can substantially improve financial inclusion, especially in the rural regions of emerging nations such as India. FinTech has the potential to drive inclusive growth, reduce inequalities, and foster sustainable economic development. This research examines the determinants affecting the adoption of FinTech services in rural India by synthesizing three theoretical frameworks: The Technology Acceptance Model (TAM), the Theory of Planned Behavior (TPB), and the Technology Readiness Index (TRI). A mixed methods approach that combines partial least squares structured equation modeling (PLS-SEM) and fuzzy set comparative qualitative analysis (fsQCA) was used to evaluate the suggested framework. The integrated PLS-SEM and fsQCA offer a comprehensive, elegant, and resilient method for data analysis. While fsQCA addresses more intricate patterns within the data, PLS-SEM effectively identifies the relationships among significant factors. This makes the mixed method approach more judicious and advantageous than the single method approach. The findings showed that attitude (β = 0.35), perceived behavioral control (β = 0.28) from the Theory of Planned Behavior (TPB), perceived ease of use (β = 0.31) from the Technology Acceptance Model (TAM), and perceived insecurity (β = −0.19) from the Technology Readiness Index (TRI) all have a big impact on how people use FinTech. The findings also indicate that the desire to adopt FinTech positively influences financial inclusion among rural residents. These research findings enhance the debate on sustainable development by demonstrating how specific FinTech interventions can close the financial inclusion gap, empower rural populations, and achieve various Sustainable Development Goals (SDGs). The study’s findings could help governments, banks, and FinTech firms aiming to enhance the accessibility and use of digital financial services in rural India.",fintech adoption; India; SDG; TAM; TPB; TRI,2025,30,10.3390/jrfm18030150,Jena R.K.,Journal of Risk and Financial Management,2-s2.0-105001166386
The Causal Impact of Distance on Bank Lending,"We investigate the role of physical distance in corporate lending by exploiting infrastructure improvements as shocks to travel time. Lower travel time increases the likelihood of initiating a new banking relationship, consistent with an economic surplus from lower transaction costs. In existing lending relationships, banks capture part of this surplus by increasing interest rates, in particular, if banks have higher bargaining power. Reductions in travel time to competing banks have the opposite effects. Banks benefit from improved infrastructure through an increase in clients, and lenders that rely more on technology do not exhibit sensitivity to changes in distance.",bank credit; FinTech; lending relationship; spatial price discrimination,2023,30,10.1287/mnsc.2022.4346,Herpfer C.,Management Science,2-s2.0-85149103844
Does Financial Technology Adoption Influence Bank’s Financial Performance: The Case of Jordan,"This research will examine the impact of the adoption of financial technology on conventional banks’ financial performances. The research will place emphasis on the listed commercial banks at Amman Stock Exchange—ASE, using financial data for the period 2012–2020. The main study tool was a questionnaire that focuses on three main dimensions: financial inclusion—(FI), alternative payment methods—(APMs) and automation—(Auto). A total of 115 questionnaires were distributed to all commercial banks listed at Amman Stock Exchange—ASE. Multivariate regression analysis was employed to test the impact of the FinTech dimension as a proxy for independent variables on Jordanian commercial bank’s financial performance as a proxy for dependent variables. Based on the analysis results, the study concludes that all three FinTech dimensions: FI, APMs and Auto. reflected a positive significant impact on Jordanian commercial bank’s financial performance indicators (total deposit, total loans and net profit margin). Therefore, banks in general should invest more and more into financial technology tools and applications, in order to recruit potential clients and retain their current clients, to be able to sustain under fierce competition within the banking sector.",ASE; automation; financial technology; performance; sustainability,2023,29,10.3390/jrfm16090413,Kaddumi T.A.,Journal of Risk and Financial Management,2-s2.0-85172915928
"Sustainable energy for all: the link between financial inclusion, renewable energy and environmental sustainability in developing economies","Purpose: This study aims to use 67 developing countries to examine the role of financial inclusion as an “empowering tool” for renewable energy uptake and to improve environmental sustainability in developing countries. Design/methodology/approach: Using a battery of econometric models, including the generalized method of moment-panel vector autoregression (GMM-PVAR), impulse response function, Granger causality, fully modified ordinary least squares and dynamic ordinary least squares, the study proposed and tested three hypotheses. Findings: The results from various estimations indicate that financial inclusion has a positive effect on renewable energy consumption and environmental sustainability improvement in developing countries. The findings suggest that financial inclusion can improve environmental sustainability by increasing access to financing to fund renewable energy projects, support sustainable businesses and promote sustainable practices. Originality/value: This study suggests that policymakers prioritize financial inclusion to promote renewable energy consumption and environmental sustainability. Policies should enhance access to financial services, offer financial incentives and subsidies, provide affordable loans through microfinance institutions and fintech companies and promote sustainable businesses and green technologies.",Environmental sustainability; Financial inclusion; GMM-PVAR; Renewable energy; Sustainable development,2024,29,10.1108/IJESM-07-2023-0012,Ofosu-Mensah Ababio J.,International Journal of Energy Sector Management,2-s2.0-85170358943
"Focusing on energy efficiency: The convergence of green financing, FinTech, financial inclusion, and natural resource rents for a greener Asia","Energy crisis and environmental harm force economies to delve in to more sustainable practices. In this entire scenario, financial technology plays major role in mitigating harmful emissions as it promotes renewable energy resources that may help in increasing eco-friendly consumption. To have better understanding of particular transition mechanism, the study scrutinizes the panel data of 10 Asian economies for the time period 2002–2022. The study extends the empirical debate on the theory of energy by exploring the nexus among green finance, fintech, financial inclusion, natural resources, and energy efficiency. The study was rooted in an econometric methodology through the implementation of ARDL model to evaluate the long- and short-run associations among the variables. Data was extracted from global databases. The analysis provided critical insights into the associations among the variables. Firstly, the study showed that Fintech negatively impacts energy efficiency. On the other hand, GDP and energy efficiency were positively and significantly associated. Similarly, total natural resources positively and significantly influenced energy efficiency in the long-run although increasing green finance leads to a decline in energy efficiency in the long-run. Short-run coefficients lacked statistical significance. The vector error correction model unfolded a significant and negative error correction term, indicating the adjustment to equilibrium in long-run. This study not only adds to the existing literature but also offers valuable insights into energy dynamics for policymakers, governments, and future researchers.",Energy efficiency; Financial inclusion; FinTech; Green finance; Natural resource rents,2024,29,10.1016/j.resourpol.2024.105052,Hou Y.,Resources Policy,2-s2.0-85193635221
The dark side of the moon? Fintech and financial stability,"Rapid advances in digital technology are revolutionizing the financial landscape. The rise of fintech has the potential to make financial systems more efficient and competitive and broaden financial inclusion. With greater technological complexity, however, fintech also poses potential systemic risks. In this paper, I use a novel dataset to trace the development of fintech (excluding cryptocurrencies) and empirically assess its impact on financial stability in a panel of 198 countries over the period 2012–2020. The analysis provides interesting insights into how fintech correlates with financial stability: (1) the impact magnitude and statistical significance of fintech depend on the type of instrument (digital lending vs. digital capital raising); (2) the overall effect of all fintech instruments together turns out to be negative because of the overwhelming share of digital lending in total, albeit statistically insignificant; and (3) while digital capital raising is estimated to have a positive effect on financial stability in advanced economies, its effect is negative in developing countries. Fintech is still small compared to traditional institutions, but rapidly expanding in riskier segments of the financial sector and creating new challenges for policymakers.",D82; D83; E44; Financial innovation; Financial stability; Fintech; G14; G15; G21; G28; G38; O33,2024,29,10.1007/s12232-024-00449-8,Cevik S.,International Review of Economics,2-s2.0-85188532905
Assessment of the Competitiveness of Islamic Fintech Implementation: A Composite Indicator for Cross-Country Analysis,"Islamic fintech is growing fast, especially in the Organisation of Islamic Cooperation (OOIC) member countries. In recent years, it has become one of the driving forces for the Islamic financial industry. Though the pandemic negatively affected global financial business, including conventional and Islamic segments, Islamic fintech has continued its steady development. i-Fintech increases access to Islamic financial services and financial inclusion in general to provide ESG-rich investment opportunities. The rise of Islamic fintech can help countries become financial hubs and promote sustainable development goals. This paper is aimed at designing an original composite indicator of the competitiveness of Islamic fintech adoption in order to perform a comprehensive assessment of the competitive advantages that are being used across various countries. The research methodology includes data for 65 countries where Islamic fintech companies are represented. We analysed 31 variables describing the development of Islamic financial technologies in each country and combined them into five categories included in the composite indicator. Key factors that determine the development of Islamic financial technologies in different countries around the globe are singled out. The economies with the highest scores are analysed to define their strengths and weaknesses. The practices of the leading countries that address identified vulnerabilities are described.",digitalisation; fintech; index; Islamic finance; Islamic fintech,2021,29,10.3390/jrfm14120602,Glavina S.,Journal of Risk and Financial Management,2-s2.0-85132585307
Leveraging Financial Inclusion Through Technology-Enabled Services Innovation: A Case of Economic Development in India,"The majority of the Indian population is not getting the advantages of inclusive growth and development in India, referred to as financial inclusion, which has become a challenge for the Indian economy. The paper aims to investigate the use of available technology-enabled financial services and their role for financial inclusion in the current COVID-19 situation and the reaching of rural and semiurban India. The research is based on the in-depth analysis of the government policies and Fintech in the light of India's situation during COVID-19. The study reveals that the government showed the intent by opening a vast amount of banking accounts (411 million accounts) for financial inclusion in around six years. With radical changes in mobile subscribers and 4G, internet, and smartphone growth, India is close to achieving financial inclusion with full potential. However, significant change and development can be attained only if the government provides and motivates citizens to adopt the innovation services for financial inclusion.",Financial Inclusion; Financial Services; Information Technology; Innovation; Mobile Payment,2022,28,10.4018/IJESMA.289633,Dwivedi R.,International Journal of E Services and Mobile Applications,2-s2.0-85130702109
Does fintech matter for financial inclusion and financial stability in BRICS markets?,"We investigate whether fintech development expedites financial inclusion and affects the stability of the financial sector in BRICS economies. We first seek to identify the linkage between Fintech development and financial inclusion in the BRICS economies. We then explore if Fintech poses any threat to financial stability by studying the impact of Fintech on three main factors of financial stability; Country risk, Liquidity, and Price volatility to see any possible threat to financial stability. We apply the robust Global Vector Autoregressive (GVAR) model with Bayesian framework to analyze a monthly dataset ranging from 2015 to 2022. By applying a positive shock to Fintech over financial inclusion and financial stability, we reveal a positive dynamic relationship between fintech development and financial inclusion, with fintech exhibiting a long-term influence on financial inclusion in some BRICS countries than others. However, we found no significant evidence that fintech presents any threat to financial stability; at least not in the short term. We offer several policy implications and future research directions.",BRICS countries; Financial inclusion; Financial stability; Financial technology; Global VAR,2024,28,10.1016/j.ememar.2024.101164,Vuković D.B.,Emerging Markets Review,2-s2.0-85196405002
Page 315 Practice papers fintech and financial inclusion: Opportunities challengesfintech and financial inclusion: Opportunities and challenges,"Financial inclusion, in essence, is about promoting broader access to and usage of financial services, in particular payment services. At the heart of payment services are transaction accounts. This paper will describe the crucial role played by transaction accounts and how stakeholders can promote access and use of these accounts. It will also look at recent FinTech developments and highlight the role innovations can play in broadening access to financial services while addressing the related risks. The discussion will be based on two reports on payment aspects of financial inclusion released by the Committee on Payments and Market Infrastructures and the World Bank. The framework developed to promote access and use of transaction accounts in the first report underpins the second report, which assesses the potential of FinTech developments for financial inclusion.",Financial inclusion; Fintech; Innovation; Payment services; Transaction account,2020,28,,Hollanders M.,Journal of Payments Strategy and Systems,2-s2.0-85102287729
DIGITALIZATION AND INFORMAL MSME: DIGITAL FINANCIAL INCLUSION FOR MSME DEVELOPMENT IN THE FORMAL ECONOMY,"This study examines digital financial inclusion and uses Fintech for informal micro small and medium enterprises (MSMEs) to overcome the financing gap. The researchers used primarily qualitative methods, namely a qualitative analysis strategy verification through inductive analysis. The results show that Indonesia’s fintech landscape makes MSME a driver of the digital economy so that they can overcome the financing gap in the informal sector. The challenges faced by Fintech in encouraging MSME business efficiency in the form of unbalanced agency distribution, data security, data access problems, low digital financial literacy, low connectivity, and interoperability can be overcome by taking advantage of existing opportunities. These opportunities include the role of MFIs and cooperatives in promoting financial inclusion and the development of telecommunications infrastructure networks in Indonesia. The novelty of this research is the comprehensive evaluation of achieved progress in digital financial inclusion for MSMEs in Indonesia and the developed recommendation for regulations by relevant authorities to encourage the business efficiency of MSMEs through facilitating digital financial inclusion.",digitalization; financial inclusion; innovation; loans; micro small and medium enterprises (MSMEs),2023,28,10.15549/jeecar.v10i1.1056,Rahayu S.K.,Journal of Eastern European and Central Asian Research,2-s2.0-85146857749
Governing the gold rush into emerging markets: a case study of Indonesia’s regulatory responses to the expansion of Chinese-backed online P2P lending,"Peer-to-peer (P2P) lending has the potential to boost financial inclusion in emerging markets. This paper contributes to the literature on fintech governance in emerging Asian markets. It examines the case of the Indonesian government’s approach in regulating the P2P lending sector using both primary interviews and secondary firm-level data. Driven by regulation tightening in China and regulatory gaps in Indonesia, Chinese investments became the largest in this sector contributing, however, to growing risks from illegal business practices. The Indonesian government responded by creating new regulations and institutions, mitigating risks without stifling the potential for financial inclusion. We conclude a proactive approach towards monitoring and regulating emerging high-tech industries should be sought by strengthening links with industry and civil society, and through international cooperation for policy and knowledge sharing.",Emerging market; Fintech; Governance; Internet finance; P2P,2020,27,10.1186/s40854-020-00202-4,Tritto A.,Financial Innovation,2-s2.0-85096614191
"Financial inclusion, financial technology, and economic development: a composite index approach","Financial inclusion is recognized by policy makers as one of the main tools of promoting household income and economic development. Recently, increasing attention has been focused on proposing reliable indicators to quantify financial inclusion by country. In this research, we adopt a composite index approach for that purpose. The main distinguishing feature of our empirical exercise is its data-driven spirit; in particular, we make very few assumptions about the nature of the composite index. Moreover, we define financial inclusion from three main dimensions making use of both demand and supply side data and recognize that financial technology and digital finance are playing an increasing role in boosting financial inclusion. Next, we analyze financial inclusion changes over time by distinguishing between catching-up and environment change effects. The latter allows us to verify whether policy makers have succeeded in creating an environment that has fostered financial inclusion and quantify the scope for policy interventions. Finally, we take the heterogeneity between countries into consideration by partitioning countries into income per capita categories. Our empirical exercise reveals important patterns useful in understanding financial inclusion differences and designing future policy implementations.",Composite index; Economic development; Financial inclusion; Financial technology; Heterogeneity gaps,2022,27,10.1007/s00181-021-02178-1,Liu F.,Empirical Economics,2-s2.0-85122313031
Individuals' attitudes and their adoption intentions of central bank digital currency: Combining theories and analytics for deeper insights,"Leveraging a multi-theoretical and multi-method approach, this study investigated the factors influencing individuals' attitudes and intentions towards adopting central bank digital currency (CBDC). Data from Nigeria, a pioneering CBDC nation, were analysed using partial least squares structural equation modelling, which revealed that affordance-based positive valences, including seamless transactions, time convenience, and the societal positive valence of financial inclusion, are the strongest predictors of positive attitudes and, subsequently, usage intentions. Perceived financial cost emerged as the most significant barrier. Lifestyle compatibility demonstrated a moderate positive association with attitude. Further, fuzzy-set qualitative comparative analysis identified four necessary conditions for high usage intentions: seamless transactions, trust in the central bank, positive attitude, and the societal positive valence of financial inclusion. Additionally, six alternative configurations sufficient for high usage intentions were also revealed. These findings offer valuable insights for both theoretical research and policymakers, informing strategies to facilitate early CBDC adoption.",Complexity theory; Digital currency; Fintech; fsQCA; PLS-SEM; Social cognitive theory; Theory of reasoned action; Valence theory,2025,27,10.1016/j.techfore.2024.123857,Osakwe C.N.,Technological Forecasting and Social Change,2-s2.0-85208024218
"Fintech, strategic incentives and investment to human capital, and MSEs innovation","Using a nationally representative micro and small enterprises (MSEs) survey data and Digital Financial Inclusion Index in China, we empirically study whether and how fintech impacts the innovation of MSEs. We find that the development of fintech significantly increases the probability of engaging in innovation activities, and promotes MSEs innovation input and output. The mechanisms lie in that fintech promotes long-term strategic incentives and investment to human capital of MSEs, including choosing promotion and stock as incentives instead of gifts or trips, recruiting more university graduate students, increasing training fees and technician incomes. In the heterogeneity analysis, we find that fintech has a greater impact on those MSEs which are without government subsidies and with lower technical level, higher CEO education level. Further analysis shows that coverage breadth of fintech has greater impact on MSEs innovation. This paper enriches the micro mechanisms of fintech impacts on MSEs innovation, and provides a policy basis for releasing the innovation vitality of MSEs.",Fintech; Innovation; Investment to human capital; Micro and small enterprises (MSEs); Research and development; Strategic incentives,2023,26,10.1016/j.najef.2023.101963,Chen S.,North American Journal of Economics and Finance,2-s2.0-85164343258
Digital financial inclusion: A payoff of financial technology and digital finance uprising in India,"Technological inventions and innovations paved a way for upheaval in the financial market. New technologies such as the internet, artificial intelligence, machine learning, big data, biometric identification, and blockchain technology brought new financial technologies (Fintechs) namely Unified Payment Interface, Immediate Payment System, and Mobile Money into existence. As a result of the development of Fintechs, digital finance companies and digital financial services and products emerged and got well-liked among the people because of their convenient, speedy, simple, and user-friendly functions. In fact, digital finance companies work a mile further, in the name of digital financial inclusion, by serving excluded, marginalized, neglected individuals and Small and Medium Enterprises through their innovative, affordable, quality, and speedy digital financial services and products. This article focuses on Fintechs, digital finance, and their role in digital financial inclusion in India using the existing sources of the World Bank, Reserve Bank of India, National Payment Corporation of India, and United Nations Organizations.",Digital finance; Digital financial inclusion; Digital financial products and services; Financial inclusion; Financial system; Fintech; India,2019,26,,Ravikumar T.,International Journal of Scientific and Technology Research,2-s2.0-85075428187
Expediting financial inclusion in Tanzania using FinTech: the perspective of diffusion of innovation theory,"Purpose: The purpose of this paper is examining how financial inclusion can be enhanced in rural and remote areas in emerging economies through the adoption of Financial technologies. The study examines the direct influence of technological characteristics, facilitating conditions, trust and perceived risk on adoption of FinTech. Furthermore, the study examines the mediating effects of facilitating conditions and moderating effects of education level in adoption of FinTech. Design/methodology/approach: The study employed quantitative research design. Stratified and simple random sampling were employed to identify areas in which respondents will be collected. Drop and Pick method was further employed to collect 275 valid and reliable responses. Structural equation modeling was used to analyze the data and assess the reliability and validity of the measurement model. Structural model analysis was employed to examine the hypothesized relationship. Findings: The results show that compatibility, complexity agent trust, perceived risk and facilitating have significant influence on adoption of FinTech. Furthermore, the findings show that facilitating conditions mediate the relationship between all technological characteristics and FinTech adoption except the relationship between compatibility and FinTech. The study also has found that education level moderates the relationship between observability and FinTech adoption as well as trialability and FinTech adoption. Research limitations/implications: This study employed cross-sectional research-based techniques in collecting data for analyzing the hypothesized relationship. However, the drawback of cross-sectional may impact the findings of this study over a long time. Therefore, future studies must consider conducting longitudinal studies which may collect data over some time for analysis of the FinTech adoption. Furthermore, the generalization of these findings should be considered carefully by other countries which are not economically similar to Tanzania and developed countries. This also provides room for future studies to examine the same area in countries with different economic development. Originality/value: This study contributes to knowledge into two folds: First there is limited knowledge on adoption of FinTech in emerging economies; the study addresses the knowledge gap by providing empirical findings which will help scholar. Furthermore, less studies have examined the moderating effects of facilitating condition in adoption of technology. This study addresses the knowledge gap by examining the moderating influence of moderating influence of facilitating conditions. Also, this study provides empirical findings which will help policymakers to implement strategy that will speed-up financial inclusion in rural and isolated areas in emerging economies.",Adoption; FinTech; Mediation; Moderation; Tanzania,2024,26,10.1108/TECHS-11-2023-0048,Koloseni D.,Technological Sustainability,2-s2.0-85189946856
A paradigm shift in financial landscape: encouraging collaboration and innovation among Indonesian FinTech lending players,"Purpose: This paper aims to examine about the nature and strategy of current competitive dynamics by FinTech lending Indonesia players. Design/methodology/approach: This paper uses both primary and secondary data. Interviews of several executives of a FinTech lending firm are done to gain direct insight of how the firms strategize their business operation. On the other hand, secondary data from internet search (e.g., OJK’s Website, FinTech Lending firm’s websites) are used to grasp the overview of the industrial landscape. Findings: The study confirms that differentiation, collaboration, compliance and strong internal resources (e.g. team and funding) are the most pivotal elements for FinTech lending success. The study also confirmed the FinTech lending industrial landscape as an emerging and fragmented industry. Research limitations/implications: This paper offers an original and detailed solution about how the FinTech lending company strategies may survive in a dynamic competition. The paper also shows the industrial analysis of the FinTech lending industry, which is rarely discussed in previous research. However, this study only focused on the lending sub-sector of FinTech, and the sample for primary data is highly limited (only three interviews). Practical implications: This paper proposes a strategy that can be conducted by FinTech lending companies to achieve their business goals, including business growth, profits and improve financial inclusion in Indonesia. This perspective can act as a means to create practical modus operandi for policymakers and practitioners, especially FinTech lending companies in Indonesia. Originality/value: This paper offers an original and detailed solution about how the FinTech lending company strategies may survive in adynamic competition. This study also provides a theoretical framework for use in further empirical research into the process of resource mobilization from FinTech lending Indonesia companies.",Digitalization; FinTech; Indonesia; Industrial analysis; Lending,2020,26,10.1108/JSTPM-03-2020-0064,Utami A.F.,Journal of Science and Technology Policy Management,2-s2.0-85100142433
"Non-linear relationship between FinTech, natural resources, green innovation and environmental sustainability: Evidence from panel smooth transition regression model","The rapid global economic growth has expressed worries regarding the depletion of natural resources and environmental sustainability. In such a situation, expanding FinTech, optimizing natural resource consumption, and escalating green innovation can serve as potential solutionsfor enhancing environmental sustainability. This research looks into the intricate relationship among FinTech, natural resources, green innovation, and environmental sustainability in the panel data comprised of G7 and G11 economies by employing the Panel Smooth Transition Regression Model, which assists inscrutinizing the asymmetric or non-linear association among the variables under consideration. Findings reveal the pivotal role of FinTech, Natural Resource Rent, and Green Innovation in shaping sustainable environment across bothG7 and G11 economies. FinTech demonstrates a momentous and affirmativeimpression on ecological quality, promoting digital transactions and reducing paper-based processes, which, in turn, lessens deforestation and carbon emissions from paper production. FinTech also enhances financial inclusion and fosters investment in eco-friendly projects. Natural Resource Rent, in contrast, significantly leads to the decline of the environment through its extensive use, resulting in elevated carbon emissions. Finally, Green innovation exhibits a remarkable and positive influence on carbon emissions, facilitating the shift from carbon-intensive resources to eco-friendly alternatives, thus reducing pollution and improving air quality. These findings underscore the importance of adopting less-carbon-emitting technologies to achieve carbon neutrality goals in both G7 and G11 countries. The research provides valuable insights for policymakers and offers recommendations for a more sustainable future.",Environmental sustainability; FinTech; G11 countries; G7 countries; Green innovation; PSTR,2024,26,10.1016/j.resourpol.2024.104902,Zhe D.,Resources Policy,2-s2.0-85188526019
Driving financial inclusion: exploring mobile wallet adoption among rural Omani millennials,"Purpose: This study aims to investigate the adoption of mobile wallet payment services among rural Omani millennials, with a focus on social factors, perceived security, trust considerations and the moderating role of technology self-efficacy in shaping attitudes and intentions towards adoption. It also explores the role of mobile wallets in advancing financial inclusion, aligned with Sustainable Development Goal 10 (Reduced inequalities). Design/methodology/approach: A survey method was used with 544 randomly selected participants from rural Oman. The study used partial least squares structural equation modelling (PLS-SEM) to analyse relationships among the constructs, including subjective norms, perceived security, trust and self-efficacy. Findings: The results support five hypotheses, confirming the influence of subjective norms, perceived security and technology self-efficacy on attitudes and intentions to adopt mobile wallets. Additionally, mobile wallet self-efficacy emerges as a significant moderator, enhancing the relationship between positive attitudes and behavioural intentions. Research limitations/implications: The study extends the technology acceptance model (TAM) by incorporating moderating variables such as technology self-efficacy and perceived security, offering theoretical contributions to digital payment adoption literature, especially in rural settings. Practical implications: The findings underscore the need for trust-building efforts by service providers and collaborative strategies involving government incentives and promotions to foster mobile wallet adoption. Strengthening digital literacy and addressing security concerns are critical for promoting financial inclusion in rural communities. Originality/value: This research contributes to promoting economic empowerment through mobile wallet adoption in rural Oman, offering valuable insights for policymakers and service providers aiming to reduce socio-economic disparities. By addressing the digital divide and supporting financial inclusion, the study supports the advancement of SDG 10 (Reduced inequalities) and fosters inclusive growth in underserved communities.",Banking; E-wallet; FinTech; SDG10: Reduced inequalities; Self-efficacy; TAM,2025,26,10.1108/JIMA-02-2024-0073,Ghouse S.M.,Journal of Islamic Marketing,2-s2.0-105001073674
OPPORTUNITIES AND CHALLENGES FOR FINTECH STARTUPS: THE CASE STUDY OF THAILAND,"In the industry 4.0 model, innovation and technology are adopted to revolutionize business models with a particular focus on repeatable and scalable business models. This study investigates the opportunities and challenges of FinTech startup firms using Thailand as a case study. A mixed-method approach is adopted using secondary data accessed from Thailand FinTech associations and primary data collected from in-depth interviews. Descriptive analysis and content analysis were used to achieve robust results. The empirical results show a snapshot of FinTech firms in Thailand, and how they generate both opportunities and challenges for development and growth. Findings indicate that these opportunities and challenges occur as a result of the national technology system and financial regulations, symbiotic relationships, and the inter-relationship through digital literacy, financial literacy, and financial inclusion. The study discusses each factor in detail and proposes suggestions for further studies. The findings could be used by policy makers and local authorities to make improvements, as well as minimize the potential risks for FinTech startup firms and contribute to sustainability in the economy as a whole.",Challenges; Fintech; Opportunities; Startup,2021,25,,Kijkasiwat P.,Abac Journal,2-s2.0-85109815067
"The impact of financial inclusion, Fintech, HDI, and green finance on environmental sustainability in E-7 countries","This paper explores the complex relationships between financial inclusion, fintech adoption, the Human Development Index (HDI), and green finance in promoting environmental sustainability within E-7 economies. Using structural equation model, our analysis reveals a significant direct impact of HDI on environmental sustainability, with green innovation serving as a crucial mediator. These findings highlight the essential role of green innovation in enhancing sustainability in emerging economies, offering new insights into the synergy between financial practices, human development, and environmental conservation.",Environment sustainability; Financial inclusion; Financial sustainability; Fintech; Green innovation; Structural equation model,2025,25,10.1016/j.frl.2024.106617,Ghouse G.,Finance Research Letters,2-s2.0-85211474475
Indonesian peer to peer lending (P2P) at entrant’s disruptive trajectory,"Peer to peer (P2P) lending in Indonesia has been growing rapidly, therefore there is the potential for disruptive innovation processes in the financial sector. The aim of this study is to examine the impact of the growth of P2P lending on the growth of bank lending for micro, small and medium enterprises (MSME) and Non-MSME debtors. Separating the scale of the debtor is important, given the initial process of disruptive innovation of reaching areas that are not the incumbent’s main target. The examination was conducted in this study using panel data regression, whereby the examination was done in stages. This was an overall examination without differentiating between the regions, further examination conducted with more detail by separating between the loans inside and outside Java Island. This is because the economic structure in Indonesia is still dominated by the regions in Java, but FinTech is generally able to grow in areas with less developed local economies. The result of this study is consistent overall, Java and outside Java Island, as shows that the growth in P2P lending in Indonesia does not have a significant impact on the growth of bank loans for Non-MSME lending. However, it does have a negative impact on the growth of bank loans for MSME lending. This is in line with the entrant’s disruptive trajectory process by which the entrants enter the competition through an underserved market (niche markets) and not through the main target market of the incumbent (MSME).",Banking; Disruptive innovation; FinTech; MSME; Non MSME; P2P lending,2020,25,10.3846/btp.2020.11171,Kohardinata C.,Business Theory and Practice,2-s2.0-85079672574
Fintech dividend: How would digital financial services impact income inequality across countries?,"Discrimination and marginalization in the financial services provided by traditional intermediaries are often cited as one of the main causes of persistent income inequality across socioeconomic groups in many countries. Whether Fintech eliminates such prejudice and exclusion and promotes equitable income distribution is unclear. This paper examines the impact of Fintech digital financial services on income inequality. Using a two-step generalized methods-of-moments (GMM) estimator, we analyze unbalanced panel data from 65 countries spanning the years 2013–2019. Drawing on the most recent data available on the actual transaction volume of Fintech digital financial services, we generate evidence at the level of specific service segments. We find that Fintech digital lending and digital capital-raising services are significantly and negatively associated with income inequality. Furthermore, our results from mechanism analysis suggest that Fintech mainly impacts income inequality by improving the accessibility and efficiency of financial services. Overall, our findings imply that promoting Fintech is critical to improving financial inclusion and alleviating income disparity.",Digital financial services; Fintech; Income inequality,2024,25,10.1016/j.techsoc.2024.102485,Adugna H.,Technology in Society,2-s2.0-85189755327
The fintech transformation of banking: Governance dynamics and socio-economic outcomes in spatial contexts,"Objective: The objective of the article is to identify and systemize the governance dynamics and related socioeconomic consequences of the fintech transformation in banking, while acknowledging spatial contexts. Research Design & Methods: The research framework comprised Global Production Networks (GPN), Global Value Chain (GVC), and co-evolutionary approaches to guide a systematic literature review in the Scopus, Web of Science, and Taylor & Francis databases for 2016-2021. The final sample comprised 76 sources that became the basis for selective coding and the synthesis of the results. Findings: Fintech impacted banking governance by creating a dual and interrelated system of global financial networks and a ‘mosaic’ of territorial financial ecologies and ecosystems, where incumbent banks held an im-portant but not exclusive position. The fintech-enhanced governance transformations had both positive socioeconomic effects (improved efficiency, expanded range of services, and inclusion of unbanked or under-served customers) and negative effects (over-indebtedness, surveillance, and exclusion of some customers). Wider socio-economic consequences refered to sustainable development and changes in economic and social behaviour. Implications & Recommendations: A research framework and agenda for future studies related to the dynamics of fintech-driven governance in banking have been elaborated. The article derives the immediate and wider economic and social consequences of fintech-driven transformations. The results can also be applied in public policies oriented towards sustainable socio-economic development. Contribution & Value Added: The study provides theoretical and policy-relevant contributions. Firstly, it broadens the research on the transformation of banking governance in the spatial context. Secondly, it contributes theoretically by proposing a research framework of GVC and GPN governance augmented by a co-evolutionary perspective. Thirdly, the article informs policy that seeks financial inclusion for cohesive and sustainable development.",banking sector; fintech; global production networks; global value chains; governance,2022,25,10.15678/EBER.2022.100309,Gancarczyk M.,Entrepreneurial Business and Economics Review,2-s2.0-85140325493
"The equilibrium effects of digital technology on banking, production, and employment","This paper examines the impacts of China's digital technology on equilibrium outcomes in its labor, product, and loan markets. We show that digital development is good for employment expansion along with a pay rise, and that rapid e-Commerce growth leads to a fall in the price of products and a rise in the quantity of their transactions. It is unclear how loan interest rates change with Fintech adoption, but we find that banks’ lending business will be expanding due to its strong interaction with the digital economy. These theoretical findings are largely consistent with well-documented observations on China.",Banks; Consumption; Digital technology; Discount; e-Commerce; Fintech; Labor; Loans; Production; Products,2022,25,10.1016/j.frl.2022.103196,LIU N.,Finance Research Letters,2-s2.0-85135077495
Does financial inclusion moderate the effect of digital transformation on banks’ performance in China?,"Digital transformation remains a passion. Globally, science and technology are transforming businesses to make them more competitive and conducive to sustainable development. However, rapid advancements in financial technology have enabled financial institutions to steal customers from traditional banks, resulting in their demise. Consequently, this study employs the System GMM-two step estimator and data from 118 Chinese banks from 2014 to 2021 investigate the issue. Empirical evidence suggests that banks’ digital transformation has a negative impact on their profitability to some extent, but digital inclusive finance has enabled the bank to change its digital transformation behavior and enhance its operational performance. Therefore, banks must continue to strengthen their digital transformation by expanding online customer services, increasing the use of e-accounts and mobile applications, providing digital offline services, strengthening digital risk management and privacy and security controls, reducing customer psychological risk, and promoting financial inclusion. Financial inclusion should simultaneously achieve reduced financial exclusion of customers and increased financial literacy of customers. All these factors will help banks to maintain profitability by leveraging synergies with financial inclusion in the process of digital transformation.",China; commercial bank; digital transformation; financial inclusion; GMM; profitability,2023,25,10.1080/23322039.2023.2267270,Yang F.,Cogent Economics and Finance,2-s2.0-85173845392
The interaction between banking sector and financial technology companies: Qualitative assessment—a case of lithuania,"The role of financial technology companies increases every day. From one side this process generates more possibilities for consumers from other side it is related with new risks which arise in banking sector. At the beginning of FinTech era lots of analyst were discussing about disruptive potential in financial services. Later, however, we can see more discussions about cooperation between FinTech companies and banks. The other point which is very important to discuss about is a financial inclusion. The purpose of this study is to analyze the interaction between banking sector and FinTech companies. We use a case study of Lithuania because here FinTech sector is growing very intensively. First of all we try to analyze the scientific literature which analyzes the main aspects of FinTech sector. The second part of the article provides the progress of the FinTech sector and presents the main points of methodology. The research of the FinTech sector in Lithuania was focused on strengths, weaknesses, opportunities, and threats (SWOT) and political, economic, social, technological, environmental, legal (PESTEL) analysis and main statistical parameters. We also used a correlation and regression analysis together with qualitative assessments. Our results showed that in order to value the interaction between banking and financial technology better to focus on qualitative assessment because only statistical analysis can give different and wrong results. We identified that both sectors interact with each other and there is no a disruptive effect of FinTech in Lithuania.",Banking sector; Financial inclusion; Financial technologies; PESTEL analysis; Risk; SWOT analysis,2021,25,10.3390/risks9010021,Pu R.,Risks,2-s2.0-85099979001
Technology adoption: impact of FinTech on financial inclusion of low-income households,"FinTech is the saviour of unbanked and underbanked Americans’ inclusion into the formal banking system. The only limitation to financial inclusion is the adoption of technology (i.e., smartphone ownership and internet access), enabling mobile banking services access. High technology adoption rates will expedite socio-economically disadvantaged households into mobile banking services. Socio-economic characteristics are the standard criteria for determining who is unbanked or underbanked (e.g., low-income American households, women, and African American households). Logistic regression analysis can be used to estimate the likely technology adoption rate of low-income American households. African American households have no significant differences across socio-economic characteristics than the reference group of low-income households’ socio-economic characteristics. In contrast, socio-economic factors are significant determinants of technology adoption rates in White American households in those low-income households are less likely to adopt new technologies. The high technology adoption rates of African American households make them ideal candidates for FinTech services.",African American; financial inclusion; financial technology; FinTech; gender; low-income; mobile banking; technology adoption; unbanked; underbanked; virtual bank,2022,25,10.1504/IJEF.2022.124480,Young D.,International Journal of Electronic Finance,2-s2.0-85135754532
Financial Technology Adoption — A Case of Indian MSMEs,"Micro, small, and medium enterprises (MSME) are the backbone of every economy. Financial inclusion of MSMEs is essential for any country aspiring to economic development. Innovative solutions offered by fintech companies can support the financial inclusion of MSMEs. Digital payments, alternative loans, insurance, investments, regulatory, and robo-advisory services are just a few of the services that fintech companies provide to MSMEs. The purpose of this study-is to examine the role of financial technology on registered micro, small, and medium enterprises in India. The objective of the study is to reveal the behaviour of MSMEs towards financial technology acceptance and show how various demographic variables of owners/managers influence the acceptance of financial technology in the case of MSMEs.. The methodological basis of the study is a management survey of 117 MSMEs in India. The questionnaire had 25 questions; measurement items used in the questionnaire were derived from previous studies carried out in developing countries. The results were processed and tested for significance using modern econometric methods such as the Kruskal-Wallis H test, and the Mann-Whitney U test. The result of the study indicates that the financial technology acceptance rate among the MSME sector is high as maximum MSMEs consider themselves moderate financial technology adopters. MSMEs have a high understanding of different financial services provided by fintech companies. Prior Experience of the owner/ manager, brand familiarity, government support, and behavioural variables such as perceived ease of use, perceived usefulness, trust, and satisfaction was proved to be effective while adopting financial technology services whereas, demographic variables such as gender, age, education level of owner/manager was found to be ineffective. The study concludes that fintech companies are providing quality services by acting as a single window, supporting the financial needs of MSMEs at low interest rates, simplified processes and lower transaction costs. MSMEs are using fintech products and services as a key part of their financial management, with increasing adoption there is a growing opportunity for fintech companies, incumbents, and non-financial organisations. The result of the study contributes to the novel understanding of the acceptance and preference of the MSME sector towards financial technology.",behavioural factors; financial management by small businesses; financial technology; financial technology adoption; fintech companies; fintech products; Indian MSMEs,2022,24,10.26794/2587-5671-2022-26-6-192-211,Gupta U.,Finance Theory and Practice,2-s2.0-85146982145
The promise and perils of alternative market-based finance: the case of P2P lending in the UK,"The collapse of the global financial industry in 2008 and the subsequent decay of most Western economies into a period of prolonged economic stagnation have represented a springboard for the progressive growth of alternative channels of financial intermediation. The reluctance and inability of mainstream banks in the post-crisis years to provide credit facilities to the real economy, most critically to start-ups and small and medium-sized enterprises, propelled the latest wave of financial innovation, this time under the guise of FinTech. Much has been written on the rise of FinTech in recent years, but there is still insufficient clarity about the benefits that this phenomenon is bringing to the real economy and the potential risks that can arise from its growth. This paper maps the development of FinTech lending platforms in the UK and reconceptualises the rationale for their growth. In doing that, this study focuses on the structure and operation of the main UK platforms, recognising that while some are effectively banks that adopt a technology-based business model, many platforms operate under the P2P business model. The question then is to assess the policy and regulatory approach that is relevant to UK P2P platforms. Interestingly, the emergence of P2P securitisation raises a number of regulatory and policy questions, because longer intermediation chains typical of securitisation may well defy the social and economic purposes under which the idea of P2P developed. Furthermore, questions of systemic risk inevitably resurface in these types of transactions. Ensuing problems related to the best way to regulate these new channels of financial intermediation lead to critically evaluate the initiatives launched by the UK FCA, initially under the Innovation Hub, and more recently under the consultation for a new regulatory framework.",Credit risk; Financial conduct authority; Financial intermediation; FinTech; Market-based finance; P2P lending; P2P securitisation; Systemic risk,2020,24,10.1057/s41261-019-00118-9,Bavoso V.,Journal of Banking Regulation,2-s2.0-85075352632
The effect of financial inclusion and financial technology on effectiveness of the Indonesian monetary policy,"The existence of non-inclusive households significantly reduces the effect of the interest rate change policy on households inter-temporal consumption decisions. Further, financial inclusion is closely related to fintech. On the one hand, fintech helps overcome the financial inclusion problem because fintech manages to reach those who were previ-ously inaccessible by banks. On the other hand, fintech will change the payment system structure in an economy that will eventually affect the effectiveness of monetary policy. Using the Vector Error Correction Model (VECM) with the observa-tion period of 2009–2018, this study aims to analyze the effects of financial inclusion and fintech on effectiveness of the Indonesian monetary policy within the framework of the transmission mechanism of monetary policy through interest rate channel with both the cost of capital effect and the substitution effect. The results demonstrate that financial inclusion level affects inflation rate as a proxy of effectiveness of the Indonesian monetary policy, both in the short run and long run. However, the effect of shocks in financial inclusion on inflation is not permanent. Meanwhile, fintech only affects inflation rate in the short run. However, shocks in fintech affect the volatility of inflation rate is permanent both through the substitution effect and the cost of capital effect.",Financial inclusion; Financial technology (Fintech); Inflation; Interest rate channel; Transmission mechanism of monetary policy; Vector Error Correction Model (VECM),2020,24,10.3846/BTP.2020.10396,Saraswati B.D.,Business Theory and Practice,2-s2.0-85088521187
"The Causal Relationship between FinTech, Financial Inclusion, and Income Inequality in African Economies","Income inequality is one of the biggest problems affecting developing economies. Market imperfections and information asymmetry lead to lack of access to the financial system, which will exacerbate income inequality. The growing adoption of FinTech (financial technology) has altered the structure of how financial services are delivered and makes these services accessible to underserved groups. This study explores the causal relationship between FinTech development, financial inclusion, and income inequality in a panel study of 29 African countries. We apply pooled OLS regression and structural equation models to samples from the years 2011, 2014, and 2017. The findings indicate that FinTech has a positive and statistically significant effect on financial inclusion and income inequality in African countries. The study results also demonstrate that financial inclusion plays a pivotal mediation role in the negative effect of FinTech on income inequality in African economies. Further, financial inclusion (the ability to create a bank account and borrow money) negatively and significantly affects income inequality in African countries, whereas saving shows a positive and significant impact on income inequality. Overall, our study results suggest that to reduce income inequality and increase the effectiveness of FinTech investments, policymakers in African countries should design proper policies to enhance financial inclusion and offer more accessible and equitable financial services.",Africa; financial inclusion; fintech; income inequalities; pooled OLS regression; SEM,2024,24,10.3390/jrfm17010002,Girma A.G.,Journal of Risk and Financial Management,2-s2.0-85183386069
Exploring the influence of digital financial inclusion and technological progress on renewable energy consumption: a Bayesian quantile regression analysis,"Transitioning to renewable energy requires substantial investment and presents challenges due to high costs. Digital Financial Inclusion (DFI) and technological innovation (TI) are essential for supporting this shift. Recent advancements in financial technology have significantly transformed financial services through DFI, which holds potential for promoting renewable energy consumption (REC). Therefore, the article adds to the existing research by analyzing the effects of DFI and TI on REC across 59 countries from 2004 to 2022. Employing the Bayesian Quantile Regression method, the study addresses limitations such as small sample sizes, endogeneity, autocorrelation, and multicollinearity. The results reveal that TI positively impacts REC across all quantiles (0.05–0.95) with a probability exceeding 70%, indicating TI as a significant driver of REC improvement. Conversely, DFI has a positive effect on REC at lower (0.05–0.30) and middle (0.35–0.70) quantiles, with a probability exceeding 76%, but its impact becomes negative at higher quantiles. In the light of these outcomes, we suggest that countries invest in renewable energy research and development (R&D) to promote TI, which positively impacts REC. Additionally, integrating the development of renewable energy infrastructure with DFI policies can enhance access to capital and facilitate the adoption of REC.",Digital financial inclusion; Renewable energy consumption; Technological advancement,2026,24,10.1007/s10668-024-05675-2,Kim O.T.T.,Environment Development and Sustainability,2-s2.0-85209399195
The impact of FinTech on bank performance: A systematic literature review,"This paper investigates the impact of financial technology (FinTech) on bank performance through a comprehensive bibliometric analysis of publications from the Web of Science Core Collection Database published between 2015 and July 2024. The study employs the R-package litsearchr for keyword search string development and uses VosViewer and Bibliometrix for science mapping and network analysis. The research addresses five key questions, including research trends, influential authors and sources, geographical influences, notable research clusters, and the aspects of bank performance affected by FinTech. The paper proposes four future research directions, suggesting the exploration of alternative bank performance metrics, greater regional focus, the investigation of emerging themes such as financial inclusion and the role of entrepreneurship, and advances in methodologies. This article contributes to significantly enhancing the understanding of how FinTech is reshaping the banking industry and providing a robust foundation for future research to build upon, making it a valuable resource for both academics and practitioners interested in the intersection of technology and finance.",Bank performance; Bibliometric analysis; Blockchain; Customer experience; Digital banking; Financial inclusion; Financial stability; FinTech; Mobile payments; Peer-to-peer lending; Regulatory frameworks; Risk management,2025,24,10.1016/j.digbus.2025.100131,Xu F.,Digital Business,2-s2.0-105006770350
A network based fintech inclusion platform,"The paper evaluates, from a sustainable finance viewpoint, a machine learning model implemented in a fintech platform, whose aim is to assign credit ratings. The aim of the model is to learn from both micro economic data and macro economic trends the credit rating of companies that ask for credit. We show that the proposed model is able to reward the companies that have better financial performances with better ratings and, therefore, a higher probability/lower cost of obtaining credit. At the same time, the model correctly takes into account the overall evolution of the economy, favoring financial inclusion for the more penalized economic sectors, particularly during crisis times. The model, its application to credit rating, and its evaluation, are illustrated with reference to more than 100,000 European companies before and during the COVID-19 pandemic crisis. The results shows that, while the impact of the financial variables does not change over time, and particularly during the pandemic, the impact of sectors changes considerably, favoring financial inclusion and resilience.",COVID-19 pandemic; Credit rating models; Financial technologies,2023,23,10.1016/j.seps.2023.101555,Ahelegbey D.,Socio Economic Planning Sciences,2-s2.0-85149298862
On the contradictions of Africa’s fintech boom: evidence from Ghana,"Since the pioneering role of Kenya’s mobile money service–M-PESA, a consortium of international development agencies, philanthropists, academics, tech corporations and governments–have led an optimistic account of a poverty-eradicating, prosperity-spreading power of financial technology (fintech) in the global South. In contrast, a growing critical IPE literature has demonstrated that the optimistic accounts are broad-brush and misleading. Drawing from recent theorization on digital financialisation and Marxian conceptualization of capital accumulation, this article shifts the focus of the Kenya-centered critical response to Ghana, the second largest mobile money market in Africa. Relying on quantitative data from the Bank of Ghana, and qualitative data from 42 semi-structured interviews, the article provides evidence to show that the mobile money boom in Ghana is underpinned by (1) customer indebtedness from digital microloans, (2) high transaction costs, (3) excessive taxation, and (4) a prevalence of dormant accounts. Collectively, the findings confirm the wider critical literature suggesting that, far from ending poverty and inspiring prosperity, the fintech-financial-inclusion agenda in Africa is opening new frontiers for a sustained and intensified capitalist exploitation of working-class labor in the continent.",Africa; capitalism; financial inclusion; financialization; Fintech; Ghana; mobile money,2023,23,10.1080/09692290.2023.2225142,Akolgo I.A.,Review of International Political Economy,2-s2.0-85163032588
"Synergy of governance, finance, and technology for sustainable natural resource management","The complexity of global supply chains and the interconnected nature of resource systems present significant challenges in ensuring equitable resource access and management. Good governance and an effective financial system are vital for managing natural resources sustainably. This study investigates the roles of good governance and innovative financial systems—including digital financial inclusion, green finance, and FinTech—in influencing natural resource management. Additionally, it explores how good governance moderates the effects of these variables on natural resources. Using a panel dataset of 18 nations for 2013–2019 years, we employ a hybrid methodology that integrates Fuzzy-set Qualitative Comparative Analysis (fsQCA), Necessary Condition Analysis (NCA), and econometric modeling. fsQCA is employed to uncover and examine intricate combinations of causal conditions of the researched variables that together contribute to natural resource management. Our findings reveal that while green finance positively impacts natural resources, FinTech and digital financial inclusion initially have negative effects. However, these negative impacts are reversed under the moderating influence of good governance, resulting in positive outcomes. High levels of good governance consistently interact with varying levels of green finance, FinTech, and digital financial inclusion to foster natural resource management. Furthermore, good governance plays a critical role in shaping the necessary conditions for sustainable resource utilization. The study emphasizes the importance of governance reforms to achieve sustainable resource management. By identifying essential conditions for natural resource utilization, the research provides actionable insights for targeted policy interventions and strategic initiatives.",Digital financial inclusion; FinTech; Good governance; Green finance; Natural resources,2025,23,10.1016/j.joitmc.2025.100468,Rahman M.M.,Journal of Open Innovation Technology Market and Complexity,2-s2.0-85215227239
Fintech as a precondition for transformations on global financial markets,"The article considers the opportunities, risks, and challenges associated with the development of digital financial technologies. To identify them, we used the scenario approach. We determined three main development scenarios for the market of innovative financial technologies — “domination of traditional financial companies”, “segmentation of market of new financial technologies’, and “domination of digital financial companies” in terms of their probability and possible consequences for the global financial markets. The results of analysis allowed us to suggest that among main scenarios of fintech development the most probable is the splitting of existing market, which in the future can turn into a market of digital transnational financial corporations, which will squeeze out both small companies and traditional financial giants. However, although the scenario of capturing the financial market by large players is currently unlikely, it is certainly more important in terms of the consequences for global markets. The main prerequisite for the latter scenario is the promotion of international cooperation in the regulation of digital financial companies. Such a condition requires new models of country-level interaction in the regulation of innovative financial companies in order to address the risks and challenges of different scenarios of fintech development on global financial markets. This article includes a comparative analysis of digital development in Russia and the Republic of Korea, which is one of the key players on the Asian fintech market, as a possible benchmark that can be used to shape the policies of intergovernmental cooperation on global financial markets. These policies include 1) regulatory cooperation that reduces risks due to growing experience in the regulation of innovative financial companies; 2)cooperation in investments that allow one to acquire additional experience in regulatory practices and to develop infrastructure, which meets the new requirements of digital finance; and 3) cooperation in the taxation of fintech companies that reduces cross-border regulatory arbitrage.",Comparative analysis; Digital economy; Finance; Financial inclusion; Fintech; Global financial markets; International cooperation; Investment; Regulation; Regulation; Republic of Korea; Risks; Russian Federation; Scenario approach,2020,23,10.17323/2500-2597.2020.2.23.35,Belozyorov S.,Foresight and Sti Governance,2-s2.0-85096405779
Exploring the Synergy Between Financial Technologies and Financial Inclusion: What We Know and Where We Should Be Heading?,"Background: Innovative financial technologies (fintech) are gradually changing how financial transactions and processes are conducted. The adoption of fintech not only benefits the financial sector but can also have a broader impact on society. Due to their ability to provide customized services to a wide range of stakeholders, fintech is gaining traction and experiencing significant growth. Compared to traditional financial institutions, fintech companies can reach a wider audience and operate more efficiently. In addition to upending traditional financial services, fintech can also provide financial services to marginalized groups. We argue that fintech research and practice should focus on seizing opportunities and addressing challenges related to financial inclusion, especially in emerging markets. Method:We conducted a systematic literature review of 178 articles to understand the relationship between fintech and financial inclusion. Results: Our analysis highlights six fintech research themes: fintech and financial inclusion, fintech adoption and use, fintech and sectoral growth, fintech and lending, and technology shaping the fintech. We also present four future themes (basic, driving, niche, and emerging or declining research) that can accelerate financial inclusion. Conclusions: This study highlights the synergies between fintech and financial inclusion research. This study contributes to existing knowledge in three ways. First, the descriptive analysis maps existing research on fintech and financial inclusion. Second, the qualitative analysis provides a comprehensive overview of how fintech and financial inclusion topics is interconnected. Third, future research areas for fintech and financial inclusion were identified. In general, fintech democratizes financial inclusion for the unbanked and marginalized communities while reducing operating costs. Governments should promote financial inclusion among those most vulnerable and affected by global threats.",Financial Inclusion; Financial Technology; Fintech; Peer-to-Peer Lending; Systematic Literature Review,2023,23,10.17705/1pais.15104,Vijayakumar Bharathi S.,Pacific Asia Journal of the Association for Information Systems,2-s2.0-85162240135
Integrating TTF and UTAUT models to illuminate factors that influence consumers’ intentions to adopt financial technologies in an emerging country context,"Previous studies show that although financial technologies (Fintech) bridge the financial inclusion gap, its rate of adoption is low. This study aims to develop understand of factors that influence consumers’ intentions to adopt financial technologies (Fintech) for savings, loans, and investment by testing a model that integrates the unified theory of acceptance and usage of technology (UTAUT) and task-technology fit (TTF) model. Data was collected from a cross-section of 324 respondents online. Structural equation modelling via smart PLS 3.0 was used to test the hypothesised relationship. The result showed that the TTF and UTAUT integrative model is robust and adequately explained Fintech adoption. Performance expectancy and social influence significantly affected behavioural intentions, and effort expectancy significantly predicts performance expectancy. Interestingly, TTF predicts use behaviour but not significant on adoption intention. Finally, task characteristics strongly predict effort expectancy and performance expectancy. Focusing on user perceptions of the technology and neglecting the effect of the task technology fit, as commonly done in extant literature, may be not enough. Thus, this study fills this gap and integrates both UTAUT and TTF to facilitate understanding of illuminate factors that influence consumers’ intentions to adopt financial technologies in an emerging country context.",adoption intention; consumers’ intentions; effort expectancy; emerging country context; financial technologies; Fintech; performance expectancy; task-technology fit; TTF; UTAUT,2024,23,10.1504/IJTMKT.2024.135674,Ojiaku O.C.,International Journal of Technology Marketing,2-s2.0-85180977802
The state of financial inclusion research on developing countries,"This study proposes a research agenda on financial inclusion (FI) in developing countries based on a synthesis of the literature using a combination of structured literature review and bibliometrics. The analysis is based on 183 peer-reviewed journal articles extracted from Scopus. We found that the literature can be organized into four broad themes: (1) conceptualization and impacts of FI, (2) user perceptions and adoption, (3) role of financial innovation and private sector financial institutions, and (4) role of public institutions and public policy in FI. Further, the literature is dominated by empirical studies with little theory-focused studies. The literature is fragmented, and the evidence is mixed and contested. The social implications of FI need to be studied within specific institutional contexts and care must be exercised when applying successful models from one context to the next. The research agenda is informed by a proposed conceptual model, labelled the financial inclusion diamond.",Bibliometrics; Developing countries; Digital innovation; Financial inclusion; Fintech; Mobile money,2023,23,10.1016/j.tncr.2023.08.002,Persaud A.,Transnational Corporations Review,2-s2.0-85179170647
Fintech and banks as complements in microentrepreneurship,"Research Summary: This article studies fintech targeted to the base of the pyramid and its role in encouraging savings for microenterprises. We argue that the impact of fintech adoption on savings for microenterprises by the poor and by women is moderated by their access to banks—specifically, that fintech is more impactful with bank accounts, and this complementarity between fintech and banks is amplified for poor women. We develop hypotheses in the context of mobile money, a popular fintech across the developing world. Our arguments are supported by a sample of 81,345 individuals across 74 low- and middle-income countries. Overall, the paper suggests that, although fintech can be a promising tool for the poor, it is equally important to improve inclusivity in formal banking institutions. Managerial Summary: We offer an alternative to the popular narrative that fintech replaces the need for formal banks. In an analysis of 74 low- and middle-income countries, we find that fintech is more useful in encouraging marginalized individuals to save for microenterprises when it is complemented by banks. Our finding of complementarity between fintech and banks, especially for poor women, suggests the need to rethink the notion that fintech is a substitute for banks. We suggest caution in drawing definitive conclusions about the unconditional positive impact of fintech. We recommend that policymakers continue driving financial inclusion with formal banking. Strategic entrepreneurs seeking to tackle grand societal challenges can utilize digital technology to capitalize on the strengths of established institutions.",financial inclusion; financial technology; microenterprises; mobile money; poverty and gender,2023,23,10.1002/sej.1470,Adbi A.,Strategic Entrepreneurship Journal,2-s2.0-85159905743
"Financial inclusion drivers, motivations, and barriers: Evidence from Ethiopia","Financial inclusion is a cornerstone for economic growth. However, the area is not well explored in the developing world. Therefore, this paper is motivated to examine the drivers, barriers and motivations associated with financial inclusion in Ethiopia. We used formal accounts, formal savings, and formal credits as financial inclusion indicators and applied a probit regression model using data from the World Bank’s 2017 Findex database. The result of the study showed that the determinants, barriers, saving and credit motivations are different across individual characteristics. Involuntary exclusion (such as distance to financial services and lack of documentation) and voluntary exclusion (lack of funds, a family member has an account,) are significant barriers to formal account ownership. The study also found that the motives for using financial accounts for saving and lending differ among people with different sociodemographic characteristics. To promote financial inclusion, the author suggests that the concerned body take actions toward social inclusion (the poor, women and the youngst) and improve financial education. To enhance further adoption and expansion of financial technologies such as mobile banking and mobile money, there should be mechanisms to ensure the accessibility and usage of financial services.",Barriers; Ethiopia; Financial inclusion; Motivations; Probit model,2023,22,10.1080/23311975.2023.2167291,Mossie W.A.,Cogent Business and Management,2-s2.0-85146534940
Growth evaluation of fintech connectedness with innovative thematic indices – An evidence through wavelet analysis,"Purpose: This study evaluated the growth of Fintech to measure the contribution towards the sustainable development goal of the United Nation in terms of financial inclusion through exploring the connectedness of fintech with several thematic indices. The study navigates the co-movements in short and long window-time frames. Design/methodology/approach: This study used wavelet coherence method to analyze linkages between two-time series by considering the stock market co-movements. Wavelet coherence is applied on the pairwise Fintech-Index with the MSCI benchmarks for investment portfolio purposes. Findings: The global correlation among indices signifying that the benchmark of MSCI USA has a greater level of interactions with the nascent industries but is not highly correlated with other benchmark equity indices. The Global FinTech Index indicates the highest values among the thematic indices. The Artificial Intelligence & Big Data Index has revealed a lower level of association with the MSCI Latin American Index among the overall correlations. Practical implications: First, borrowing and lending and mitigating the risk needs to be addressed. Second, financial regulations would deal with market failures and vulnerabilities. Third, people would be expected to access innovative financial services and would be treated fairly with adequate access to payments, credit, insurance, and savings products. Originality: The study covers Artificial Intelligence & Big Data Index (IAIQ), Blockchain Index (ILEGR), Disruptive Technology Index (IDTEC), Global Fintech Index (IFINIX). A key contribution of this research is to analyze the growth of Fintech in terms of size, participants, user market growth, and the role of stakeholders and policymakers.",Covid-19; Financial inclusion; Financial intermediaries; Fintech growth; Pandemic; Thematic indices; Wavelet analysis,2023,22,10.1016/j.joitmc.2023.100023,Rafiuddin A.,Journal of Open Innovation Technology Market and Complexity,2-s2.0-85164805874
News and Trends in Fintech and Digital Microfinance: Why Are European MFIs Invisible?,"European microfinance suffers from a visibility deficit. It is rarely mentioned in the media. Our research question is ‘Why does European microfinance suffer from a lack of visibility in the press?’ This study looked at news reports and press releases over a 18-month period (2016–2018) to check if European microfinance and its innovations were in the news. The study finds that, indeed, there are a lot of new innovations in finance. But, first, in Europe, the highly talked about fintech innovations are taking place outside of microfinance institutions (MFIs). Second, the innovations that are talked about in microfinance are taking place in developing countries out of Europe. The study followed this up by examining websites of some of the leading European fintech firms to see what they were doing that made them so visible. We share some best practices in the use of digital technologies by highly innovative fintech firms in areas that could be of use to MFIs in diverse sectors such as mobile payments, credit scoring, card readers, ATMs and management information systems. To become visible, European microfinance may need to demonstrate that it is doing new things and that it is using innovative technologies that helps it reduce costs, increase outreach and, thus, have an impact. Forii such as the European Microfinance Network and the European Microfinance Platform need to promote these innovations by offering appropriate awards. Finally, collaborating with training and educational institutes may help add to visibility.",credit scoring; crowdfunding; digital; financial inclusion; Fintech; microfinance,2018,22,10.1177/2319714518805183,Ashta A.,Fiib Business Review,2-s2.0-85079424621
"The interplay of financial education, financial inclusion and financial stability and the role of Big Tech","The entry of Big Techs in the financial ecosystem might affect financial stability, among others through the opportunities and challenges they create for financial inclusion. We survey the literature to determine the effectiveness of financial education in improving financial literacy and inclusion and assess the impact of financial inclusion on financial stability. We argue for new research to determine whether financial education can help people to reap the financial-inclusion benefits that Big Tech may bring. We also conclude that financial-inclusion opportunities created by Big Tech might introduce financial stability risks and underline the importance of proper supervision and regulation.",Big Tech; financial education; financial inclusion; financial literacy; financial stability; fintech,2022,22,10.1111/coep.12578,Jonker N.,Contemporary Economic Policy,2-s2.0-85133509907
Fintech and Financial Inclusion in Saudi Arabia,"The study explores the determinants of financial inclusion, barriers to financial inclusion, and the motivation for saving and credit through the formal financial sector. It further points out how Fintech could be used to enhance financial inclusion. The study uses the World Bank Global Findex Database 2017 survey. The survey is based on the feedback of more than 1000 individual participants. The probit estimation technique is employed to achieve the study objectives. Being male, educated, and rich are financially inclusive, especially high income and old age group. Financial inclusion has not been successful to eradicate inequality among various groups. Among individual characteristics, education significantly reduces the barriers to financial inclusion, the females are less motivated to save or borrow from financial institutions. Young individuals are likely to borrow for the purchase of a house or land but not for business. Elderly people are motivated to save for their old age. The distance and the cost of formal financial services along with the lack of documentation are the main barriers to financial inclusion. As per our knowledge, it is the first study that explores the various aspects of financial inclusion in the country, along with the review of the Fintech system. And suggesting how the Fintech system could enhance financial inclusion in the country. More comprehensive study including the Fintech variables and comparative studies with other regional economies considering the latest available data is suggested. The findings can help the policymakers, to formulate policies that can enhance financial inclusion through Fintech. The diversification and expansion of financial services could enhance financial inclusion, particularly for businesses at individual levels, and for SMEs. More importantly, it will contribute to achieving the financial sector objectives of Vision 2030.",Financial inclusion; Financial sector; Fintech; Saudi Arabia; Vision 2030,2022,22,10.55365/1923.x2022.20.97,Khan S.,Review of Economics and Finance,2-s2.0-85150757413
Innovative Credit Risk Assessment: Leveraging Social Media Data for Inclusive Credit Scoring in Indonesia’s Fintech Sector,"The financial technology domain has undertaken significant strides toward more inclusive credit scoring systems by integrating alternative data sources, prompting an exploration of how we can further simplify the process of efficiently assessing creditworthiness for the younger generation who lack traditional credit histories and collateral assets. This study introduces a novel approach leveraging social media analytics and advanced machine learning techniques to assess the creditworthiness of individuals without traditional credit histories and collateral assets. Conventional credit scoring methods tend to rely heavily on central bank credit information, especially traditional collateral assets such as property or savings accounts. We leverage demographics, personality, psycholinguistics, and social network data from LinkedIn profiles to develop predictive models for a comprehensive financial reliability assessment. Our credit scoring methods propose scoring models to produce continuous credit scores and classification models to categorize potential borrowers—particularly young individuals lacking traditional credit histories or collateral assets—as either good or bad credit risks based on expert judgment thresholds. This innovative approach questions conventional financial evaluation methods and enhances access to credit for marginalized communities. The research question addressed in this study is how to develop a credit scoring mechanism using social media data. This research contributes to the advancing fintech landscape by presenting a framework that has the potential to transform credit scoring practices to adapt to modern economic activities and digital footprints.",alternative data Sources; credit scoring; creditworthiness; financial inclusion; financial technology; social media analytics,2025,22,10.3390/jrfm18020074,Alamsyah A.,Journal of Risk and Financial Management,2-s2.0-85218867301
A Bibliometric Analysis on Financial Inclusion and Financial Literacy – Analyzing the Current Research Trends,"Purpose: Bibliometric analysis acts as a road map in research and helps understand the existing body of knowledge. We conducted a bibliometric analysis in the field of financial inclusion (FI) and financial literacy (FL). Design/Methodology/Approach: We used Biblioshiny through R studio on 2,836 documents extracted from WOS and Scopus databases from 1984 to 2022. Findings: We identified prominent authors, highly cited publications, significant themes and keywords, and co-citation networks. Originality/Value: This study used Scopus and Web of Science (WOS) data to conduct the bibliometric analysis. Practical Implications: The research results will be significant to scholars, researchers, and policymakers in FI and FL, as the study showed the roadmap and pathways to scientifically understanding current and future research trends.",financial behaviour; financial development; financial inclusion; financial literacy; financial planning; fintech; growth; mobile money,2023,22,10.17010/ijf/2023/v17i2/172638,Khongwir C.M.,Indian Journal of Finance,2-s2.0-85148901781
Incorporating multilevel macroeconomic variables into credit scoring for online consumer lending,"Booming online consumer lending encounters high credit risk and thus needs well-designed credit scoring models. As a supplementary data source, multilevel macroeconomic variables (MVs), which means mixed regions, data frequency, and lags of MVs, are combined with application data for credit scoring. Moreover, we propose a Bayesian MV selection and lag optimization method to handle the highly correlated MVs and capture flexible lag effects. A structural model for consumer default behavior is proposed to analyze the potential role of multilevel MVs in theoretically predicting default loans. Validated on a real-world dataset from an anonymous Chinese online consumer lending platform, the empirical results confirm that multilevel MVs are significant determinants of consumer credit risk. The comparison of classification performance further implies the superiority of incorporating multilevel MVs and the proposed MV selection and lag optimization method relative to benchmarks. Gradient boosting decision tree-based approaches provide significantly better performance than industry benchmarks while maintaining interpretability via Shapley additive explanations values.",Consumer credit risk; Credit scoring; FinTech; Macroeconomic variables; Online consumer lending,2021,22,10.1016/j.elerap.2021.101095,Xia Y.,Electronic Commerce Research and Applications,2-s2.0-85116915179
Bridging technology and trust: the role of AI-driven robo-advisors in middle-class financial management,"Purpose – This study evaluates the adoption and continuance usage intention of artificial intelligence (AI)-enabled robo-advisors among middle-class individuals in India. By integrating the diffusion of innovation (DOI) theory and financial behaviour theory, this study explores how functional and emotional factors influence user adoption. Design/methodology/approach – A quantitative survey was conducted with 437 middle-class respondents from four metropolitan cities in India. Constructs such as relative advantage, perceived compatibility, trialability, perceived trust, cognitive involvement and perceived usability were evaluated using partial least squares structural equation modeling to determine their influence on psychological comfort and subsequent continuance intention. Findings – The study identifies trialability as the strongest predictor of psychological comfort, followed by perceived trust and relative advantage. Psychological comfort has emerged as a critical mediator that significantly influences continuance usage intentions. The results underscore the importance of aligning robo-advisory features with user expectations, offering trialability and fostering trust for sustained adoption. Practical implications – The findings suggest actionable strategies for financial technology providers, including the need to implement no-risk trials and interactive tutorials to alleviate user uncertainty. Emphasising explainable AI features can enhance trust and transparency, particularly in emerging markets. Additionally, user-friendly interfaces and multilingual support are crucial for catering to diverse middle-class demographics. Policymakers can leverage these insights to create supportive regulations that encourage the broader adoption of AI-driven financial tools and enhance financial inclusion and literacy. Originality/value – This study bridges a critical research gap by emphasising psychological comfort in AI adoption for personal finance, particularly among underserved middle-class demographics in emerging markets. It extends the existing theoretical frameworks by integrating emotional and functional dimensions, providing actionable insights for technology developers, financial institutions and policymakers.",AI-Enabled robo-advisors; Diffusion of innovation; Financial behaviour; Middle-class India; Psychological comfort,2025,22,10.1108/MD-01-2025-0093,Arora S.,Management Decision,2-s2.0-105016746136
"Unveiling the nexus: Financial inclusion, financial literacy, and financial performance as catalyst for women-owned enterprises in India","The imperative role of financial inclusion (FI) indispensably ensures the sustainability of women’s entrepreneurial endeavors in the evolving financial landscape. Scholarly narration provides evidence that women entrepreneurs fail to access financing due to their lower demand for funds, supply-side discrimination, and perceived structural barriers. Financial literacy (FL) is vital for FI. The study gauges the level of FI among Indian women entrepreneurs and its effect on firm performance (FP) with the moderating effect of FL. Data were collected from 216 women entrepreneurs through a structured questionnaire on the LinkedIn platform to assess the level of FL in the financial technologies era. The study revealed that traditional financial inclusion and digital financial inclusion significantly impact the FP of women’s enterprises. Further, there is evidence that a relatively lower mean score, FL, does not moderate the relationship between FI and FP. It urges policy reformers, financial institutions, entrepreneurial educators, and government bodies to promulgate policies and training programs on antecedents that enable long-term women’s entrepreneurial financial inclusiveness.",digital finance; Financial inclusion; financial literacy; women entrepreneurship,2025,21,10.1080/26437015.2024.2432385,Peter S.,Journal of the International Council for Small Business,2-s2.0-85214882034
FinTech entrepreneurial ecosystem in India: Role of incubators and accelerators,"Fintech, a fusion of finance and technology, is changing the global financial landscape. The fast-evolving industry is fostering financial inclusion, enabling cost-effective and efficient financial intermediation. The entrepreneurial ecosystem of an economy is pivotal in shaping the prospects of innovations in an economy. This study is an initiative in that direction, evaluating the Fintech entrepreneurial ecosystem in India using a novel firm-level dataset of Indian Fintech startups. The study builds upon a theoretical framework, investigating the influence and interconnectedness of social and founder capital signals on Fintech startup funding in India. Incubator and/or accelerator engagement is considered for social capital signaling. Ordinary least squares and propensity score matching methods are employed for this study. Findings suggest a significant signaling effect from social capital factors: incubator or accelerator support. Sources of founders' entrepreneurial signals, founder network, and experience, have also been evidenced to influence funding received by Indian Fintech startups.",Entrepreneurship; Fintech; Innovation ecosystem; Startups,2024,21,10.1016/j.gfj.2024.100933,Kaur M.,Global Finance Journal,2-s2.0-85187271082
Financial Technologies: Digital Payment Systems and Digital Banking. Today's Dynamics,"Financial technologies (FinTechs) have been rapidly advancing in recent years, enabling transactions in financial markets to become faster, more efficient, and more secure. The use of advanced technologies such as artificial intelligence (AI) and machine learning (ML) provides significant advantages to the financial services sector. The complexity of financial markets and the need for swift action increase the demand for financial technologies. FinTech plays an important role in offering more services at lower costs, helping traditional financial institutions remain competitive, and creating new market opportunities. Additionally, it supports financial inclusion by increasing access to financial services and plays a vital role in achieving sustainable development goals. In this section, we discuss the importance of FinTech, the conveniences and advantages it brings to transactions in financial markets, and the opportunities it provides to market participants.",digital payment system; fintech; open banking,2023,21,10.57017/jorit.v2.2(4).04,Hazar A.,Journal of Research Innovation and Technologies,2-s2.0-105001930052
Microfinance's digital transformation for sustainable inclusion,"Purpose: The purpose of this paper is to evaluate the performance of Microfinance Institutions (MFIs) offering FinTech services. This study contributes to the existing literature on microfinance digitalization, financial inclusion and sustainable development. The study also takes into consideration a behavioral perspective through the efficiency evaluation process of MFIs offering FinTech services. Design/methodology/approach: The following study employs the Stochastic Frontier Analysis approach to estimate the operational and social efficiency scores of the 387 MFIs over the period 2005–2019. Then, it tries to consider factors influencing MFIs' efficiency and assess their effects. Hence, two separate models for operation and social efficiency introducing a set of factors, including FinTech proxies and overconfidence proxies, are tested. The first model for operational efficiency uses a random-effects estimator while the second one for social efficiency uses a fixed-effects estimator. Findings: The results show that innovative MFIs have weaker averages of operational efficiency than non-innovative ones but higher averages of social efficiency. This was justified by the fact that innovative MFIs are more socially oriented. Further, findings of this study depict that the proxies of FinTech affect negatively the level of operational efficiency of MFIs. They also depict a negative relationship between FinTech proxies and the level of social efficiency. These results hold through robustness tests. Originality/value: The highlight of this study is that it takes heed of the indirect effect of technological innovation on the efficiency of MFIs. It has been proved that it moderates the impact of managerial overconfidence (manifested by excessive risk-taking, viz., high levels of PAR30, LGR and NIM) on the level of both operational and social efficiencies.",Digital transformation; Financial performance; FinTech services; Microfinance institutions; Social performance,2023,21,10.1108/EJMBE-10-2022-0332,Fersi M.,European Journal of Management and Business Economics,2-s2.0-85161696790
"Socioeconomic determinants of ownership of payment cards, mobile money account, and government remittances of digital financial services: evidence from India","Purpose: This paper aims to measure the extent of digital financial inclusion (DFI) and examine the effect of socioeconomic characteristics on using government remittances and the adoption of digital financial services (DFS) during the COVID-19 pandemic. Design/methodology/approach: The World Bank Global Financial Inclusion (Global Findex) database 2021 is used in this study, with a sample size of 3,000 Indian individuals. The study measured the demand-side analysis of DFI, namely, accessibility and usage of DFS with selected socioeconomic characteristics such as gender, age, income, education, being in the workforce and residential status of respondents. The dependent variable is binary in nature; therefore, the logistic regression model is used for the data analysis. Findings: The results of the study reveal that individuals’ socioeconomic factors, such as female, all the age groups, tertiary education, third- and fourth-income quintile and workforce, are found to have a significant association with “accessibility,” an exogenous variable of DFS. Besides, respondents’ socioeconomic attributes, namely, female, tertiary education, income for all quintiles and workforce, are more likely to use DFSs in the COVID-19 pandemic. The study also finds the residential status of individuals is influencing the accessibility and usage of DFS. Practical implications: The findings of the study provide valuable insights to the service providers and policymakers regarding the rapid expansion of DFS by digital infrastructure, simplifying the banking procedures and highlighting the importance of digital financial literacy to accomplish government goals through serving the unbanked population and also design strategies for achieving the objectives of Digital India: “Faceless, Paperless, and Cashless” of DFI across the country. Originality/value: Notable studies used World Bank Findex survey data to explore the determinants of financial inclusion in general. This research is one among the few studies to explore the determinants of India’s DFI. Moreover, this study measured the effect of individual socioeconomic attributes on the adoption of DFSs during the COVID-19 pandemic, which has not been included in prior studies. Therefore, this study has added value to the existing literature on financial technology innovation and DFS for the sustainable development of emerging nations.",COVID-19; Digital financial inclusion; Digital financial services; Digital payments; Digital receipts; Mobile money account,2024,21,10.1108/JFEP-07-2023-0176,Nandru P.,Journal of Financial Economic Policy,2-s2.0-85180915803
Dimensions of financial inclusion in India: a qualitative analysis of bankers perspective,"Purpose: This qualitative study aims to examine bankers’ perspectives regarding financial inclusion, the challenges it faces and the scope for improvement. This research proposes a financial inclusion model, considering the inputs received by bankers. Financial exclusion of different sections is an issue common to emerging countries. Design/methodology/approach: Data for qualitative research were collected through interviews with bank officials. The information was gathered from 32 bankers from India’s several zones (North, South, West and East). The data were collected from bankers from different public and private sector banks. Thematic analysis was performed up to the point of saturation to study the response received from bankers. Findings: Bank-related issues such as frequent computer problems, network connectivity problems, costs, a shortage of bank branches, fewer transactions through automated teller machines and a shortage of banking staff affect customers’ confidence in formal banking. Banking services are disrupted by a lack of trust in banking correspondents (BCs), as they are not regular employees of banks. Limits on daily transactions discourage high-value customers from using BCs and kiosks. The time spent on administrative formalities impacts customers. Financial inclusion is affected by availability, accessibility, usage and affordability. Digital financial literacy is essential for ease of transaction, but awareness about financial products helps protect customers from cyber scams. The findings of this research would benefit financial institutions globally in developing their businesses and helping to achieve financial inclusion and the United Nation’s sustainable development goals (SDGs). Originality/value: This research paper undertakes a qualitative analysis of the views collected from bankers. Bankers are crucial stakeholders in the successful implementation of the National Financial Inclusion Policy of the Government of India. Bankers’ perspectives will be important not only for India and its researchers but also in the global context, as the UN’s SDGs focus on leaving no one behind.",Banking; Financial inclusion; Financial literacy; Financial technology; Qualitative analysis,2024,21,10.1108/QRFM-04-2022-0072,Kandpal V.,Qualitative Research in Financial Markets,2-s2.0-85176262143
"Financial technology, financial inclusion and msmes financing in the south-west of Nigeria","The Strategic role Micro, Small and Medium Enterprises (MSMEs) play in achieving sustainable development cannot be over emphasized in any given economy. Regrettably, the difficulty in accessing finance from the formal financial institutions remains the greatest problem to development and survival of MSMEs sector in Nigeria. In the light of this, this paper provided functional solutions by examining developments, innovations and new financing windows available to MSMEs viz-a-viz Financial Technology that is capable of enhancing the goal of financial inclusion as a strategic tool of achieving sustainable development in the MSMEs sector in Nigeria. We classify the methodologies and approaches the researchers have adopted to predict the impact of Financial Technology on financial inclusion in respect to MSMEs financing in the South West States of Nigeria. We notice that MSMEs financing has the potential to be the fourth largest sector to be disrupted by Financial Technology in the next five years after consumer banking, payments and investment/wealth management in the financial sector. We identify that financial institutions need to collaborate and capitalize on the Financial Technology ecosystems by leveraging on artificial intelligence, big data, data analytics and MSMEs friendly applications in effectively lending to MSMEs sector. We observe that Financial Technology has the potential to drive financial inclusion, with high internet, electricity and mobile phone penetration more states will achieve the 20% financial exclusion target faster by the year 2020. This study also provided recommendations for financial service providers, government and regulatory authorities for this emerging sector going forward.",Financial inclusion; Financial institution; Financial technology (fintech); MSMEs; Sustainable development,2020,21,,Babajide A.A.,Academy of Entrepreneurship Journal,2-s2.0-85091527556
The Moderating effect of Digital and Financial Literacy on the Digital Financial Services and Financial Behavior of MSMEs,"The rapid advancement of technology has become an integral part of society. Improved financial technology accelerates and plays a critical role in MSMEs' savings, financing, and investment. The efficient flow of funds from these sectors is vital to the growth and development of the economy. However, despite their benefits, digital finance and financial inclusion have not sufficiently permeated large segments of the population, indicating a gap between the availability, accessibility, and utilization of finance. Despite the benefits of digital financial services, there is a large disparity in one area that is gaining momentum, particularly in financial inclusion and digital finance. These barriers can impede an individual’s ability to save, gain access to capital, and invest. The purpose of the study is to determine the extent to which digital financial services impact the savings, financing, and investing behavior of micro, small, and medium-sized enterprise (MSMEs) owners. The study explored a causal research design with moderation analysis to determine the impact of digital financial services and digital and financial literacy on the savings, borrowing, and investing behavior of MSME owners in the Philippines. The result of the study revealed that digital financial services do not stimulate savings, borrowing, and investing of the owners, however, digital and financial literacy significantly influence the financial behavior of the owners. The result of the study adds additional evidence to the existing literature highlighting the role of digital and financial literacy in enhancing the impact of digital financial services on the financial behavior of MSME owners.",Digital Financial Services; Digital Literacy; Financial Literacy; Financial Technology; MSMEs,2022,21,10.55365/1923.X2022.20.57,Angeles I.T.,Review of Economics and Finance,2-s2.0-85148433246
Peer-to-peer lending platform: From substitution to complementary for rural banks,"This study aims to examine the impact of the growth of peer-to-peer (P2P) lending on the growth of rural bank lending. Further, this study investigates the outcome of the partnership agreement between the Rural Bank Association and Financial Technology (FinTech) Association in the last quarter of 2017 on the effect of P2P lending on rural bank lending by analyzing the impact separately in 2018 and 2019. The publicly available data from the Financial Services Authority and Bank of Indonesia were examined using panel data regression. The results show that P2P lending’s growth is a substitute for the growth of the rural bank loan in 2018. However, the partnership between the Rural Bank Association and FinTech Association changed the effect of substitution into complementary in 2019. Moreover, the impact of P2P lending was more prominent in provinces with a higher number of rural banks and regions with lower economic growth. The restricted number of publicly available data becomes the limitation of this study to obtain the best results.",Banking; Complementary; FinTech; P2P lending; Rural bank; Substitution,2020,21,10.3846/btp.2020.12606,Kohardinata C.,Business Theory and Practice,2-s2.0-85095693211
Social and Financial Inclusion through Nonbanking Institutions: A Model for Rural Romania,"The challenges of financial systems have immediate or medium-term social effects. The financial industry is constantly searching for measures to reduce these challenges, especially for those with little or no access to financial services. While current communication technologies make services more accessible through digital mobile platforms, there are still difficulties in establishing viable customer arrangements. In addition to the increased investment in financial technologies, nonbanking financial institutions have now expanded to offer more flexible services tailored to individual circumstances, especially those in isolated rural areas. This research outlines the network model of nonbanking financial institutions in Romania, as well as a microfinance model, based on the financial analysis of four national indicators of nonbanking financial institutions. Data used are presented in absolute values, from the annual numerical series for the reference period 2007–2017. The new initiatives and features incorporated in this Romanian model should be applicable elsewhere and will actively contribute to the expansion and sustainability of financial services, with a positive inclusive impact on society.",community finances; fiscal flexibility; individualized financial arrangements; sustainable financial services,2019,20,10.3390/jrfm12040166,Yue X.G.,Journal of Risk and Financial Management,2-s2.0-85097383697
HOTSPOTS AND TRENDS OF FINANCIAL TECHNOLOGY (FINTECH) RESEARCH: A BIBLIOMETRIC ANALYSIS,"Fintech has emerged as a force of disruption in the reconfiguration of traditional financial services through technological innovation, while research on this domain remains fragmented. The present study tries to fill this literature gap by carrying out a bibliometric analysis of 494 Fintech-related articles indexed in the Web of Science Core Collection from 2001 to 2024. Using VOSviewer and RStudio, publication trends, citation networks, and the contributions of highly productive authors, institutions, and countries are presented. The findings show a rapid growth in Fintech research, especially during the pandemic period of Covid-19, with dominant themes being adoption factors, financial impacts, shadow banking, and technological development. Three important research trends identified in this study are: the economic impact of Fintech in emerging markets, the role of Fintech in capital markets, and improvements in disclosure and rating systems. These reflect the increasing importance of Fintech in enhancing financial inclusions, regulatory adaptation, and efficiency in markets. The results reveal gaps in current research, such as the need for further exploration of Fintech’s social implications in developing economies and its regulatory challenges. This study contributes to the literature by providing a comprehensive mapping of the Fintech research landscape, offering insights that are valuable to policymakers, financial institutions, and academics. The conclusions highlight the need for innovation, regulation, and investment strategies to support the sustainable growth of Fintech. In addition, the study proposes a future research agenda aimed at fostering more inclusive and efficient financial systems, particularly in emerging markets, thereby enhancing Fintech’s role in global financial markets.",Bibliometric analysis; Financial Technology (Fintech); Hotspots; Research trends; RStudio; VOSviewer,2025,20,10.2478/eoik-2025-0033,Abdo K.,Economics Innovative and Economics Research Journal,2-s2.0-105009365445
Predicting the intention to use Paytech services by Islamic banking users,"Purpose: This study aims to identify the factors that could explain the intention to use Paytech services within an Islamic banking context. The authors use an extended version of the technology acceptance model to develop a causal–predictive analysis. Design/methodology/approach: The research model and hypotheses were tested by applying partial least square-structured equation modeling to data collected from 214 users of Islamic banking in Saudi Arabia. Findings: The results show that perceived trust has a highly significant direct effect on the intention to use Islamic Paytech services, whereas perceived risk has a significant indirect effect on IU. Research limitations/implications: Internet banking behavior may not be static. In technology acceptance, during the various phases from introduction to the maturity phase, the respondent’s perceptions tend to change Practical implications: From the point of view of Fintech services providers, the knowledge of the factors fostering the adoption of Fintech services would allow an international expansion without the inconvenience of establishing offices or companies in countries whose legislation does not favor the operations carried out by Islamic banks. Social implications: These digital payment services would allow access to financial services to the entire Muslim population regardless of their location (Islamic and non-Islamic nations) and will also reach out to the next generation of young Muslims as a majority are “digital natives” ready for digital Islamic financial solutions. Originality/value: This study is the first to explore the intention to use Paytech services by Islamic banking users in Saudi Arabia. From a theoretical perspective, this work contributes to the academic literature by analyzing the intention to use Paytech services in an Islamic banking context. On the practical front, the study identifies the crucial factors that industry players can use to design their Paytech applications and services to increase financial inclusion in Saudi Arabia and other countries with similar cultures as well as to design an international expansion without the inconvenience of establishing offices or companies in countries whose legislation does not favor the operations carried out by Islamic banks.",Extended TAM; Intention to use; Islamic Fintech; Islamic Paytech; PLSpredict,2024,20,10.1108/IMEFM-07-2022-0298,Irimia-Diéguez A.,International Journal of Islamic and Middle Eastern Finance and Management,2-s2.0-85160334283
FinTech and financial sustainability: A mediating role of financial inclusion,"Technological advancements and shifts in the financial landscape have made it imperative to delve into the nexus between FinTech, financial inclusion, and financial sustainability. Surprisingly, contemporary research has largely overlooked this crucial area of investigation. The current study examines the impact of changes primarily driven by FinTech and how they mediated financial inclusion to foster financial sustainability. For this purpose, the study encompassed a dataset of 141 countries from 2011 to 2021 and employed Structural Equation Modeling (SEM). In addition, the Sobel-Goodman test was employed to provide a comprehensive and robust understanding of the nexus. Our results across all specifications demonstrate that financial inclusion mediates the nexus between FinTech and financial sustainability. Furthermore, in some specifications, FinTech adversely affects financial sustainability by posing risk and regulatory challenges. Moreover, these findings remain robust in the whole sample and subsamples of developed and developing countries. These outcomes hold significant implications, as they underscore how FinTech enhances access to financial services, reshapes the financial landscape, and indirectly contributes substantially to financial sustainability.",Financial inclusion; Financial sustainability; FinTech; Panel data analysis,2025,20,10.1016/j.techfore.2025.124129,Ullah S.,Technological Forecasting and Social Change,2-s2.0-105003772072
Household financial behaviour: the role of financial inclusion instruments in Nigeria,"The importance of financial inclusion is emphasised in the Sustainable Development Goal 2030. This paper investigates the role of financial inclusion on household savings and borrowing behaviour towards building resilience against predicted and unforeseen life events in Nigeria. Using the World Bank Financial Inclusion Survey 2017 (Findex) household data, key drivers of financial inclusion were considered and findings revealed the importance of financial inclusion in encouraging saving consciousness. Result reveals that the average probability of saving is 29.3% which is lower than that of 30.8% probability of borrowing informally from friends and family and 51.8% probability of borrowing from a financial institution. Ownership of financial accounts increases the savings probability by 37% while mobile money account owners have a 3% probability of borrowing from a financial institution than those without, and the influence of gender was found on savings with a financial institution and borrowing informally. Female has a 5% negative relationship with savings formally at a financial institution, and the probability of coming up with an emergency fund was positive with the opening of an account in a financial institution, using mobile money account and having savings. This paper suggests that efforts to promote financial inclusion at the micro-level must consider women across households. The overall result reveals the need to support the financial inclusion agenda with the concentration of financial technology services by policymakers for unbanked and marginalised groups in areas with limited financial access.",borrowing; emergency fund; Financial inclusion; global Findex; household savings,2022,20,10.1080/20430795.2022.2034595,Akeju K.F.,Journal of Sustainable Finance and Investment,2-s2.0-85125148161
Financial technology research: Past and future trajectories,"Financial technology (fintech) research is a critical, dynamic and rapidly developing field, making it essential to systematically review and prospect the fintech field to advance its development. Using a combination of data-driven techniques from main path analysis and bibliographic coupling analysis, this study maps and analyses the growth laws, main research trajectories, and intellectual communities of the fintech domain in current research. The results show that the fintech field has gone through three phases, namely, ‘emergence’ (1977–2008), ‘fermentation’ (2009–2017), and ‘take off’ (2018–2022). The bibliographic coupling analysis suggests that the whole fintech research domain can be classified into four research streams: online banking and payment technology, lending and capital-raising online platforms, automated and algorithmic trading, and blockchains and cryptocurrencies. After conducting a retrospective analysis of prior studies and scanning over future-oriented challenges and demands, this study speculates and proposes four important topics that require urgent attention, namely efficient applications of blockchain technology in the financial sector, new business patterns of banking and other industries under fintech integration, the impact of fintech on financial inclusion, and the risk control and supervision of fintech.",Financial technology; Intellectual communities; Research trajectories; Review and prospect,2024,20,10.1016/j.iref.2024.03.032,Kou M.,International Review of Economics and Finance,2-s2.0-85188823628
FinTech and AI as Opportunities for a Sustainable Economy,"The need for a sustainable economy has grown as technological advancements increasingly influence economic and social structures. This study investigates the role of FinTech and artificial intelligence (AI) in fostering sustainable development by facilitating green initiatives and promoting social responsibility. The research hypothesis posits that FinTech enables better access to financing for economic and social development projects, while AI enhances decision-making processes critical to the implementation of these initiatives. Through a qualitative approach, this study analyzes the interactions between FinTech, AI, and the Sustainable Development Goals (SDGs), exploring whether their relationship is bilateral or unidirectional. Using a quantitative approach, this study employs Principal Component Analysis (PCA) and Analysis of Variance (ANOVA) to examine the key factors influencing bank account ownership across different demographic groups and time periods. PCA is utilized to reduce data dimensionality while preserving the most significant variance, enabling the identification of underlying patterns in financial inclusion determinants. Meanwhile, ANOVA is applied to assess statistical differences in bank account ownership across demographic categories and the pre-pandemic, during-pandemic, and post-pandemic periods, highlighting the impact of digital financial services on financial inclusion trends in Europe. The findings suggest that both technologies play a significant role in supporting sustainability, with FinTech providing the necessary financial tools and AI optimizing decision-making. Furthermore, this study identifies barriers, such as regulatory challenges and technological gaps, that hinder the full integration of these technologies into sustainable development practices. It also highlights facilitators, such as policy support and technological innovation, that accelerate their adoption. The conclusions emphasize the transformative potential of FinTech and AI in achieving robust economic growth, reducing inequalities, and fostering a new cultural approach to resource management and societal responsibility.",artificial intelligence; financial inclusion; FinTech; green economy; SDGs; social responsibility; sustainable development; technological innovation,2025,19,10.3390/fintech4020010,Vasile V.,Fintech,2-s2.0-105009334214
Digital Inclusion and Financial Inclusion: Evidence from Peer-to-Peer Lending,"We explore whether digital inclusion, a public policy designed to provide high-speed internet infrastructure for historically digitally excluded populations, is associated with the social and ethical challenge of financial inclusion. Using evidence from a sizable P2P lender in the U.S., we document that digital inclusion is positively associated with P2P lending penetration and that this relation is more pronounced in counties with limited commercial bank loan penetration and higher minority populations. Our new evidence from cross-sectional tests suggests that digital inclusion plays a key role in financial inclusion, particularly in regions with more vulnerable and/or underserved populations. In consequence tests, we document that high-risk borrowing is less likely to be denied in counties with higher digital inclusion and that digital inclusion is positively associated with P2P lending efficiency in the form of more repeated borrowing, decreased funding time, and improved funding fulfillment. In addition, we show that the availability of alternative information, a plausible channel through which digital inclusion is related to financial inclusion, is positively associated with efficiency in P2P lending. Our findings indicate that digital inclusion can empower financial service providers and other stakeholders to collaboratively fulfill their ethical and social responsibilities to meet the financial needs of historically marginalized groups.",Alternative information; Digital inclusion; Ethics; Financial inclusion; FinTech; Peer-to-peer lending; Public policy; Social responsibilities,2025,19,10.1007/s10551-024-05689-w,Jia X.,Journal of Business Ethics,2-s2.0-85193368487
Digital Financial Inclusion and Economic Growth: The Moderating Role of Institutions in SADC Countries,"The purpose of this research is to examine the relationship between digital financial inclusion and economic growth in the SADC countries, while exploring the crucial moderating role of institutions. The digital financial inclusion (DFI) and institutional quality indices were constructed via Principal Component Analysis (PCA) to overcome the issue of multicollinearity. Using annual data from 2010 to 2023 and employing the system GMM technique, the findings of this study have persuasively supported the existence of a positive relationship between digital financial inclusion and economic growth in SADC countries, which signals that DFI is vital for boosting economic growth. The interaction term between the DFI index and institutional quality index also suggests a positive relationship, highlighting the need for the establishment of robust institutions and sound macroeconomic policies to ensure growth in the regional bloc. On the policy front, the findings indicate that efforts to expand digital financial inclusion in SADC countries should be complemented by institutional reforms aimed at improving governance, regulatory frameworks, rule of law, and legal protections. More specifically, this study suggests that SADC countries should focus on strengthening governance and regulatory frameworks to ensure transparency, security, and effective management of digital financial services. Improving legal protections, particularly around data security and consumer rights, is crucial to building trust in digital finance. Policymakers should also prioritize expanding digital infrastructure, especially in underserved areas, and addressing issues like limited technology access and digital literacy. Furthermore, fostering innovation in the fintech sector and implementing inclusive policies targeting marginalized groups will help drive wider adoption of digital financial services. By combining these reforms with institutional strengthening, SADC countries can create a conducive environment for sustainable economic growth through enhanced digital financial inclusion.",digital financial inclusion; economic growth; institutional quality,2025,19,10.3390/ijfs13010004,Meniago C.,International Journal of Financial Studies,2-s2.0-105001357822
"Fintech, financial literacy, and financial inclusion in Indonesian SMEs","This study examines the effect of fintech and financial inclusion moderated by financial literacy in improving the financial performance and business growth of SMEs in Indonesia. The purposive sampling technique was used to obtain data from 202 SMEs in Indonesia, statistically analysed using descriptive and multiple regression analyses. The results showed that financial literacy could moderate the effect of fintech on financial inclusion. Furthermore, fintech cannot improve financial performance, despite being moderated by financial literacy. Meanwhile, financial inclusion can improve financial performance, and subsequently, financial performance increases the business growth of SMEs. Implications of this study are that SMEs must improve financial literacy, and the government needs to improve regulations on financial literacy, fintech, and financial inclusion, especially for SMEs.",business growth; financial inclusion; financial literacy; financial performance; fintech,2023,19,10.1504/IJEIM.2023.129331,Mutamimah M.,International Journal of Entrepreneurship and Innovation Management,2-s2.0-85153852352
"Role of fintech in credit risk management: an analysis of Islamic banks in Indonesia, Malaysia, UAE and Pakistan","Purpose: The purpose of this study aims to examine the effect of fintech on pre- and post-financing credit risks faced by the Islamic banks. Design/methodology/approach: This research uses primary data for fintech awareness and adoption and secondary data of various financial and economic variables from 2009 to 2021. It uses baseline regression to identify moderation of fintech controlling gross domestic products, size, return on assets and leverage. The findings are confirmed using robustness against key variable bias. It also uses a dynamic panel two-stage generalized method of moments for endogeneity. Findings: The study finds that the fintech awareness and adoption are not the same across all Islamic countries. The Asia Pacific region is far ahead of the other two regions where Indonesia is ahead in terms of fintech awareness and adoption, and Malaysia is ahead in terms of reaping its benefits in credit risk management. Fintech affects prefinancing credit risk significantly more than postfinancing credit risk. Also, the study finds that Islamic banks suffer from the problem of “Adverse selection under Shariah compliance.” Practical implications: This research invites regulators to introduce fintech in Islamic banks on war footing. Similar studies can be conducted on the role of other risks such as operational and market risks. Fintech will also help in improving the risk profile and stability of Islamic banks against systemic risks and financial crises. Originality/value: This research has variety of originalities. First, it is the pioneering study that addresses the effect of fintech pre- and post-financing credit risks in Islamic banks. Second, it identifies “Adverse selection under Shariah compliance” for Islamic banks. Third, it helps identify how fintech can be useful in reducing credit risk that will help in reducing capital charge for regulatory capital.",Credit risk; Dynamic panel two-stage GMM; Fintech; Postfinancing; Prefinancing; Sustainable financial development,2023,19,10.1108/JSTPM-06-2022-0104,Shah S.A.A.,Journal of Science and Technology Policy Management,2-s2.0-85153776696
Does digital financial inclusion moderate or exacerbate output volatility?,"Fintech, broadly encompassing financial innovations enabled by digital technology, has seen phenomenal growth across emerging and developing economies (EMDEs) over the last few years. While the fintech revolution can facilitate broader financial inclusion and spur overall economic growth, concerns have been raised about the possible impact of fintech on growth volatility. Using a selected heterogeneous panel of 40 EMDEs spanning 2009 to 2017 we find that greater digital financial inclusion persistently exacerbates output volatility, although this result holds true only in countries with low banking concentration. Our results are robust to both different definitions of digital financial inclusion and alternative methodologies controlling for potential endogeneity.",bank concentration; Digital financial inclusion; output volatility; panel data,2022,19,10.1080/13504851.2021.1963400,Gopalan S.,Applied Economics Letters,2-s2.0-85112607234
Does Fintech-Driven Inclusive Finance Induce Bank Profitability? Empirical Evidence from Developing Countries,"This study explores the effect of fintech-driven inclusive finance on the profitability of banks using an unbalanced panel dataset from 660 banks across 40 developing countries between 2011 and 2021. We start with a fixed-effect estimate and subsequently validate our main findings using two-stage least squares (2SLS-IV), two-step system generalized method of moments (GMM), and generalized least squares (GLS) methodologies. Our analysis centers on three key profitability metrics: ROA, ROE, and NIM. Our findings suggest that fintech-backed inclusive finance boosts ROA by 9.10%, ROE by 18.87%, and NIM by 7.98%, highlighting the growing importance of mobile, internet, and agent banking in these nations. We also note that large banks benefit more from inclusive finance than small ones. Additionally, conventional banks see a more marked improvement in profitability than Islamic and savings banks. The relationship between inclusive finance and bank profitability is stronger in countries with higher GDP growth and those actively advancing financial inclusion through fintech, compared to countries with slower GDP growth and less emphasis on financial inclusion. When examining the interaction effects, the COVID-19 pandemic has further emphasized the positive connection between fintech and bank profitability. This suggests that fintech-driven inclusive finance can play a role in enhancing bank profitability, even in challenging times like the COVID-19 period. The transition towards fintech, however, mandates substantial investments, enhanced financial literacy, and heightened customer security, presenting persistent challenges for governments, policymakers, regulators, and financial institutions.",bank profitability; developing countries; fintech; inclusive finance,2023,19,10.3390/jrfm16100457,Zheng C.,Journal of Risk and Financial Management,2-s2.0-85175579276
FINTECH AND FINANCIAL INCLUSION: THE MEDIATING ROLE OF DIGITAL MARKETING,This study aims to test the role of digital marketing as a mediating variable in the relationship between financial technology and financial inclusion. The researcher applied the descriptive analytical approach to the data collected by developing a questionnaire distributed to 375 employees in the Jordanian banking sector. The researcher also used structural equation modeling to test the study hypotheses through SmartPLS software 3. One of the study’s most important findings is that digital marketing partially mediates the relationship between financial technology and financial inclusion. The study recommends that the Jordanian commercial banking sector should use advanced strategies that enhance technological innovation and digital marketing through the existence of an evolved environment for financial technology that is optimally exploited.,digital marketing; financial inclusion; financial technology,2023,19,10.3846/btp.2023.17624,Al-Slehat Z.A.F.,Business Theory and Practice,2-s2.0-85160269123
The Role of Mobile Payment Apps in Inclusive Financial Growth,"In the age of technology, the usage of mobile payment apps is playing a significant role in financially strengthening urban areas. This research aims to identify the enablers affecting the use of mobile technology by the urban poor households in Pune, Maharashtra, India, and to identify the user behaviour in technology adaptation. The published literature was thoroughly reviewed with respect to mobile payment, financial technology, and financial inclusion. The data was collected through a field survey. Simultaneously, a structural equation model is developed using Amos software, and SPSS is used to perform factor analysis. The theoretical framework is based on the Unified theory of acceptance and the use of technology (UTAUT-2) Model. The enablers are Performance Expectancy (P.E.), Economic Benefit (E.B.), Convenience, Technical conditions (T.C.), Hedonic motivation (H.M.), and Behavioural intention (B.I.), Social influence (S.I.) are impacting the use of mobile apps related to finance under the mediating effect of behavioral intention, thereby supporting financial inclusion. Gender, education, occupation, and income are the control variables. Men are more frequent users of mobile payment apps. This study is unique in the context of urban poor households regarding the use of m-payment app and to understand their behavior and actual usage pattern. The current study also has some implications for the banking and mobile technology industry. They may start new strategies for mobile industries, and certain factors such as security, convenience, and technical conditions can influence customer intention of using m-payment apps; hence, it needs proper consideration. Simultaneously, banks and technology industries must verify their privacy norms and make it easy for customers to use technology.",Mobile Payment App; Structural Equation Modeling; Unified Theory of Acceptance; Urban Poor Households; Use of Technology (UTAUT-2),2023,19,10.14453/aabfj.v17i1.02,Neelam ,Australasian Accounting Business and Finance Journal,2-s2.0-85148039099
THE ROLE OF FINANCIAL TECHNOLOGY IN ENHANCING FINANCIAL INCLUSION: A REGULATORY PERSPECTIVE ON CURRENT INDUSTRY TRENDS,"Despite increasing global digitalization, access to essential financial services remains limited for many populations in the Middle East and North Africa (MENA). However, growing financial technology (FinTech) innovations have started disrupting conventional models and extending access. This research study evaluates FinTech’s role in advancing financial inclusion in the MENA region amidst the digital transformation. It first analyzes how emerging technologies transform traditional banking and financial service delivery. It then evaluates the effectiveness of crucial FinTech models such as digital payments, lending platforms, insurance technology (InsurTech), and wealth management tools in driving inclusion in Gulf Cooperation Council (GCC) countries. The study utilizes a mixed-methods approach involving a comprehensive literature review and comparative case studies of FinTech adoption and inclusion trends in developed and emerging markets. The findings indicate that while FinTech solutions have improved access for previously underserved segments like women, youth, and small and medium-sized enterprises (SMEs), continued efforts are required to address marginalized communities’ barriers. The research suggests a balance between regulatory measures and consumer protection in FinTech, emphasizing the need for collaborations to enhance technology’s role in livelihood support.",Disadvantaged Communities; Financial Innovation; Inclusivity,2025,19,10.22495/cbsrv6i1art4,Al Rifai M.,Corporate and Business Strategy Review,2-s2.0-85215391265
Construction of a composite fintech index to measure financial inclusion for developing countries,"This study estimates fintech-driven financial inclusion in developing economies across three dimensions: availability, penetration, and usage. To create a new composite fintech index (FI) to measure financial inclusion, we include indicators for mobile money and internet usage, elements often overlooked in prior research. Our dataset, a balanced panel from 2011–2021, is gathered from 40 developing countries. To overcome criticism related to the arbitrary selection of weights in nonparametric methods, we utilize a two-stage Principal Component Analysis (PCA) to construct the FI. We test the robustness of our FI by employing OLS regression and the two-step system generalized method of moments (GMM) estimation techniques. Our proposed index is the first composite fintech index that is robust and powerful across measuring methods, dimensions, and fintech proxies in developing countries. This versatile index is a functional tool for policymakers to identify gaps in financial inclusion and inform policy responses. In addition, remarkable progress in fintech scores between 2011 and 2021, welcoming the mobile, internet, and agent banking era for developing countries. However, the transition to fintech presents substantial challenges, including the requirements for large-scale investment, financial literacy, and customer protection–issues that policymakers, regulators, and financial institutions need to address.",developing countries; financial inclusion; Fintech index; mobile money,2024,19,10.1080/00036846.2024.2313600,Zheng C.,Applied Economics,2-s2.0-85185673400
Digital Financial Inclusion in Emerging Economies: Evidence from Jordan,"This study explores the role of digital financial inclusion in mitigating poverty and bolstering economic growth, with a special focus on developing nations during the COVID-19 era. Centering on Jordan, it seeks to identify key influencers of financial access by analyzing data from 260 participants using a non-linear probit regression model. The research uncovers a significant disparity in financial inclusion between Jordanian adult males and females, attributable to differences in education, wealth, employment, and income levels. These findings point to the necessity of prioritizing financial accessibility for marginalized groups such as women, the elderly, and those with lower income to effectively combat poverty and facilitate economic advancement and sustainable development in emerging markets.",COVID-19 conditions; emerging economies and Jordan; financial exclusion; financial inclusion; financial technology,2024,19,10.3390/jrfm17020066,Al Khub A.,Journal of Risk and Financial Management,2-s2.0-85185961468
"Determinants of interest in eNaira and financial inclusion information in Nigeria: role of FinTech, cryptocurrency and central bank digital currency","Purpose: The eNaira is the central bank digital currency of Nigeria. People who are interested in the eNaira and financial inclusion will seek information about eNaira and financial inclusion. Their interest in information about eNaira and financial inclusion will make it easier for them to adopt the eNaira and embrace other financial inclusion innovations such as FinTech and cryptocurrency. This paper investigates the determinants of interest in eNaira and financial inclusion information. Design/methodology/approach: The data were analyzed using descriptive statistics, correlation analysis and ordinary least squares (OLS) regression. The study also used the GMM and 2SLS regression methods for robustness. Findings: Using interest over time data, the findings of this study reveal that interest in financial technology (FinTech) and eNaira information are significant positive determinants of interest in financial inclusion information. Also, interest in financial inclusion is a significant positive determinant of interest in eNaira information. Furthermore, interest in FinTech information has a positive and significant correlation with interest in financial inclusion information. There is also a significant positive correlation between interest in central bank digital currency information and interest in FinTech information. The implication of the findings is that interest in information about new financial innovations, such as FinTech and eNaira, can stimulate interest in information about financial inclusion. Originality/value: The literature has not examined the determinants of interest in eNaira and financial inclusion information yet.",Central bank digital currency; Cryptocurrency; eNaira; Financial inclusion; Fintech; Information; Innovation; Innovation diffusion theory,2023,19,10.1108/DTS-08-2022-0040,Ozili P.K.,Digital Transformation and Society,2-s2.0-85169879508
BANK EFFICIENCY AND FINTECH-BASED INCLUSIVE FINANCE: EVIDENCE FROM DUAL BANKING SYSTEM,"This paper examines the relation between fintech-based inclusive finance and bank efficiency using annual unbalanced data of 318 banks from 7 dual-banking countries over the period of 2011 to 2020. It measures bank efficiency using the data envelopment analysis (DEA) and then applies the Simar-Wilson bootstrapping regression to measure the influence of fintech-based financial inclusion on bank efficiency. From the efficiency measures, we note that Islamic banks are more efficient than their conventional counterparts. Our regression analysis indicates that fintech-based inclusive finance is positively related to bank efficiency, implying that greater implementation of digitally integrated financial system improves banking efficiency. Our findings are robust to alternative estimation methods. Our study provides some policy implications for policymakers, standard setters, and regulators.",Access to finance; Bank efficiency; Dual-banking; Fintech; Inclusive finance,2023,19,10.21098/jimf.v9i1.1621,Banna H.,Journal of Islamic Monetary Economics and Finance,2-s2.0-85152670153
P2P lending in China: Role and prospects for the future,"In the early days of development, the Chinese P2P lending industry grew rapidly due to financial constraints faced by small businesses and consumers and expanded under a lax regulatory environment. The industry filled a gap in demand for finance but was accompanied by increasing risks and poor business models. Regulation was put into place piecemeal, but large regulatory action was taken in 2018 to register P2P businesses and then, in 2019 to wind down the industry. The experience of China's P2P lending industry underscores the importance of assessing credit risk reducing operational risk under experienced financial management. Although China's P2P industry is dying away, lessons from the industry have helped to improve the structure of new fintech firms.",China; fintech; P2P lending; regulation,2021,19,10.1111/manc.12332,Hsu S.,Manchester School,2-s2.0-85087134218
Financial inclusion as a tool for sustainable macroeconomic growth: An integrative analysis,"Despite extensive research on the relationship between financial inclusion and macroeconomic growth, little is known about the role of financial inclusion as a significant driver of macroeconomic growth in developing countries. Financial inclusion could boost sustainable macroeconomic growth, which has been a key policy goal for governments worldwide because it affects employment, population, inequality, and poverty. This study explores the influence of crucial financial inclusion indicators on developing countries' macroeconomic growth. The study shows that digital finance, financial technologies, financial outreach, financial literacy, demographics access to finance, microfinance and financial stability are the ways through which financial inclusion affects macroeconomic growth. We used the Scopus database to get information from 419 research articles and analyzed those to figure out how financial inclusion affected macroeconomic growth from 2006 to 2020. The study will help policymakers, governments, and marketers develop policies to involve everyone in the financial system, which results in macroeconomic growth.",access to finance; digital finance; financial inclusion; financial outreach; financial technologies; macroeconomic growth,2024,18,10.1111/apce.12427,Chavriya S.,Annals of Public and Cooperative Economics,2-s2.0-85159438548
Management and legal aspects of the symbiosis of banking institutions and fintech companies in the credit services market in the context of digitization,"The article examines the features of banks' lending activities and substantiates the prerequisites for strengthening their cooperation with financial companies, systematizes internal and external innovations used in the process of digitalization of the banking business. The periodization of the banking system from 2005 to the present in accordance with the strategic development goals and stages of the bank's life cycle has allowed to justify the relevant digitalization policy, appropriate for each period. It has been proved that the symbiosis of banks and fintech companies helps to increase the competitiveness and profitability of business in the long run. The importance of introduction of banking innovations in the crediting market as the most profitable direction of banking activity has been substantiated, the forecast of change in net interest income of Ukrainian banks for the post-pandemic period has been made. Based on the fact that the indicator of the country's success in implementing the norms and measures of the Digital Agenda for the EU and Digital Single Market is the Digital Economy and Society Index (DESI), which is determined for each EU country annually, the paper makes forecast changes in its components: Connectivity, Human Capital, Use of Internet, Integration of Digital Technology, Digital Public Services. The main factors that inhibit the processes of strengthening the interaction between banks and FinTech companies in Ukraine have been identified. The expediency of improving the current legislation of Ukraine taking into account the best European practices in the field of cooperation between banks and FinTech companies has been substantiated.",Bank; Competition; Coronavirus covid-19 pandemic; Credit services market; Digitization; Financial and economic crisis; Fintech companies; Fintech-innovations; Legal regulation; Legislation,2021,18,10.25115/eea.v39i7.5013,Vovk V.,Estudios De Economia Aplicada,2-s2.0-85111046642
"Financial globalization, Poverty, and inequality in developing countries: The moderating role of Fintech and financial inclusion","As financial globalization continues to evolve, it has played a pivotal role in the development of financial sectors in developing countries, enhancing efficiency and fostering competition. However, this trend has also raised concerns regarding its socio-economic impacts, particularly in relation to poverty and inequality. In this context, the emergence of financial technology (Fintech) and targeted financial inclusion initiatives has marked a significant turning point in addressing these challenges. This comprehensive study investigates the intricate dynamics between foreign bank entry, Fintech innovations, and financial inclusion, assessing their combined effects on poverty and inequality across 108 developing countries. Utilizing an advanced panel regression model backed by Panel-Corrected Standard Errors (PCSE) and Feasible Generalized Least Squares (FGLS) estimation techniques, we reveal that the relationship between foreign bank entry and socio-economic outcomes is multifaceted and influenced by the moderating roles of Fintech and financial inclusion initiatives. Our findings indicate that while the initial introduction of foreign banks may initially exacerbate poverty levels, their interaction with robust financial inclusion strategies and advanced Fintech solutions can significantly alleviate poverty and inequality. The study results indicate that, for every 1% increase in the interaction of Fintech with foreign banks, poverty has decreased by approximately 0.017%. Interestingly, the presence of Automated Teller Machines (ATMs) demonstrates a countervailing effect, mitigating the adverse impacts of foreign bank operations on income inequality. Moreover, we show that the effectiveness of Fintech in reducing inequality is closely linked to the extent of foreign bank penetration, highlighting a duality of effects where the advantages and disadvantages of foreign bank presence become increasingly pronounced in the era of Fintech. These insights underscore the imperative for policymakers to create an environment that not only promotes financial inclusion but also leverages Fintech innovations to optimize the opportunities presented by foreign bank entry in combating poverty and inequality.",Financial inclusion; Fintech; Foreign bank entry; Inequality; Poverty,2025,18,10.1016/j.resglo.2025.100277,Azmeh C.,Research in Globalization,2-s2.0-85219008672
Does big data infrastructure development facilitate bank fintech innovation? Evidence from China,"This paper explores the impact of big data infrastructure development on banks' Fintech innovation. Analyzing data from 1882 bank-year observations of 297 banks between 2011 and 2021, we find that the National Big Data Comprehensive Experimental Zones significantly enhance banks' Fintech innovation. Our results indicate that data element agglomeration is the channel that influences banks' Fintech innovation. Further analyses show that big data infrastructure development more effectively promotes Fintech innovation in banks with larger scale, lower loan concentration and credit risk. These findings contribute to the existing literature by identifying the determinants of banks' Fintech innovation in the digital era.",Big data infrastructure; Commercial banks; Data element agglomeration; Fintech innovation; National big data comprehensive experimental zones,2024,18,10.1016/j.frl.2024.105540,Liao K.,Finance Research Letters,2-s2.0-85193606738
Finteching remittances in paradise: A path to sustainable development,"The costs of sending remittances to Pacific small island developing states (SIDS) are among the highest in the world. Tackling this issue is crucial not only for economic and social development, but also for improving financial inclusion. This article analyses fintech adoption in remittance services, namely the adoption of alternative payment methods in transferring money by using the internet or mobile phones, in the Pacific. It introduces an original framework to assess the current landscape of fintech in the remittance sector and draws tailored policy recommendations. The framework is conceptualised through a ladder with five rungs: availability, accessibility, awareness, literacy and trust. Based on the ladder analysis, the authors observe the lack of basic digital infrastructure and digital platforms in many Pacific SIDS. Where the technological landscape is better developed, fintech services have established strong footholds, but there is a need for greater awareness to broaden its appeal and customer base. The benefits of fintech platforms are high, especially in the context of lower remittance costs which constitute an unduly large share of GDP in Pacific SIDS. The basic infrastructure needed to develop fintech services are equally important for the overall sustainable development of Pacific SIDS. The article observes fintech services in the Pacific are a means for financial inclusion of the unbanked, that can accelerate the economic and social development of the SIDS, and countries in the Pacific region are at different stages in their readiness for fintech adoption.",fintech; Pacific; remittance transaction costs; small island developing states,2021,18,10.1002/app5.341,Hahm H.,Asia and the Pacific Policy Studies,2-s2.0-85120673015
"Inclusive FinTech, open banking, and bank performance: evidence from China","Open banking is an emerging business model that is representative of FinTech. To explore whether inclusive FinTech can improve bank performance and identify the underlying mechanisms by which this occurs, we investigate a sample of Chinese commercial banks involved in open banking during 2011–2020. The results show that inclusive FinTech can improve bank performance by improving the bank’s lending rate and liability structure, and that this positive effect is more pronounced in national and rural banks. The results indicate that inclusive FinTech has the greatest impact among banks serving the largest population and those who are excluded from the traditional financial system, and that financial inclusion does not detract from bank performance. However, the results do not provide evidence that inclusive FinTech improves bank performance by reducing risk-taking, suggesting a greater need for inclusive FinTech to focus on risk management. This study adds empirical evidence regarding the role of inclusive FinTech in banks. To promote inclusive FinTech and bank performance, developing economies like China should strengthen digital financial innovations, focus on risk management, and promote cooperation under the open finance framework.",Bank performance; FinTech; Inclusive finance; Open banking,2024,17,10.1186/s40854-024-00679-3,Liu Z.,Financial Innovation,2-s2.0-85209713996
"Navigating climate challenges: Focusing on the effectiveness of natural resource rents, fintech, green finance, environmental quality, and digitalisation","China indeed has made great efforts to maintain environmental quality. However, it should be noted that climate challenges normally emerge when certain nations heavily depend on non-renewable resources to meet energy demands. It is quite difficult to reduce the dependency because such economies are ranked as a major importer of fossil fuel resources. This means, pollution and emission rates in subsequent economies are increasing with the passage of time. The spontaneous fintech growth and financial inclusion, natural resource volatility and increasing economic activities in China have triggered vicious climate challenges. Therefore, the study intends to explore the relationship between fintech, financial inclusion, green finance, natural resource rent and environmental quality in China over the time period of 1998–2022. Using ARDL technique, it was found that fintech, financial inclusion and green finance enhance environmental quality, whereas natural resource rents are responsible of degrading environmental quality. Therefore, Chinese authorities should use resources related to green finance to facilitate fintech industry. Besides, blending fintech solutions such as NFTs and cryptocurrencies with traditional financing for environmental sustainability, there is also a need to establish standard laws and procedrues for these products.",ARDL; Financial inclusion; Fintech; GDP; Sustainable development,2024,17,10.1016/j.resourpol.2024.105102,Cen Y.,Resources Policy,2-s2.0-85196761206
Fintech and Islamic banking growth: new evidence,"Purpose: The purpose of this study is to evaluate the global developments in the area of fintech solutions by analyzing Islamic and Conventional banks core accounting and market analysis IFIs and their impact on financial inclusion within its core markets. Design/methodology/approach: The authors collect and analyze annual accounting and market Data of the top ten largest Islamic banks and the top ten US Conventional banks, in terms of Total Asset and Market Capitalization, from Bloomberg Data. Findings: The analysis of Bloomberg data shows higher risk-return for Islamic banks–except ROE Market measure that we suggest-than US conventional banks. Nonetheless, Islamic banking grew faster than conventional banking over the period 2006–2021. As a business model, we find that Islamic banks take more credit with more than seventy percent of their profit from loans, while US conventional banks struggle to reach seventy percent interest rate ratio. The authors’ research documents that Fintech and digitalization are driving Islamic finance growth during financial and economic downturns. Research limitations/implications: FinTech data is not available for banks, further insights of analysis on FinTech and Innovations in the banking sectors. Practical implications: Islamic banks continuously innovate to satisfy the users of their services and Fintech is opportune to innovation. This study could be interesting for both practitioners and academics wishing to understand and compare Islamic and conventional banking futures. Social implications: The authors compared two banking systems, the US and Islamic Banks, which could be useful for users to differentiate between those banking operations. Originality/value: The authors collected accounting and market data from Bloomberg of top 10 Islamic and top 10 US Conventional banks from 2006 to 2021 to examine Risk-Return, Growth and Business Model of those banks. The authors propose a new Risk-Return measure ROE-Market and its volatility.",Financial institutions; FinTech; Growth; Innovation; Risk/return,2022,17,10.1108/JRF-03-2022-0049,Sidaoui M.,Journal of Risk Finance,2-s2.0-85139625782
"Evaluating the influence of IT governance, Fintech adoption, and financial literacy on sustainable performance","Purpose – This study examines the interconnections between information technology (IT) governance, Fintech adoption and financial literacy, evaluating their collective influence on the sustainable performance of financial institutions. Focusing on Bangladesh’s digital evolution, it aims to provide insights into how institutions can effectively embrace digital transformation while ensuring financial inclusion and long-term sustainability in a rapidly changing financial landscape. Design/methodology/approach – This study used a survey method to gather data from banking employees in Bangladesh. A total of 437 responses were obtained from employees across six state-owned banks, of which 391 valid responses were used for model testing. The data analysis was conducted using the PLS-SEM approach, with SmartPLS 4 and SPSS 23 used to ensure the robustness and accuracy of the results. Findings – The findings reveal that Fintech adoption, IT governance and financial literacy significantly contribute to the sustainable performance of financial institutions. The study confirms that strong IT governance enhances both Fintech adoption and institutional sustainability, while higher financial literacy positively influences both Fintech adoption and sustainable performance. These results underscore the interconnected roles of these factors in promoting long-term success and competitiveness within the financial sector. Originality/value – This study advances the understanding of IT governance, Fintech adoption and financial literacy as key drivers of sustainable performance in financial institutions. It offers helpful insights for organizations and policymakers, repositioning IT governance as a proactive innovation enabler and emphasizing the necessity of robust governance structures and enhanced financial literacy to promote sustainable growth in a digital environment.",Financial literacy; IT governance; Structural equation modelling; Sustainable performance; Technology-organization-environment,2026,17,10.1108/SEF-10-2024-0672,Hossain M.N.,Studies in Economics and Finance,2-s2.0-105003817279
The key role of the financial regulation in fintech ecosystem: A model validation,"The objective of this research is for describing the key role of financial (FinTech) regulation to manage the risks, keep-up the balance and stability of FinTech ecosystem from the highest impact of risks' in this industry. FinTech lending has grown rapidly in recent years in many countries and becomes a promising business model in the future, because it is a disruptive innovation to today's financial and banking markets. The rapid development of FinTech lending due to the use of internet-based mobile application platforms, so that it is easily accessible by anyone and anywhere, it encourages an increase in lending to the customers, however credit risk (although absorbed by lenders or investors, still indirectly affects the platform operators), experienced an increase due to non performing loan or NPL. The increase in NPL is an important concern for FinTech lending industry stakeholders, and if it is not addressed it will disrupt the FinTech ecosystem, let alone cause systemic risk, it will be the toughest disturbance in the stability of the FinTech ecosystem, considering that the risk of FinTech lending has a significant influence on the FinTech ecosystem, so that if the level of risk increases, it affects the FinTech ecosystem, this condition requires the key role of financial (FinTech) regulation that can mitigate risk, because financial (FinTech) regulation has a very strong correlation or relationship, so that it can mitigate the risks faced. Another key role of financial (FinTech) regulation is to strengthen the FinTech ecosystem, with new elements needed by the industry and encourage the industry to develop the concept of ecosystem-based risk management in this industry, because it is believed that this concept can mitigate risk as well. Fundamental risks in the FinTech lending industry include: (i) credit risk, (ii) operational risk and (iii) liquidity risk, meanwhile pandemic risk is a new element that is also being investigated, the results of the study show that pandemic risk has a positive correlation with start-up FinTech companies, this means that a pandemic still allows this industry to develop and grow. Financial (FinTech) regulation as a key role is supported by 2 (two) main rules, namely (i) regulatory and (ii) supervisory and 2 (two) complementary provisions to strengthen regulations related to IT process support, namely big data analytics, automation & robotics and FinTech consumer protection agency. The FinTech ecosystem also needs to be strengthened, with new elements needed to exist, such as credit insurance institutions that stand alone and are separated from traditional financial institution element and FinTech consumer protection agency.",Financial (FinTech) Regulation; FinTech; FinTech Ecosytem; FinTech P2P Lending; Risk (Pandemic Risk-Covid 19 Risk),2021,17,10.25115/eea.v39i12.6239,Arkanuddin M.F.,Estudios De Economia Aplicada,2-s2.0-85120503300
Exploring FinTech trends in Jordan: insights from the post-COVID-19 era,"Purpose: This study aims to investigate how the COVID-19 pandemic has impacted the growth of FinTech within the Jordanian context. Specifically, it examines the antecedent factors influencing users’ intentions to adopt and use FinTech services during this unprecedented period. Design/methodology/approach: A quantitative research method approach with partial least squares-structural equation modelling was used to test the research proposed model. Findings: The results of the structural path revealed that the drivers of behavioural intentions to use FinTech services are perceived usefulness, perceived self-efficacy, perceived vulnerability, subjective norms, perceived severity, perceived certainty and resistance to use and these factors explain 79.5% of the variance of behavioural intention. Research limitations/implications: This study identifies key factors for FinTech acceptance in Jordan, offering actionable insights for policymakers and service providers. Building user trust in service and technology (security, effectiveness and transparency) is crucial, alongside leveraging social influence (testimonials, endorsements) and boosting awareness/knowledge through campaigns and educational initiatives. This study identifies key factors for FinTech acceptance in Jordan, offering actionable insights for policymakers and service providers. Building user trust in service and technology (security, effectiveness and transparency) is crucial, alongside leveraging social influence (testimonials, endorsements) and boosting awareness/knowledge through campaigns and educational initiatives. This study’s generalizability is limited by its sample, drawn from three Jordanian regions and dominated by potential users. Comparing actual and potential user perceptions, alongside including users from diverse contexts (e.g. other developing countries), could address this. In addition, using qualitative methods alongside the quantitative approach and exploring indirect relationships (mediating/moderating) would provide richer insights into FinTech acceptance in Jordan. Originality/value: While prior research has explored FinTech adoption, including studies conducted in Jordan, this study makes several key contributions. Firstly, it specifically examines FinTech trends within the post-COVID-19 era in Jordan, a period marked by accelerated digital transformation and evolving user behaviours. Secondly, it extends existing models of FinTech adoption by incorporating “perceived self-efficacy, perceived vulnerability, subjective norms, perceived privacy, perceived severity, perceived value, perceived certainty and resistance to use”, in addition to the established factors of “perceived usefulness and ease of use”. This expanded model provides a more holistic understanding of the drivers and barriers to FinTech adoption in this context. Finally, this research provides empirical evidence from the Jordanian market, offering valuable insights for financial institutions and policymakers seeking to promote FinTech adoption and financial inclusion in a developing economy undergoing rapid digital change. This focus on the post-pandemic Jordanian context, combined with the extended theoretical model, offers a novel contribution to the literature.",COVID-19 pandemic; Financial technology; FinTech growth; Information technology; Innovative technologies; Technology acceptance,2025,17,10.1108/FS-09-2022-0097,Al-Okaily M.,Foresight,2-s2.0-86000571497
"Unveiling the nexus: unravelling the dynamics of financial inclusion, FinTech adoption and societal sustainability in Malaysia","Purpose: This study aims to examine the impact of perceived benefits-risk dynamics on financial inclusion, the factor driving fintech adoption, the mediating effects of financial inclusion on perceived benefit-risk dynamics and fintech adoption, and the societal sustainability effects of fintech adoption. Design/methodology/approach: This study used a quantitative study with 258 respondents in Sarawak, Malaysia. PLS-SEM was used to investigate the associations. Findings: This study suggests that only non-monetary benefits and regulatory risks significantly influence financial inclusion. In addition, financial inclusion acts as an intermediary for non-monetary benefits and regulatory risks. Besides, a direct relationship exists between financial inclusion and fintech adoption, as well as between fintech adoption and societal sustainability. Research limitations/implications: This model explores a few benefits and risks. Also, technological and legislative changes may alter research outcomes. Besides, this study only samples Sarawak, Malaysia. Therefore, country-specific factors, including technology infrastructure, financial services accessibility and cultural variations, may affect participant responses. This study offers a novel perspective on fintech by including Valence, Public Good and Sustainable Information Society theories. Practical implications: Financial inclusion’s non-monetary benefits must be emphasised to remove barriers and meet user requirements. Fintech firms should also work with authorities to comply with regulations and help marginalised populations by prioritising sustainability. Social implications: Fintech growth requires innovation, consumer protection and fair competition. Fintech firms can enhance financial inclusion to address inequalities (SDG10). Governments and fintech solutions should incorporate financial and digital literacy into education (SGG4). Originality/value: Financial inclusion, fintech adoption and societal sustainability are examined using emotional, sociological and societal sustainability aspects.",Financial inclusion; Fintech; Public good theory; Sustainability; Sustainable information society theory; Valence theory,2025,17,10.1108/JFRA-12-2023-0791,Hiew L.C.,Journal of Financial Reporting and Accounting,2-s2.0-105001092322
Blockchain use cases revisited: Micro-lending solutions for retail banking and financial inclusion,"While blockchain technology is commonly considered potentially disruptive in various re-gards, there is a lack of understanding where and how blockchain technology is effectively applicable and where it has remarkable practical effects<sup>[1]</sup>. Against this background, we present and discuss a case study at length on the impact of this technology in the concrete setting of small short-term loans in retail banking. We propose to banks a robust and scalable blockchain technology with proof of stake and limited energy consumption used to streamline their processes, resulting in lower transaction and administration costs. This is made possible by smart contracts. Thereby, we facilitate small scale lending at high frequencies and short-term duration as well as an easier and more efficient way to connect small borrowers and lenders.",Asymmetric information; Blockchain; Design science; Fintech; Microfi-nance; Smart contracts,2021,17,10.21078/JSSI-2021-001-15,Hoffmann C.H.,Journal of Systems Science and Information,2-s2.0-85104182445
Information and Communication Technology Adoption and Life Insurance Market Development: Evidence from Sub-Saharan Africa,"As part of the Fourth Industrial Revolution (4IR), blockchain, fintech (financial technology), and insurtech (insurance technology) are some innovations that have been rolled out in the financial landscape and have captured the imaginations of policymakers and scholars alike. The African continent lags in embracing technology and is still grappling with financial access and enhancing financial inclusion. As such, it is bewildering whether African insurance markets are at a stage where they can leverage the possibilities offered by the 4IR. Against this backdrop, the aim of the study was to investigate whether information communication technology (ICT) adoption influences the development of African life insurance markets. We utilised a sample of 31 sub-Saharan African countries for the period 2005–2020. Panel data techniques were employed, and the pooled ordinary least squares, fixed effects, and random effect estimators were used to test the relationship between life insurance density and the measures for ICT adoption (proxied by fixed telephones, internet use, mobile cellular telephones, and broadband) as well as financial freedom being the control variable. We found that the life insurance market development variable was positively related to three of the four ICT adoption variables, namely, fixed telephone, mobile cellular telephone, and broadband. Further, the life insurance market development variable is positively related to the financial freedom variable. These findings suggest that ICT adoption fosters the development of the life insurance market in Africa. The findings also lend credence to the view that the degrees of financial freedom of insurance companies (who are unencumbered by regulations) have a bearing on the levels of insurance sales and, hence, promote life insurance access in Africa. The policy imperatives that flow from this study are that African governments must ensure that they (1) institute ICT adoption-friendly policies and (2) regulate the life insurance sector optimally, in order to foster the development of their life insurance sectors.",Fourth Industrial Revolution; ICT adoption; insurtech; life insurance; life insurance market development; sub-Saharan Africa,2022,17,10.3390/jrfm15120568,Sibindi A.B.,Journal of Risk and Financial Management,2-s2.0-85144680231
Fintech innovation for financial inclusion: can India make it?,"Purpose: The purpose of this study is to examine the key research question, which is whether fintech innovation for financial inclusion has been successful in India? As fintech has been popular in many countries, there is very little understanding on how successful it has performed in India for financial inclusion. This research attempts to ravel important factors that may or may not have a direct or indirect impact on fintech innovation for financial inclusion, thereby dissecting the empirical data to reveal important information for the reader. Design/methodology/approach: This study covers a comprehensive literature review, from which key variables are discovered, then develops hypotheses to be examined, followed by proposing a research model. The survey data examines important research instruments for fintech inclusion in India, identifying and measuring factors, leading to partial least squares (PLS) model testing. Finally, the key findings are reported. Findings: The findings reveal that fintech innovation from variables such as users experience and motivation for digital payments drives usefulness and ease of use leading to financial inclusion. The security, trust, transparency and customer support when built into the fintech innovation for digital payments influences perceived ease of use (PEOU) and usefulness that mediates to uplift financial inclusion directly. Whereas perceived usefulness (PU) anchoring happens to be a precursor for the financial inclusion. On the contrary, cultural values for fintech innovation through PEOU and usefulness had no impact whatsoever on financial inclusion, thus demystifying cultural influences as non-influential factor. Research limitations/implications: Research limitations are that the study was conducted in India, and may not be generalised in other countries; however, it can be modified to fit future research. Survey data captured was from a particular region of South India, which may differ from the rest of the country. The sample size and research period were adequate; however, larger data sets would be more meaningful for longitudinal studies. As India is the second most populous country in the world, a comparison with other similar countries of the same size and geographical location will be useful for future research. Practical implications: This research reveals that financial inclusion is much more complex than previously known and that the penetration of fintech has the capacity to go deeper and include a large number of people into the mainstream financial system and ameliorate the inequities in urban-rural gender and caste. The user’s experience, culture and motivations positively influenced the usefulness and ease of use for driving the financial inclusion of digital payments. Further security, trust, transparency and customer support can facilitate the use of central bank digital currency (CBDC) as a tool for financial inclusion. Social implications: Fintech innovation for financial inclusion is based on the successful acceptance of the digital payment system by people in the society. This research has identified that for any fintech innovation, it is essential that society needs to benefit from it. Encouraging a larger population to switch to digital payments offer challenges and opportunities. While the opportunities are enormous research suggests that early adopters of new technology go through different phases of testing, in which a society can completely accept an innovation or can completely reject an innovation if the two mediating factors such as PU and ease of use do not perform as predicted, thus having a higher failure rate. On the other side, if such an innovation as fintech becomes successful it has the capacity to bring billions of people into mainstream financial inclusion, a success story that can greatly benefit the Indian society and which can be replicated among other countries in the world. Originality/value: To the best of the authors’ knowledge, this study is the first attempt in an effort to understand the influential factors from the point of view of users for the adoption of CBDC for financial inclusion. The main contribution of this paper is to examine the role of CBDC as an instrument to foster financial inclusion in India, which has not been attempted so far. The originality also lies to the heart of the research is dissecting and making meaningful sense of the empirical data, developing and measuring research instruments and hypotheses and finally adopting a PLS model to answer the key research question, which is whether fintech innovation for financial inclusion can be successful for India?",Central bank digital currency; Digital payments; Financial inclusion; Fintech; Innovation,2025,17,10.1108/IJAIM-07-2023-0168,Sandhu K.,International Journal of Accounting and Information Management,2-s2.0-105003776266
BARRIERS IN ADOPTION OF FINTECH BY STREET VENDORS AND HAWKERS IN INDIA USING INTERPRETIVE STRUCTURAL MODELING,"The adoption of financial technology (fintech) has the potential to make banking and financial services more accessible and convenient for all, but there are significant barriers preventing the adoption of fintech by street vendors and hawkers in India. This study aims to identify and analyse the barriers to fintech adoption using interpretive structural modelling (ISM). The research identified nine key barriers to fintech adoption, including perceived risk, lack of trust, lack of perceived benefit, social influence, lack of awareness, cash culture, lack of literacy, perceived ease of use, and lack of financial literacy. The study utilizes ISM to develop a hierarchy of these barriers and their interrelationships. The findings suggest that to promote the adoption of fintech, it is essential to build trust and awareness of fintech services through education and outreach programs. This research provides a comprehensive understanding of the barriers to fintech adoption among street vendors and hawkers in India and offers insights into how these barriers can be overcomed. The study contributes to the development of strategies that can help promote the adoption of fintech among marginalized populations and advance financial inclusion in India.",digital payments; e-commerce; fintech; hawkers; Interpretive Structural Modeling; online banking; street vendors,2024,16,10.3846/btp.2024.19208,Bakhshi P.,Business Theory and Practice,2-s2.0-85192823014
Lessons from Remarkable FinTech Companies for the Financial Inclusion in Peru,"Financial inclusion, defined as the adequate access and usage of formal financial services to improve people’s lives, is a crucial area for the economic development of a country through its various angles. This paper analyzes the impact of selected FinTech companies on financial inclusion in their respective countries to obtain lessons of their business models and country environments that can help Peruvian financial inclusion. The selected FinTechs are M-PESA in Kenya, Nubank in Brazil, GCASH in the Philippines, and Easypaisa in Pakistan, which revolutionized the financial sector in their respective countries. However, a comparative study of their impact on financial inclusion in their respective country has not been conducted yet; therefore, the lessons obtained are helpful for the Peruvian situation due to their practical implications and because they raise possible areas for further and deeper research. The approach of this study considered a qualitative and quantitative method (to find a Pearson correlation between the percentage of the population of Country (A) that are users of FinTech (a) and the six selected demand-side indicators per country retrieved from the Global Findex Database) analysis to understand the results obtained. The results obtained indicate that M-PESA and GCASH, companies specialized in providing basic mobile money transactions such as remittances and withdrawals, did not impact the provision of other financial services such as savings or credit cards. In Easypaisa’s case, this company positively impacts the studied indicators, probably due to its original partnership with a microfinance institution. Regarding Nubank, despite its remarkable growth in the last years, the company does not affect financial inclusion in Brazil yet. Nonetheless, after its recent expansion to provide more financial services, future research could assess the impact of this company on Brazilian financial inclusion.",business economics; Easypaisa; financial inclusion; FinTech’s; GCASH; international business; M-PESA; mobile money; Nubank; remittances emerging markets,2022,16,10.3390/jrfm15020062,Velazquez P.V.,Journal of Risk and Financial Management,2-s2.0-85130503258
Dreaming like a market: The hidden script of financial inclusion in China's P2P lending platforms,"In the past ten years, Chinese people of different social strata have swarmed into the peer-to-peer (P2P) lending industry as lenders and borrowers. Meanwhile, stories have circulated across the media about desperate investors who lost their life savings on these lending platforms, many of which turned out to be Ponzi schemes. Based on fifteen months of fieldwork, this article presents a failed yet influential social experiment of digital finance in the world's largest developing economy. This article examines the morality of the P2P market by observing how the aspirational public script of financial inclusion is maintained and experienced through a hidden technological script that alienates the notion of “peer.” This article argues that the morality of the market is not only about “seeing” and judging from a distance but also about “feeling” and managing the moral boundaries and intersubjective distances between actors. These altered distances restructure interpersonal responsibilities and sustain the dreams and imagination that shape financial subjects on an unconscious level. The article expands the concept of market relationality beyond direct interactions between actors and uncovers the inherent tensions within the dream of financial inclusion. It examines the fantasy of beneficial technology in shaping market morality and the unintended consequences it produces.",China Dream; Credits and Debts; Financial Inclusion; Financial Technology; Morality of Markets,2021,16,10.1002/sea2.12200,Rao Y.,Economic Anthropology,2-s2.0-85154546115
Digital finance and SME financial inclusion in Africa,"Purpose: This study examined the impact of digital finance on SME financial inclusion in Africa. Design/methodology/approach: The study obtained data from the International Monetary Fund's Financial Access Survey and World Development Indicators covering the period from 2011 to 2022. Heteroskedastic panels corrected standard errors (HPCSE) and feasible generalized least squares regressions were employed in the analysis. Findings: The findings indicate that digital finance (volume and intensity) significantly improves SME financial inclusion in Africa. Research limitations/implications: Due to the paucity of data, the study covered only 17 African countries over 12 years (2011–2022). Practical implications: The findings imply the need for African central banks and other relevant regulatory bodies to establish effective regulations mandating Deposit Money Banks and other financial institutions to operate agent banking. This would facilitate access to financial services for SME owners. Such measures could financially include more unbanked SME owners, especially those in rural areas. Moreover, these initiatives must be strongly supported by introducing user-friendly digital financial technologies and registering more financial technology (fintech) companies. Social implications: Implementing necessary measures to enhance access to digital financial services for SMEs in Africa is likely to reduce unemployment and poverty and contribute to the economic growth and development of the region. Originality/value: This study provides empirical evidence showing how digital finance affects SME financial inclusion in Africa.",Africa; Digital finance; Financial inclusion; SMEs,2025,16,10.1108/AJEMS-08-2023-0323,Umar U.H.,African Journal of Economic and Management Studies,2-s2.0-85195804783
A bibliometric analysis of the review papers in finance: Evidence from the last two decades,"We apply bibliometric analysis to the review papers published in the finance domain, considering 264 review and qualitative studies. The approach applied in this study involves using review studies published in finance literature from 2000 to 2022, predominantly aiming at the pedigree of such papers and unfolding the renaissance experienced by such papers in recent years. We apply bibliometric analysis to know the most influential countries, authors, institutions, and journals publishing review papers. Results of the study identified four literature review clusters: The first cluster is related to ‘corporate finance and financial markets’, the second cluster combines the studies related to ‘financial innovations and Fintech’, the third cluster is related to ‘social finance and financial inclusion’, and finally, the fourth cluster combines the studies related to ‘CSR and corporate governance’. We conclude that the bibliometric analysis and literature review papers are critical for identifying and highlighting the emerging problems in finance and motivating future academics to pursue further investigations and provide solutions.",bibliometric analysis; Biblioshiny; finance literature; literature review; VOS viewer,2024,16,10.1002/rfe.1197,Rabbani M.R.,Review of Financial Economics,2-s2.0-85191800758
Is the relationship between financial technology and credit risk monotonic? evidence from the brics economies,"This study employed the panel ARDL (1, 1) pooled mean group, mean group and dynamic fixed effect estimators to investigate the relationship between financial technology (Fintech) and bank credit risk measured in terms of nonperforming loan to total loan (NPL) among the BRICS (Brazil, Russia, India, China and South Africa) economies over the 1995-2018 period. The study made a novel contribution to Fintechs' data series by generating an indicator for Fintech using the principal component analysis. The findings reveal a consistent result with previous studies that both macroeconomic and bank-specific factors drive credit risk. We also found a non-linear relationship between Fintechs and credit risk. The U-shaped relationship between Fintechs and NPL revealed that BRICS economies face a dampening impact of Fintech on NPL to a certain threshold after which further adoption of Fintechs will significantly raise credit risk. The robustness checks of the dynamic panel Generalized Methods of Moments (GMM) and the fixed effect models also revealed a consistent conclusion. We recommend the optimization of the right Fintech adoption with bank collaboration among the BRICS economies.",Bank-specific factors; BRICS economies; Credit risk; Financial technology; GDP growth; Macroeconomic factors,2020,16,10.18488/journal.aefr.2020.109.999.1011,Okoli T.T.,Asian Economic and Financial Review,2-s2.0-85091941684
Information Effect of Fintech and Digital Finance on Financial Inclusion during the COVID-19 Pandemic: Global Evidence,"The lockdown restrictions during the COVID-19 pandemic led to increased interest in Fintech and digital finance solutions, and it gave people an incentive to join the formal financial sector by owning a formal account. People became interested in information about Fintech and digital finance solutions, and it led them to search the Internet to obtain information about Fintech, digital finance, and financial inclusion. In this study, we investigate whether interest in Internet information about Fintech and digital finance led to interest in Internet information about financial inclusion during the COVID-19 pandemic. Using global data that capture interest over time, we found that interest in information about Fintech was greater in developed countries while interest in information about financial inclusion was greater in developing countries during the pandemic. Interest in Fintech information was strongly correlated with interest in financial inclusion information during the pandemic. Interest in Fintech information had a significant positive effect on interest in financial inclusion information during the pandemic. There is a unidirectional causality between interest in Fintech information and interest in financial inclusion information during the pandemic. The implication of these findings is that interest in Fintech information is an important determinant of interest in financial inclusion information.",COVID-19; digital finance; financial inclusion; financial innovation; financial technology; Fintech; Google Trends; information; Internet; pandemic; web search,2024,16,10.3390/fintech3010005,Ozili P.K.,Fintech,2-s2.0-85191290372
Unveiling financial inclusion dynamics: Fintech's resonance in Association of Southeast Asian Nations (ASEAN),"This article examines the determinants of financial inclusion in the Association of Southeast Asian Nations (ASEANs), with a particular focus on the role of financial technology (fintech). We constructed an extensive and up-to-date Global Financial Inclusion database (2011, 2014, 2017, and 2021) to generate 26,185 observations for seven ASEAN countries over a decade, and conducted a separate case study for Singapore, the region's most financially developed member. The results reveal that financial inclusion and financial technology have experienced robust growth in ASEAN but to varying degrees amongst the member countries. Fintech has a significant impact on financial inclusion over the specified period. The relationship between age and financial inclusion follows an inverted U-shaped pattern, with the turning point occurring between the ages of 29 and 45. Surprisingly, gender does not appear to be a determining factor. These results align with the aspirations of ASEAN policymakers to promote financial inclusion in line with the sustainable development goals.",age threshold; ASEAN; financial inclusion; fintech; global findex; SDGs,2025,16,10.1002/ijfe.2963,Ha D.,International Journal of Finance and Economics,2-s2.0-105002571438
"Integrating financial literacy, regulatory technology, and decentralized finance: A new paradigm in Fintech evolution","This study investigates the implications of the interaction of financial literacy, regulatory technology, and decentralized finance applications for financial sector development. A two-step analytical regression approach on EViews 10 was used, which performs a one-factor analysis for each variable to identify the individual impact of each factor. A linear FMOLS approach was used to evaluate the cooperative effect of integration. The methodology was implemented on a dataset comprising 2,880 observations from 23 financial institutions in Jordan. The findings support the hypothesized dynamic interrelations between the essential Fintech factors relevant to the sustainable development of the financial sector, including significant and insignificant factors with the impact of inflation, which provides an adequate understanding of Fintech's evolution. Additionally, the outcomes consider post-2017 regulatory changes that reflect the role of supervision and regulation for the financial sector's flexibility and efficiency. Therefore, the results reveal the essential contribution of integrating decentralized finance applications, financial literacy, and regulatory technology to the development of Jordan's financial sector. Financial literacy serves as a facilitator, regulatory technology is a compliance enabler, and decentralized finance applications are driving forces of innovation and financial inclusion, ensuring a robust and sustainable financial ecosystem. It is shown that the interaction of factors forces the sector's development, reflecting the world's trend in digital inclusion and viable financial development.",blockchain; Central Bank of Jordan (CBJ); financial sector development; fintech ecosystem; smart contracts,2024,15,10.21511/imfi.21(2).2024.17,Mustafa J.A.,Investment Management and Financial Innovations,2-s2.0-85194225586
The Rise of FinTech and the Journey Toward a Cashless Society: Investigating the Use of Mobile Payments by SMEs in Oman in the Context of Vision 2040,"This study investigates the factors that affect the adoption of mobile payment systems in Oman, focusing specifically on small and medium-sized enterprises (SMEs) within the expanding FinTech landscape. By utilizing secondary sources of data from the Central Bank of Oman and global FinTech reports, this research identifies essential enablers, such as security features and ease of use, which are propelled by developments in FinTech solutions. It also addresses the obstacles, such as high transaction fees and issues with authentication, that impede SMEs from embracing these technologies. Through an examination of worldwide FinTech adoption patterns, this research offers perspectives on Oman’s progress toward becoming a cashless society. This study employs sophisticated statistical techniques, including histograms and correlation analysis, to reveal significant trends in the rates of mobile payment adoption. The results emphasize the necessity for cooperative efforts among regulators, financial entities, and FinTech developers to minimize costs, strengthen digital infrastructure, and enhance user experiences. These findings are consistent with Oman’s Vision 2040, which aims to foster financial inclusion and propel the country’s shift toward a robust, digitally oriented economy powered by FinTech innovation.",Apple Pay; FinTech; Google Pay; mobile payment; Oman Vision 2040; small and medium-sized enterprises (SMEs),2025,15,10.3390/admsci15050178,Al Ghunaimi H.,Administrative Sciences,2-s2.0-105006485742
Digital financial inclusion and urban-rural disparities,"This study explores whether digital financial inclusion acts as an equalizer or a divider in reducing China's urban–rural economic disparities. Using provincial panel data from 2011 to 2022, we employ multiple empirical methods to investigate the relationship between digital financial inclusion and regional income gaps. Baseline regression results indicate a significant negative association between digital finance and the urban–rural income gap. Dimensional decomposition reveals that usage depth has a stronger convergence effect than coverage breadth, emphasizing that access must be matched by effective use of digital services. Mediation analysis identifies industrial structure upgrading as a key transmission mechanism, suggesting that digital finance promotes convergence by enhancing both immediate financial service accessibility and longer-term economic transformation. Threshold regression analysis indicates that the equalizing effects of digital financial technologies are somewhat more pronounced in regions with lower foreign investment penetration and innovation capacity, challenging assumptions about the necessity of high absorptive capacity for technological benefit. To further ensure the validity of our results, we address endogeneity concerns through instrumental variable regression, propensity score matching, and the Heckman two-stage model. The core findings remain robust across all approaches. Additionally, heterogeneity analysis reveals that the impact of digital finance on narrowing urban–rural disparities is particularly strong in western provinces and in regions north of the Hu Huanyong Line, where traditional financial barriers are most evident. Together, these findings highlight digital financial inclusion as a convergence-promoting force, particularly in less developed areas, and provide practical guidance for policy interventions aimed at reducing regional income gaps and promoting inclusive growth.",Digital financial inclusion; Industrial structure upgrading; Innovation capacity; Threshold effects; Urban-rural disparities,2025,15,10.1016/j.iref.2025.104563,Huang Z.,International Review of Economics and Finance,2-s2.0-105016483366
Rating manipulation and creditworthiness for platform economy: Evidence from peer-to-peer lending,"Credit rating provides essential information on a project's credit risk to both lenders and borrowers. On exploring over five million lending listings from a leading peer-to-peer (P2P) lending platform, a mismatch phenomenon was observed between credit rating and default probability of P2P listings across different credit rating groups, despite controlling for common credit-related characteristics. Further looking into the misevaluation of credit risk, it was found that this phenomenon was more pronounced when an unexpected intervention was likely to be applied in rating projects, such as listings with high credit ratings, large loan amounts, and less personal information. The study results question the credibility of related research that uses internal credit ratings, because this variable is likely to be manipulated by the platform.",Credit risk; Financial inclusion; Fintech; Peer-to-peer lending; Rating manipulation,2022,15,10.1016/j.irfa.2022.102393,Sha Y.,International Review of Financial Analysis,2-s2.0-85140098193
The role of bank–FinTech partnerships in creating a more inclusive banking system,"FinTech firms are often viewed as competing with banks. Instead, more recently, there has been increased partnership and collaboration between FinTech firms and banks. These partnerships have allowed banks to access more information on consumers through data aggregation, artificial intelligence/machine learning (AI/ML) and other tools. This paper explores explore the demographics of consumers targeted by banks that have entered into such partnerships. Specifically, the paper tests whether banks are more likely to extend credit offers (by mail) and/or credit originations to consumers who would have otherwise been deemed high risk, either because of low credit scores or lack of credit scores altogether. The paper uses data on credit offers based on a survey conducted by Mintel, as well as data on credit originations based on the Federal Reserve’s Y-14M reports. Additionally, the paper analyses a unique data set of partnerships between FinTech firms and banks compiled by CB Insights to identify the relevant partnerships. The paper concludes that banks are more likely to offer credit cards and personal loans (and grant larger credit limits) to the credit-invisible and below-prime consumers after the FinTech partnership period. Similarly, it finds that FinTech partnerships result in banks being more likely to originate mortgage loans (and grant larger loan amount) to nonprime homebuyers. Overall, the paper concludes that bank/FinTech partnerships could help to move towards a more inclusive financial system.",alternative data; credit invisible; financial inclusion; FinTech; FinTech partnership,2024,15,10.21799/frbp.wp.2023.21,Chernoff A.,Journal of Digital Banking,2-s2.0-105043633052
Factors Influencing FinTech Adoption Among Bank Customers in Palestine: An Extended Technology Acceptance Model Approach,"This study examines FinTech adoption in the Palestinian banking sector, highlighting its role in driving innovation, improving customer satisfaction, and ensuring competitiveness. Using an extended Technology Acceptance Model (TAM) and SmartPLS 4.0 software for structural equation modeling, the research investigates factors influencing FinTech adoption among Palestinian bank customers. Findings show high adoption rates, with nearly half of customers also using non-bank FinTech services. While most prefer FinTech solutions from their banks, many are open to switching providers for better service, convenience, or pricing. Brand strength, trust, and awareness significantly impact perceptions of ease of use and usefulness. Customers trust bank-provided FinTech for precision and reliability but remain concerned about security. A lack of customer awareness highlights the need for targeted educational campaigns. These insights confirm the selection of an extended TAM framework as being an appropriate analytical tool in the Palestinian banking sector, incorporating brand, trust, and awareness alongside ease of use and usefulness. It emphasizes the need for banks to innovate, strengthen security, and enhance awareness efforts to retain and attract customers in a competitive landscape.",awareness; banking; brand; extended technology acceptance model; financial inclusion; FinTech; Palestine; trust,2025,15,10.3390/ijfs13010011,Hurani J.,International Journal of Financial Studies,2-s2.0-105001235708
The Impact of FinTech Adoption on Traditional Financial Inclusion in Sub-Saharan Africa,"This study investigates the impact of FinTech adoption on traditional financial inclusion in 22 countries in sub-Saharan Africa (SSA). The study utilizes the World Bank’s World Development Indicators data and the International Monetary Fund’s Financial Access Survey data. This study employed Principal Component Analysis (PCA) to construct the dimensions of traditional financial inclusion and the overall financial inclusion index. Applying the Generalized Method of Moments estimation technique to annual data spanning from 2004 to 2022, the findings show that FinTech has a negative and statistically significant effect on the geographic and usage dimensions. However, it has a positive and statistically significant impact on the demographic dimension and the overall traditional financial inclusion index. These findings indicate that FinTech does not have a detrimental impact on traditional financial inclusion, which is contrary to the findings of other studies. Therefore, in order to enhance the degree of financial inclusion in SSA, it is important for traditional financial inclusion to effectively utilize FinTech.",FinTech; Generalized Method of Moments; Principal Component Analysis; traditional financial inclusion,2024,15,10.3390/risks12070115,Kamara A.K.,Risks,2-s2.0-85199579271
Developing a financial technology (FinTech) adoption scale: A validity and reliability study,"The aim of this study is to develop a FinTech adoption scale since no valid and reliable specific FinTech adoption scale is available in the literature. The research sample was 406 individual financial service users over 18. The construct validity of the scale was examined by EFA and CFA. The EFA results discovered a five-dimensional (perceived utility, trust, perceived ease of use, attitude towards FinTech, and social impact) structure. The CFA results also confirmed the results of EFA. In reliability analysis, the Cronbach's Alpha coefficients and, composite reliability measures were quite high and above the limit of 0.70. This study pioneers the literature as proposing a guiding robust scale to measure individuals' fintech adoption. The findings offer important implications for policymakers as policymakers may use this tool to create targeted policies that will improve financial inclusion and innovation while preserving the stability of global financial ecosystems.",Adoption drivers; Financial innovation; Financial technology; FinTech adoption; FinTech Service; Technology adoption,2024,15,10.1016/j.ribaf.2024.102344,Durak İ.,Research in International Business and Finance,2-s2.0-85190715091
Social networks and technology adoption: Evidence from mobile money in Uganda,"Innovative financial technologies are becoming a pathway to inclusive economic participation for individuals and firms. This paper presents evidence on how individuals’ decisions to adopt such technology, particularly mobile money, relate to the adoption choices of their network of family and friends. Using the Uganda Financial Inclusion Insights (FII) Tracker Survey for 2013, we find that mobile money adoption decisions are closely linked to the network of an individual’s family and friends. Networks are defined in two ways: by the source of information on mobile money services and by the average number of adoptions in one’s neighbourhood. Like many other studies, we find a positive correlation between mobile money adoption and the adoption decisions of one’s network. The correlation persists across the different measures of networks and even when we control for unobservable (neighbourhood fixed effects) characteristics. However, the magnitude of the point estimates decreases as the model becomes saturated. Despite having more mobile money users than adopters in our sample, we do not find evidence that networks can stifle technology adoption due to the possibility of piggybacking on early adopters within the network.",information network; mobile money adoption; social ties; Uganda,2021,15,10.1080/23322039.2021.1913857,Mukong A.K.,Cogent Economics and Finance,2-s2.0-85104365285
Shadow economy and financial stability from the perspective of finance digitalization,"Digital financial technologies create a basis for forming new concepts for studying the prerequisites for the emergence of the shadow economy, the search for mechanisms to counteract illicit financial flows, and ensuring financial stability in the country. The article aims to assess the degree of connections between the shadow economy, financial stability and finance digitalization using the principles of cognitive modelling. The empirical study proved that the current status of development of digital finance and financial strength in Ukraine is sufficient for a significant reduction of shadow operations in the economy, namely to the level of 14.43% of GDP, which is 55.8% less compared to the average annual value for the period 2005-2021 years. It is advisable to implement a set of measures aimed at increasing the volume of the cashless economy; reducing non-performing loans; optimization of banking infrastructure; encouraging citizens to use online banking; reduction in the level of fictitious direct investments.",digital; economic growth; financial inclusion; financial services; illicit financial flows; shadow economy,2024,15,10.14254/2071-8330.2024/17-2/10,Bozhenko V.,Journal of International Studies,2-s2.0-85199770750
Effect of financial inclusion and fintech on the effectiveness of Indian monetary policy: an empirical investigation,"Purpose: Fintech plays a prominent role in augmenting the financial inclusion of the population and increasing the money supply, which calls for the intervention of monetary policy. This article is an attempt to examine the relationship between the financial inclusion, fintech and monetary policy effectiveness of the Indian economy, within the framework of wealth creation and transmission mechanism through the cost of capital. Design/methodology/approach: On the quarterly data retrieved from multiple sources, autoregressive distributed lagged regression is used to examine the relationship between different variables as explained in four set models; after which the Toda–Yamamoto causality test is employed to capture the direction of the relationship. Findings: The study finds a positive relationship between financial inclusion, fintech and inflation taken as a proxy for Monetary Policy Effectiveness (MPE) in the short as well as in the long run. However, the relationship between fintech and inflation is negative once the cost of capital is included in the models. The causality test exhibits the uni-directional causality from fintech to MPE and MPE to financial inclusion. Bi-directional causality exists between wealth and MPE. Similarly, bank rate and interbank rate are bound by bi-directional causality. Research limitations/implications: Being financially included facilitates ease and boosts public access to more financial services and credit, leading to increased demand and hence inflation. Hence government and regulators need to take mindful measures to enhance the fintech development and financial inclusion to make the monetary policy effective. Originality/value: As per the author's best knowledge, this is the first study to examine the relationship between fintech, financial inclusion and monetary policy effectiveness in the context of the Indian economy.",ARDL bounds testing model; Financial inclusion; Fintech; Inflation; Monetary policy effectiveness,2023,15,10.1108/IJSE-01-2023-0034,Mittal R.,International Journal of Social Economics,2-s2.0-85161401727
DETERMINANTS OF BEHAVIOR INTENTION TO ADOPT PEER-TO-PEER LENDING SERVICES AMONG INDONESIA MSMES,"An alternative for Micro Small and Medium-Sized Enterprises (MSMEs) against the barriers of financial inclusion is peer-to-peer (P2P) lending services. Despite its effectiveness in advancing financial inclusion, the factors that influence its adoption among MSMEs are unique. The purpose of this study is to analyze the factors influencing the intention of Indonesia MSMEs to adopt P2P lending services using the unified theory of acceptance and use of technology (UTAUT) 2 model. The results of this study show that five variables significantly affect MSMEs including performance expectancy, social influence, price value hedonic motivation, and effort expectancy. Meanwhile, the result shows that the factors of facilitating conditions and habits were not significant. This study contributes a reflective insight on the determinants of the P2P lending adoption among MSMEs in a developing country.",Financial inclusion; financial technology; MSMEs; peer-to-peer; structural equation modeling; UTAUT2,2023,15,10.33736/ijbs.5633.2023,Solihat I.,International Journal of Business and Society,2-s2.0-85158906711
Uncovering the themes and trends in crowdfunding research using Latent Dirichlet Allocation,"Crowdfunding (CF) has become a significant force in the entrepreneurial landscape, offering an innovative alternative to traditional financing channels for startups and projects. As the field expands, it is crucial to systematically analyze the existing literature to identify key themes, patterns, and emerging areas of interest. To achieve this goal, this study investigates the CF literature using latent Dirichlet allocation (LDA)-based topic modeling based on 1,678 publications extracted from the Scopus database. The review reveals significant growth in CF research, with top journals spanning diverse disciplines. Eight main topics are identified, including CF campaign success and financing, donation-based CF, social effects of CF, entrepreneurial projects and rewards in CF, financial and fintech aspects of CF, CF project success and performance, P2P lending models and credit risk assessment, and equity CF and venture capital. Several research directions are suggested for each topic to advance the CF field. The theoretical and practical implications are also discussed. To the authors’ best knowledge, this study represents the first systematic analysis of the CF literature using the LDA approach, offering a comprehensive and up-to-date overview of this field and highlighting emerging areas of interest and potential research directions.",Crowdfunding; Entrepreneurship; Equity crowdfunding; Fintech; Latent Dirichlet Allocation,2025,14,10.1007/s11301-024-00427-y,Rejeb A.,Management Review Quarterly,2-s2.0-85190547587
FinTech literature reviews: A hybrid approach,"Using a hybrid literature review incorporating the TCCM (Theory, Context, Characteristics, Methodology) framework in bibliometric analysis, this study maps 68 Financial Technology (FinTech) literature reviews from top-ranked ABDC-listed journals, to reveal significant growth and scholarly attention since 2018. While highlighting influential journals and authors, it provides insights into different theories, contexts, characteristics, and methodologies adopted by researchers. India and the United States lead contributions, while the United Kingdom garners the highest citations. Network analysis unveils five thematic clusters, highlighting regulatory issues, blockchain, innovation, financial inclusion and sustainability topics. Future research should integrate FinTech with ESG, Islamic finance, and financial inclusion.",Bibliometric analysis; Blockchain; FinTech; Innovation; Literature review; TCCM,2025,14,10.1016/j.frl.2025.107249,Pandey D.K.,Finance Research Letters,2-s2.0-105001819434
"Financial inclusion, technologies, and worldwide economic development: A spatial Durbin model approach","Using panel data from 144 countries, this study constructed an inclusive financial evaluation index and depicted the inclusive finance development worldwide under digital empowerment through classification. It reviewed the spatial effect of financial inclusion in developed and developing countries by throwing light on demand, supply, and regulatory factors via the spatial Durbin model. The mediating and regulatory effects model examines the transmission mechanism of financial inclusion with a focus on financial literacy, scientific and technological levels, and regulatory quality. The results show that the level of financial inclusion in developed countries is significantly higher than in developing countries. The economic level of developed countries positively impacts financial inclusion in their countries and neighbouring ones. Enhancing financial literacy, science and technological level, and supervision quality improve the development of inclusive finance. While the economic level and urbanization rate in developing countries inhibit the development of financial inclusion, countries with lower economic development and urbanization rates have a greater incentive to develop digital financial inclusion. The improved economic development in developing countries favours financial inclusion in countries nearby. Moreover, financial literacy plays a positive moderating role in the effect of digital finance on financial inclusion. The technology level can exert a transmission effect on financial inclusion through an elevated level of digital finance. The impact of regulatory quality on financial inclusion can be conveyede by creating a stable economic and financial environment and improving economic development levels. This study expands the theoretical research on constructing an inclusive finance evaluation system and its impact mechanism. It provides essential decision-making references for governments, relevant decision-making departments, financial institutions and financial technology enterprises to develop inclusive finance.",Digital enabling; Financial inclusion; Influence mechanism; Spatial spillover effect,2025,14,10.1016/j.jfds.2025.100155,Song X.,Journal of Finance and Data Science,2-s2.0-85218881746
"The role of fintech, mineral resource abundance, green energy and financial inclusion on ecological footprint in E7 countries: New insight from panel nonlinear ARDL cointegration approach","This main objective of the study is to examine the impact of green energy, financial inclusion, fintech, and mineral resource abundance on the ecological footprints (EFP) of the top seven emerging economies. The research mainly explores the role of mineral resource abundance and fintech advancements in promoting environmental sustainability, while also analyzing the benefits of green energy in reducing ecological footprints in E7 countries. This research employed the panel Nonlinear ARDL approach to gain a deeper understanding of positive and negative variations of the data of E7 countries from 2000 to 2020.The study employed the robust and second-generation panel unit root test to enhance the understanding of the estimated model. There are many benefits to using these most robust second-generation techniques; such as they possess an ability to recognize patterns and correlations in panel data. In addition, these second-generation tests provide enhanced estimators in comparison to first-generation methods. To ensure utmost precision and to ensure reliability and validity of the data analysis, the authors have employed process underwent comprehensive testing with both CIPS and CADF. Furthermore, the HASIO test is used to evaluate uniformity in data. The findings of the study reveal that green energy has a significant and complex relationship with the ecological footprint, indicating that investments in green technologies can have immediate beneficial effects on environmental quality, albeit with varying impacts over time. Financial technology emerges as a pivotal factor with both positive and negative shocks displaying a substantial influence on the ecological footprint, suggesting that technological advancements in the financial sector can lead to sustainable economic practices that are crucial for environmental health. The results of the study imply that strategic investments in green energy and innovative financial technologies are essential for achieving the SDGS, particularly SDG 7 (Affordable and Clean Energy) and SDG 13 (Climate Action). The results of the study further imply that these investments not only reduce the ecological footprint but also promote sustainable economic growth in emerging economies, demonstrating the interconnectedness of economic advancement and environmental stewardship.",And SDG 13; E7; Ecological footprint; Fintech; Green energy and financial inclusion; Mineral resource abundance; SDG 7,2024,14,10.1016/j.resourpol.2024.105083,Huo S.,Resources Policy,2-s2.0-85194769956
Understanding factors to digital wallet discontinuance intention among past users: an exploratory study,"Purpose – This exploratory study aims to investigate and identify the factors influencing discontinuance intention among past users of local digital wallets in Brunei Darussalam. Design/methodology/approach – This study uses a mixed-method approach that integrates quantitative and qualitative research method. An online survey is distributed via widely used social media platforms, using purposive sampling to target previous users of local digital wallets. Structured questionnaires capture demographic data, whereas open-ended inquiries delve into reasons for discontinuation. Descriptive analysis will extract the demographic profiles of the samples. Inductive thematic analysis, guided by Braun and Clarke's framework, will extract and analyze qualitative responses to unveil emergent themes. Data saturation, anticipated beyond 12 responses, will signify sample adequacy. Findings – Demographic profiles based on gender, age and payment preferences of discontinuers supplement the justification for identified themes influencing digital wallet discontinuation in Brunei Darussalam. These themes include “Acceptability Challenge, ” highlighting limited vendor acceptance; “Financial Management and Security Issues, ” revealing concerns over impulsive buying behavior and security robustness; “Limited Benefits, ” referring to short-term interest driven by promotional benefits; “Technological Inertia, ” emphasizing reluctance to change from conventional payment methods and “Technical Challenges, ” encompassing internet connectivity and operational functionality issues. Research limitations/implications – This study acknowledges few limitations, including a limited number of respondents, comprising majorly of the younger age groups and females. Self-reported data usage introduces potential response bias, impacting result validity. The qualitative approach limits comprehensive understanding, suggesting validation through quantitative correlational studies. Additionally, the cross-sectional design restricts insight into the dynamic nature of digital wallet discontinuance in Brunei, suggesting the need for longitudinal studies. Practical implications – The findings of this study offer valuable insights for digital wallet providers, policymakers and businesses operating within the realm of Brunei Darussalam. By tackling pertinent issues such as vendor acceptance, financial security and promotional incentives, stakeholders can effectively improve user experiences and mitigate intentions of discontinuing usage. Recommended strategies encompass the enlargement of vendor networks, the implementation of stringent security measures and the customization of promotional campaigns. Furthermore, comprehending demographic inclinations enables the tailoring of offerings, thereby fostering enduring adoption rates. Social implications – This study’s findings hold social significance for financial inclusion, technological literacy and consumer empowerment in Brunei Darussalam. Overcoming barriers to digital wallet adoption, such as limited vendor acceptance, promotes financial inclusion in the long run. Improved understanding of digital wallets enhances technological literacy and empowers users to make informed decisions. By catering to diverse demographic needs, stakeholders can promote social equity and ensure widespread access to digital payment benefits, thus positively impacting Brunei Darussalam’s socioeconomic landscape. Originality/value – This study contributes to the existing knowledge gap on digital wallet discontinuance in Brunei Darussalam. By uncovering key themes and factors influencing past users’ decisions, it advances understanding in the context of postadoption dynamics. The study provides valuable insights for local and global fintech adoption strategies.",Brunei Darussalam; Developing economy; Digital wallet; Discontinuance intention; Financial technology,2026,14,10.1108/JSTPM-01-2024-0005,Sait M.A.,Journal of Science and Technology Policy Management,2-s2.0-85188167278
"Dynamic connectedness and portfolio strategies: Insights from fintech, robotics, renewable energy, and green bonds in China","This study investigates the dynamic interactions between fintech, robotics, renewable energy, and green bonds in China's market, focusing on sectoral spillovers, their determinants, and optimal portfolio strategies. While prior research has often examined these sectors in isolation, their interconnected dynamics within China's green finance framework remain underexplored. Employing an extended joint connectedness approach and quantile regression techniques, this study analyzes the interdependencies among these sectors and evaluates the influence of macroeconomic factors, including Chinese sovereign credit risk, the Yuan-Dollar exchange rate, and global volatility indices. The findings highlight fintech's fundamental role in return transmission and the robotics sector's pronounced sensitivity to external shocks. Moreover, the study demonstrates the feasibility of a minimum connectedness portfolio strategy, which optimizes investment outcomes by leveraging reduced intersectoral correlations during environmental policy shifts. These insights offer valuable guidance for investors, policymakers, and financial advisors, emphasizing the strategic importance of fostering cross-sectoral collaboration to drive technological advancement, job creation, and environmental sustainability in China's market.",Fintech; Joint connectedness approach; Minimum connectedness portfolio; Quantile regression; Renewable energy; Sovereign credit risk,2025,14,10.1016/j.jclimf.2025.100060,Naifar N.,Journal of Climate Finance,2-s2.0-85214302811
Islamic fintech: navigating the regulatory framework and promoting financial inclusion in Gulf Cooperation Council (GCC) countries,"Purpose: This study undertakes a comparative analysis of the regulatory framework for sharia-compliant financial technology (fintech) in Gulf Cooperation Council (GCC) nations. The purpose of this study is to identify the strengths and weaknesses of this regulatory framework as well as enhance opportunities and best practices. This study also investigates the potential impact of Islamic fintech on financial inclusion in the GCC nations. Design/methodology/approach: This study uses a qualitative research methodology, including semi-structured interviews with key stakeholders in the Islamic fintech industry, such as entrepreneurs, investors, regulators and policymakers. This study recruited interview participants from the Islamic fintech industry in GCC countries, including Saudi Arabia, United Arab Emirates, Bahrain, Oman, Qatar and Kuwait. Findings: This study’s main finding is that Islamic fintech has the potential to promote financial inclusion in GCC countries. According to this study’s findings, Islamic fintech provides a more ethical and accessible alternative to traditional banking services, particularly for individuals and businesses that are underserved or excluded from mainstream financial services. Practical implications: This study has practical implications for policymakers and regulators in GCC countries, providing valuable insights for promoting the growth and development of the Islamic fintech industry while ensuring that the regulatory framework is conducive to its growth. This study contributes to the broader literature on regulatory frameworks for fintech by highlighting the need for regulatory frameworks to adapt to technological advances in the rapidly evolving fintech field. Originality/value: This study derives originality and value from a comparative analysis of the regulatory framework for Islamic fintech in GCC nations and its prospective impact on financial inclusion.",Finance; Financial inclusion; GCC countries; Islamic fintech,2025,14,10.1108/JIMA-02-2023-0061,Kismawadi E.R.,Journal of Islamic Marketing,2-s2.0-85211120349
Crowdfunding and sustainable development: A systematic review,"This study employs bibliometric analysis to explore the evolving role of crowdfunding in financing sustainable development goals (SDGs). Analyzing 148 peer-reviewed articles (2014–2024), it identifies key trends, influential contributors, and thematic clusters in academic discourse. Findings reveal a surge in research post-2020, with a focus on entrepreneurial finance, environmental sustainability, and financial innovation. Equity crowdfunding and FinTech emerge as pivotal in bridging sustainability-related funding gaps. Cluster analysis highlights four major research areas: financial innovation's role in sustainability, crowdfunding's contribution to SDGs (especially post-COVID-19), microfinancing and financial inclusion for SMEs, and ESG integration in entrepreneurial finance. Despite these advances, significant research gaps remain, particularly the need for longitudinal studies to assess the long-term impacts of crowdfunding on sustainability, as well as a deeper understanding of the ethical implications surrounding governance and backer protection on crowdfunding platforms. This study contributes to the growing body of literature on sustainability-oriented crowdfunding by offering a detailed roadmap for future research and practical implications for scholars and practitioners alike.",Alternative finance; Crowdfunding; SDGs; Sustainability; Sustainable development; Sustainable development goals,2025,14,10.1016/j.frl.2025.107220,Carè R.,Finance Research Letters,2-s2.0-105000227805
Transforming developing economies by shifting paradigms beyond natural resources. The fintech and social dynamics for sustainable mineral policy,"This study aims to develop a comparative analysis of fintech and social structure with the conventional drivers of economic growth and natural resource utilization to highlight their contribution to the SDGs-2030 transition. For this purpose, a dataset of the sub-Saharan African region was selected between 2010 and 2022. The advanced econometric FGLS method, along with other necessary forecasting parameters, was adopted for the empirical analysis. The observed outcomes confirmed that African economies are “resource dependent” and social factors integration following the “Socio-Technical Systems” theory. Furthermore, study outcomes confirmed the “institutional theory” of the positive impact of social structures on the sustainability process. Moreover, fintech infusion in the system proved “stakeholder theory” that digital-led-financial solutions facilitate stakeholders’ and influence sustainable mineral extraction and development. These outcomes suggest that social and unconventional factors emerged as highly significant features in this process. Thus, fintech and social factor integration offer a pathway to enhance financial inclusion in African economies, drive sustainable development, and integrate African mineral markets with the global economy. However, this requires rigorous efforts from public authorities, financial institutions, and civil society to foster innovation, while ensuring that the benefits are widely and equally distributed.",Fintech; Green finance; Mineral policy; Natural resource consumption; Social globalization,2024,14,10.1016/j.resourpol.2024.105086,Hasan M.M.,Resources Policy,2-s2.0-85194331398
The pyrrhic victory of FinTech and its implications for achieving the Sustainable Development Goals: evidence from fieldwork in rural Zambia,"Purpose – This study investigates the possible effect of mobile money services, which forms part of FinTech, in achieving the Sustainable Development Goals (SDGs). Design/methodology/approach – This study uses field data from the Chongwe district of Zambia. The data were collected in 2019. Findings – The findings strongly suggest that (1) the factors that hinder access to credit and savings by the poor do not simply recede following the adoption of mobile money services and (2) that mobile money is not a silver bullet of ending financial exclusion but merely a tool which contributes to other financial inclusion strategies. Practical implications – This study argues that mobile money is winning the battle but losing the war – implying that the service is mainly used to transfer funds (OTC transactions) among users. Originality/value – This is the first study to have been conducted in Zambia to assess the possible contributing effect of FinTech (mobile money) on SDGs.",Financial inclusion; FinTech; Mobile money; Sustainable development goals; Zambia,2020,14,10.1108/WJSTSD-06-2020-0058,Chikalipah S.,World Journal of Science Technology and Sustainable Development,2-s2.0-85133747979
Local digital lending development and the incidence of deprivation in Kenya,"In the developing world, vulnerable communities often lack access to regular income sources to cope with unforeseen events. Recent advancements in financial technology have enabled microcredit to be delivered via digital platforms. Although digital credit may quicken remote access to consumer credit without the need for collateral, little is known about its contribution to the welfare of underserved communities. This study examines the effects of local digital lending development on deprivation and explores the implications of these effects on rural inhabitants. The results show a negative association between local digital lending development and food deprivation on one hand and health deprivation on the other. The evidence suggests that local digital lending development can reduce the probability of food and health deprivation. Furthermore, the evidence reveals that inhabitants of rural communities benefit more from digital lending development. This study recommends the decentralization of financial inclusion policies as a pathway to promote digital lending at the local level.",Deprivation; Digital lending; Fintech; Microfinance,2023,14,10.1186/s40854-023-00507-0,Tetteh G.K.,Financial Innovation,2-s2.0-85168467357
Does mineral resource consumption reduce by energy transition and fossil fuel energy intensity? Moderating role of financial inclusion and digitalization,"This research examines the nexus of energy transition, energy intensity, and mineral resource consumption in the top five Asian economies (China, India, Korea, Thailand, and Japan) from 1992 to 2021. It also examines the moderating effect of financial inclusion and digitalization in reducing the dependence on mineral resource consumption. Using Cross-Sectional Autoregressive Distributed Lag (CS-ARDL) model, the findings reveal a significant negative impact of the green energy transition on mineral resource consumption over the short run, unlike the findings in the long run, signalling a simultaneous reduction in dependence on mineral resources. This reduction is attributed to heightened research and development and the discovery of alternative materials and technologies. It optimizes material usage in clean energy and promotes a sustainable approach. The outcomes also explored the moderating effects of digitalization and financial inclusion. Financial inclusion negatively influences mineral resource consumption, representing access to capital for eco-friendly technologies and reducing reliance on mineral resources. A positive and significant impact of energy intensity on mineral resource consumption highlights the energy intensity needed to curb overall mineral resource consumption. The study further employs the Augmented mean group (AMG) estimation as a robustness check. It reveals that the moderating effect of digitalization is having an insignificant impact on mineral resource consumption. While financial inclusion significantly moderates, reducing mineral resource consumption in the short run. The government should incentivize green energy adoption through subsidies, tax incentives, and research grants to foster renewable energy development, promoting environmental sustainability and reducing reliance on finite resources.",Digitalization; Energy transition; Financial inclusion; Fintech; Fossil fuel intensity; Mineral resources,2024,14,10.1016/j.resourpol.2024.105055,Sun N.,Resources Policy,2-s2.0-85193991868
Financial Technology Solutions for Financial Inclusion: A review and future agenda,"Objective-This research aims to review the extant literature and the contribution of digital technology (DT) in financial inclusion (FI). In this study, researchers attempted to suggest some directions to policymakers towards furthering the initiatives for financial inclusion. The objectives are to explore user behaviour for technology adaptation of financial transactions. Design/ Methodology-A systematic literature review was conducted by using a method suggested by Cook and West (2012). The articles were selected between 2001 to 2020. Keywords such as ‘digital technology’ and Financial Inclusion (FI) were chosen for study. Full text articles in English language from SCOPUS, Web of Science and Google scholar were considered. A conceptual framework has been suggested based on the literature review, which can help future researchers to examine the current issues and challenges in the financial technology and digital technology field. Findings/Conclusion-The overall review of existing literature available on the topic signifies that digital technology is the driver of FI and economic growth. However, there are some gaps noted on which future studies can focus. Originality/Contribution/Value-In the literature review, research papers deal with problems, factors, and gaps in the use of digital technology. Thus, there is a need for more research on this topic. It is a unique study in the context of emerging economies.",conceptual framework; Digital payment; Digital technology; financial inclusion; financial literacy; financial technology; literature review; Mobile payment,2022,14,10.14453/aabfj.v16i5.11,Neelam ,Australasian Accounting Business and Finance Journal,2-s2.0-85141744163
Bank financial capability on MSME lending amid economic change and the growth of Fintech companies in Indonesia,"This paper studies ten years (2008-2018) of annual financial data from four state-owned banks, macroeconomic data and data from the financial technology (Fintech) industry using ratio analysis, dynamic estimation and common size statements analysis. The study also considers the analysis of independent attributes, for example, GDP growth, interest rates and Fintech lending capacity and capability that could affect the financial performance of the banks. Moreover, this research emphasizes that competition with Fintech companies could affect banks' performance and the capacity to supply loans which bring the diminishing of banks' capability to disburse their loans, especially to MSMEs. In general, the results show that most of the banks are still capable of increasing lending capacity to MSMEs as mandated by the regulation in the short term. However, in the long term, the intention is moving slowly and tends to decrease, possibly due to the dynamics of economic growth and the development of financial technology companies. In particular, this study avails the strategy and policy that banks should be taking, for example, determining the risk management on capital invested in the long run amid the uncertainty of the economic situation, as reported previously in the long run as the GDP growth affected the MSME financing. Our research also contributes to the improvements of the banks' credit management, the effectiveness of loan distribution, and explains the repercussion of the Fintech lending on MSME. For instance, as mentioned in the analysis, this study suggests that the observations might have significant implications on further investigation on the prioritization of the strategy that optimally used to solve the issues on the allocation of funds by making collaboration between the bank and Fintech companies. In addition, this study is expected to raise concern about financial inclusiveness amid the development of the digital economy. Overall, this research supplies some insights into the evaluation process of banking sector's financial performance and the impact of macro-economy and digital economy through Fintech on the bank lending services towards MSMEs, including analysis contributing to decision-makers in making correct decisions.",Bank Lending; Economy; Financial Technology; Micro Small Medium Enterprise Loan,2020,14,,Wibowo M.,Thailand and the World Economy,2-s2.0-85093892679
DO BLACK FINTECHS MATTER? THE LONG AND WINDING ROAD TO DEVELOP INCLUSIVE ALGORITHMS FOR SOCIAL JUSTICE,"Racism in the financial sector is a complex global phenomenon involving intertwined social, economic, and digital systems. Credit denial rates for Black applicants suggest that financial systems have assimilated racial discrimination into their algorithms and credit scoring tools. Considering that digital tools incorporate their developers’ life experiences and perspectives, and in view of the low representation of the Black community in the digital startup universe, it is evident that even well-meaning fintechs are reproducing racial bias in their technology-intensive business models. In this paper, we investigate how three Black-owned Brazilian fintechs design and use inclusive algorithms to decrease persistent social injustice involving racial financial inclusion. We combine the concept of sociotechnical reconfiguration, taken from the South American tradition of “tecnologia social” (social technology), with the three core concepts of Nancy Fraser’s theory of social justice—representation, recognition, and redistribution—to analyze the process by which Black-owned fintechs develop their particular solutions for combating racial bias. We found that pressured by the need to be profitable, the lack of capital to develop their own credit scoring tools, and the low profile maintained by the Black community ecosystem, Black-owned fintechs focus on a sort of affirmative experimentation to gradually create original digital solutions aimed at achieving social justice in the financial system.",Algorithm racial bias; Black-owned fintechs; financial inclusion; social justice; tecnologia social (social technology),2024,14,10.25300/MISQ/2024/18288,Diniz E.H.,MIS Quarterly Management Information Systems,2-s2.0-85208047790
Reimaging the mobile money ecosystem and financial inclusion of MSMEs in Uganda: Hedonic motivation as mediator,"Purpose: Mobile money is a service in which the mobile phone is used to access financial services. Thus, the mobile money platform should be user-friendly with hedonic features that are attractive and pleasurable to the users. The main purpose of this paper is to establish the mediating effect of hedonism in the relationship between mobile money adoption and usage and financial inclusion of micro small and medium enterprises (MSMEs) in Uganda. Design/methodology/approach: This study reports interesting findings by using data obtained from MSMEs located in northern Uganda. The structural equation and measurement models were generated in analysis of moment structures (AMOS) to answer the hypotheses of this study. Findings: The findings suggest that including hedonism in the model improves mobile money adoption and usage by 12.7 percentage points in order to promote financial inclusion of MSMEs in Uganda. Hedonism is found to affect mobile money adoption and usage, which in turn influences financial inclusion. Research limitations/implications: This study used cross-sectional data to document the mediating effect of hedonism in the relationship between mobile money adoption and usage and financial inclusion. The study analyzed mobile money adoption and usage, hedonism, and financial inclusion from the MSMEs owners' perspective. Future research could use relevant longitudinal data to verify multiple benefits of hedonism in enhancing mobile money adoption and usage as well as other potential digital financial technologies. Practical implications: This study categorically informs mobile telephone network operators and inventors of mobile money applications to invest more in developing pleasurable and user-friendly mobile money features that can attract more users. The digital financial services' application developers should design user-friendly mobile money applications that suit the needs of all users. This requires careful understanding of diverse attractive features of mobile money services. Originality/value: This study offers direction to developers of mobile money applications to design pleasurable and user-friendly mobile money platform with features, which are attractive to the different users. Particularly, it highlights the role of hedonic motivation in promoting adoption and use of mobile money technology to increase the scope of financial inclusion of MSMEs in a developing country like Uganda. Indeed, the novelty in this paper is grounded on a blend of financial technology and psychology to promote financial inclusion in under developed economies.",Financial inclusion; Hedonic motivation; Mobile money services; Mobile network operators; MSMEs; Northern Uganda,2021,14,10.1108/IJSE-09-2019-0555,Okello Candiya Bongomin G.,International Journal of Social Economics,2-s2.0-85115070428
Peer-To-Peer (P2P) Lending Risk Management: Assessing Credit Risk on Social Lending Platforms Using Textual Factors,"Peer-To-peer (P2P) lending platforms offer Internet users the possibility to borrow money from peers without the intervention of traditional financial institutions. Due to the anonymity on such social lending platforms, determining the creditworthiness of borrowers is of high importance. Beyond the disclosure of traditional financial variables that enable risk assessment, peer-To-peer lending platforms offer the opportunity to reveal additional information on the loan purpose. We investigate whether this self-disclosed information is used to show reliability and to outline creditworthiness of platform participants. We analyze more than 70,000 loans funded at a leading social lending platform. We show that linguistic and content-based factors help to explain a loan's probability of default and that content-based factors are more important than linguistic variables. Surprisingly, not every information provided by borrowers underlines creditworthiness. Instead, certain aspects rather indicate a higher probability of default. Our study provides important insights on information disclosure in the context of peer-To-peer lending, shows how to increase performance in credit scoring and is highly relevant for the stakeholders on social lending platforms.",Additional Key Words and PhrasesPeer-To-Peer (P2P) lending; credit risk; credit scoring; FinTech; risk management; social lending,2023,14,10.1145/3589003,Siering M.,ACM Transactions on Management Information Systems,2-s2.0-85172413994
"Unveiling the relationship between institutional quality, fintech, financial inclusion, human capital development and mineral resource abundance. An Asian perspective","Financial inclusion is crucial to subsidize economic adaption toward environmental challenges. It also promotes adjustability toward environmental perils in terms of financial needs. Thus, scholars have transposed their struggle to evaluate financial inclusion as a consoling attribute of environmental quality. Moreover, natural resources either as a curse or blessing still remains a predicament due to contradictory findings. Hence, the study intends to evaluate the impact of fintech, financial inclusion, institutional quality, and human capital on mineral resource rents in selected Asian economies during the pandemic and post-COVID time period. To examine the varying effects of explanatory variables across three quantile ranges MMQR technique was applied. Based on the preliminary findings, it can be deduced that the utilization of fintech and financial inclusion has the potential to decrease reliance on mineral resources. Similarly, the relationship between human development, institutional quality, and the level of dependency on mineral resources is observed to be negative. However, the magnitude of this impact differs across various quantiles. The findings indicate that the impact of fintech and financial inclusion is more pronounced at higher quantiles. The findings presented in this study provide significant and valuable policy recommendations. The said outcome is substantial and demands immediate interest of higher authorities of Asian region. The selected nations’ member must work together to form stable regional market that may provide enough control on energy and natural resources demand and supply.",Financial inclusion: human capital; Fintech; Institutional quality; Mineral resource rents,2024,14,10.1016/j.resourpol.2023.104521,Wang J.,Resources Policy,2-s2.0-85181129994
FinTech Adoption among Online Grocery Buyers during COVID-19 Lockdowns in Nepal,"FinTech has not only become a buzzword but also brought several business opportunities in the financial world, with the potential to increase financial inclusion, enhance people’s daily lives, and spur growth. The issue of online buyers’ knowledge about FinTech adoption has emerged from the rapid trend of digital technology in Kathmandu Valley. It also suggests that demographic variables (age and gender) and digital activity (internet experience and level of awareness) mitigate the major correlations. This paper aims to understand online grocery buyers’ prior knowledge imprint in FinTech adoption during COVID-19 lockdowns. An exploratory research design was adopted, and data were collected through structured questionnaires using both descriptive and inferential statistics with the help of structural equation modeling. We find that the most respondents are aged twenty-one to forty, showing that most youth are attracted to technological innovation in FinTech (e-commerce and e-banking). We find that two-thirds of online buyers in Kathmandu Valley are facing the challenge of FinTech adoption due to slow internet and lack of awareness about its applications. The structural equation modeling shows that six out of eight constructs are fit and validated with the model. Attitude has a significant effect on actual purchases, whereas trust does not play a partial mediating role between dependent and independent variables. The internet as a digital marketplace has become an important part of marketing strategy and customer-relationship management. Thus, internet issues should be solved immediately with stable connections by internet service providers.",buyer satisfaction; COVID-19 lockdowns; FinTech adoption; online grocery buyers; structural equation modeling,2022,13,,Maharjan P.,Journal of Private Enterprise,2-s2.0-85139905676
Management of financial institutions in Africa: Emerging themes and future research agenda,"The rise of the financial services sector in Africa over the last decade or so has been phenomenal, marked by significant advances in mobile money, and growing financial inclusion and profitability. However, there are significant gaps in the academic literature on the sector, as most recent studies have focused on the more technical aspects of economics, banking and finance, with little attention paid to the management of financial institutions, and the strategic behavior of financial services players. This special issue attempts to fill these gaps. In this introductory paper, we provide an overview of three important trends or thematic areas that the papers in the special issue address: the decline of foreign banks in Africa; the rise of pan-African banks; and how frugal innovation and fintech are shaping the future of financial services in Africa. We also outline three avenues for future research: historical perspectives on financial services; indigenous financial institutions; and mergers, acquisitions and strategic alliances.",financial institutions management; Fintech and Frugal Innovations; indigenous African financial institutions; Mergers & Acquisitions; Pan-African Banks,2019,13,10.1080/23322373.2019.1657766,Adeleye I.,Africa Journal of Management,2-s2.0-85073601437
Fintech-based financial inclusion and banks' risk-taking: the role of regulation in Sub-Saharan Africa,"Purpose: The study examines the role of regulation in the fintech-based financial inclusion (FBFI)–risk-taking nexus in the Sub-Saharan African (SSA) region. Design/methodology/approach: Using a sample of 10 countries in SSA over the period 2014 to 2021, the study employed the fixed-effect regression model and the two-step generalized method of moments (GMM) estimator. Findings: The results show that FBFI mitigates commercial banks risk-taking in SSA. But as FBFI progresses, the association takes the shape of an inverted U, increasing risks initially and decreasing them later on. Effective supervision and regulatory quality, in particular, are essential in moderating this relationship by offsetting the adverse consequences of FBFI in its early stages. Research limitations/implications: First, while our sample is limited to banks in ten SSA countries, future studies could extend the sample size, enabling more explicit generalization of the results. Second, the FBFI–bank risk nexus can be explored further by comparing diverse forms of fintech participation, such as fintech company investment, fintech technology investment, cooperation with specific fintech service providers and cooperation with Internet giants. Practical implications: Policymakers, banks and fintech companies should collaborate to certify the sustainable utilization of fintech tools to ensure financial inclusion. Policymakers should craft policies that encourage effective supervision and regulatory quality of fintechs since they reduce banks' risk-taking practices, which usually have positive effect on the economy. Originality/value: The study adds value to the debate on the role of regulation on the FBFI–risk-taking nexus, taking into account countries that are at different levels of development.",Bank risk; Financial inclusion; Fintech; Regulation; Sub-Saharan Africa,2024,13,10.1108/JEAS-11-2023-0304,Chinoda T.,Journal of Economic and Administrative Sciences,2-s2.0-85197919422
Economic sanctions against Russia: Assessing the policies to overcome their impact,"Starting from 2014 the European Union countries, the United States of America and some other states imposed economic sanctions against Russia, resulting in diversification of trade ties away from western partners (“pivot to the East” strategy). The mixed findings of recent sanctions literature related to their effectiveness and measures to overcome the negative consequences, has necessitated the examination of these issues for the case of anti-Russian economic sanctions. We use various macroeconomic data along with indicators of digital development and financial inclusion. The methodology comprises a combination of graphical, comparative, and correlation analysis. The analysis of external sector data shows that economic sanctions had substantial negative impact on trade and foreign direct investment with main senders. At the same time, the “pivot to the East” after 2014 has not been implemented yet as much as expected. To overcome negative impact of sanctions and to promote economic growth, the current diversification of ties should be accompanied by other measures, centred on digital development, digital financial technologies, and financial inclusion. We assess linkages between digital development and wealth inequality and we found that in most countries with moderate wealth inequality, including Russia, the digital transformation could bring more benefits in terms of economic growth, than in countries with lower wealth inequality. The overall study allowed us to examine digital policy implications to overcome the negative effects of sanctions in Russia. The obtained results will contribute to addressing the problem of optimisation of Russia's behaviour as a target country that is the subject of future research.",Commodity trade; Comparative analysis; Digital transformation; Economic growth; Economic sanctions; Financial inclusion; Foreign direct investment; Russia; Wealth inequality; “pivot to the east”,2020,13,10.17059/EKON.REG.2020-4-8,Belozyorov S.A.,Economy of Regions,2-s2.0-85100167684
Leveraging fintech mobile money to expand banks’ financial services in developing countries,"Mobile money consists of payments through mobile devices using Fintech platforms. Despite the accelerated mobile money adoption in developing countries, financial inclusion levels lag those in the developed world. We unveil how disruptive Fintech can foster financial inclusion, by examining a sample of nearly 70,000 observations from 70 emerging countries in 2021. Our results indicate that mobile money and its associated epidemic effects enhance the transition to deposit and credit-based financial services if institutional conditions and banks’ financial technologies are well aligned. This suggests that non-banks’ Fintechs can facilitate the uptake of financial services provided by conventional banks.",Digital finance; Epidemic effects; Financial inclusion; Financial technologies; Fintech; Mobile money; Non-bank finance institutions,2025,13,10.1016/j.frl.2024.106280,Aracil E.,Finance Research Letters,2-s2.0-85210105154
Advancing sustainability through financial inclusion and sustainable finance: a systematic literature review,"This study conducts a systematic literature review to examine the nexus between financial inclusion and sustainable finance, with a particular emphasis on emerging risks in the digital financial ecosystem. Employing the PRISMA methodology and bibliographic network analysis techniques, including citation network analysis and co-occurrence network of keywords, the review synthesises insights from 54 peer-reviewed publications indexed in Scopus. The findings reveal that financial inclusion significantly advances sustainability by enhancing access to financial services for underserved populations and promoting equitable economic participation. Digital innovations such as fintech, blockchain, and artificial intelligence are shown to facilitate this process, yet they concurrently introduce vulnerabilities, including cybercrime, fraud, and regulatory fragmentation. Islamic finance models, characterised by ethical and transparent financial practises, offer promising solutions for inclusive and secure financial systems. Two thematic clusters are identified: one centred on inclusive and ethical finance and the other on digital innovation in green and sustainable finance. The study underscores the need for integrated strategies that balance accessibility, technological advancement, and risk mitigation. Whilst the exclusive use of the Scopus database represents a limitation, this review contributes to a deeper understanding of how secure, inclusive, and sustainable digital financial systems can support global development goals.",Digital risks; Financial crime; Financial inclusion; Fintech; Sustainable development goals; Sustainable finance,2025,13,10.1007/s42521-025-00142-7,Mamun A.Y.,Digital Finance,2-s2.0-105008243517
National and International Financial Market Regulation and Supervision Systems: Challenges and Solutions,"The purpose of this original study is to critically analyse the emergence and development of the national models of financial regulation, international standards and codes, and regional and national financial regulation and supervision (for the cases of the UK, USA, Sweden, the EU, and Finland). The research raises both academic and regulatory concerns. The relevance and purpose of this research arise from a need for an academic analysis of the economic nature and classification of financial market regulation systems. They represent a theoretical justification for changes in the policies and supervisory practices of national and international regulatory authorities in response to innovations in financial technologies and instruments, digital products, and risks. Secondly, it will stimulate more systematic work on regulatory databases, registration, and reporting procedures in various economies in different financial markets. The author identifies five main systems of national financial regulatory markets: the multi-tiered, multi-agency US system, the twin peaks model (UK), and the mega-regulatory model (Sweden). There is a thorough review of the international standards and institutions that work for the stability of financial systems. The analysis of the regional and national systems of financial regulation and supervision is based on the examples of the EU and Finnish institutions. National macro- and micro-economic regulation and supervision have been examined, with a focus on the US Federal Reserve and the US Treasury. An important result of the study is the systematisation of the directions of the development of national and international regulatory institutions (since the 1980s). First, the minimum capital and credit risk requirements for banks (the 1980s) were complemented in the 21st century by buffer reserves, liquidity, and leverage standards. Second, regulation focuses on ensuring the sustainability of the national economy. The regulatory focus is on ensuring the sustainability of national and global financial systems. Third, there is an increase in the number of supervised institutions. Fourth, there is a division of the functions between central banks (macro-economic regulation) and one or two mega-regulators (micro-economic regulation and supervision). Fifth, there is a division of labour between the international financial institutions (BIS, IMF, and WB) and national regulators. Sixth, the focus is on protecting consumers and investors and countering money laundering and the financing of terrorism. Seventh, there is an understanding based on a common approach by central banks to new financial technologies and cybersecurity.",financial markets; national regulatory models; principles and methods of supervision,2023,13,10.3390/jrfm16060289,Shavshukov V.M.,Journal of Risk and Financial Management,2-s2.0-85163609974
"Reforming Islamic financial standards for inclusive and sustainable development: a Maturidi creed perspective on behaviour, equity and justice","Purpose: This study aims to investigate how Islamic financial standards can be reformed to better promote equity, justice and inclusion in support of sustainable development. Drawing upon the Maturidi creed, which emphasizes rationality, ethical conduct and moral responsibility, the research seeks to realign Islamic finance with the foundational objectives of Shariah, fostering a just and inclusive economic system. Design/methodology/approach: The research adopts a systematic literature review (SLR) following the PRISMA protocol, analysing peer-reviewed literature from 2012 to 2023. Text-mining techniques, including topic modelling and heatmap analysis using Python, were employed to uncover key themes and trends related to Islamic finance reform and its intersection with sustainable and inclusive development. Findings: The study identifies critical pathways for enhancing equity and justice within Islamic finance. Key themes include the role of Islamic FinTech in improving financial inclusion, the need for regulatory innovation to support underserved communities and entrepreneurs and the integration of Maqasid al-Shariah to ensure fairness and sustainability. The findings emphasize the behavioural transformation needed to shift from profit-centric capitalism towards a more inclusive and ethically grounded financial system. Research limitations/implications: This study is limited to secondary data and literature published between 2012 and 2023. Further empirical research is needed to validate these insights in diverse regional and institutional contexts. Practical implications: Policymakers and practitioners are provided with a faith-based yet forward-looking framework to reform financial systems, making them more inclusive and just. The integration of theological ethics into financial governance offers tools to combat inequality and promote responsible economic behaviour. Social implications: By advocating for values-driven financial practices, this research contributes to broader societal goals, including poverty reduction, equitable wealth distribution and social cohesion. It aligns closely with the United Nations Sustainable Development Goals (SDGs), particularly SDGs 1 (No Poverty), 8 (Decent Work and Economic Growth) and 10 (Reduced Inequality). Originality/value: This paper presents a novel interdisciplinary approach by bridging Islamic theology, behavioural economics and sustainable development. The use of the Maturidi perspective provides a unique ethical and rational foundation for reforming Islamic finance to better serve the goals of equity, justice and inclusion.",E4; Equity and justice; G2; Human behaviour; Islamic finance reform; K2; M14; Maqasid al-Shariah; Maturidi creed; SDGs; Z1,2025,13,10.1108/IJOES-04-2025-0186,Khandakar H.,International Journal of Ethics and Systems,2-s2.0-105007542961
A COMPARATIVE STUDY OF FINTECH PAYMENT SERVICES ADOPTION AMONG MALAYSIAN AND INDONESIAN FRESH GRADUATES: THROUGH THE LENS OF UTAUT THEORY,"The Covid-19 pandemic had changed the business model in various industries. Companies have switched to digital business processes in order to survive in this challenging situation. Financial Technology (Fintech), especially digital payment services, has become the most preferred solution for handling financial transactions in conditions of limited mobility and interaction. The phenomenal emergence of Fintech has captured the attention of the world and the Asian region, including Malaysia and Indonesia. Despite various benefits offered by Fintech, the adoption rate is still relatively low, especially for IT-savvy groups of fresh graduates in both countries. This comparative study aims to analyze the adoption of Fintech payment services in Malaysia and Indonesia using the UTAUT theory approach. The research measures the relationships between performance expectancy, effort expectancy, social influence, consumers’ trust, and national culture with the adoption of Fintech. Each indicator of national culture, such as individualism, power distance, uncertainty avoidance, masculinity and long-term orientation, was measured to see its relationship with the adoption rate. The quantitative method was employed, and the data were collected via an online survey of a total of 486 respondents. Using multivariate regression analysis, 57.9 % behavioral adoption of Fintech payment services both in Malaysia and Indonesia was explained through performance expectancy, effort expectancy, social influence, customer trust and national culture. The study revealed that performance expectancy and the cultural factor individualism had the highest effect on the decision to adopt digital payment services. This study contributes to the Fintech ecosystem in both countries by providing some recommendations to Fintech providers, financial institutions, and governments in policy making. It is also expected that the research will support the government’s goal to become a cashless society as a strategy to increase financial inclusion",Effort expectancy; Fintech; National culture; Performance expectancy; Social influence; Trust,2022,13,10.15587/1729-4061.2022.265662,Urus S.T.,Eastern European Journal of Enterprise Technologies,2-s2.0-85141804724
Can we trust machine learning to predict the credit risk of small businesses?,"With the emergence of Fintech lending, small firms can benefit from new channels of financing. In this setting, the creditworthiness and the decision to extend credit are often based on standardized and advanced machine-learning techniques that employ limited information. This paper investigates the ability of machine learning to correctly predict credit risk ratings for small firms. By employing a unique proprietary dataset on invoice lending activities, this paper shows that machine learning techniques overperform traditional techniques, such as probit, when the set of information available to lenders is limited. This paper contributes to the understanding of the reliability of advanced credit scoring techniques in the lending process to small businesses, making it a special interesting case for the Fintech environment.",C52; C53; Credit rating; Credit risk; D82; D83; Fintech; G21; G22; Invoice lending; Machine learning; Small businesses,2024,13,10.1007/s11156-024-01278-0,Bitetto A.,Review of Quantitative Finance and Accounting,2-s2.0-85195292575
Low-income consumers’ disposition to use automated banking services,"Automated banking services rely on the so-called fintech technologies. These technologies, however, represent an opportunity to enhance financial inclusion indicators among low-income customers. This paper aims to develop a new conceptual framework to analyse low-income consumers’ disposition to use automated banking services. The work consists of an omnibus study conducted in eight major cities of Colombia. A survey aiming to measure the disposition to use automated banking services as a function of technology disposition provided by bank firms was developed and validated with a sample of 483 Colombian low-income residents. An exploratory analysis was applied, estimating items variance and co-variance matrices. Sampling adequacy and assumption evaluation were evaluated through the Kaiser-Meyer-Olkin test, Tau-equivalence test, and homogeneous items test. Robust parameters were estimated via Structural Equation Modelling following the standards of reproducible research. Statistical, robust, and significant relationships between technology disposition and use of automated banking services in low-income Colombian consumers were confirmed, suggesting the potential success of deploying these services as a means to boost financial inclusion in this segment. This study provides fresh conceptual insights on low-income customers’ disposition to adopt and use ever-changing technologies for the financial and banking sector. It is among the first empirical studies that provide empirical evidence that breaks the stereotype that low-income customers are reluctant to use new technologies in the financial sector.",Automation; banking services; financial inclusion; low-income consumers; technology disposition,2022,13,10.1080/23311975.2022.2071099,Correa J.C.,Cogent Business and Management,2-s2.0-85130625462
"Blockchain financialization, neo-colonialism, and Binance","This article will look at the financial geographies and legacies of neo-colonialism to critique the emergence of blockchain financialization in the developing world. Blockchain “financialization” advances through the interplay of crypto imaginaries, new platform economies, and the trading infrastructure for highly leveraged financial products. The largest cryptocurrency exchange, Binance, has presented itself as a champion of the blockchain for development paradigm in Africa. Its success in the region relies on the use of community leaders, hackathons, and the lobbying of governments for regulatory concessions. Binance operates on two scales. Firstly, it is part of a fintech vanguard attempting to dismantle New Deal financial regulatory systems in the Global North (Omarova, Yale Journal on Regulation, 2019, 36, 735–793; Allen, H, DeFi: Shadow Banking 2.0?, 2022). Secondly, it as an agent of financialization in the developing world, promoting DeFi to map the speculative micro-financial practices of the Global South. Crypto and blockchain thus represent extensions of “subprime empire” (Schuster, Current Anthropology, 2021, 62, 389–411) in which marginal economic activities in fragile developing world contexts feed into the North-South extraction of value. This article will outline Binance’s forays into Nigeria as an example of the micro and macro scales of neocolonial finance and the interplay of infrastructure, territory, and the social imaginary in blockchain.",critical geography; cultural imperialism; cyber-libertarianism; financial inclusion; financialization; neo-colonialism; political economy,2023,13,10.3389/fbloc.2023.1160257,Jutel O.,Frontiers in Blockchain,2-s2.0-85177827167
IDEAL SELF-CONGRUENCE: NEOBANKING BY TRADITIONAL BANKS AND THE IMPACT ON MARKET SHARE - A CASE OF UAE BANKS,"Purpose: The aim of this study is to examine the effect of adopting neobanking on the market share of traditional banks in the UAE and test the influence of financial performance indicators on the banks' market share after the digital transformation. Theoretical framework: The financial service sector has been undergoing major transformation due to technological developments and innovations in terms of operating efficiency, client acquisition and organizational structure. Banks are accelerating digital transformation in an attempt to enhance digital presence, lower costs and gain market share. Neobanking is a recent innovation in the Fintech space that has disrupted the financial services sector. Design/methodology/approach: This study employs published data of quarterly financial statements from 2012- 2021. Chow Test was applied, with known structural breaks in the data, based on the implementation of neobanking and our results are based on pooled regression. Findings: The results reveal that neobanking has influenced the bank specific factors and those factors have affected the market share. NPL, ROE and NIM are critical for the market share with each variable affecting all banks contrarily. This paper further identifies that NPL and NIM has a favourable impact on the market share of only one bank. Cost efficiency has no effect on the market share of the banks in the period after launching neobanking. Research, Practical & Social implications: The study has important implications for the management of banks as the results affirm that structural changes made to adopt digital transformation by firms is the key to derive the favorable effects in terms of increased revenue, profitability and lower credit risk. Originality/value: Neobanking is the most recent disruptor in the financial services sector and effect of digitalization in banking sector is becoming the focus of literature of commercial banks. This paper provides insights into bank specific variables that impact financial performance after its digital transformation.",Market Share; Neobanking; NIM; NPL; ROE; Traditional Banks,2022,13,10.26668/businessreview/2022.v7i4.e779,Banerjee R.,International Journal of Professional Business Review,2-s2.0-85143737960
Bank FinTech and credit risk: comparison of selected emerging and developed countries,"Purpose – This paper aims to explore FinTech’s global impact in 40 countries, including the top 20 developing and developed nations, investigates FinTech’s complicated effects in emerging and mature economies, considering bank-specific characteristics, macroeconomic variables, market rivalry and technology. Design/methodology/approach – Fixed effect regression is used to examine the baseline model before adding the efficient generalized method of moments (GMM) model to resolve endogeneity-induced biases. The panel regression model requires an efficient GMM estimate and a linear panel model with non-linear moment conditions. This research also uses a sequential test for multiple breaks at unknown breakpoints, comparing F-statistics to critical values at various significance levels. Findings – The results show that NPL is substantially affected by prior NPL, with the preceding period’s greater NPL raising it and the two periods before decreasing it. Digital lending (DL) proportionally raises NPLs. Innovation-driven emerging countries have more NPLs and faster FinTech growth due to rapid adoption beyond restrictions. Rapid FinTech advances require stronger regulation for financial inclusion and economic progress in developing countries. Additionally, DL usage has remained steady due to gradual technology adoption, while digital capital raising has consistently grown, showing resilience to market shocks. Research limitations/implications – Due to FinTech’s quick innovation and legislative changes, conclusions should be applied cautiously. There may be gaps in the study on varied settings and long-term effects. Practical implications – FinTech credit expansion globally drives central banks and authorities to monitor economic conditions, advise monetary policies and resolve competitive and regulatory arbitrage concerns. Studies show digital banking’s reach into underprivileged communities helps mortgage financing. Financial firms using FinTech for credit risk management show a dedication to risk assessment and decision-making. The practical effects show that FinTech adoption, credit risk and financial inclusion have pros and cons in different economic circumstances. Social implications – As central authorities use FinTech data for policy decisions, there’s potential for enhanced financial inclusion, fostering social equity and empowerment. In economies with high financial exclusion, FinTech development becomes a catalyst for broader access to financial services. However, concerns about FinTech’s correlation with traditional banks underscore the need for robust regulatory frameworks to ensure fair competition and consumer protection. Striking a balanced approach to FinTech adoption can lead to a more inclusive financial landscape, positively impacting individuals and communities traditionally underserved by conventional banking systems. Originality/value – This research stands out in its comprehensive exploration of FinTech effect to the bank credit risk, delving into economic, regulatory and societal aspects. The focus on global FinTech credit expansion uniquely highlights the interconnected roles of central banks, regulatory authorities and financial institutions, outlining potential risks and benefits. The study’s nuanced analysis of FinTech’s impact on credit risk and financial inclusion provides distinctive insights, stressing the need for balanced adoption to foster inclusive economic growth. In essence, this research brings an original perspective to the intricate interplay between FinTech and global financial dynamics.",Bank credit risk; Bank FinTech; FinTech; Responsible finance; Sustainable finance,2026,13,10.1108/SEF-12-2023-0714,Anestiawati C.A.,Studies in Economics and Finance,2-s2.0-85217010019
Risk mitigation strategies in urban investment bonds: Insights from local government implicit debt governance,"Growing concerns surrounding urban investment bond (UIB) defaults in China necessitate a thorough examination of risk mitigation strategies. This study investigates the impact of local government implicit debt governance on UIB credit risk using a propensity score matching difference-in-differences (PSM-DID) approach. Our findings reveal that effective debt governance significantly reduces UIB credit risk, particularly for bonds issued by local government financing vehicles (LGFVs) with “high bargaining power”. However, financial technology development may obscure credit risks and dampen the positive effects of governance. Further analysis, grounded in the “financial potential energy” framework, highlights the mediating roles of asset extension and risk warranty. Comparing the 2014 ""Document No. 43"" with the 2018 debt governance policy, we find the latter to be more effective in mitigating UIB credit risk. This study offers valuable insights into the micro-level effects of local government debt governance and provides guidance for policymakers in managing credit risks.",Asset extension; Financial technology; Local government implicit debt governance; Risk warranty; Urban investment bond credit risk,2024,13,10.1016/j.strueco.2024.05.015,Wang L.,Structural Change and Economic Dynamics,2-s2.0-85194924700
Big tech credit score and default risk ——Evidence from loan-level data of a representative microfinance company in China,"Using a unique loan-level dataset from a representative microfinance company in China, this paper investigates the information spillover effect of big tech credit scores on microloan risk management. We analyze a quasi-natural experiment where the microfinance company integrated big tech credit scores into its loan decision-making process. Our findings indicate that incorporating fintech information into risk assessments significantly lowers the default rate for new borrowers compared to existing ones. This effect is more pronounced for borrowers with insufficient collateral, higher loan demand, and medium risk levels, as well as for branches with higher historical default rates. Additionally, we observe a slight reduction in approved loan amounts for borrowers with medium risk levels, suggesting that big tech information contributes to more prudent loan decisions in microfinance.",Big tech; Credit risk management; Microfinance,2023,13,10.1016/j.chieco.2023.102010,Dong Y.,China Economic Review,2-s2.0-85165612733
Prospects for institutionalization of crowdfunding: a developing country perspective,"Purpose: This study explores the adoption of crowdfunding in Pakistan, focusing on the challenges and opportunities within its unique entrepreneurial ecosystem. The research aims to provide insights into the regulatory mechanisms, stakeholder engagement and institutional factors influencing crowdfunding adoption. Design/methodology/approach: Seventeen semi-structured interviews were conducted using a purposive sampling technique. Data was collected from diverse stakeholders involved in the crowdfunding process including investors, entrepreneurs, platform owners and regulators. Findings: The study identifies various challenges, including regulatory gaps, investor concerns, platform-related issues and systemic challenges such as political instability and weak institutions. These challenges hinder the effective implementation of crowdfunding in Pakistan. Moreover, the study highlights opportunities for financial inclusion, bridging the gap between investors and entrepreneurs, and leveraging Pakistan’s entrepreneurial landscape for crowdfunding growth. While several challenges were common to both developed and developing countries, the study also identified distinct challenges such as digital literacy, reliance on the undocumented economy, insufficient regulatory frameworks and investor mindset specific to developing countries. Research limitations/implications: Since crowdfunding is an emerging phenomenon in Pakistan, this study had limitations as no official crowdfunding platform other than the Pakistan National Investor Portal had started operations. Therefore, this study involved only those stakeholders who were involved in designing regulatory sandbox suggestions. The sample size could be increased to include stakeholders from other developing countries in the future. This article, however, provides significant strategic guidance for policymakers in developing a framework to improve financial inclusion in development. Practical implications: The study provides critical areas of concern for regulatory authorities for developing appropriate legislation to help overcome the challenges to the institutionalization of crowdfunding. This study also encourages stakeholders like investors and entrepreneurs to participate in crowdfunding while looking at the perspective of other parties. Social implications: This research highlights the need for the Pakistani society to be well-informed about alternative investment opportunities, like crowdfunding. The micro, small and medium enterprises (MSME) sector, along with the government, can also explore the benefits of crowdfunding to address their lack of access to capital and enable the inclusion of an informal economy to reduce poverty in a developing country. Originality/value: Crowdfunding is a new phenomenon in Pakistan, and the scope of its application in the MSME sector has not been thoroughly investigated. This study reveals how micro and small firms can use crowdfunding to boost their economic operations by overcoming challenges and taking advantage of fintech (financial technology) to achieve financial inclusion, leading to economic sustainability.",Challenges; Crowdfunding; Fintech; Institutionalization; Micro small and medium enterprises; Opportunities,2024,13,10.1108/JEPP-09-2023-0086,Rizwan A.,Journal of Entrepreneurship and Public Policy,2-s2.0-85196768684
DEPICTING RISK PROFILE OVER TIME: A NOVEL MULTIPERIOD LOAN DEFAULT PREDICTION APPROACH,"With the rapid development of fintech, the need for dynamic credit risk evaluation is becoming increasingly important. While previous studies on credit scoring have mostly focused on single-period loan default prediction, we call for a new avenue—multiperiod default prediction (MPDP)—to depict risk profiles over time. To address the challenges raised by MPDP, such as monotonic default probability prediction and complex relationship accommodation, we propose a novel approach, hybrid and collective scoring (HACS). We design a hybrid modeling strategy to predict whether and when a borrower will default separately through a default discrimination model and a default time estimation model, respectively, and synthesize them through a probabilistic framework. To accommodate various possible patterns of default time and measure the distribution of default probability over successive time intervals, we propose a joint default modeling method to train the default time estimation model. Empirical evaluations at the model (time-to-default prediction performance and discrimination performance) and mechanism (identifiability and discriminability) levels, as well as impact analyses at the application (granting performance and profitability performance) level, show that HACS outperforms the benchmarked survival analysis and multilabel learning methods on all fronts. It can more accurately predict time-to-default and provide financial institutions and investors better decision-support in granting loans and selecting loan portfolios.",Credit risk; dynamic evaluation; hybrid modeling; monotonic probability; multiperiod default prediction; profit scoring; risk analysis,2023,12,10.25300/MISQ/2022/17491,Wang Z.,MIS Quarterly Management Information Systems,2-s2.0-85185318318
Is there a dark side to financial inclusion? Understanding the relationship between financial inclusion and market risk,"This study delves into the connection between market risk and financial inclusion. Market risk is gauged through primary risk metrics commonly used in industry and academia, such as Standard Deviation (SD), Value at Risk (VaR), Expected Shortfall (ES), and Expected Loss (EL). In exploring financial inclusion, we consider twelve specific indicators that span three crucial dimensions: penetration, availability, and usage. Our analysis covers data from 49 countries spanning the period from 2004 to 2021, encompassing G20 nations and markets hosting major global stock exchanges. Our findings reveal a positive correlation between various indicators of financial inclusion and certain risk characteristics. Notably, distinctions emerge between underdeveloped and developed countries. In the case of developed nations, for instance, the quantity of active mobile money accounts and mobile money agent outlets exhibits a robust correlation with market risk. Through quantile correlation analysis, we discern that the relationship between risk and financial inclusion undergoes shifts based on the level of inclusion. Therefore, despite the documented advantages of financial inclusion, our study sheds light on its potential adverse implications.",Dark side; Financial inclusion; Fintech; Market risk; Mobile money,2024,12,10.1016/j.najef.2024.102140,Foguesatto C.R.,North American Journal of Economics and Finance,2-s2.0-85190505947
How the use of alternative information in risk management fintech platforms influences SME lending: a qualitative case study,"Purpose: The purpose of the study is to examine the use of alternative information in bank lending to small and medium enterprises (SMEs). Understanding alternative information and its use in bank lending to SMEs is important because it has become a growing part of the future of SME finance. The results and findings of my study not only enrich the finance literature but, more importantly, also address the use of Fintech in the risk management of SME lending, a new and complex problem that is specific to both the information technology and finance field. Design/methodology/approach: To answer the research question, the author used a case study approach that relies upon qualitative data and analysis. By iterating between the existing literature, theoretical pieces and empirical findings, the author explain and interpret in detail how the use of alternative information impacts loan outcomes and develop insights to guide future research. Findings: The case is outlined in two time periods including the prepartnership period and the postpartnership period. It highlights the establishment of a partnership between LoanBank and FintechInc (pseudonym), aimed at SME-focused Fintech lending. The findings underscore how the partnership has enabled a mutually beneficial situation where LoanBank and FintechInc leverage each other’s strengths to provide efficient and effective lending services. The adoption of alternative information in the risk management Fintech (RMF) platform of FintechInc has transformed LoanBank’s lending processes, showcasing how technological innovations can enhance SME lending practices. Originality/value: The study’s originality mainly lies in the three detailed insights regarding alternative information’s impact on SME lending: information, platform properties and financial inclusion. The information part demonstrates that RMF platforms expand the information used for lending decisions, shifting from traditional hard and soft data to incorporating various alternative information sources. The platform properties part suggests that location, openness and technology also play a pivotal role in shaping lending outcomes. Finally, the financial inclusion part proposes that the use of alternative information has the potential to improve financial inclusion and offer better credit terms to previously underserved borrowers.",Alternative information; Case study; Credit evaluation; Financial inclusion; Fintech platforms; Risk management,2025,12,10.1108/QRFM-08-2023-0198,Yan J.,Qualitative Research in Financial Markets,2-s2.0-85186587079
Factors Influencing the Use of Buy Now Pay Late(BNPL) Payments,"This article focuses on the fastest-growing consumer credit segment usually associated with e-commerce, but increasingly offered for brick-and-mortar shopping too. The purpose of the study was to identify how, and the extent to which, specific aspects of consumer behaviour – particularly in terms of attitudes towards money man-agement, and socio-demographics – influence the use of BNPL. The reasons are socio-demographic, economic, psychological and technological. The article incorporates a broad literature review of the motives behind con-sumers' use of BNPL as well as an original empirical survey among a representative sample of Poles, conducted using the CAWI technique. The impact and strength of individual factors for choosing BNPL were identified via a logistic regression model. The statistical significance of the selected variables was then evaluated, followed by the elimination of non-significant variables from the model. It helped select statistically significant factors for using BNPL. Among 7 statistically significant variables, 3 relate to socio-demographic features of the respondents – level of education, income and gender. Personal innovativeness, inclination towards going into debt, as well as a family history of taking various loans slightly increase the probability of opting for BNPL. It had been presumed that propensity to save would have a negative effect, and that optimism would have a positive influence, on choosing BNPL; however, this presumption was not demonstrated. Nor do consumerism and impulsiveness in making purchases affect the likelihood of using BNPL. Of all the statistically significant factors underlying decisions to choose BNPL, the consumer’s use of LendTech has the greatest impact, increasing the chance of using BNPL. This suggests that similar consumers constitute these two segments. LendTech (lending technology) is defined as part of the FinTech (financial technology) sector, which concerns the granting of digital loans by non-bank lending institutions in remote channels (Waliszewski et al, 2024).",buy-now-pay-later (BNPL); consumer finance; FinTech; LendTech; retail payments,2024,12,10.5709/ce.1897-9254.548,Waliszewski K.,Contemporary Economics,2-s2.0-105001443548
Mediating effect of financial inclusion on FinTech innovations and economic development in West Africa: Evidence from the Benin Republic,"Studies from previous literature has exhausted the direct relationship between FinTech innovations and economic development with mixed findings. Thus, the current study investigates the mediating effect of financial inclusion on FinTech innovations and economic development in the Benin Republic. The study is survey research that used a questionnaire from bank customers and residents of suburb areas with a sample size of 357 respondents. The study employed a regression-based data analysis technique using SPSS and SEM-PLS 3 software. The results indicate a positive and significant relationship between FinTech and economic development. In addition, there is a positive and significant association between financial inclusion and economic development. The study also reports a positive and significant mediating role of financial inclusion in the relationship between financial technology and economic development. Consequently, the research confirms that financial inclusion serves as a crucial mechanism through which financial technology influences economic development. In light of these findings, it is recommended that efforts to enhance financial inclusion in the Benin Republic should specifically focus on fostering FinTech innovations to support sustainable economic development.",Benin Republic; credit; economic development; financial inclusion; FinTech; FinTech innovations,2025,12,10.1002/ijfe.2954,Tchidi G.E.,International Journal of Finance and Economics,2-s2.0-105002561996
Analyzing public discourse on DeFi and CBDC using advanced NLP techniques: insights for financial policy and innovation,"Purpose – This study aims to analyze public discourse on decentralized finance (DeFi) and central bank digital currencies (CBDC) using advanced natural language processing (NLP) techniques to uncover key insights that can guide financial policy and innovation. This research seeks to fill the gap in the existing literature by applying state-of-the-art NLP models like BERT and RoBERTa to understand the evolving online discourse around DeFi and CBDC. Design/methodology/approach – This study uses a multilabel classification using BERT and RoBERTa models alongside BERTopic for topic modeling. Data is collected from social media platforms, including Twitter and LinkedIn, as well as relevant documents, to analyze public sentiment and discourse. Model performance is evaluated based on accuracy, precision, recall and F1-scores. Findings – RoBERTa outperforms BERT in classification accuracy and precision across all metrics, making it more effective in categorizing public discourse on DeFi and CBDC. BERTopic identifies five key topics frequently discussed, such as financial inclusion, competition and growth in DeFi, with important implications for policymakers. Practical implications – The insights derived from this study provide valuable information for financial regulators and policymakers to develop more informed, data-driven strategies for implementing and regulating DeFi and CBDC. Public discourse analysis enables policymakers to understand emerging concerns and trends critical for crafting effective financial policies. Originality/value – This study is among the first to use advanced NLP models, including RoBERTa and BERTopic, to analyze public discourse on DeFi and CBDC. It offers novel insights into the potential challenges and opportunities these innovations present. It contributes to the growing body of research on the intersection of digital financial technologies and public sentiment.",BERTopic; CBDC; DeFi; Multilabel classification; NLP,2025,12,10.1108/DPRG-09-2024-0240,Alamsyah A.,Digital Policy Regulation and Governance,2-s2.0-85219049651
Financial inclusion effects of engaging with the fintech ecosystem,"Using the FinAccess Kenya Household Survey dataset, we construct a metric of individual engagement with the fintech ecosystem and examine its linkage with consumption of traditional financial products. Deploying a battery of econometric procedures, we document a pervasive gap in the usage of traditional financial products, ranging from 5.3% to 17.5%, between individuals who engage with the fintech ecosystem and those who do not. Treatment-effects procedures yield evidence that engaging with the fintech ecosystem improves individuals’ usage of traditional financial products by about 4 percentage points. The positive impact of the fintech ecosystem on the usage of traditional financial products is enabled by fintech mitigating the distance barrier. Interestingly, our findings suggest that the fintech ecosystem does not perform well in addressing financial inclusion inequalities facing young adults, women, the less educated and less wealthy people. We offer policy guides and future research suggestions anchored on these findings.",Engagement; Financial inclusion; Financial products; Fintech ecosystem,2024,12,10.1016/j.iref.2024.103671,Kodongo O.,International Review of Economics and Finance,2-s2.0-85206477502
Patterns of trust in financial services: critical factors and gender differences,"This study investigates the interrelationships among factors of trust in financial services. Additionally, it examines how these factors correlate with gender differences, offering insights into trust patterns in emerging markets. Ethiopia, characterised by economic and financial volatility, was selected as a case study for an emerging market. A sample of 470 individuals was surveyed with the assistance of interviewers to overcome language and literacy obstacles, with balanced representation across key demographics, particularly gender, enabling robust statistical analysis. Logistic regression and correlation matrices were employed to analyse trust. The study reveals that correlations between trust factors vary widely but are predominantly positive, with only one exception. Gender differences in trust factors are evident but do not represent significant schisms in financial behaviour. Unexpectedly, digital trust exhibits a strong positive correlation with age, challenging assumptions about generational preferences for financial technologies. While the sample size aligns with standard practices in similar studies, expanding the dataset would improve the precision of the analysis. The complexity of administering detailed surveys at scale poses a challenge for single studies. This study demonstrates the utility of combining traditional determinants of trust with advanced statistical methods, such as logistic regression, to uncover probabilities and interactions among trust factors. Gender differences in trust patterns exist but are less pronounced than expected, even in a society with significant gender disparity. Other demographic factors, such as age, education, and income, play more substantial roles in shaping trust behaviours, suggesting that financial inclusion efforts should prioritise these variables. This research highlights the transformative potential of digital trust, which extends beyond traditional definitions of trust. Despite operating in a society with high gender disparity, the findings indicate that gender is not a significant concern in financial trust patterns.",Banking services; Broad-scope trust; Financial services; Gender difference; Narrow-scope trust; Net promoter score; Trust,2025,12,10.1057/s41264-025-00303-0,Sholevar M.,Journal of Financial Services Marketing,2-s2.0-105002890578
Unleashing financial inclusion: the mediating role of digital marketing in the impact of fintech and behavioral intention,"Purpose: This study aims to explore the impact of financial technology (fintech) and behavioral intention on financial inclusion, specifically focusing on the role of digital marketing as a mediator. Design/methodology/approach: Using a quantitative research design, this study collected data from 638 respondents in the province of Punjab, Pakistan to investigate the relationship between variables. Findings: The results indicate that both behavioral intention and fintech have a positive and favorable effect on financial inclusion. Furthermore, the study reveals that digital marketing acts as a mediating factor between financial inclusion and both behavioral intention and fintech. These findings underscore the significance of using effective digital marketing strategies to facilitate financial inclusion through fintech platforms. Policymakers should prioritize the adoption of fintech innovations and supportive regulatory frameworks while implementing comprehensive digital marketing strategies to promote financial inclusion. Originality/value: This research contributes to the existing body of literature by presenting empirical evidence that highlights the interconnectedness of fintech, behavioral intention, digital marketing and financial inclusion. By harnessing the potential of fintech and digital marketing, financial institutions can bridge the gap between underserved populations and formal financial services, thereby promoting economic growth and reducing inequality.",Behavioral intention; Digital marketing; Financial inclusion; Financial technology,2024,11,10.1108/JM2-12-2023-0304,Rehman S.U.,Journal of Modelling in Management,2-s2.0-85188295917
Impact of Digital Financial Technology on Financial Inclusion in Sub- Saharan Africa: The Moderation Role of Institutional Quality,"This study looks at how the quality of institutions affects the relationship between digital financial technology and the level of financial inclusion over a 17-year period (2004-2021) in 34 Sub-Saharan African nations. The results of the two-stage system GMM show that digital finance technology has a favourable and considerable impact on financial inclusion. Furthermore, the presence of high-quality institutions strengthens the beneficial association between digital finance technology and financial inclusion, emphasising the significance of institutional quality in promoting digital finance and fostering financial inclusion. The study concludes with policy proposals targeted at increasing regional financial inclusion.",digital financial technologies; financial inclusion; GMM; institutional quality; SSA,2023,11,10.520/ejc-finj_v25_n2_a3,Doku J.N.,African Finance Journal,2-s2.0-85188957040
The dynamics of the financial inclusion index for developing countries: lessons learned,"Purpose: The purpose of this paper is to calculate the financial inclusion index and analyze its dynamics in developing countries. Design/methodology/approach: The authors use the two-stage principal component analysis (PCA) method and consider financial technology innovations to improve the accuracy of the financial inclusion index. Findings: The authors found a downward trend in the financial inclusion index in most developing countries over the study period. The authors also found that a high financial inclusion index is linked to high scores in the Doing Business and high business climate regulation ranking. In addition, the authors observed that the rates of low financial inclusion in developing countries are due to low utilization of and unequal access to financial services. Practical implications: The analysis suggests that policymakers in developing countries could invest in digital infrastructure to extend access to financial services in remote areas. They could also encourage financial innovation, particularly in financial technologies, by adopting flexible regulatory frameworks. Promoting the financial inclusion of marginalized groups through targeted initiatives tailored to their needs is another solution. They could also encourage the use of financial services by raising awareness and educating populations through training programs. Finally, to improve the business climate, governments could simplify administrative procedures and promote transparency and legal stability. Originality/value: Unlike previous studies, the use of the two-stage PCA method and the consideration of financial technology (Fintech) innovations such as mobile money in the determinants of the financial inclusion index improve the accuracy of the index.",Developing countries; Financial inclusion index; Robustness test; Two-stage principal component analysis,2024,11,10.1108/JFEP-01-2023-0029,Ayayi A.G.,Journal of Financial Economic Policy,2-s2.0-85191200831
The “black box” of digital finance: An umbrella review of the challenges and drawbacks in advancing financial inclusion,"In recent years, scholars have highlighted the pivotal role of digital finance in promoting financial inclusion among underserved populations, alleviating urban poverty, supporting individuals and households, and fostering green economies. However, despite these benefits, digital finance also presents challenges and limitations, including the risk of triggering financial crises. Additionally, its antecedents, dynamics, and global impacts remain underexplored. This article addresses this gap using an umbrella review methodology—a “review of reviews”—which consolidates insights from existing literature to provide a comprehensive perspective. To achieve this, 47 systematic and bibliometric reviews published in Chartered Association of Business Schools (ABS)-ranked journals were analyzed. The analysis identifies five key barriers to financial inclusion via digital finance: accessibility, technological and ethical, and economic and structural challenges, as well as regulatory and policy barriers, and social and behavioral factors. This review introduces the concept of a digital finance “black box”, highlighting the uncertainty surrounding the outputs of financial inclusion initiatives resulting from policy interventions. It concludes by suggesting future research directions and offering recommendations for policymakers and practitioners.",Bibliometric; Digital finance; Financial inclusion; FinTech; Umbrella review,2026,11,10.1016/j.ribaf.2025.103188,Trotta A.,Research in International Business and Finance,2-s2.0-105021120624
The Role of FinTech in Sustainability and United Nations’ Sustainable Development Goals,"This study investigates the role of FinTech (Financial Technology) in promoting sustainability and advancing the Sustainable Development Goals (SDGs) of the United Nations. It examines how FinTech innovations in financial inclusion, digital payments, and green finance contribute to economic and environmental sustainability. The research employs a comprehensive literature review and thematic analysis, using NVivo and the Orange Data Mining Tool, to identify key themes and analyze data from 77 scholarly articles, industry reports, and case studies on FinTech applications related to sustainability. The study finds that FinTech significantly supports SDGs through improved financial inclusion, empowering under-banked populations, and facilitating sustainable investments and green finance initiatives that address climate challenges. Blockchain and InsurTech also contribute to transparency and resilience, promoting responsible production and inclusive economic growth. This research provides valuable information for policymakers, financial institutions, and technology innovators on aligning FinTech with sustainability goals. It highlights the critical role of regulatory support and cross-sector collaboration in maximizing FinTech’s potential to drive sustainable development. This study addresses a gap in current research by systematically connecting FinTech innovations with specific SDGs, providing a structured framework to clarify FinTech’s role in advancing sustainable development goals.",Climate Finance; FinTech; Green Technology Adoption; Responsible Investment; Sustainable Development Goals,2024,11,10.57159/jcmm.3.5.24168,Jain P.,Journal of Computers Mechanical and Management,2-s2.0-105028969432
Impact of digital financial inclusion on economic growth: a study on Bangladesh,"Purpose: The purpose of the study is to find out the impact of Digital Financial Inclusion (DFI) on economic growth [(Industrial Production Index (INDP)] of Bangladesh. Design/methodology/approach: Using the monthly data over the period 2018 M12 to 2021 M12, this study applied the Auto-regressive Distributed Lag (ARDL) model to assess the effect of DFI indicators on INDP. The secondary data was collected from the Bangladesh Bank and CEIC Global Economic Data. Findings: The study found that the majority of DFI indicators are positively associated with INDP. From the short-run ARDL, it is seen that one unit positive increase in Point of Sales Transactions (POST) can increase the INDP by 0.055 units. From the long-run ARDL, it is seen that POST and e-commerce transactions (ECOMT) have a significant positive impact, while Automated Teller Machine Transactions (ATMT) have a significant negative effect on INDP. One unit increase in POST and ECOMT increases INDP by 0.13544 and 0.11611 units, respectively. Research limitations/implications: During the era of the fourth industrial revolution, the findings will be beneficial for policymakers, financial technology service providers, manufacturers, consumers, corporations and investors as they pave the way for a more inclusive approach to financial transactions for economic growth. Originality/value: The study’s novelty is that it explored the influential DFI indicators and shed light on both short-run and long-run relationships between the indicators and macro-economy from the context of a developing nation. Peer review: The peer review history for this article is available at: https://publons.com/publon/10.1108/IJSE-04-2023-0306",Digital; Financial; Inclusion; Industrial; Production; Transaction,2025,11,10.1108/IJSE-04-2023-0306,Rahman S.M.K.,International Journal of Social Economics,2-s2.0-85204363854
The welfare impact of financial inclusion: a research agenda,"Purpose – This paper provides a systematic review of literature pertaining to the welfare impact of financial inclusion. We identify the 50 most influential publications in the field that have evolved into three distinct categories, each of which we critically review to identify the main contributions of this research area. Design/methodology/approach – By conducting a state-of-the-art literature review, this paper identifies the most influential papers in the research fields on the welfare impact of financial inclusion. One caveat is that as newer publications generally have fewer citations, reviewing prior work can result in a misleading account of emerging trends and research directions. Manual assessment of publications after 2018 facilitates a discussion of important emerging research trends and their directions. Findings – The three key research streams are identified as financial services and financial accessibility, financial capability, and financial literacy and household welfare. By assessing publications from 2018 to 2023, we also document four key emerging research trends: Fintech and digital financial inclusion, sustainability and climate change, growth, poverty, income inequality, financial stability, and Entrepreneurship. Drawing on these emerging trends, we highlight the opportunities for future research. Research limitations/implications – Keyword searches have limitations as some papers might be overlooked if they do not match the specific search criteria, despite their relation and significance to the overall topic of the welfare impact of financial inclusion. To address this issue, we have expanded this review by incorporating more literature from other databases, such as the Scopus database which may alleviate this issue. Practical implications – The three key research streams contribute to a comprehensive understanding of the welfare impact of financial inclusion. The emerging trends integrate existing knowledge and leave the chance for innovative research to expand the research frontier. Originality/value – This paper fulfils the systematic literature review streams in the welfare impact of financial inclusion and provides fruitful opportunities for future research.",Financial accessibility; Financial capability; Financial inclusion; Financial literacy; Household welfare,2026,11,10.1108/JAL-10-2023-0190,Shen Y.,Journal of Accounting Literature,2-s2.0-85192522532
Emerging dimensions in Fintech: Insights from bibliometric analysis,"Fintech has emerged as a transformative force in the financial industry, promoting inclusivity and efficiency. This study aims to conduct a comprehensive bibliometric analysis of 1416 articles sourced from the Scopus database to map the evolution of fintech research. Employing the PRISMA methodology and VOS viewer software, we identify influential authors, key citations, and leading journals in this domain. Our findings indicate a significant increase in fintech research output since 2015, with China and the UK being the foremost contributors. Notably, the UK leads with the highest average citations per article, underscoring its research quality. Prominent journals identified include Sustainability (Switzerland) and IEEE Access. Despite this growth, our analysis reveals critical gaps in literature regarding financial inclusion, digital finance, and sustainability, which are vital for serving underbanked populations and advancing green finance initiatives. Furthermore, research on emerging technologies such as AI, blockchain, and robo-advisors remains limited, presenting substantial opportunities for future exploration. This study highlights the globalization of fintech research through contributions from diverse countries and outlines key trends shaping the field. It not only assesses the current landscape but also raises pertinent research questions to guide future investigations. While limited to articles from Scopus, this analysis serves as a crucial roadmap for future research directions.",Bibliometric analysis; Digital finance; Financial inclusion; Fintech,2025,11,10.1016/j.digbus.2025.100113,Sethi M.,Digital Business,2-s2.0-86000147357
The Role of Financial Institutions in Bridging the Financing Gap for Women Entrepreneurs in Sub-Saharan Africa,"Small and Medium Enterprises (SMEs) are vital to economic growth, innovation, and job creation across Sub-Saharan Africa (SSA). Women entrepreneurs are key contributors to this sector, yet they face persistent barriers to accessing finance, which constrain their business growth and broader economic participation. This study investigates the role of financial institutions in closing the financing gap for women-owned SMEs and assesses the effectiveness of various financing mechanisms, including traditional banking, micro-finance, fintech innovations, and government-backed credit schemes. Adopting a quantitative approach, this study utilises structured surveys with women SME owners across multiple SSA countries. Supplementary secondary data from sources such as the World Bank and national financial statistics provide additional context. Econometric modelling and Structural Equation Modelling (SEM) are employed to identify key factors influencing loan accessibility, such as collateral requirements, interest rates, financial literacy, and the regulatory environment. Findings reveal that high collateral demands and interest rates remain major obstacles, particularly for smaller or informal women-led enterprises. Financial literacy emerges as a critical enabler of access to credit. While fintech solutions and digital lending platforms show promise in improving access, issues around infrastructure, regulation, and trust persist. Government-backed schemes also contribute positively but are hindered by implementation inefficiencies. This study offers practical recommendations, including the need for harmonised regional credit reporting systems, gender-responsive policy frameworks, and targeted financial education. Strengthening digital infrastructure and regulatory support across SSA is essential to build inclusive, sustainable financial ecosystems that empower women entrepreneurs and drive regional development.",credit accessibility; economic development; financial inclusion; fintech solutions; SME financing,2025,11,10.3390/admsci15080323,Irene B.,Administrative Sciences,2-s2.0-105014472996
Entrepreneurial Risk and Digital Financial Inclusion: A Cross-Country Analysis,"The inception of financial technologies (Fintech) has enabled expanded use of financial services. Fintech contributes to financial inclusion and by doing so provides impacts on income inequality, poverty and economic growth. A prospective route of influence exerted by Fintech is to assist economic agents in taking entrepreneurial risks. The purpose of this study was to investigate the impact of digital financial inclusion, as enhanced by FinTech, on entrepreneurial risk. An index for measuring levels of digital financial inclusion was constructed based on variation patterns in several indicators of digital activities. A cross-country model was proposed that relates entrepreneurial risk to digital financial inclusion as well as to a variety of other economic and social factors. Estimation results based on a panel of countries show that digital financial inclusion (0.265), institutional quality (0.169), per capita GDP (0.0456) and education (0.0475) have positive and significant effects on entrepreneurial risk. In contrast, time required to start a business (−0.136) and effective tax rates on capital (−0.494) provide negative and significant effects. In addition, a significant quadratic relationship between entrepreneurial risk and remittances (employee compensation and personal transfers) was found.",bootstrap; cross-country analysis; entrepreneurial risk; financial inclusion; panel data,2023,10,10.1111/1759-3441.12399,Konou C.M.,Economic Papers,2-s2.0-85164596812
"Racial/ethnic differences in mobile payment usage: what do we know, and what do we need to know?","Purpose: The purpose of this study is to investigate the racial/ethnic differences in mobile payment use and to explore the contributing factors to the differences. Design/methodology/approach: This study used the 2018 National Financial Capability Study (NFCS) dataset to examine racial/ethnic disparities in mobile payment use. Logistic regression analyses were conducted to confirm racial/ethnic differences, and Blinder–Oaxaca decomposition analyses were performed to identify which factors explain the differences among the groups. Findings: The authors discovered that Whites use mobile payment less than Blacks, Hispanics and Asians/others. The results revealed that prior experiences with mobile financial services, including transfer, banking and budgeting applications, all play considerable roles in explaining the disparities between Whites and other racial/ethnic groups. Originality/value: This is one of the few studies to examine racial/ethnic disparities in mobile payment use with a particular focus on the influence of users' past experience with technology. The results provide insights for researchers, professionals, educators and policymakers into ways to promote future use of mobile payment.",Financial inclusion; FinTech; Mobile payment; Race and ethnicity; Technology acceptance,2023,10,10.1108/IJBM-11-2021-0516,Nam Y.,International Journal of Bank Marketing,2-s2.0-85139940682
Analyzing the Banking Sector-Fintech Companies Nexus in Jordan,"This paper presents an analytical framework that describes the nexus between the banking sector and financial technology (fintech) companies. It explains existing trends, and by collaborating with banks, the importance of fintech companies grows daily. It examines the choices that established banks will have to explore to mitigate the profitability threat. At the onset of the fintech era, many analysts discussed its disruptive potential for the financial sector. However, we expect more future debates regarding collaboration between fintech businesses and banks. The other point that is significantly essential to debate about is financial inclusion. We pick Jordan as a case study since the local fintech sector is expanding, and it acts as a gateway for the broader MENA region. First and foremost, we attempt to assess the scientific literature that examines the major components of the fintech sector. The second section of the paper discusses the evolution of the sector and the critical aspects of the methodology employed, including statistical analyses. Our findings indicated that it is preferable to rely on qualitative assessment when valuing the relationship between banking and fintech because statistical analysis might produce inconsistent and incorrect conclusions. In Jordan, we discovered that both sectors interact with one another. The study offers scientific recommendations for the banking sector and fintech companies.",Banking Sector; Central Bank; Financial inclusion; Fintech Companies; Jordan; Spearman,2024,10,10.37394/23207.2024.21.25,Karaki B.A.,Wseas Transactions on Business and Economics,2-s2.0-85184882611
"Exploring the effect of financial technology on the sustainability of small and medium enterprises in Mogadishu, Somalia","This study aims to explore the effect of financial technology (FinTech) on the sustainability of SMEs in Mogadishu, Somalia. It studies the impact of FinTech on the financial inclusion and literacy of SMEs and their mediating roles in the relationship between FinTech and SME sustainability. The research also analyzes the effect of financial inclusion and literacy on the sustainability of SMEs. This research adopted a cross-sectional survey methodology. The target population was entrepreneurs, SME owners, managers, and employees operating in Mogadishu. A purposive sampling method was used, and a sample of 385 participants was chosen. Then, questionnaires were utilized to gather primary data. The structural equation modeling technique, specifically partial least squares (SEM-PLS), was applied to examine the hypothesized relationships among the constructs. This study confirmed all seven conceptual hypotheses. This study found that FinTech significantly positively affects SME sustainability in Mogadishu. FinTech also increased SMEs’ financial inclusion and literacy, strengthening their sustainability. Financial inclusion and literacy have significant, positive, and complementary roles as partial mediators in the relationship between FinTech and SME sustainability. SMEs in Mogadishu need to embrace FinTech solutions to overcome existing obstacles to financial access and improve their financial health, further contributing to business sustainability.",financial inclusion; financial inclusion; financial literacy; financial literacy; Financial technology; financial technology; SMEs; sustainability; sustainability of SMEs,2025,10,10.1080/23311975.2025.2460624,Elmi M.A.,Cogent Business and Management,2-s2.0-85216947933
Financial technology (Fintech) innovation and financial inclusion: comparative study of urban and rural consumers post-Covid-19 pandemic,"This study refines the technology acceptance model (TAM) to explore the determinants of financial innovation or financial technology (Fintech) adoption and their impact on use behavior, particularly in the context of financial inclusion. It investigates how these drivers differ between urban and rural populations in terms of the innovation of digital financial literacy, behavioral intentions, and government support. Data from 654 respondents in Indonesia were analyzed using partial least squares-structural equation modeling (PLS-SEM). The findings indicate that value of status quo is the principal factor influencing Fintech adoption, while personal innovativeness has a minimal effect. Behavioral intention positively correlates with use behavior, which in turn significantly enhances financial inclusion. The study also identifies personal innovativeness, government support, and value of status quo as mediating factors between behavioral intention and use behavior. Notable differences were found between urban and rural respondents regarding the influence of digital financial literacy on behavioral intention and the impact of government support on use behavior in the post-Covid-19. This research not only empirically assesses the role of Fintech in advancing financial inclusion through behavioral intention and use behavior, but also provides strategic insights for digital finance innovation providers to tailor financial access according to the location of the respondents.",Financial inclusion; Financial innovation service; Fintech; SDG8; Technology acceptance model,2025,10,10.1186/s13731-024-00452-x,Setiawan B.,Journal of Innovation and Entrepreneurship,2-s2.0-105011265382
FinTech and CO2 emission: evidence from (top 7) mobile money economies in Africa,"Purpose: The impact of FinTech in sub-Saharan Africa has primarily been limited to financial inclusion. Contrarily, this study aims to deviate from this norm to estimate how FinTech affects carbon emissions in the subregion. This provides policy recommendations for FinTech regulators, service providers and practitioners to consider optimal products and services that reduce carbon emissions. Design/methodology/approach: A balanced panel data set from 2009 to 2020 is used and estimated with the fully modified ordinary least squares estimator after checking for cross-sectional dependence, unit root, stationarity and cointegration. Findings: Results from the estimation suggest a negatively significant relationship between financial technology and carbon emissions in these countries. However, domestic credit to the private sector revealed a statistically insignificant relationship with carbon emissions for the same period. Further, foreign direct investment reduces carbon emissions but gross domestic product and trade openness increase carbon emissions in these countries. Originality/value: The impact of FinTech in sub-Saharan Africa has primarily been limited to financial inclusion. Contrarily, this study deviates from this norm and estimates how FinTech affects carbon emissions in the subregion.",Carbon emission; Economic Growth; Financial Technology; Foreign Direct Investment; Mobile Money; Trade Openness,2025,10,10.1108/JFRC-05-2024-0089,Coffie C.P.K.,Journal of Financial Regulation and Compliance,2-s2.0-85212230327
"Banks, microfinance institutions and fintech: how the ratio of male and female entrepreneurs moderates their capacity for financial inclusion","This article highlights the determinants of financial inclusion within the West African Economic and Monetary Union (WAEMU), focusing on the moderating role of the male/female entrepreneurial rate. To this end, we collected quantitative data for the eight member countries from 2010 to 2020 and used a panel model to determine if total financial inclusion service points was influenced by the supply of service points of banks, MFIs, or e-money, after controlling for public governance and investment rate and whether the rate of female or male entrepreneurship moderates this relationship between the supply of banking, microfinance or e-money providers and total financial inclusion service points. We also check if the growth of the different service providers is impacted by competition from each other. Finally, we check whether there is reverse causality: whether female or male entrepreneurship is impacted by the provision or any specific financial service. Our analysis finds that e-money service providers have grown exponentially, banking service points modestly, while microfinance service points have reduced in the region. Our regression results confirm that e-money services positively impact total financial inclusion, unlike banks and MFIs, which have no significant impact. Using interactive variables, we find that male entrepreneurs tend to enhance the relationship of banking and e-money services to total financial inclusion. On the other hand, women's entrepreneurship reduces the relationship between microfinance and e-money services providers to total financial inclusion. Our check for reverse causality shows that the male and entrepreneurship rates are affected negatively by microfinance service provision.","banking; Business, Management and Accounting; Development Studies; electronic money; Finance; Financial inclusion; fintech; microfinance; WAEMU",2024,10,10.1080/23322039.2024.2402031,Ndione M.,Cogent Economics and Finance,2-s2.0-85204564115
"The impact of microcredit on small firms in Brazil: A potential to promote investment, growth and inclusion","Over the past decades, microfinance has become a pillar of economic development policies. However, despite the great popularity of micro-credit programs, the results of empirical studies are mixed. Thus, more research is needed to help us understand how effective microfinance is in achieving poverty reduction, economic development, and financial inclusion. This paper contributes to the literature by relying on a unique dataset from one of the biggest Fintech companies in Brazil to study the impact of microcredit on small firms’ outcomes. Using a difference-in-difference approach, we find that access to credit increases monthly revenues and profits by nearly 4.5%. We show that the effects are stronger for women-led businesses and less experienced entrepreneurs. In addition, we find that credit renewal strengthens the benefits of credit access. We discuss several policy implications from our results. In particular, the permanent availability of credit – as opposed to one-time/short-term interventions – has greater potential to generate virtuous cycles of ever more reinvestment and growth, indicating larger gains from relaxing borrowing constraints in the long run.",Economic development; Entrepreneurship; Impact evaluation; Microfinance,2023,10,10.1016/j.jpolmod.2023.04.005,Bettoni L.,Journal of Policy Modeling,2-s2.0-85163829372
"Islamic vs. Conventional Banking in the Age of FinTech and AI: Evolving Business Models, Efficiency, and Stability (2020–2024)","This study explores how FinTech and artificial intelligence (AI) adoption shape efficiency and financial stability in dual-banking systems. It focuses on 26 listed Islamic and conventional banks across 11 countries in the MENA and Southeast Asia regions between 2020 and 2024. To measure digital adoption, we create a seven-component FinTech Adoption Index. We use fixed-effects regressions to examine its impact on cost efficiency, profitability, solvency stability, and credit risk. This analysis also controls bank size, capitalization, and macroeconomic conditions. The results show a clear adoption gap. Conventional banks consistently score 0.5–0.8 points higher on the FinTech Index compared to Islamic banks. Each additional FinTech component raised operating costs by about 0.8%, but improved profitability slightly by only 0.03%. This suggests that technological integration creates upfront costs before any real efficiency gains are seen. However, the stability benefits are stronger. FinTech adoption increases the Z-score by 3.6 points and lowers the non-performing loan ratio by 0.1%. Islamic banks gain more stability benefits due to their risk-sharing contracts and asset-backed financing structures. Overall, an efficiency–stability trade-off emerges. Conventional banks focus more on profitability, while Islamic banks gain resilience, but face slower efficiency improvements. By combining the Resource-Based View and Financial Stability Theory, this study provides the first multi-country evidence of how governance structures shape digital transformation in dual-banking markets. The findings offer practical guidance for regulators and bank managers around balancing innovation, efficiency, and stability.",artificial intelligence; conventional banking; dual banking; efficiency; FinTech; Islamic banking; MENA; stability,2025,10,10.3390/ijfs13030148,Meero A.,International Journal of Financial Studies,2-s2.0-105017082949
Understanding Consumers' Continuous use of Fintech Solutions in Emerging Economies: A Blended Theory Approach (2024),"This study explores the continuous use of financial technology (Fintech) solutions in an emerging economy, integrating insights from the theory of planned behavior, the antecedent-behavior-consequence (A-B-C) model, and the gender schema theory. Using longitudinal data from a two-wave quantitative study (Study 1, n = 777 and Study 2, n = 515) alongside qualitative data from 28 (Study 3) mobile money service users in Ghana, the results show a significant relationship between behavioral attitudes and subjective norms on intention to use mobile payments across both waves. This intention aligns with the A-B-C model, predicting actual user behavior in Study 2 but not in Study 1. Over time, however, actual usage was observed to lead to the continued use of mobile money services. Furthermore, gender significantly moderated the relationship between intention and actual usage, supporting the gender schema theory in driving financial inclusion in developing economies but only in Study 1. As time progressed, the disparity in Fintech usage related to age and educational levels became evident. By integrating concepts from marketing, psychology, and social theory, this study contributes novel findings to enrich the understanding of consumer's continuous use of Fintech in emerging economies.",Antecedent-behavior-consequence (A-B-C) model; fintech; gender schema theory; mobile money payment; theory of planned behavior (TPB),2024,10,10.1109/TEM.2024.3401095,Hanu C.,IEEE Transactions on Engineering Management,2-s2.0-85193233158
"Financial intermediation, inclusion, Fintech, and income inequality in Africa: Robust evidence from the supply and demand side data","The current literature on the finance-inequality nexus fall short of providing extensive evidence. This paper fills the gap by framing the financial sector; to the development of financial intermediation (supply side) and individual use of financial services (demand side). The first approach decouples the financial sector into the banking and stock market. We use the 5-year nonoverlapping averaged data from 1980 to 2017 across 49 countries and employ a panel data fixed effect and two-stage least squared estimation (2sls). We show that banking and stock market development widens income inequality. Besides, the effect is more prominent in countries that have a banking and stock market than countries only with the banking sector. The second approach uses financial inclusion and financial technology (Fintech) data from three waves of survey data in 2011, 2014 and 2017 on the individual use of financial services across 39 countries. We obtain three key findings. First, institutional quality significantly affects financial inclusion and Fintech. Second, Fintech positively affects inclusion and savings. Third, financial inclusion and Fintech exacerbate income inequality. Our result asserts a natural tendency that financial sector development exacerbate income inequality in Africa.",banking sector; financial inclusion; Fintech; income inequality; institutions; intermediation; stock market,2023,10,10.1111/ecno.12221,Ashenafi B.B.,Economic Notes,2-s2.0-85151959534
Reviews and directions of FinTech research: bibliometric–content analysis approach,"Digital transformation of financial services industry, conceptualized as ‘Fintech’, has gained the attention of practitioners, academicians, and researchers who contributed toward its growth as a multidimensional paradigm. The present research aims to synthesize the extant fintech research using bibliometric analysis and proposes the key research areas and future research directions using content analysis. Using 574 articles published during 2011–2022 from Scopus database, performance analysis has been steered to study production trends, impactful journals, authors, and documents. Further, sample articles are scientifically mapped using keyword co-occurrence analysis and bibliographic coupling to achieve triangulation of results. Scientific mapping leads to the identification of six research clusters (themes) associated with fintech research such as economic development, banking performance, Islamic finance and P2P lending, and in addition to financial inclusion among others. The study also explains the existing research gap which may serve as a valid starting point for further research.",Bibliometric analysis; Content analysis; Digitalization; Fintech; Scientific mapping,2024,10,10.1057/s41264-023-00262-4,Raval A.,Journal of Financial Services Marketing,2-s2.0-85176003423
An empirical assessment of fintechs heterogeneous transmission channels to financial development among African economies,"The poor use of innovations for financial service delivery among African banks has limited the extent of financial development in the continent. Consequently, financial authorities seeks for a technology-enabled financial solution; an area not well covered in literature. This study therefore, examines the determinants of financial development in a panel of thirty-one heterogeneous African markets for the period 2002–2019 with emphasis on financial technology (Fintech). The liquidity-preference and credit-creation theories were used to model a dummy variable interactive equation to capture possible heterogeneities. The study hypothesized that Fintech transmits directly to financial development among emerging Africa but indirectly through bank-efficiency and financial inclusion among the frontier and fragile groups, respectively. Results from both the dynamic system GMM and the static techniques support this hypothesis with significant heterogeneities in both the intercept and slope coefficients of Fintech among the various groups. The study concludes that on average, emerging African markets report higher financial depth than the frontier and fragile groups; however, with higher slopes, they can converge with emerging markets’ in the long-run through Fintech adoption. The study recommends the collaboration of Fintech with banks, improved bank efficiency and financial inclusion as panaceas to promote financial development in Africa.",Africa; Bank Efficiency; Financial Development; Financial Technology; G00; G10; G21; O55,2020,10,10.1080/23322039.2020.1829273,Okoli T.T.,Cogent Economics and Finance,2-s2.0-85092550385
The impact of digitalization on credit risk: the mediating role of financial inclusion (National Bank of Egypt (NBE) case study),"This article investigates potential direct and indirect impact of National Bank of Egypt (NBE) digitalization and its financial inclusion on credit risk. The methodology used in the study is an empirical technique through the collection of secondary data from the period between 2011 and 2021 in the Egyptian banking sector. To accomplish this, the study developed two hypotheses employing the empirical SEM model for testing whether there is a positive or negative impact for three chosen variables: digitalization, credit risk and financial inclusion. The investigational outcome shows that NBE digitalization has both direct and indirect impact through the mediator variable, financial inclusion. It also provides an understanding of the relationship between digitalization, credit and financial inclusion. The article proposes for future studies the impact of other Fintech factors directly and indirectly using the mediators on credit risk. The authors came up with many findings: first, financial inclusion indices can be built using portable money and banking services activities. Second, digitalization has a negative direct impact on credit risk. Also, digitalization has a positive indirect impact on credit risk through the mediator variable which is referred to as financial inclusion. Third, the model fit is adequate for the data being tested.",credit risk; Digitalization; Egyptian banking sector; financial inclusion,2023,10,10.1080/1331677X.2023.2178018,Metawa N.,Economic Research Ekonomska Istrazivanja,2-s2.0-85150623738
Examining the impact of fintech and other factors on banking practices: QISMUT + 3 countries,"This study utilizes firm-specific and macroeconomic data, including the number of internet users proxied as fintech, as well as ESG variables, to empirically examine the impact on the profitability and non-performing loans (NPLs) of Islamic and traditional banks in developing countries with a focus on Islamic financing. This study aimed to ascertain if our findings aligned with the New Empirical Industrial Organization (NEIO) and Tripple Bottom Line/Quadruple Bottom Line (TBL/QBL) paradigms. We collected data from more than 600 financial institutions, including both Islamic and conventional banks, from 2005 to 2022. This study complements the literature by examining a wide range of years and banks in QISMUT + 3 countries, as well as investigating the impact of the number of internet users as proxied by fintech variable and ESG variables both on NPLs and profitability indicators in both Islamic and conventional banks in Islamic finance-oriented countries. In terms of persistence, traditional banks are superior to Islamic banks, and banks with sufficient capital are more competitive and efficient in generating profits. Islamic banks (IB) outperformed conventional banks (CB) during the global financial crisis; however, CB outperformed IB in terms of credit risk management. IBs compete more effectively than CBs do because they provide unique Sharia-compliant financial products. Furthermore, the ESG and fintech proxies play a significant role in determining bank asset quality and financial performance. The results are expected to improve the understanding of Islamic banking by bankers, investors, academics, and policymakers, as well as help in policy development for the banking industry in these countries.",Banking; conventional banks; Econometrics; ESG; Finance; fintech; Islamic banks; NPL determinants; QISMUT,2024,10,10.1080/23311975.2024.2385069,Serkbayeva Z.,Cogent Business and Management,2-s2.0-85206376651
FinTech and small and medium enterprises: current state and future directions,"Purpose – Financial technology (FinTech) is the result of the rapid convergence of financial services and advanced technology. FinTech has significantly transformed traditional financial institutions and the financial landscape for small and medium enterprises (SMEs). This study examined the current state and future directions of FinTech adoption and its implications for SMEs. Design/methodology/approach – Citation analysis, bibliographic coupling and keyword co-occurrence analysis were employed to perform a bibliometric analysis of 125 Scopus-indexed documents published from 2016 to April 2024. The analysis synthesized existing research and identified key themes, influential research and emerging trends in FinTech and SMEs. The study used VOSviewer and Gephi for the analysis and visualization. Findings – FinTech has introduced novel approaches to credit scoring, alternative financing and digital financial inclusion. However, gaps remain in understanding the full scope of these innovations and their impact on corporate supply chains and Islamic finance. The role of artificial intelligence in revolutionizing credit assessment and the regulatory frameworks governing FinTech companies remains underexplored. The findings highlight the role of FinTech in addressing challenges that SMEs face, such as regulatory complexities and access to financing, thus fostering innovation and economic growth. This study highlights underexplored areas for future research. Originality/value – The novelty of the study lies in its bibliometric analysis of FinTech-SME literature. It maps the existing body of research to contribute to academic discourse by identifying emerging research trends, gaps and opportunities for future research. The study also provides valuable insights for researchers, policymakers and practitioners on leveraging FinTech to benefit SMEs.",Bibliometric analysis; Crowdfunding; Financial inclusion; FinTech; Small- and medium-sized enterprises,2026,10,10.1108/TQM-07-2024-0259,Pandey D.K.,TQM Journal,2-s2.0-105001689144
Fintech innovation in green finance: A disruptive force or a complementary tool?,"This study deeply analyses the key role of FinTech in promoting the development of the green finance market through multiple econometric models. The study finds that FinTech significantly improves the transparency and efficiency of green finance market, especially in countries with developed economies and sound regulatory environments. The study reveals the important role played by FinTech in emerging markets, alleviating the structural challenges of green finance development by improving access to funds and enhancing risk management. The study also finds that, although FinTech promotes the development of green finance in various markets, the risks it brings are significantly different for developed and emerging markets. This paper not only verifies the positive impact of FinTech on green finance market but also provides empirical evidence for global policymakers to formulate differentiated strategies, emphasizing the importance of local regulatory and policy support for the integrated development of FinTech and green finance.",Disruptive technologies; Financial inclusion; FinTech innovation; Green finance; Sustainability,2025,10,10.1016/j.iref.2025.104658,Chien F.,International Review of Economics and Finance,2-s2.0-105017737497
Accelerating Financial Inclusion of the Urban Poor: Role of Innovative e-Payment Systems and JAM Trinity in Alleviating Poverty in India,"Financial exclusion of low-income groups in urban areas remains a key policy challenge in India. This study examines the potential of e-payment systems and the Jan Dhan Aadhaar Mobile (JAM) trinity in enhancing access of the urban poor to social welfare schemes, thereby alleviating poverty. A survey of 585 economically weaker section households across 12 cities in Punjab state was conducted. The results indicate greater awareness of mobile and UPI payments compared to cards, but adoption gaps exist across demographic segments. Younger educated male earners perceive individual benefits like convenience and government benefits like transparency in e-payments. Integrating innovative e-payments in welfare programs increases the reliability of transactions, leading to positive multiplier effects on income, assets and skills and reducing vulnerabilities for the urban poor. The findings highlight the need for targeted initiatives by policymakers and Fintech firms to digitize payments and customized implementation measures to promote adoption among low-income citizen groups. This includes digital literacy programs, trust-building, co-creating tailored products and integrating e-payment mechanisms into social schemes. Thus, leveraging Fintech innovations through strategic policies and cross-sector partnerships can significantly advance financial inclusion to create a more equitable digital economy where the urban poor are not left behind.",Financial inclusion; Fintech; JAM trinity; poverty; poverty alleviation; urban poor,2024,10,10.1177/09721509231222609,Singh J.,Global Business Review,2-s2.0-85185521311
"Adopting Digital Financial Technology in Madhya Pradesh, Central India: Opportunities, Challenges, and Determinants","This study aims to investigate the contribution of digital financial technology in fostering financial inclusion and comprehensively explore digital financial inclusion for Madhya Pradesh, Central India, using data from a field survey. In doing so, we identify the determinants of digital financial inclusion and the challenges faced by individuals during the use of numbers (a person may use one, two, or more digital financial inclusion instruments) of digital financial modes by employing the logistic and Poisson regression models. Our findings highlight that adoption of digital financial technology varies across individuals based on their demographic, social, and economic status: age, caste, gender, education, income, and occupation. In addition, findings from regression results reveal a positive and significant association between educational attainment and digital financial inclusivity, while age shows a non-linear and inverted U-shaped relationship with digital financial inclusion, which means that people with younger and higher education levels are likely to adopt more digital transaction modes than their counterparts, while females tend to utilize fewer such modes of financial transaction. Additionally, our study reveals that individuals with diverse demographic and socioeconomic backgrounds encounter various challenges in adopting major digital transaction modes, including Aadhaar number-, credit/debit card-, wallet-to-wallet-, and SMS-based methods. These insights contribute significantly to the existing literature on digital financial inclusion, providing policymakers and practitioners with valuable guidance to enhance the accessibility and efficiency of digital financial services, particularly among economically and socially vulnerable segments of society.",Central India; Demographic features; Digital financial challenges; Digital financial inclusion; Socioeconomic characteristics,2025,10,10.1007/s13132-024-02190-7,Pradhan K.C.,Journal of the Knowledge Economy,2-s2.0-85203182056
Key Factors Influencing Fintech Development in ASEAN-4 Countries: A Mediation Analysis,"Financial technology (FinTech) rapidly transforms financial landscapes across ASEAN-4 countries by enhancing financial inclusion and digital service accessibility. However, the key factors driving FinTech development in these economies remain ambiguous. While existing studies highlight the economic and technological aspects of FinTech adoption, limited research distinguishes the unique conditions shaping FinTech’s evolution in developing ASEAN markets. This study bridges this gap by identifying economic and non-economic determinants and exploring their mediating effects. This research aims to investigate the primary drivers of FinTech development in ASEAN-4, emphasizing the roles of financial access and technological readiness as mediators in fostering a sustainable FinTech ecosystem. Utilizing structural equation modeling (SEM) with SmartPLS3, this study analyzes secondary data from 2008 to 2018, evaluating macroeconomic indicators, banking conditions, internet penetration, innovation levels, population dynamics, and human development factors. General banking conditions, access to finance, and technological readiness significantly impact FinTech development. Additionally, financial accessibility and technological infrastructure mediate the influence of economic stability, innovation, and digital penetration on FinTech growth. This study underscores policymakers’ and stakeholders’ need to enhance digital infrastructure and financial accessibility to accelerate FinTech growth. Strengthening financial ecosystems will drive digital transformation and economic resilience in emerging ASEAN economies.",access to finance; ASEAN; bank; FinTech; human development; innovation; internet; technology readiness,2025,10,10.3390/fintech4020017,Warokka A.,Fintech,2-s2.0-105009103816
Trust and cybersecurity in digital payment adoption: socioeconomic insights from India,"Purpose – This study examines the behavioral and contextual determinants influencing digital payment trust and perceived cybersecurity (DPTS) in India, focusing on the roles of ease of use, perceived benefits, social influence and grievance redressal mechanisms. It further explores how DPTS, along with ease of use and perceived benefits, affects actual digital payment usage (DPU) and investigates how prior cybercrime experience (CE) moderates the relationship between DPTS and DPU. Design/methodology/approach – Data were collected from 650 digital payment users across India’s western, eastern and central regions. Structural equation modeling (SEM) was conducted using IBM SPSS and AMOS to test the proposed model. Multi-group analysis was employed to assess the moderating role of cybercrime experience by comparing users with and without prior exposure to cyber incidents. Findings – Perceived benefits, ease of use, grievance redressal and social influence significantly enhance users’ trust and cybersecurity perceptions, which in turn strongly predict digital payment systems adoption. Cybercrime experience significantly weakens the trust-usage link, indicating that digital trauma can override system strengths and suppress adoption behavior. Social implications – These findings highlight the broader socioeconomic implications of digital trust, particularly its role in advancing financial inclusion, economic participation and digital literacy in emerging economies. Originality/value – This research contributes theoretically by integrating cybercrime experience as a behavioral moderator in technology adoption models. It extends the Technology Acceptance Model (TAM) and the Unified Theory of Acceptance and Use of Technology (UTAUT) frameworks by introducing a dynamic trust perspective shaped by prior adverse experiences. The study advances understanding of digital payment behavior in high-risk environments and offers practical insights for developing trust-centric, resilient financial technologies.",Cybercrime; Cybersecurity; Digital payments; Digitalization; India; SEM; Trust,2025,10,10.1108/JBSED-04-2025-0119,Aljaradat A.,Journal of Business and Socio Economic Development,2-s2.0-105011610274
DIGITAL FINANCIAL INCLUSION AND BANK STABILITY IN A DUAL BANKING SYSTEM: DOES FINANCIAL LITERACY MATTER?,"This study examines the relationship between digital financial inclusion (DFI), financial literacy, and stability of conventional and Islamic banks across 15 countries from 2011 to 2020. The findings show that DFI significantly enhances the stability of conventional banks, particularly through increased customer engagement with digital financial services, improving asset quality and reducing risks. In contrast, the relationship between DFI and stability of Islamic banks is either insignificant or negative, which may be attributed to Shariah compliance requirements, product mismatches, and competition from conventional banks and FinTech firms. Furthermore, while DFI boosts stability in conventional banks, it also exposes them to potential risks such as digital bank runs, as seen in the case of Silicon Valley Bank (SVB) in 2023. Additionally, high financial literacy positively interacts with DFI to boost the stability of conventional banks but has a negative impact on Islamic banks. Arguably, financially literate customers may resist digital services that do not fully meet Islamic principles. The results highlight the need for tailored strategies in Islamic banking, including the development of Shariah-compliant digital products, enhanced financial literacy programs, and more robust risk management frameworks to mitigate vulnerabilities like digital bank runs and improve stability in the sector.",Bank stability; Digital financial inclusion; Dual-banking; Financial literacy,2025,10,10.21098/jimf.v11i1.2650,Banna H.,Journal of Islamic Monetary Economics and Finance,2-s2.0-105002119545
Financial technology to address the liability of poorness? A typology of FinTech organisations,"Purpose: This paper explores how financial technology (FinTech) organisations address poverty-related challenges when providing digital financial services. Employing the conceptual foundation of the liability of poorness (i.e. literacy gaps, a scarcity mindset, intense non-business pressures and a lack of financial slack), this paper explores the innovative strategies that FinTechs use to address these liabilities and promote entrepreneurship. Design/methodology/approach: The paper uses detailed case data collected from three FinTech organisations operating in one South Asian country. Findings: FinTech organisations' innovative strategies reflect a combination of “high touch” (human) vs “low touch” (digital) solutions. All the organisations simplified internal systems or procedures to accommodate customers. The degree to which the three organisations adopted each of the identified strategies shows an emerging typology of FinTechs; that is, innovators with high digital interactions, a mix of digital-human interactions and high human interactions. Research limitations/implications: The paper develops a typology which categorises FinTech innovative strategies. The typology highlights strategies pro-poor FinTechs use and explains the types of entrepreneurial support innovative organisations provide for their customers. Both the typology and the innovative strategies contribute to enhanced financial inclusion and entrepreneurial promotion amongst the poor. Originality/value: The originality of the paper comes from its focus on FinTechs' innovative pro-poor strategies. Existing studies typically address the technology-side of innovations. In contrast, this paper combines innovative strategies with the liability of poorness to identify issues associated with financial inclusion.",FinTech; Human vs digital interactions; Organisational innovation; Strategy; The liability of poorness,2024,10,10.1108/EJIM-07-2022-0359,Ranabahu N.,European Journal of Innovation Management,2-s2.0-85142932442
User acceptance intention of mobile financial services: an application of gender moderating effect,"The innovative and versatile nature of advanced technology in financial services is examined through the lens of financial technology (FinTech), such as digitized mobile financial services (MFS). By integrating the technology acceptance model (TAM) and information systems success (ISS) model, this study investigates users’ intention to use FinTech services in the context of a developing country, while considering the moderating influence of gender on the factors impacting MFS usage intention. This quantitative study gathered data from 308 participants in Bangladesh through a structured questionnaire survey. Confirmatory factor analysis and structural equation modeling were utilized for hypothesis testing. The results indicate that all variables in the TAM and ISS models have a notable positive influence on users’ intentions to accept MFS. The study also shows significant gender influences on user usage intention in the adoption of MFS. Financial institutions and MFS providers may find the data useful in developing future plans to improve MFS services by removing current obstacles and gaps in the wake of COVID-19.",Consumer usage intention; DeLone and McLean’s ISS model; Financial inclusion; Mobile financial services; Technology acceptance model,2025,10,10.1057/s41264-025-00300-3,Sumi R.S.,Journal of Financial Services Marketing,2-s2.0-85218213965
Re-examining the effects of information and communication technology on economic growth,"Information and Communication Technology (ICT) has transformed the way people communicate, interact, and use information for growth. This study uses a three-year panel of 91 countries to examine how mobile phones as ICT affect economic growth directly through the communication and information channel, and indirectly through the FinTech and financial inclusion channel. We derive these effects of mobile phones using the Structural Equation Modeling approach, controlling for time-invariant heterogeneity at the country level. The results are then compared with the estimates using the commonly adopted stepwise fixed-effects regressions. The results indicate that the direct effect of mobile phones is more pronounced than the indirect effect. Although mobile phones promote FinTech applications for payments and savings, expanded mobile phone coverage is negatively associated with financial inclusion in terms of formal credit. In contrast to the majority of empirical evidence showing limited impacts on developing Sub-Saharan Africa, we consistently document greater impacts on this region, suggesting greater benefits to be achieved from ICT investments. Our results remain robust across different measurements of financial inclusion and estimation methods.",Economic growth; Financial inclusion; FinTech; ICT; Mobile phones,2024,10,10.1016/j.techsoc.2024.102646,Nguyen Chau T.,Technology in Society,2-s2.0-85196541420
The role of Islamic FinTech in digital financial inclusion and sustainable development post covid-19: cross-country analysis,"Purpose: This study aims to analyze how the COVID-19 pandemic has altered the role of the Islamic finance (IF) sector in the economy and how technological developments in IF can enhance its functioning and contribution to sustainable development in the post-pandemic era. It examines the impact of IF on traditional financial inclusion pre- and post-COVID-19. Furthermore, in response to the acceleration of financial technologies following the pandemic, the study explores the impact of Islamic FinTech on Digital Financial Inclusion (DFI) and, consequently, on sustainable development (SD). Design/methodology/approach: A cross-sectional multiple regression analysis is conducted to examine the impact of traditional IF on financial inclusion pre- and post-COVID-19 in the years 2017 and 2021 for 64 countries. Moreover, a structural equation model (SEM) is used by using cross-section data for 64 countries in the year 2021 to capture the impact of Islamic FinTech on SD through DFI as an intermediator. Findings: IF has a positive and significant impact on traditional financial inclusion pre-COVID-19. On the contrary, it has insignificant impact post to the pandemic due to the slow-down of the sector development. Alternatively, Islamic FinTech has a positive and significant impact on DFI and, hence, on SD. These results indicate that the development of the IF sector is negatively affected post to the pandemic. However, it still has an opportunity to shift to a more resilient sector by introducing financial innovations that allow it to cope with the global current financial technological changes. Research limitations/implications: This research has some limitations that could be addressed in future studies. First, the empirical analysis is restricted to cross-sectional analyses in years 2017 and 2021 to compare the role of IF pre- and post the pandemic. These years are chosen based on data from the Global Financial Development Database, which is collected by the World Bank and released every three years, with the latest update in 2021. Second, this study uses one measure for each of traditional and DFI. This can be further investigated by using multiple indicators or constructing an index for each variable. Practical implications: Islamic FinTech presents several practical implications, particularly in its ability to provide access to financial services while adhering to Shariah principles. First, it fosters a more inclusive financial ecosystem by offering cost-effective, ethical and transparent financial products tailored to diverse populations that can significantly contribute to financial inclusion, especially in Muslim-majority countries. Second, it promotes gender equality by improving access to financial resources and services, which enhances financial inclusion and subsequently drives the expansion and development of the IF sector and hence supports SDGs. Third, Islamic FinTech supports the growth of SMEs by providing Shariah-compliant financing alternatives. Originality/value: This paper’s originality lies in its comparison of the role that the development of the IF sector plays in financial inclusion pre- and post-COVID-19, using empirical regression analysis, which contrasts with other studies that use theoretical analysis. Furthermore, the study bridges a gap in the IF literature by extending the analysis to integrate digital technologies into the IF sector, using the Global Islamic FinTech index (GIFT) to capture various aspects of Islamic FinTech development by conducting an SEM to examine the impact of Islamic FinTech on SD, with DFI serving as an intermediator.",Covid-19; Digital financial inclusion; Financial inclusion; Islamic finance; Islamic FinTech; Sustainable development,2025,9,10.1108/IMEFM-02-2024-0100,Mohamed H.A.,International Journal of Islamic and Middle Eastern Finance and Management,2-s2.0-105003670154
Digital transformation and profitability in rural commercial banks,"With the ongoing digital transformation of the banking sector, the profitability of rural commercial banks has undergone notable fluctuations. Understanding the relationship between digital transformation and profitability is essential for fostering the sustainable development of digital initiatives in the industry. This study utilizes panel data from 83 rural commercial banks in Anhui Province to empirically investigate the impact of digital transformation on their profitability. The findings reveal that: (1) In the context of intensified competition, accelerating digital transformation can significantly reduce operating costs, enhance business diversification, and improve operational efficiency, thereby strengthening profitability. (2) The impact of digital transformation on profitability exhibits structural heterogeneity, with large-scale rural commercial banks benefiting more significantly. (3) The adoption of big data technologies plays a particularly prominent role in enhancing profitability. (4) However, factors such as the number of village-level financial service stations, the scale of agricultural supply chain finance, the proportion of non-interest income, and the investment in artificial intelligence may weaken the positive effects of digital transformation on profitability.",Banks Digitalization; Digital banking adoption; Financial inclusion; Fintech Integration; Rural commercial,2025,9,10.1016/j.frl.2025.107867,He Q.,Finance Research Letters,2-s2.0-105009693736
Female smallholder farmers’ preferences for digital and conventional credit attributes: evidence from Madagascar,"Purpose: Digital credit is spreading rapidly across Sub-Saharan Africa and holds potential for financial inclusion and female financial autonomy. Women in developing economies have long been targeted by microfinance institutions due to the women’s reliability and positive spillover effects. Yet, adoption rates for digital financial innovations remain moderate among rural women in Sub-Saharan Africa. The authors explore whether female preferences for digital and conventional credit differ from males. Design/methodology/approach: The authors conduct a Discrete Choice Experiment with 420 smallholder farmers in central Madagascar, one of the region's poorest countries, to assess preferences for selected digital and conventional credit attributes. Findings: Results of the mixed logit model and the comparison of the willingness-to-pay via Poe-test suggest high general demand for both credit forms. The demand of female respondents is higher than that of males, suggesting that they might be underserved. This holds for both credit forms. However, differences in willingness to pay for the credit attributes are mostly not statistically significant, indicating that designing gender-specific services may not be advisable. Originality/value: This article is believed to be the first to assess and compare gendered willingness to pay for digital and conventional credit. The study’s findings give valuable insights to decision-makers in development politics as well as the fintech industry.",Digital credit; Discrete choice experiment; Gender; Microfinance; Rural development; Smallholder farmers,2023,9,10.1108/AFR-01-2023-0008,Wahbi A.,Agricultural Finance Review,2-s2.0-85163282563
Achieving the Sustainable Development Goals through Financial Inclusion: A Bibliometric and Content Analysis,"This article presents a bibliometric study that explores the connections between the literature on achieving Sustainable Development Goals (SDGs) through financial inclusion using a relational approach. The findings highlight key publication trends, the most prolific countries, leading contributors, highly cited articles, and the most impactful journals in this field. Additionally, content analysis reveals four emerging areas of research: ""financial technology and SDGs,"" ""social capital,"" ""microfinance and women empowerment,"" and ""green finance."" Based on these insights, the study recommends that managers prioritise adopting digital technologies to foster financial inclusion, build robust networks to enhance resilience, empower women through tailored financial products, and integrate the Sustainable Agenda 2030 into financial strategies. Organisations can promote inclusion, resilience, and sustainable growth by aligning with these evolving research domains while advancing the SDGs. The results aim to inspire and guide management and economic researchers toward achieving the SDGs and serve as a foundation for realising Agenda 2030 objectives.",Financial inclusion; green finance; microfinance; R-studio; Sustainable Development Goals; women empowerment,2025,9,10.18089/tms.202501022,Chandel M.,Tourism and Management Studies,2-s2.0-85214644539
Analysing and forecasting the diffusion of electronic payments system in Nigeria,"The electronic payments system is among recent service innovations that have transformed access to finance in developing and emerging economies. This paper analyses and forecasts the diffusions of four major electronic payment technologies in Nigeria, namely, ATM, PoS, Mobile and Web payments. Diffusion was measured by the volume of financial payments transacted on these technologies. First, we applied two growth models to evaluate the diffusion and to forecast the future trajectories of these payment technologies. Second, we applied the logistics substitution model to evaluate how these technologies compete in the Nigerian payments market. The findings show that like many technological innovations the diffusions of electronic payment technologies are characterised by growth, maturity, saturation, and decline. In addition, the mobile payment system was forecast to emerge as the most diffused payment technology given the volume of financial exchange that will occur on this platform. These findings have implications for innovators, regulators and service providers within the Nigerian payment ecosystems. The findings also have practical implication for achieving the cashless economy and the financial inclusion projects of the Nigerian state which rely on the successful diffusions of these technologies.",033; Diffusion models; EPS; fintech; G17; O31; O35; Q55; technological innovations; technology forecasting,2022,9,10.1080/09537325.2021.1950675,Aduba J.J.,Technology Analysis and Strategic Management,2-s2.0-85110580901
Can digital transformation improve commercial banks’ performance?,"Digital transformation has become a strategic high point for commercial banks to compete for layout. However, whether digital transformation can satisfy the banks’ vision of improving effi-ciency and suppressing risk remains to be further discussed. This paper uses data from 90 commercial banks from 2013 to 2021 to verify the mechanism of digital transformation on bank performance and the moderating effect of digital environment construction. The study finds that: (1) Digital transformation has a facilitating effect on bank performance. From different dimensions, strategic and management digitization can promote bank performance, but business digitization adversely affects bank performance. (2) Further analysis finds that there is a nonlinear relation-ship between digital transformation and bank performance that is inhibitory and then facilitative. (3) Digital transformation promotes bank performance through two mechanisms: increased revenue diversification and reduced credit risk. (4) Enhancing the construction of new digital infrastructure and activating the digital credit function can help digital transformation improve bank performance. (5) The digital transformation of commercial banks that set up fintech sub-sidiaries has a more obvious effect on performance improvement, and the digital transformation of rural commercial banks has a poor effect.",Bank performance; Bank risk; Bigital credit; Bigital infrastructure; Digital transformation; G21; L25; O32,2025,9,10.1007/s10961-024-10139-w,Zhang C.,Journal of Technology Transfer,2-s2.0-85207007183
Financing Agribusiness: Potential Determinants of Financial Inclusion for Smallholder Rural Farming Communities in Kenya,"The purpose of this article is to empirically examine and compare the factors or determinants of financial inclusion in commercial banking institutions, microfinance banks, mobile banking platforms and table banking groups (informal banking groups) in Kenya. The data used in the study were obtained from 631 small and micro-sized (SMS) farming enterprises in Kenya. We use probit model to empirically establish the factors that determine the probability of small and micro-sized farming enterprises in accessing agricultural credit from the four major lending institutions. Also, we apply Heckman selection model to establish the determinants of agricultural credit rationing. OLS model is used to investigate the determinants of agricultural credit delinquency rates in the lending institutions. The results show that female-owned SMS farming enterprises are likely to access less agricultural credit amount from table banking groups, own small farms with no title deed and own less valued assets compared to male-owned SMS farming enterprises which access agricultural credit from commercial banks and microfinance banks. Further results revealed that household dependency ratio was a significant determinant factor in agricultural credit access from mobile banks, commercial banks and table banking groups. Additionally, agricultural credit delinquency in mobile banking is significantly reduced by distance to the banking agent. The availability of mobile banking agencies within village centres would considerably enable agri-entrepreneurs to make credit repayment within the required period.",agricultural credits; Financial inclusion; financial technology; Small and micro-sized enterprises,2022,9,10.1177/09730052211034350,Gichuki C.N.,International Journal of Rural Management,2-s2.0-85112176050
CYBERSECURITY AWARENESS AND DIGITAL BANKING ADOPTION: EXPLORING THE MODERATING IMPACT OF DIGITAL LITERACY,"Fintech adoption in digital banking is important for enhancing efficiency, security, and customer experience. Therefore, the study empirically investigated the influence of cyber security awareness, facilitating conditions, personal innovativeness, and access to finance on fintech adoption through increasing customer trust towards digital banking. The role of digital literacy as a moderator was also tested. Quantitative data through a self-administered questionnaire was collected from 390 Fintech banking users. A cross-sectional research design is used in data collection employing a convenient sampling technique. Both SPSS and Smart PLS software were used to test the study hypothesis. The PLS-SEM findings indicate cyber security awareness, personal innovativeness, facilitating conditions, and access to finance have positive and significant impacts on digital payment trust. Further trust also positively and significantly influences digital banking adoption in fintech. Digital literacy also significantly moderated cyber security awareness, personal innovativeness, facilitating conditions, access to finance, and trust. The findings contribute to the literature by establishing a framework that links cyber security awareness, personal innovativeness, facilitating conditions, and access to finance as critical factors influencing digital banking trust in digital finance contexts. Practical implications indicate that practitioners and policymakers should focus on enhancing cyber security awareness and facilitating conditions to build trust in digital banking systems because these factors significantly influence to user adoption and could lead to increased financial inclusion and efficiency in fintech services. This study uniquely highlights the moderating effect of digital literacy on the relationship of cyber security awareness, personal innovativeness, facilitating conditions, access to finance, and trust which is providing new insights into the dynamics of fintech adoption.",Cyber security; Digital literacy; Fintech; Personal innovativeness,2024,9,10.34109/ijefs.202416303,Al Doghan M.A.,International Journal of Economics and Finance Studies,2-s2.0-105000038364
Sustainable Futures: Redefining Africa's Circular Economy Through FinTech and Knowledge-Driven Innovations,"As sustainability becomes a global imperative, the circular economy (CE) presents a vital strategy for resource efficiency and resilience, particularly in Africa. This study examines how FinTech and knowledge-driven innovations (i.e., human capital, ICT access, and innovation) shape CE outcomes across 33 African countries from 1997 to 2021. Using feasible generalized least squares (FGLS), panel-corrected standard errors (PCSE), instrumental variables (2SLS), and quantile regression (MM-QR), the study finds that FinTech adoption significantly enhances CE, especially through its role in enabling digital financial inclusion and low-waste practices. Human capital positively impacts CE. ICT infrastructure shows mixed but important effects: mobile cellular subscriptions (ICT1) broaden access to digital tools, while secure internet servers (ICT2) are essential for advanced CE technologies. Innovation output exerts positive effects on CE and enhances the impact of FinTech. Regional findings reveal that Southern Africa shows the highest FinTech-driven CE gains, supported by strong ICT and human capital; East and West Africa benefit from ICT2 and patenting, while Central Africa's CE potential is limited by weak digital infrastructure. These findings highlight the need for integrated, region-specific policy approaches to accelerate CE transitions.",Africa; circular economy; FinTech; knowledge-driven innovations; sustainable futures,2026,9,10.1002/bse.70167,Manu E.,Business Strategy and the Environment,2-s2.0-105015055766
Fintech and Sustainability: Charting a New Course for Jordanian Banking,"This study explores the transformative role of financial technology (fintech) in advancing sustainability, financial inclusion, and customer engagement in Jordan’s banking sector. Utilizing a quantitative descriptive survey design, data were collected from 400 participants—comprising 300 bank customers and 100 banking professionals—through a structured bilingual questionnaire distributed via digital platforms. The study aims to evaluate how fintech innovations align with sustainable finance practices, extend banking access to underserved populations, and influence customer satisfaction. The results reveal strong evidence of fintech’s positive impact across all three domains. Regression analysis confirmed a statistically significant relationship between fintech innovation and the adoption of sustainable finance practices (β = 0.6498, p < 0.001), explaining 42.2% of the variance in sustainability outcomes. Similarly, fintech adoption was found to significantly improve financial inclusion among underserved populations (β = 0.6842, p < 0.001), accounting for 46.85% of the variance in access to services. One-way ANOVA analysis further showed that increased fintech integration significantly enhances customer engagement, with mean satisfaction scores rising progressively with higher fintech usage levels (F = 24.49, p < 0.001). The study underscores that fintech is a critical enabler of ethical banking transformation in Jordan, promoting ESG objectives, reducing financial access disparities, and strengthening customer loyalty. The findings confirm that fintech significantly contributes to sustainable, inclusive, and customer-centric banking practices. These insights support the notion that fintech adoption not only redefines banking operations but also charts a sustainable and socially responsible future for the Jordanian financial sector.",banks; customer engagement; financial inclusion; fintech; Jordan; sustainability; sustainable finance,2025,9,10.3390/jrfm18060328,Othman M.,Journal of Risk and Financial Management,2-s2.0-105009311339
Perceived quality in Fintech services: expanding UTAUT2 and the Delone and McLean Information System Success Models,"Purpose – With 1.7bn people globally excluded from essential financial services, universal financial inclusion remains a critical challenge, impeding progress toward Sustainable Development Goal 8 on inclusive growth. Despite advances, Fintech’s potential is underutilized, particularly for small businesses in Pakistan’s informal sector that struggle to access formal financial services. This study investigates how Fintech solutions can help overcome these barriers, aiming to promote financial inclusion and support sustainable economic growth in underserved sectors. Design/methodology/approach – The study employs a deductive approach, collecting data through questionnaires from 389 respondents and utilizing partial least squares-structural equation modeling to empirically evaluate the proposed model. Findings – The study finds that performance expectancy, effort expectancy, perceived trust, price value and interface design quality positively influence the behavioral intention to use Fintech. Effort expectancy and price value also impact the actual use of Fintech. Behavioral intentions mediate the relationship between Fintech variables and actual use. The moderating effects of information quality, service quality and system quality are significant. Behavioral intention’s influence on actual adoption is strongest at high service quality levels, significant at high or moderate system quality levels, and only significant at moderate information quality levels. Originality/value – The study integrates “UTAUT2 and Delone and McLean IS Success Models” to propose a novel research framework, contributing to the debate in two ways. It introduces an unknown dimension, namely interface design quality. The research unveils the previously unexplored influence of perceived Fintech quality (information quality, service quality and system quality) as a variable that moderates the relationship between behavioral intention and actual adoption of Fintech services.",Delone and McLean IS Success Model; Fintech acceptance; Fintech quality; Interface design quality; UTAUT2,2026,9,10.1108/BPMJ-08-2024-0754,Chand A.,Business Process Management Journal,2-s2.0-105000321328
Digital Financial Inclusion as a Mediator of Digital Financial Literacy and Government Support in MSME Performance,"The digital economy creates new opportunities for micro, small, and medium enterprises (MSMEs) in Indonesia to enhance their competitiveness through the adoption of financial technology. This study examines how digital financial inclusion (DFI) mediates the effects of digital financial literacy (DFL) and government support (GS) on MSME performance. This mediating relationship remains underexplored in developing countries, offering new insights into how it drives business advancement. A quantitative approach was applied using partial least squares structural equation modeling (PLS-SEM) based on survey data from 260 culinary MSME owners. The results indicate that knowledge-based resources and institutional support positively influence performance through DFI. DFI drives improvement by expanding market reach, increasing operational efficiency, facilitating transactions, optimizing the value of financial activities, and broadening access to financing. These findings underline the importance of policies that promote inclusive digital ecosystems and strengthen digital capability. Future research approaches should emphasize the integration of behavioral factors, institutional support, and business performance within the evolving MSME ecosystem and can be further developed through longitudinal or cross-sectoral studies to understand the sustainable dynamics of digital transformation.","digital financial inclusion; digital financial literacy; government support; micro, small, and medium enterprises (MSMEs); performance",2025,9,10.3390/ijfs13040199,Tandilino C.,International Journal of Financial Studies,2-s2.0-105025762905
Impact of FinTech on capital allocation: Empirical evidence from Jordan and Palestine,"The explosive growth of financial technology (Fintech) has transformed the credit and equity markets, providing small businesses with unprecedented access to capital and driving financial inclusion. However, how this financial inclusion affects the effectiveness of capital allocation remains unclear. Addressing this question, this study examines the impact of Fintech on capital allocation efficiency using data on Fintech firms from Jordan and Palestine between 2010 and 2020. Our central hypothesis is that while Fintech promotes financial inclusion, it may simultaneously lead to capital allocation inefficiencies. To measure the presence of Fintech, we use the number of Fintech firms in Jordan and Palestine. We find a striking pattern: the expansion of Fintech firms is associated reduce resource allocation to more efficient firms, suggesting systemic inefficiencies. Both the industry and corporate levels exhibit this trend. Mechanisms analysis reveals that this effect is driven by increased competition in the lending market and efficient stock swaps. Overall, we highlight how changes induced by Fintech in debt financing are the main cause of these inefficiencies. Our findings offer implications and insights for policymakers and Fintech companies by stressing the dual impacts of Fintech on financial markets in Jordan and Palestine. This underlines the necessity for a balanced approach to integrating Fintech innovations to ensure that the benefits of enhanced financial inclusion do not compromise financial efficiency and capital allocation. This study significantly contributes to the literature by delivering a comprehensive analysis of the intricate dynamics between Fintech, financial inclusion, and capital allocation efficiency in Jordan and Palestine.",Capital allocation; Equity efficiency; Financial inclusion; Fintech; Jordan; Lending markets; Palestine,2025,9,10.1016/j.bir.2025.06.004,Hmoud A.,Borsa Istanbul Review,2-s2.0-105008374713
"Fintechs in South Africa: Impact on regulation, incumbents and consumers","Background: The financial services industry in South Africa has undergone many changes that have given birth to fintechs. Most of these changes are driven by the advent of technology and evolving customer expectations. Fintechs have led to process disruptions and business model transformations, yet their implications have yet to be sufficiently studied. Therefore, it is essential to close this knowledge gap by investigating the impact of fintechs on this industry. Objectives: This research aimed to investigate the impact of fintechs in the financial services industry in South Africa. Method: A qualitative study was conducted in which 18 industry experts were interviewed using semi-structured interviews. The interviews were audio-recorded and transcribed for data analysis. ATLAS.ti 22 was used to organise and analyse data. Results: Fintechs increase competition for the incumbents, reduce profits, expose the inability of the incumbents to be agile and introduce new regulatory risks in the financial services industry. In contrast, fintechs have also brought some positive changes into the industry: financial inclusion, new growth opportunities, increasing choices for consumers and making the industry more competitive, reducing costs, customising financial services, bringing convenience and forcing incumbents and regulators to become more innovative. Conclusion: This study uncovered the positive and negative effects of fintechs in financial services in South Africa. Contribution: The study will benefit academia by expanding the body of knowledge about fintech research and improving the holistic understanding of this field in emerging economies, which can inspire future research on fintech and its application.",agility; competition; convenience; financial inclusion; financial technologies; fintechs; growth opportunities; impact; regulatory risk; sandboxes,2024,9,10.4102/sajim.v26i1.1766,Cele S.K.,South African Journal of Information Management,2-s2.0-105033121887
Perceived risks of financial misconduct and fintech in crowdfunding of Vietnamese individual investors,"Crowdfunding is a method of funding a project or venture by collecting small amounts of money from a large number of people – typically via the Internet – which presents both opportunities for financial inclusion and risks to financial consumers. This study aimed to investigate the influence of perceived risks of financial misconduct and fintech on the intentions of individual investors to participate in crowdfunding. The authors employed a quantitative method to gather approximately 900 survey responses, which were subsequently collated for further analysis. The findings indicate that the perceived risk of financial misconduct is a second-order factor that is reflected by four first-order factors: credibility risk, market risk, asymmetric information risk, and financial risk. Similarly, the perceived risk of fintech is a second-order factor that is reflected by three first-order factors: security risk, time-consuming risk, and expense risk. The study reveals that the perceived risk of financial misconduct negatively affects the intention to participate in crowdfunding, while the perceived risk of fintech positively influences the intention to participate. Additionally, the perceived risk of fintech also positively impacts the perceived risk of financial misconduct. Based on these research results, this study proposes policy implications for project owners, investors and regulatory agencies to enhance the quality of crowdfunding platforms. These recommendations aim to protect users from threats and risks associated with using these platforms, thereby improving the overall effectiveness and safety of the crowdfunding environment.",Crowdfunding; Financial misconduct; Fintech; Perceived risk,2025,9,10.1016/j.ememar.2024.101229,Khuc A.T.,Emerging Markets Review,2-s2.0-85210375142
"Mobile Financial Service Adoption Among Elderly Consumers: The Roles of Technology Anxiety, Familiarity, and Age","The rapid growth of mobile financial services provides significant opportunities for enhancing digital financial inclusion among older adults. However, elderly consumers often lag in adoption and sustained usage due to psychological barriers (e.g., technology anxiety) and factors related to prior experience and comfort with technology (e.g., technology familiarity). This study investigates how technology anxiety and technology familiarity influence elderly consumers’ continuance intention toward mobile banking, while examining age as a moderator by comparing younger older adults (aged 60–69) and older adults (aged 70+). Using data from an online survey of 488 elderly mobile banking users in South Korea, we conducted hierarchical regression analyses. The results show that technology anxiety negatively affects continuance intention, whereas technology familiarity positively enhances sustained usage. Moreover, age significantly moderated these relationships: adults aged 70+ were notably more sensitive to both technology anxiety and familiarity, highlighting distinct age-related psychological differences. These findings underscore the importance of targeted digital literacy initiatives, age-friendly fintech interfaces, and personalized support strategies. This study contributes to the fintech literature by integrating psychological dimensions into traditional technology adoption frameworks and emphasizing age-specific differences. Practically, fintech providers and policymakers should adopt tailored strategies to effectively address elderly consumers’ unique psychological needs, promoting sustained adoption and narrowing the digital divide in financial technology engagement.",continuance intention; elderly consumers; mobile financial services; technology anxiety; technology familiarity,2025,9,10.3390/fintech4030036,Han J.,Fintech,2-s2.0-105017169404
Digital financial service adoption decisions of semi-urban Ghanaian university students – implications for enterprise development and job creation,"Purpose: This paper reports results of an investigation into semi-urban Ghanaian university youths' attitude to digitized financial services (DFSs) and the determinants of their adoption decisions. Design/methodology/approach: Quantitative cross-sectional research approach was used. Three hundred and seventy-five (375) university students were randomly selected from a semi-urban town in Ghana to test the applicability of technology acceptance model (TAM) within such a context. Structural equation modeling was employed to assess stated hypotheses. Findings: The results indicate a high penetration of digital financial services among the students, which confirms the applicability of TAM for such studies. The results further suggest that DFS provides a pathway to financial inclusion and can stimulate small enterprise development and job creation in Ghana's semi-urban communities. Originality/value: Hitherto, little academic attention has been given to digitization of financial services in semi-urban African towns. The study contributes to filling this research gap.",Developing countries; Digitized financial services; Financial inclusion; Financial technology adoption,2024,9,10.1108/AJEMS-02-2022-0055,Ayimah J.C.,African Journal of Economic and Management Studies,2-s2.0-85159358399
"FinTech payment services adoption among women: the impact of personality, financial services knowledge and artificial intelligence","Purpose – This study aims to explore the adoption of FinTech payment services among women. It assesses the phenomenon through the impact of personality traits and financial services knowledge and investigates the moderated-mediation role of the artificial intelligence. Design/methodology/approach – Adopting the technology acceptance model, this study implied a quantitative survey to collect data from the women (N = 220). The relationship among the variables were assessed through Hayes’ PROCESS moderation-mediation model, with a robustness check through structural equation modeling (SEM) that substantiates the study’s findings. Findings – The results showed that the women with high agreeableness and openness are inclined to use FinTech payment services. Moreover, high-level banking services and FinTech usage knowledge positively correlated to the usage of FinTech payment services. In addition, artificial intelligence positively influences the use of FinTech payment services among women. Practical implications – This study offers policymakers a roadmap to make FinTech payment services more accessible among women through financial services knowledge and the use of artificial intelligence. This will advance the progress toward United Nations’ Sustainable Development Goals on gender equality and innovation. Social implications – This study reinforces the prospect of women’s empowerment through FinTech, paving way to explore the prospective mechanism for a complete shift to digitalization of economy to promote economic transparency. Originality/value – To the best of the authors’ knowledge, this is amongst the first studies that investigates the role of big-five personality traits and artificial intelligence in enhancing the usage of FinTech payment services among women. The innovative nature of this study promotes financial inclusion among the female population and opens up new research avenues to promote FinTech adoption.",Artificial intelligence; Big-five personality traits; Financial services knowledge; FinTech payment services; TAM; Women,2026,9,10.1108/IJAIM-09-2024-0355,Akhtar M.,International Journal of Accounting and Information Management,2-s2.0-86000450094
Inclusive green finance: as an approach of developing a comprehensive indicator for BRICS and other emerging economies,"While a large body of literature has provided evidence on how financial development can contribute to the increase in well-being and, more recently, to the quality of the environment, it remains under researched how emerging markets’ performance can be assessed in the two fields simultaneously. The study introduces a novel approach to assessing IGF, using BRICS and four Central European economies as examples to reveal key trends and performance metrics. It evaluates the financial structure of selected economies using World Bank and IMF data sets on financial inclusion, alongside indicators of green finance and innovation. The bunch of data are analysed with the help of three sub-indices contrasting the methodology of the HDI and the positivity constrained version of the two-stage PCA to reach a more stable and consistent evaluation. We find that though the ranking of emerging economies largely depends on the selection of the data set, the composite indicator based on the two-stage PCA provides more balanced results. Overall, the composite indicator developed in this study equips policymakers and international organisations with a practical tool to track progress in financial inclusion and green finance, enabling cross-country comparisons and timely interventions.",BRICS; Constrained PCA; Financial inclusion; Fintech; Green finance; HDI; IGF; Visegrad countries,2025,9,10.1186/s40008-025-00354-5,Novák Z.,Journal of Economic Structures,2-s2.0-105010050963
Artificial intelligence (AI) and financial technology (FinTech) in Tanzania; legal and regulatory issues,"Purpose: This paper aims to investigate the legal challenges arising from the increasing integration of artificial intelligence (AI) within the financial industry. It examines issues such as data privacy, cyber security, fraud and consumer protection, as well as ethical concerns like algorithmic bias, fairness and transparency. The study explores ways to create a regulatory environment that supports innovation while ensuring financial stability and consumer protection. It also examines the impact of FinTech innovations, such as mobile banking and block chain, on Tanzania’s legal landscape, providing recommendations for adapting laws to better manage AI and FinTech integration. Design/methodology/approach: The study adopts a doctrinal legal approach and comparative analysis to assess Tanzanian laws, identifying gaps and proposing solutions. It draws on international legal frameworks and applies both deductive and inductive reasoning, alongside key rules of statutory interpretation, including the mischief rule, literal rule, golden rule and purposive approach. Key Tanzanian laws, such as the Cybercrime Act (2015), the Electronic Transactions Act (2015), the Personal Data Protection Act (2022) and the National Payments System Act (2015), are critically examined. Comparative analysis with international legal standards further highlights areas for improvement and opportunities for legal harmonization. Findings: The study revealed that the existing legal instruments in Tanzania, such as the Cybercrime Act 2015, Electronic Transaction Act 2015 and others, are inadequate in addressing the specific legal challenges posed by AI and FinTech. There is a significant need for specialized legal frameworks that facilitate financial inclusion in the digital economy and protect consumers from potential financial risks associated with emerging technologies. The integration of AI and FinTech has democratized access to financial services but has also introduced unforeseen legal complexities and regulatory gaps. Originality/value: This paper presents an in-depth analysis of the impact of AI on Tanzania’s financial sector. Its originality and value stem from its focused exploration of AI’s influence on FinTech, detailed legal analysis and practical legislative reform recommendations. The discussion provides insights into the local legal framework and its preparedness to handle the complexities introduced by AI and automated contracts. This localized analysis fills a significant gap in the literature, offering valuable information for policymakers and scholars interested in FinTech. The paper contributes to the discourse on digital economy regulations and the adaptation of legal frameworks to emerging technologies.",Artificial intelligence; FinTech; ICT; M-banking; Tanzania,2025,8,10.1108/IJLMA-07-2024-0251,Ally A.M.,International Journal of Law and Management,2-s2.0-86000265367
Key drivers of bank financial performance: Insights from the Arab Levant region,"This study investigates the key determinants of bank financial performance in the Arab Levant region from 2017 to 2023, focusing on profitability and market valuation, while analyzing internal and external factors, including inflation, capital adequacy, and bank size, amid the unique regional economic dynamics post-Corona Virus Disease in 2019. The study sample comprises 15 Jordanian, 6 Palestinian, 5 Lebanese, and 13 Syrian banks. A descriptive analytical method and STATA were used for the hypoth-esis testing. The results reveal that inflation, bank type, country, bank size, and capital adequacy positively influence profitability, whereas liquidity ratio negatively affects profitability. Other variables, such as gross domestic product growth rate, country, bank age, operational effciency, coronavirus, and financial inclusion, have no significant impact on profitability. Additionally, the pandemic and financial inclusion had a statistically negative effect on market valuation, whereas the other variables had no significant influence. This study provides fresh insights into bank performance in the rarely studied Middle Eastern markets by exploring profitability and market valuation within a unique pre-and post-pandemic context, thus enriching our understanding of bank performance in emerging economies. It offers actionable strategies for policy-makers and managers to enhance profitability, market value, and resilience by focusing on fintech and equitable financial practices to support societal resilience and economic stability in conflict-affected, emerging economies.",banking performance; capital adequacy; economic stability; financial resilience; inflation rate; liquidity; market valuation; operational effciency; stakeholder theory,2025,8,10.21511/bbs.20(2).2025.12,Alslaibi N.A.,Banks and Bank Systems,2-s2.0-105009734079
Reverse FinTech Socialisation: A Remedy for Financial Exclusion in the Digital Era,"Technology has brought unprecedented changes in the financial realm, and its benefits were evident during the times of COVID-19. Nonetheless, digital divide has kept fintech out of the reach of many. Digital financial exclusion needs practical solutions to bring positive attitudes and confidence to use fintech among these segments. This is an original work that suggests reverse fintech socialisation as a tool to create such confidence within the digitally excluded. Employing a cross-sectional design, a sample of 349 middle-aged mothers was drawn from Kerala, India to examine the relationships between attitude, reverse socialisation, and confidence to deal in fintech. Findings supported the hypothesised relations between these variables and revealed that attitude predicts reverse fintech socialisation, which has a very high influence on confidence. Age, income, and income earner in the family too were found significant for confidence. Findings imply that policymakers can formulate interventions that make use of the youth to create confidence within the digital immigrants to use fintech.",COVID-19; Digital Financial Inclusion; Digital Immigrant; Financial Socialisation; FinTech Adoption; FinTech Attitude; FinTech Confidence; FinTech Self-Efficacy; India; Reverse Socialisation,2022,8,10.4018/IJEBR.316146,Abhijith P.S.,International Journal of E Business Research,2-s2.0-86000361977
Digital disruption in financing: Are fintech and bigtech credit reshaping corporate access to capital?,"This study examines the role of fintech and bigtech credit, collectively referred to as alternative digital credit, in alleviating corporate financing constraints across 70 countries from 2013 to 2019. The findings indicate that alternative digital credit alleviates financing constraints by reducing investment-to-cash flow sensitivity, particularly in developing countries. This effect is more pronounced in financially developed markets with strong institutional frameworks but less competitive banking sectors. The advantages of alternative digital credit are particularly notable for small, young, and manufacturing firms. Firms engaged in international trade and those owned by foreign investors face fewer constraints due to their inherent advantages. Consistency checks using alternative measures of financing constraints reaffirm these findings. The analysis of transmission channels further highlights that the entry of fintech and bigtech firms weakens banks’ market power, encouraging greater competition in the banking sector and ultimately lowering firms’ financing constraints. These insights highlight the transformative potential of alternative digital credit in promoting financial inclusion and propose targeted policies to enhance its adoption globally.",Bigtech Credit; Conventional Financial Sector; Financial Constraints; Fintech Credit; Total Alternative Credit,2025,8,10.1016/j.intfin.2025.102198,Khan H.H.,Journal of International Financial Markets Institutions and Money,2-s2.0-105009595151
A Bibliometric Analysis of Borrowers’ Behavior,"Understanding borrowers’ behavior is essential in making lending decisions, strengthening financial inclusion, and alleviating poverty. This research adopts a bibliometric approach to provide an overview of the borrower’s behavior relative to the selected literature. Bibliometric analysis quantifies the impact and quality of scientific production. This study reviewed 989 articles obtained from SCOPUS and published from 1987 to 2023. Data were cleaned, formatted, and analyzed using VOS viewer (1.6.19) and the R-Bibliometrix package. The research established an increased interest in borrowers’ behavior among scholars. Nonetheless, it is overshadowed by studies in lending behavior, microfinance, banking, peer-to-peer lending, and fintech. The scholarly focus is mainly on the supply side of the credit industry with little regard to demand-side dynamics, such as borrowers’ decision-making processes, which can affect the performance of credit facilities. This study recommends that further studies on credit facility demand-side dynamics should be carried out to understand the drivers of borrowers’ decisions.",borrowers’ behavior; financial behavior; financial inclusion; lending decisions; poverty alleviation; sustainable development goals,2024,8,10.3390/jrfm17030111,Mwirigi D.,Journal of Risk and Financial Management,2-s2.0-85189153538
"Understanding Millennials’ Financial Behavior: The Role of Fintech Adoption, Financial Literacy, and the Mediating Effect of Financial Attitudes in a Crisis-Affected Emerging Economy","This study investigates how financial literacy, FinTech adoption, and financial attitudes shape economic decision-making among millennials in Lebanon, a crisis-affected emerging economy. The study examines whether enhancing financial literacy can strengthen economic resilience through improved financial behavior, with financial attitudes acting as a mediator. Guided by Behavioral Finance Theory, the study employs a quantitative approach using data from 390 Lebanese millennials collected via a structured questionnaire. Structural equation modeling was applied to test direct and mediating effects. Both financial literacy and FinTech adoption were found to significantly influence millennials’ financial behavior, with financial literacy emerging as the stronger predictor. The findings also revealed that financial attitude significantly mediates the link between literacy and behavior, suggesting that financial knowledge alone is insufficient without attitudinal reinforcement. This study fills a critical empirical gap in the MENA region by offering evidence from a highly under-researched, crisis-affected emerging market. It introduces an integrated model combining technological, cognitive, and attitudinal dimensions of financial behavior. The study offers practical implications for policymakers, financial institutions, and international development actors seeking to strengthen financial inclusion and household stability in similar turbulent contexts.",behavioral finance; economic instability; financial attitude; financial literacy; FinTech; Lebanon; millennials,2026,8,10.3390/ijfs14020035,Aoun D.,International Journal of Financial Studies,2-s2.0-105031412142
Financial technology and credit risk management: the case of non-performing loans in Tanzanian banks,"The evolution of financial technology (FinTech) globally is reshaping the banking system, including Tanzania’s financial sector. This study examines the influence of FinTech on Tanzania’s banking sector, particularly its impact on non-performing loans. Using a financial technology index alongside bank-specific and macroeconomic variables, the analysis covers data from 30 Tanzanian commercial banks spanning 2010 to 2021. Employing a two-step system, a Generalized Method of Moments, the study tests the hypotheses and provides robust findings. The results reveal that FinTech significantly reduces non-performing loans across all bank categories, with the strongest effects observed in small banks, followed by medium and large banks. This indicates that advancements in FinTech improve credit risk management and reduce loan default rates. Conversely, a cost-to-income ratio and a high loan-to-deposit ratio increase non-performing loans, particularly in medium-sized banks. These findings have critical implications for policymakers and practitioners. Policymakers should prioritize fostering a supportive regulatory environment to encourage FinTech integration, particularly among small and medium banks. Bank managers are encouraged to leverage FinTech innovations to enhance credit risk management and operational efficiency. The study highlights the transformative potential of FinTech in managing credit risk and driving sustainable growth in Tanzania’s banking sector.","Banking; Business, Management and Accounting; commercial bank; Corporate Finance; Credit & Credit Institutions; Finance; FinTech; FinTech index; non-performing loans",2025,8,10.1080/23322039.2025.2459188,Ally O.J.,Cogent Economics and Finance,2-s2.0-85217426408
"Monetary Policy Effectiveness and Financial Inclusion in Nigeria: FinTech, ‘the Disrupter’ or ‘Enabler’","The extent monetary policy is effective in achieving financial inclusion has been scarcely investigated in the literature. Hence, this study examined the extent monetary policy is effective in achieving financial inclusion in Nigeria and whether FinTech improves or impedes this relationship. Quarterly time series data spanning from 2009 to 2019 from the Central Bank of Nigeria were used for estimations. Johansen’s cointegration test and fully modified OLS were used to carry out the analysis. The result shows that measures of monetary policy effectiveness, such as inflation rate and lending rate all had a significant effect on financial inclusion in the country. It was also discovered that accounting for FinTech in the model improves the effectiveness of the monetary policy on financial inclusion in Nigeria, contrary to popular assertion that Fintech impedes monetary policy effectiveness. The study concludes by emphasizing the role of monetary policy in achieving financial inclusion in Nigeria.",Financial inclusion; Financial technology; FinTech; Monetary policy; Nigeria.,2021,8,10.33094/8.2017.2021.91.19.27,Joseph T.E.,International Journal of Applied Economics Finance and Accounting,2-s2.0-85158911213
"FinTech and Financial Capability, What Do We Know and What We Do Not Know: A Scoping Review","Purpose: The scoping review of this study was to investigate the existing literature on FinTech's impact on financial competence and draw conclusions from it. We applied Danielle Levac's recommendations and used the scoping review framework developed by Arksey and O'Malley. Design/Methodology/Approach: The study involved identifying and analyzing 246 papers from major databases, followed by a rigorous screening process to select 54 relevant studies. Data coding, inclusion, and exclusion screening were conducted by us independently. Findings: According to the findings, studies on FinTech and financial capacity started in 2012, and since 2020, the number of studies has sharply increased. The analysis showed that financial inclusion was the primary focus of the major FinTech studies, suggesting possible research gaps in other aspects of financial competence. We suggested recommendations and prospective directions for further research in this developing subject based on these findings. Managerial Implications: This knowledge will help managers find opportunities for collaboration, offer fresh perspectives, and make wise choices, which will improve the sector. Theoretical Implications: Important concepts and relationships were found, new trends were highlighted, and theoretical advancements were suggested as a result of the inquiry. Through the filling of knowledge gaps, the study would guide future theoretical development, facilitate diverse perspectives, and support the construction of robust frameworks in the FinTech and financial capabilities sector. Originality/Value: This study offered a comprehensive review of the body of literature, pointing out areas in need of more research and knowledge gaps. The review's unique perspective for future study and innovation in understanding the relationship between FinTech and financial capacity is derived from its thorough synthesis of many studies.",financial behavior; financial capability; financial inclusion; FinTech; scoping review,2023,8,10.17010/ijf/2023/v17i12/170910,Joseph D.,Indian Journal of Finance,2-s2.0-85180421094
Trends in the Literature About the Adoption of Digital Banking in Emerging Economies: A Bibliometric Analysis,"This study examines the trends in the literature about adopting digital banking in emerging economies. It is based on the concepts of digital transformation and technological adoption, which significantly impact the development of the banking industry. A quantitative approach was used through a bibliometric analysis using data from Scopus to achieve the objective. The search equation allowed 118 publications to be extracted and analyzed. The results show that digital banking in emerging countries is a growing field of research that has driven the introduction of new information technologies. The perceived usefulness of digital banking is a key factor in promoting its adoption in the market. Attributes such as security and trust were identified as affecting the level of user satisfaction. Most studies are based on technological adoption, where perceived risk, usefulness, and ease of use are key to understanding the intention to use these technologies. Some countries’ concerns about financial inclusion, cyber security, and trust in financial technology are evident. While digital banking has the potential to increase the coverage of financial services, there are concerns about cybersecurity risks and user data protection.",bibliometric analysis; digital banking; emerging economies; technological adoption,2024,8,10.3390/jrfm17120545,Acosta-Prado J.C.,Journal of Risk and Financial Management,2-s2.0-85213459547
TRENDS AND PERSPECTIVES ON THE IMPACT OF DIGITAL TECHNOLOGIES ON THE EFFICACY OF MARKETING COMMUNICATION,"The research conducted aimed to determine the most attractive digital marketing technologies for future investment opportunities. This was achieved through a cross-priority ranking analysis, which identified trends in the development of digital technologies in marketing communications and global marketing. Data from 25 expert organisations was used to form a set of 32 digital solutions. Using a developed methodology, these solutions were ranked, revealing the top 6 with the highest potential for transforming marketing communications. The rankings showed a discrepancy between the mentioned frequency ranking and the priority ranking, indicating the influence of marketing organizations' experience. Currently, social media platforms, particularly influencer marketing, are closely integrated with e-commerce, explaining their high mention frequency. However, a cross-ranking analysis revealed a trend towards AI technologies in marketing communications processes. It has been established that obtaining credit funds for the deployment of modernized marketing campaigns and strategies impacts the financial security of such organizations. Moreover, the utilization of optimal conversion-oriented digital marketing tools allows for a significant reduction in financial risks and an increase in the profitability of companies. The study further identified the future direction of global marketing development, which involves immersive strategies that deeply integrate and extensively use AI technologies. These strategies aim to enhance consumer interest and engagement. The practicality of this research lies in its ability to assist stakeholders in making informed investment decisions and reducing the risks of misdirected investments. Further research is recommended to explore practical mechanisms for implementing the identified digital solutions in global marketing processes. This would involve developing a detailed strategy aligned with these technologies.",AI & ML; Big Data & Analytics; extended reality; FinTech; influencer marketing; interactive content marketing; MarTech; reduction of financial and credit risks; social commerce; voice marketing; VR/AR/MR; web analytics,2023,8,10.55643/fcaptp.6.53.2023.4259,Kuzyk O.,Financial and Credit Activity Problems of Theory and Practice,2-s2.0-85181746877
"Unraveling the nexus: intellectual capital, Fintech innovation, competitive agility, and financial inclusion","Purpose – This study empirically explores the impact of human capital, structural capital, relational capital and absorptive capacity on Fintech innovation. This study aims to investigate the potential impact of Fintech innovation on competitive agility and financial inclusion. Design/methodology/approach – Data was collected from 283 participants in Jordan. Smart PLS software was used to test the hypotheses. Findings – The findings reveal that human capital, structural capital, relational capital and absorptive capacity plays a significant role in Fintech innovation. Also, the outcome of path analysis confirms a significant impact of Fintech innovation on competitive agility and financial inclusion. Originality/value – This study emphasizes the practical value of intellectual capital in fostering Fintech innovation for managers, banks, financial institutions and policymakers. Prioritizing investment in human, structural and social capital enhances organizational innovation.",Absorptive capacity; Competitive agility; Financial inclusion; Fintech innovation; Human capital; Relational capital; Structural capital,2025,8,10.1108/QRFM-08-2024-0214,Al-Omoush K.,Qualitative Research in Financial Markets,2-s2.0-85209362330
Can internal regulatory technology (RegTech) mitigate bank credit risk? Evidence from the banking sector in China,"We empirically investigate the impact of internal RegTech on bank credit risk with panel data from 141 Chinese banks from 2011 to 2022. We initially constructed a bank-level RegTech index by mining banks' annual reports. We reveal that internal RegTech can significantly mitigate bank credit risk. Concretely, a one-standard-deviation increase in internal RegTech level leads to a 7.39–11.90 % decrease in bank credit risk. Regulatory intensity, income diversification, and charter value are identified as potential channels. The cross-sectional analysis demonstrates that the credit risk mitigation effect of internal RegTech is more pronounced in non-listed and low administrative-expense banks. Our main conclusions remain robust after addressing potential endogeneity issues, ruling out the potential effect of bank financial technology, alternative proxies for the dependent variable, alternative sample periods, and clustering of standard errors. In further analysis, we show the influential roles of the compliance application and technological foundation in the internal RegTech subindices and reveal the de-branching effect of internal RegTech.",Credit risk; Financial regulation; Internal RegTech; Panel data; Text mining,2025,8,10.1016/j.ribaf.2025.102780,Shi Z.,Research in International Business and Finance,2-s2.0-85216755395
Enhancing online visibility through strategic alliances: the case of bank-FinTech relationships,"Purpose: This work aims to explore the effects of (equity and non-equity) strategic alliances between banks and FinTechs on FinTechs' online visibility. Design/methodology/approach: For a sample of 124 Italian FinTechs, the authors measured online visibility through their website ranking (Google PageRank) and website traffic (Google Trends). Consistent to the historical depth of these measures, the authors separately investigated the effect of equity and non-equity (contractual) agreements on online visibility by means of ordinal logistic regressions and diff-in-diff analysis. Findings: Strategic alliances with banks enhance FinTechs' online visibility. Although both equity and contractual agreements positively influence the popularity of FinTechs' website achieved through the activity of internal and external online content creators (websites ranking), only equity agreements are effective in attracting Internet users (website traffic). Practical implications: When deciding to interact with banks, FinTechs' managers should consider that equity agreements may be a powerful strategic choice for enlarging the customer base and boosting visibility of FinTechs. Social implications: Fostering strategic alliances between banks and FinTechs contributes to FinTechs' growth, generating virtuous mechanisms of innovation, financial inclusion and better allocative efficiency of the financial system. Originality/value: This work expands marketing knowledge and literature regarding online visibility determinants, by investigating the benefits of strategic alliances and cooperation in the market, while providing an empirical strategy replicable by future marketing studies.",Banks; Diff-in-diff; FinTech; Google PageRank; Google trends; Online visibility; Strategic alliances,2024,8,10.1108/IJBM-02-2023-0071,Cosma S.,International Journal of Bank Marketing,2-s2.0-85183016869
Asian CBDCs on the rise: An in-depth analysis of developments and implications,"In this paper, we present an in-depth analysis of Central Bank Digital Currencies (CBDCs), focusing on their definition, purpose, design considerations and recent developments. We also delve into the potential advantages of CBDCs for Asia, such as enhancing convenience, precisely quantifying economic metrics, managing anonymity, catalyzing innovation, and promoting financial inclusion. Moreover, we examine how CBDCs can fortify monetary and fiscal policies, ensure safe distribution, reduce costs and combat corruption. We also address the risks associated with CBDC adoption in Asia and explore potential outcomes such as substitution effects, valuation fluctuations, and foreign currency dependence, while highlighting the importance of managing financial imbalances, holdings concentration and public apprehension toward digital currencies.",Central Bank Digital Currencies (CBDCs); digital monetary system; financial inclusion; Fintech; monetary innovation,2023,8,10.3934/QFE.2023032,Lee D.K.C.,Quantitative Finance and Economics,2-s2.0-85180666477
Ranking World Economies based on Fintech Vertical Opportunity Index (FVOI),"FinTech has evolved in economies based on level of financial inclusion available. Fintech plays critical role in granting access to common man to finance and economic ecosystem provisioning for higher economic growth and poverty reduction. The IMF Global Findex Database of 143 economies provides for parameters that helped us define the opportunity space for Fintech through FinTech Vertical Opportunity Index (FVOI) proposed in the paper. The parameters indicate the potential of financial transaction and access to individuals through FinTech development. UNDP approach for development of index ranks world economies with highest and lowest levels of financial inclusion and hence the highest level of vertical and lowest level of vertical opportunity for FinTech has been designed. USA, Norway & Canada feature as top 3 economies with highest financial inclusion based on FVOI. Morocco, Afghanistan & Madagascar show low rankings indicating low financial inclusion & hence a lower vertical set of opportunities for FinTech. The challenges of regulatory framework need to be defined and re-defined to ensure financial stability, integrity, competition and consumer protection.",Banking; Economies; Financial Inclusion; Fintech; FVOI; Growth; IMF; Index; India; Poverty; UNDP; World,2022,8,,Agarwal J.D.,Finance India,2-s2.0-85148757778
"INVESTIGATION OF FINANCIAL INCLUSION, FINANCIAL TECHNOLOGY, ECONOMIC FUNDAMENTALS, AND POVERTY ALLEVIATION IN ASEAN-5: USING SUR MODEL","This study investigated the effect of financial inclusion and fintech on economic fundamentals and poverty rates in five developing countries in ASEAN (ASEAN-5) using the Seemingly Unrelated Regression (SUR) model during the period 2009 to 2019. The results obtained are: (1) Financial inclusion through the credit variable and the number of ATMs, and fintech through the e-money variable, contributed to the most significant increase in GDP in the ASEAN-5 countries. Meanwhile, the most critical contributor to reduction in the unemployment rate from financial inclusion is through the credit and savings variables, while from fintech it is through mobile phone subscriptions. (2) Thailand is the country that has most effectively influenced the economic fundamental of unemployment rate, while Indonesia is the country that has most effectively influenced the economic fundamental of GDP. The results obtained from the panel regression model and cross-sectional weighting indicate that financial inclusion through savings, credit, and number of ATMs, and fintech through cellular phone subscription, are effective in reducing poverty rates in the ASEAN-5 countries. Nevertheless, financial inclusion and fintech do not significantly affect the inflation rate",Economic fundamentals; Financial inclusion; Financial technology; Poverty,2022,8,,Nasution L.N.,Abac Journal,2-s2.0-85135520827
The Roles of Islamic Financial Technology (FINTECH) in Fostering Financial Inclusion in Malaysia,"The financial sector is undergoing a paradigm shift due to technological improvements. As a result of these technical breakthroughs, the financial industry has experienced a significant transformation, characterised by a growing reliance on technology and the emergence of several opportunities and barriers. Thus, by examining official reports and the central bank’s website, the research aimed to analyse the roles played by Islamic fintech in promoting financial inclusion to gain a comprehensive understanding of fintech in Malaysia. The qualitative analytical approach employed in this study relies upon a wide range of sources, such as the Central Bank of Malaysia Financial Inclusion Framework 2023-2026, official papers on fintech, the Bank Negara Malaysia website, and pertinent journal articles. The findings indicated that the Islamic fintech sector in Malaysia has prioritised the empowerment of small and medium-sized firms, unbank population, marginalised communities, and vulnerable sectors to encourage financial inclusion in Malaysia. This approach is designed to stimulate economic growth and act as an intermediary for the progress of the digital economy through the provision of financial services accessibility.",Digital Finance; Financial Inclusion; Financial Technology; Fintech; Islamic Fintech,2024,8,,Mohd N.,Management and Accounting Review,2-s2.0-85190767332
Artificial Intelligence: The Strategy of Financial Risk Management,"This research examines the use of artificial intelligence (AI) as a financial risk management tool. The concept is motivated by the revolutionary effects that financial technology has on business operations. Traditional methods of financial risk management are no longer effective and require revision. The purpose of the study is to assess the role of artificial intelligence in the management of financial risks and offer recommendations for its further use in the financial sector of the economy. Methodological analysis of relevant scientific literature showed that AI, in particular machine learning, can help in managing financial risks. It has been concluded that AI improves the management of market and credit risks in model verification, risk modelling, stress testing and data preparation. AI helps to monitor the quality of information received, detect fraud and search for the right information on the Internet. In the future, financial technology will continue to influence the financial sector as operating companies modify their operations. Thus, financial risk management tools will include AI. The study examines the possibilities of AI use in financial (market and credit), risk management and operational sectors (business continuity and emergency recovery). The paper presents the most promising AI technologies and techniques such as RPA, Data Management, Blockchain, MRL, MRC, CRU, Deep Learning, OML, Modelling and Stress Testing, Machine Learning and Algorithms, Neural Networks, Decision Trees, CPM, CRA, Black Box, etc. to improve “Financial Risk Management (FRM)”.",artificial intelligence (AI); credit risk (CR); machine learning (ML); market risk (MR); operational risk (OR),2024,8,10.26794/2587-5671-2024-28-3-174-182,Kumar A.,Finance Theory and Practice,2-s2.0-85199864256
Financial inclusion and crowdfunding-a study of european countries,"Financial Inclusion appears to be a means of achieving the millennium development goals (MDGs) wh ich can exterminate poverty and help populaces to come out of the trap known as “poverty trap”. Crowd fund ing, o n t he other hand, helps people find investors or contributors for their business or cause. They are usually people who do n o t have access to the formal financial market or do not want to borrow money at high interest rates. The study was aimed to review the position of European countries in terms of fi nancial inclusion and Fintech from the Findex data 2017 from the World Bank. The crowdfunding data was gathered from the website of the European Crowdfunding Network whi ch helps to propagate the idea of crowdfunding in European countries. The study found t hat most countries in Europe have a high number of populations inclusive in the formal financial system and thus can access various fi nancia l servi ces offered by these institutions. Also, crowdfunding has seen a sharp increase in the amount of money raised and proj ect s funded in the last few years which was possible through the penetration of Fintech services in these countries. The study will be helpful for the companies which want to launch their crowdfunding platforms and also for the people who like to project their business on these platforms.",Crowdfunding; Europe; Financial Inclusion; Fintech; Poverty,2021,8,10.54609/reaser.v22i2.104,Baber H.,Review of Applied Socio Economic Research,2-s2.0-85120750396
Financialisation and the authoritarian state: the case of Russia,"Using the example of Russia, we argue that financialisation in an authoritarian state can take place primarily through formation in financial sector monopoly-like state-related structures controlled by a limited circle of the irreplaceable elite. It occurs because financialisation and new financial technologies in an authoritarian state increase both the opportunities and incentives for dominance of large state-dependent institutions in the financial sector. The authoritarian state and its elite are using financial and information technology developments in accordance with their goals, adopting and enhancing some financial practices and innovations from the experience of developed countries while rejecting, distorting or slowing down others. As a result, on the one hand, within the framework of the formation of such monopoly-like institutions, financialisation is proceeding actively, the role of finance and financial relations in society is increasing everywhere and the use of new financial technologies, digitalisation and financial inclusion are expanding. On the other hand, some financial markets remain underdeveloped because either they imply a certain degree of competition, diversity, institutional quality and independence from state voluntarism, or the state and authoritarian elite have not yet fully elaborated a strategy of integrating these financial markets into the orbit of their interests. Thus financialisation in DEEs with an authoritarian political regime can strengthen and facilitate the dominance of authoritarian elites.We draw these conclusions considering the example of financialisation in Russia in the last two decades, where the banking sector is at the core of the financial system.",Authoritarian state; Banking sector; Concentration; Financialisation; Post-socialist economy,2022,8,10.1093/cje/beac038,Mishura A.,Cambridge Journal of Economics,2-s2.0-85192386378
Does digital financial inclusion promote elderly consumption? An empirical test based on Chinese survey data,"This study investigates the impact of Digital Financial Inclusion (DFI) on elderly consumption expenditure in China, aiming to provide a novel perspective on enhancing the elderly’s participation in the digital economy. Utilizing data from the China Family Panel Studies and the Peking University Digital Financial Inclusion Index, the research employs empirical testing methods, including OLS regression and instrumental variable estimation, to analyze the relationship between DFI and consumption expenditures among the elderly. The findings reveal that DFI enhances the elderly’s access to finance by breaking down barriers, improving financial acumen, personalizing fintech solutions, and stimulating their consumption capacity. It also shows that poorer health increases consumption, while marriage and family size reduce spending. Household income significantly predicts consumption levels, with wealthier elderly consuming more. DFI optimizes consumption patterns, boosting living standards and enjoyment activities and elevating the elderly’s quality of life. This study uses the latest data from China to reveal the impact of DFI on the consumption expenditure and consumption structure of elderly people, offering insights for policymakers to develop targeted strategies that leverage digital finance for improving elderly living standards and stimulating the silver economy. The research holds value for academic and practical domains, presenting evidence-based recommendations for financial institutions and regulators to enhance digital financial services for the elderly demographic.",Consumption expenditure; Digital financial inclusion; Elderly,2026,8,10.1007/s10660-024-09940-4,Fan C.,Electronic Commerce Research,2-s2.0-85211912611
Financial technologies as a factor of financial inclusion of women,"The purpose of the paper is to study the use of financial technologies by women in the financial market of Tajikistan, to identify existing barriers and drivers for expanding opportunities through financial technologies to increase the level of financial inclusion of women in the Republic of Tajikistan. The main method of research is a sociological survey on the level of use of financial technologies in the Republic of Tajikistan. In addition, we used the methods of systematization, generalization and graphical presentation of the data to analyze the results of the survey. The levels of use of financial technologies by men and women were compared; it has been found that they vary significantly. In addition, there is a gap in the understanding and use of financial technologies depending on the place of residence (urban/rural). The expansion of digital financial services can, therefore, identify opportunities for continuation and challenges that need to be addressed in promoting women's financial inclusion and economic empowerment.",Economic empowerment; Financial inclusion; Financial services; Gender aspect; Technological integration,2019,7,,Makhkamova G.,Advances in Business Related Scientific Research Journal,2-s2.0-85079266799
"Asymmetric linkages among fintech, oil prices, governance, and growth in Southeast Asian economies","Fintech's disruptive potential in Southeast Asia can revolutionize financial inclusion and accelerate economic growth, warranting a comprehensive analysis of its interplay with oil prices, governance, and overall economic development. Against this backdrop, this study analyze the quantile-dependent (asymmetric) influence of oil prices, cumulative financial technology index, and institutional quality on economic growth for selected Southeast Asian countries from 1996 to 2021. Method of Moments Quantile Regression (MMQR) is used to analyse the asymmetric relationship, while the Dumitrescu-Hurlin Panel Causality test applies to the intrinsic casualty. The study's outcomes exposed the positive (negative) influence of Fintech and governance (oil prices); however, there marginal impact substantially varies at lower a higher growth quantiles. Labor headcount and capital stocks are among the main contributor of economic growth, specifically at higher growth quantiles (countries). Bi-directional causality has been confirmed through Dumitrescu-Hurlin Panel Causality test between Fintech, oil prices and governance with economic growth. Therefore, Generalized Method of Moment and Augmented Mean Group is further applied for robustness. After controlling reverse causality and endogeneity issues, the prior outcomes are validated. These findings offer valuable outcomes.",Economic growth; Fintech; Governance; Natural resource commodity; Oil prices,2024,7,10.1016/j.resourpol.2023.104517,Liu D.,Resources Policy,2-s2.0-85179760911
The link between crowdfunding and sustainability: A literature review in the field of entrepreneurs and academic spinoffs,"The aim of the paper is to analyze the literature that investigates the connection between fintech, crowdfunding, entrepreneurs, academic spinoffs, startups, SMEs, and sustainability to provide insights into how this relationship is influencing researchers. Crowdfunding serves as a crucial element of the fintech ecosystem, promoting financial inclusion and empowering businesses that use these technologies. The Latent Dirichlet Allocation (LDA) method was used to carefully analyze the literature in the field. The findings highlight how crowdfunding facilitates creative enterprises (academic spinoffs, startups, and SMEs) and corresponds with the increasing need for sustainable business practices, offering a foundation for future research in this multidisciplinary field.",Academic spinoffs; Crowdfunding; Entrepreneurs; Sustainability,2025,7,10.1016/j.frl.2025.107097,Baldissarro G.,Finance Research Letters,2-s2.0-85218953759
Enhanced Agricultural Financial Services through Cloud Computing: A New Paradigm of Security and Efficiency,"The agricultural sector has long faced significant challenges in accessing efficient and secure financial services, hindering its growth and sustainability. This study investigates the transformative potential of cloud computing in enhancing agricultural financial services, with a particular focus on improving security and operational efficiency. Through a comprehensive literature review and the development of a multi-dimensional security framework, the research explores the integration of cloud technologies in agricultural finance. The framework addresses physical, network, application, and data security aspects, tailored to the unique challenges of rural environments. A detailed case study of AgriBank’s implementation of a cloud-based agricultural financial services platform provides empirical evidence of the benefits and challenges associated with this technological shift. The results demonstrate substantial improvements in key performance indicators, including a significant reduction in loan processing time, enhanced credit risk assessment accuracy, and a notable increase in the agricultural loan portfolio. The study also highlights the importance of addressing rural-specific issues such as intermittent connectivity and varying levels of digital literacy. The findings contribute to the growing body of knowledge on financial technology applications in agriculture and offer valuable insights for policymakers and financial institutions seeking to leverage cloud technology to enhance their agricultural finance capabilities. This research underscores the potential of cloud computing to foster greater financial inclusion, promote sustainable agricultural development, and ultimately contribute to global food security.",Agricultural Finance; Big Data Analytics; Cloud Computing; Financial Inclusion; Financial Technology; Risk Assessment,2024,7,10.36956/rwae.v5i4.1315,Zhang X.,Research on World Agricultural Economy,2-s2.0-85213811242
Adopting FinTech to promote financial inclusion: Evidence from western African economic and monetary union,"Studies have indicated that many households living in developing countries, especially in Sub-Saharan Africa, have limited access to financial services offered by the banking system due to multiple socioeconomic barriers. This paper analyzes the impact that FinTech could have on the supply of financial services, including Western African Economic and Monetary Union. We estimate a logit model on Fintech-related variables using data from Global Findex 2017 to find variables that potentially affect financial inclusion. The analysis highlights several results. Firstly, they reveal that many major obstacles to financial inclusion, such as insufficient resources, lack of trust, and lack of official documents, cost, and religious reasons. Second, they demonstrate who is most financially excluded: women, young people under 25, the poor, and those with low levels of education. Thirdly, they also reveal that FinTech has the potential to remove many of these barriers and accelerate financial inclusion in the Western African Economic and Monetary Union. The richest 20% of people, young men, and those with tertiary education are considered to be the key factors of Fintech adoption. These results imply to involve FinTech widely in the delivery of financial services and to promote more financial literacy.",Financial inclusion; FinTech; Socio-economic barriers; Subsaharian Africa; WAEMU,2023,7,10.33094/ijaefa.v17i1.1090,Ahamadou M.,International Journal of Applied Economics Finance and Accounting,2-s2.0-85168092020
Consequences of China’s 2018 Online Lending Regulation and the Promise of PolicyTech,"Financial regulators often focus on containing risks in financial services; however, they may not simultaneously pay adequate attention to regulation’s adverse effects. This study examines how the economic development of borrowers was affected by China’s suppressive regulation of peer-to-peer (P2P) lending in 2018, which unexpectedly switched from an “all-in” policy to an “all-shutdown” policy, leading to a massive closure of P2P lending companies and the eventual shutdown of the entire industry by 2021. Leveraging data on individuals’ credit applications, we show that this one-size-fits-all regulation obstructed borrowers’ economic development potential, especially for underprivileged and underserved borrowers, as reflected by their credit scores and their selection of financial channels. To alleviate the unintended adverse effects, we advocate using artificial intelligence (AI) to stipulate personalized regulation as a PolicyTech solution. We demonstrate that by restricting some borrowers’ access to P2P lending according to their AI-predicted financial risk, it is possible to protect borrowers’ overall economic development opportunity, while containing credit risks. This work yields significant theoretical and societal implications.",AI; fintech; individual economic development; P2P lending regulation,2024,7,10.1287/isre.2021.0580,Liu Y.,Information Systems Research,2-s2.0-85197397655
Fintech environment and gender disparity in financial Inclusion: Empirical evidence from emerging markets,"This study investigates the impact of the fintech environment on gender disparities in financial inclusion across 31 countries from 2013 to 2023. Utilizing gender-disaggregated data from the IMF Financial Access Survey (FAS), we construct a fintech environment index comprising five sub-indices that measure technological and institutional readiness for digital finance. We also develop a comprehensive gender disparity index based on weighted gaps across five key dimensions of financial inclusion. The empirical analysis also incorporates a range of gender-specific and macro-level country variables, including female literacy rates, female labor force participation rates, female unemployment rates, income levels, access to the internet and electricity, mobile subscriptions, and institutional quality. Our findings consistently demonstrate that a robust fintech environment significantly narrows the gender gap in financial inclusion. Higher female literacy and labor force participation further reduce disparities, whereas female unemployment and gender inequality widen the gap. Additional enabling factors, such as improved income levels, digital and financial infrastructure, and strong institutional quality, also help reduce disparities. These results remain consistent across alternative estimation methods (IV regression) and across subgroups defined by income levels, gender disparity levels, and geographical divisions.",Female labor participation; Female unemployment; Fintech environment; Gender disparity in financial inclusion; Gender equality; Income inequality,2026,7,10.1016/j.bir.2026.100787,Khan H.H.,Borsa Istanbul Review,2-s2.0-105026708360
Digital Financial Inclusion: Covid-19 Pandemic as a Catalyst for Adoption,"In the last decade, the emergence of FinTech has played a crucial role in advancing financial inclusion in developing countries. The Covid-19 Pandemic has further accelerated the adoption of digital platforms due to the restrictions on movement. This study aims to investigate the impact of mobile banking on digital financial inclusion (DFI) during the pandemic in low and lower-middle-income countries. The sample of the study comprised 43 countries, and Principal Component Analysis and the OLS method were utilized to determine the DFI index and the factors affecting DFI. The study discovered that formal financial account ownership had an inverse relationship with DFI. Furthermore, the receipt of public and private wages and payment of utilities through digital platforms had a positive effect on DFI. However, financial literacy had a positive impact on DFI. Therefore, the development of digital payment infrastructure and the promotion of financial literacy is crucial to enhance DFI sustainably in low and lower-middle-income countries.",Covid-19 pandemic; digital financial inclusion; financial literacy; FinTech; mobile banking; principal component analysis,2023,7,10.33168/JSMS.2023.0506,Siddika A.,Journal of System and Management Sciences,2-s2.0-85173760713
"Adoption of Digital Wallets in Naawan, Misamis Oriental, Philippines: A Structural Equation Modeling Approach based on TAM and UTAUT","Digital wallets are changing how people behave financially, especially in countries where smartphone use and digital technology are starting to become widely adopted. This study explores the factors affecting the adoption digital wallet in Naawan, Misamis Oriental, Philippines. The study combines two theoretical perspectives, Technology Acceptance Model (TAM) and Unified Theory of Acceptance and Use of Technology (UTAUT). The central research question addressed which factors significantly influence the decision to adopt digital wallets. Previous literature has established a range of adoption drivers such as convenience, security, and usefulness, yet recent findings suggest shifts in user priorities. This study seeks to examine these dynamics in a localized Asian context, thus filling a gap in digital wallet adoption literature for emerging economies. A quantitative research design was used to obtain data from 300 respondents purposively sampled and using a structured questionnaire. Data was analyzed through Partial Least Squares Structural Equation Modeling (PLS-SEM) via SmartPLS software. Results indicate that budgeting, rewards, and perceived ease of use are strong predictors of adoption, while convenience, security, and perceived usefulness are not. These results carry practical implications for fintech, retail, and e-commerce businesses across Asia. Companies are advised to share actual use cases and favor user-centered features over generic security messages. Lastly, the research promotes digital financial Inclusion, providing strategic implications for the development of digital wallet services in Asia’s competitive fintech environment.",Budgeting; Convenience; Digital Wallet Adoption; Perceived Ease of Use; Perceived Usefulness; Rewards; Security,2025,7,10.37394/23207.2025.22.128,Alonzo A.A.,Wseas Transactions on Business and Economics,2-s2.0-105013820245
“I Don’t Like All Those Fees” Pragmatism About Financial Services Among Low-Income Parents,"Basic financial services facilitate people’s ability to manage their finances, save, and receive payments from employers or the government. Drawing on survey data as well as qualitative interviews with 80 mothers with limited incomes, we find that parents take a pragmatic view and use a wide range of financial services to meet their needs including fintech, prepaid cards, and mobile phone-based solutions, as well as traditional banks. Mistrust in institutions is an important factor in shaping the services mothers avoid. Structural factors, like employers’ payment methods, also play a role in financial service use. These low-income parents of young children are actively using a range of financial services, much broader than those provided by traditional banks. Many mothers engaged in complex financial management practices to receive income and pay their bills. This opens room for potentially costly errors and is, at least, taxing their cognitive bandwidth. Researchers must attend to the diverse set of financial services with which parents engage and investigate how this affects families’ financial wellbeing and inclusion.",Financial inclusion; Financial services; Poverty; Qualitative interviews,2023,7,10.1007/s10834-022-09873-w,Collins J.M.,Journal of Family and Economic Issues,2-s2.0-85141390075
CAN FINTECH CURB INCOME INEQUALITY IN CHINA?,"The effect of FinTech on income inequality in China and the characteristics of the existing thresholds are examined in this study based on China provincial panel data from 2011 to 2020 by combining dynamic panel differential GMM with panel threshold models. As revealed by this study, (1) FinTech can significantly curb income inequality. (2) FinTech can mitigate income inequality in all regions, and the degree of mitigation is more significant in the central and western regions of China. (3) The improvement of FinTech development can reduce income inequality in all quantiles. The regions with high-income inequality and low-income inequality are compared. The comparison results reveal that FinTech can reduce income inequality to a greater extent in regions with low-income inequality. (4) FinTech can restrain income inequality under different threshold variables, and the restraining effect of economic growth is the most significant. The policy significance of this study is to fully exploit the empowerment and income-generating role played by FinTech, build a more inclusive financial system, create a good financial environment, cultivate residents’ financial knowledge level, enhance the ability of low-income groups to obtain income from financial services and reduce income inequality, to fulfill the development goal of common prosperity.",common prosperity; differential GMM; financial inclusion; FinTech; income distribution; income inequality; threshold model,2023,7,10.3846/jbem.2023.20653,Liu K.,Journal of Business Economics and Management,2-s2.0-85182463169
Defeating the Dark Sides of FinTech: A Regression-Based Analysis of Digitalization’s Role in Fostering Consumers’ Financial Inclusion in Central and Eastern Europe,"Financial technologies metamorphose economies with customer-focused innovation. In this way, financial inclusion is fostered and economic growth is increased. However, risks, trust issues, and ethical concerns stem from the faster advancement of digital technologies and expanding financial innovation. Thus, this paper aims to understand the risks and barriers associated with FinTech and consumer adoption, focussing on the impact of digitalization on financial products/services’ acceptance. The research investigates the impact of digitalization on financial services and the recognition of the role played in the global economy by FinTech. For this reason, the regression analysis was used to explore the influence and correlation of various variables on FinTech in Central and Eastern European (CEE) countries, such as Internet usage, online shopping, paying bills via the Internet, and making and receiving digital payments. The results show differences between three clusters of CEEs in terms of FinTech adoption. While several past studies have explored the advantages of FinTech, few studies have investigated the risks associated with its adoption, trust, and barriers to its usage in different country contexts. The present paper fills the gap by analysing the data on Internet usage, online shopping, paying bills via Internet, and sending or receiving digital payments in CEE countries. The study recommends that FinTech companies share information online not only to present their offerings to users, but also to promote financial education through clear and straightforward communication about the features of their services. This approach can indirectly benefit society by contributing to financial development, inclusion, social stability, and, consequently, sustainable development.",Central and Eastern European countries; digitalization; financial inclusion; FinTech; innovation,2024,7,10.3390/risks12110178,Panait M.C.,Risks,2-s2.0-85210550741
DOES FINTECH AFFECT FINANCIAL INCLUSION IN BALKAN REGION COUNTRIES?,"In recent years, the technological revolution and proliferation of financial technology (fintech) have significantly transformed the financial services landscape, potentially addressing gaps in financial inclusion. Fintech is the key driver for financial inclusion (Arner et al., 2020). The purpose of this study is to investigate the effect of fintech on financial inclusion within the Balkan region countries. This research uses a comprehensive analysis of data from different Balkan countries to explore the impact of fintech on financial inclusion. The study uses various econometric models and regression analysis (fixed effects model) to assess the extent to which fintech affects access to banking services, credit availability, and overall financial inclusion within the Balkan region. Using fintech indicators and available global fintech data, we find that the proxy of fintech-digital payment has a positive correlation with financial inclusion in countries of the Balkan region. Findings from this research contribute valuable knowledge to policymakers, financial institutions, and researchers interested in promoting inclusive financial systems in the Balkan region through the strategic integration of fintech solutions.",Artificial Intelligence; Banks; Digital Payment; Financial Inclusion; Fintech,2024,7,10.22495/jgrv13i1siart12,Miftari F.,Journal of Governance and Regulation,2-s2.0-85187668542
Do mobile money services enhance business performance? An empirical analysis of Kenyan businesses,"This study examines the impact of mobile money services on business performance by comparing the performance between businesses that use and do not use mobile money. The analysis empirically draws on cross-sectional data of 1001 Kenyan businesses from the 2018 World Bank Enterprise Survey. Propensity Score Matching is used to control for selection bias and variations in business characteristics. The results reveal that businesses that use mobile money services are more likely to be innovative in products and processes than non-users. However, they perform as well as businesses that do not use mobile money. The results also show that differences in business-specific characteristics such as business size, sector, location, and business obstacles significantly influence the adoption of mobile money by Kenyan businesses. Therefore, these results highlight the importance of mobile money services for Kenyan businesses with effective digital tools and support. Policy recommendations to enhance the financial mobile ecosystem and financial inclusion are discussed.",business performance; empirical analysis; FinTech; Kenya; mobile money,2024,7,10.1177/14657503241230946,Tiwasing P.,International Journal of Entrepreneurship and Innovation,2-s2.0-85185690497
Banking evolution in the digital age: How digital financial inclusion induces systematic financial risk?,"Using panel data from 16 Chinese commercial banks (2011–2022), this study investigates the relationship between digital financial inclusion (DFI) and systemic financial risk. Findings reveal that DFI dimensions differentially affect systemic risk—service depth and digitalization significantly increase risk, while geographical coverage has minimal impact. We identify leverage level and administration costs as critical mediating mechanisms, while capital adequacy and liquidity management capability serve as significant moderating factors. These findings underscore the theoretical underpinnings and regulatory implications of balancing financial innovation with stability in rapidly changing digital landscapes.",Banking stability; Digital inclusive finance; Financial technology innovation; Risk transmission mechanisms,2025,7,10.1016/j.frl.2025.107351,Xie J.,Finance Research Letters,2-s2.0-105002665814
Financial inclusion based on financial technology and risky behaviour of micro-finance institutes: evidence from South Asian micro-finance banks,"Purpose: The purpose of this paper financial technology (FinTech) revolutions are promptly remodelling the worldwide financial industry and facilitating financial inclusion initiatives with the aid of micro-finance institutions. Such hi-tech modifications are anticipated to sell the stableness of the financial system and lessen its predominant actors’ risk-taking behaviour. However, there needs to be more practical proof to guide the effect of financial inclusion based on financial technology on the risky behaviour of South Asia micro-finance institutes. Design/methodology/approach: Therefore, the authors industrialised a fresh index to calculate financial inclusion based on financial technology and empirically measure its position in decreasing the risk-taking approach of micro-finance institutes. The use of numerous robustness examinations endorsed the rationality of the authors’ outcomes. Findings: Z-scoring or standard scoring outcomes of FinInc support the extant studies displaying its incredible connection with economic stability, which interprets as a terrible courting with risky behaviour of micro-finance institutes. Consequently, the authors highlighted the significance of the universality and openness of financial technology solutions in minimising risk of micro-finance institutes. Moreover, the authors concluded that financial technology is greater related to small-size micro-finance institutes. Originality/value: This study currently focusing South Asia, which has not been explored before, and it is the first time to research financial inclusion with Fintech in this area.",Financial inclusion; FinTech; Micro-finance institutes; Risky behaviour; South Asia,2023,7,10.1108/DPRG-12-2022-0149,Hussain S.,Digital Policy Regulation and Governance,2-s2.0-85161873257
FinTech’s impact on grocery retail in Bangladesh: a TAM approach,"Despite the rapid digital transformation, only a fraction of small businesses in Bangladesh actively utilize digital financial services, limiting their growth potential. This study investigates the key factors influencing the adoption of Financial Technology (FinTech) among grocery businesses in Bangladesh, using the Technology Acceptance Model (TAM) to assess the roles of perceived usefulness, perceived ease of use, and attitudes toward digital financial tools. A quantitative research approach was employed, collecting data from 396 grocery businesses in Bangladesh through structured questionnaires. Structural equation modeling (SEM) was applied using STATA and the SmartPLS package to validate the measurement model and test hypothesized relationships. The results reveal that both perceived usefulness and ease of use significantly shape attitudes toward digital financial adoption, which in turn strongly influences adoption intent. Furthermore, attitudes mediate the impact of perceived usefulness and ease of use on adoption intentions, underscoring the role of cognitive perceptions in shaping digital transformation in the grocery sector. The study focuses exclusively on grocery businesses in Bangladesh, which may limit its applicability to other industries or regions. Future research could extend the model by incorporating additional factors such as social influence and regulatory support across different business sectors. The findings offer actionable recommendations for policymakers and business leaders, emphasizing the need for financial literacy programs, improved digital infrastructure, financial incentives, and stronger public–private collaboration to accelerate digital payment adoption in the grocery sector. This study contributes to the existing literature by applying the TAM framework to the unique context of small-scale grocery businesses in a developing economy. It provides a nuanced understanding of how perceived value and usability influence digital financial adoption, offering strategic insights for enhancing financial inclusion in Bangladesh.",FinTech adoption; Grocery businesses; Structural equation modeling (SEM); Technology Acceptance Model (TAM),2026,7,10.1007/s12597-025-00955-5,Rana M.,Opsearch,2-s2.0-105006830699
Banking regulation got you down? The rise of fintech and cryptointermediation in Africa,"Lack of access to financial services is a problem for many; worldwide, one in four adults does not have a checking or savings account. Financial institutions with active, low-balance accounts often face considerable challenges compared to larger financial institutions (Black, 1979). Adding a fixed regulatory cost of servicing accounts can affect relative costs and thus generate an Alchian-Allen effect (the third law of demand) that leads financial institutions to quit servicing these low-balance accounts. Regulators may prefer this outcome as it is easier to regulate and extract rents from large financial institutions. Data indicates more underbanking in countries with lower income and more regulation. This article looks at the barriers traditional financial intermediaries often face in less developed nations and then looks at how fintech and cryptocurrencies enable bank alternatives to lower barriers to entry and expand financial inclusion.",Bitcoin; Deregulation; Economic theory of regulation; Financial intermediation; Financial services; Fintech; Forex; Unbanked,2023,7,10.1007/s11127-023-01090-9,Stringham E.P.,Public Choice,2-s2.0-85167836582
Analysis of the impact of financial inclusion and FinTech on youth labour force participation in the MENA region,"This study examines the determinants of financial inclusion and FinTech, and then evaluates their effects on youth labour force participation in the MENA region. The World Bank's Global Findex 2021 database was used to perform probit estimations and propensity score matching. The results show that young people with higher education levels, higher incomes, mobile phones and Internet access are more likely to be included in the traditional and digital financial systems. In addition, barriers to financial inclusion encompass a lack of documentation, religious constraints and the costs associated with financial services. Furthermore, examining the effect of financial inclusion and FinTech reveals that having formal bank accounts and mobile money accounts, as well as savings, formal loans, and digital transactions, has a significant impact on young people's participation in the labour force.",financial inclusion; FinTech; labour force; MENA; propensity score matching,2024,6,10.18559/ebr.2024.4.1668,Elmasmari H.,Economics and Business Review,2-s2.0-85216405924
Redefining Fintech adoption in emerging market: extending the ISSM model,"This article examines the ongoing usage behavior of consumers utilizing Fintech services in a developing country. It proposes extensions to the ISSM model that include trust, security, and value for sustained use and e-WoM. The data, collected through a pretested survey with purposive sampling, yielded 421 responses from January to March 2024. These responses were analyzed using SmartPLS statistical software 4.0. The major findings suggest that consumer sustained usage behavior is significantly and positively influenced by perceived trust, information quality, service quality, and perceived value. Additionally, sustained usage behavior has a significant and positive influence on consumers' e-word of mouth. This article focuses on Fintech usage in Kazakhstan, a developing country, addressing a gap in existing research that predominantly centers on developed economies. Moreover, this context offers unique insights due to its rapid digital transformation initiatives and significant challenges in financial inclusion.",e-word of mouth; Fintech; ISSM model; Perceived security; Perceived trust; Perceived value; Sustained usage behavior,2025,6,10.1057/s41264-025-00312-z,Doszhan R.D.,Journal of Financial Services Marketing,2-s2.0-105012254442
Premier Wallet: banking the unbanked population in Somalia,"Learning outcomes: Upon reading, analyzing and participating in the classroom discussion of this case study, students will be able to use the blue ocean strategy (mainly the Strategy Canvas tool) to analyze how companies establish their products as viable and the go-to solution for consumers; perform a competitive analysis for competitive products; learn how to use data from the case, including industry trends, to predict the future market position of products; and learn how to develop strategies for new products in the market. Case overview/synopsis: Abdishakur M. Afrah, who served as the Head of Business Development at Premier Bank, oversaw a substantial banking portfolio, which included Premier Wallet – the first digital wallet in Somalia. This case study outlines Premier Wallet’s journey and its transformative impact on the banking sector. Owing to the mobile wallet, consumers could, for the first time, engage in purchasing, withdrawing cash, shopping online and topping up without needing a bank account at Premier Bank. This allowed for the financial inclusion of the unbanked Somali population. This case study also highlights the Wallet Send feature, a disruptive feature that challenged the prevalent Hawala system in Somalia. This feature enabled customers to send money across 110 countries via their smartphones, facilitating direct deposits to the mobile or bank accounts of their family and friends or to cash withdrawal points nearby. Despite these advanced features, Premier Wallet struggled with broader acceptance, hindered by a mere 9% internet penetration, the absence of a national identification (ID) system and stiff competition from WAAFI, a fintech application supported by Hormuud Telecom, Somalia’s leading telecommunications company. The case study also delves into the strategic decisions Afrah had to make to position Premier Wallet as the top mobile money option for consumers in Somalia. Complexity academic level: This case study is suited for undergraduate-level courses. Supplementary materials: Teaching notes are available for educators only. Subject code: CSS 3: Entrepreneurship.",Africa; Blue ocean strategy; Competitive strategy; East Africa; Innovation; Marketing; Red ocean strategy; Somalia; Strategy Canvas,2023,6,10.1108/EEMCS-01-2023-0030,Hassan M.M.,Emerald Emerging Markets Case Studies,2-s2.0-85178456126
Does P2P lending promote the traditional bank-based financial inclusion? Spatial evidence from 34 developing economies,"Whilst prior literature often suggests that P2P lending address the credit needs of borrowers unserved and underserved by the formal banking sector, this paper contends that the significance of P2P lending extends beyond merely bridging the credit gap created by banks. By empowering the borrowers (often marginalised entities) with knowledge, skills, confidence and necessary documentations, P2P lending plays a transformative role, facilitating these borrowers towards their eventual acceptance and integration into the traditional banking system. We then formally investigate the impact of P2P lending on the traditional bank-based financial inclusion for a group of 34 developing countries during 2013–2020, considering spatial dependence amongst these nations. We find that, first, there is positive cross-country spatial dependence in the traditional financial inclusion, substantiating the use of spatial analysis. Second, utilising the Spatial Durbin Model which is found to be the most suitable specification, we find that P2P lending enhances the traditional financial inclusion, both domestically and in neighbouring economies. Third, the above holds when the largest P2P lender amongst developing nations (i.e., China) and/or the impact of the Covid pandemic (i.e., year 2020) is excluded. Fourth, removing the Covid-19 effect strengthens the positive influence of P2P lending on traditional financial inclusion, signifying the importance of economic stability and connectivity in fostering this relationship. Finally, the robustness of these findings is confirmed with an alternative weight matrix.",Developing countries; Financial Inclusion; FinTech; P2P lending; Spatial analysis,2025,6,10.1016/j.ribaf.2025.102947,Koranteng B.,Research in International Business and Finance,2-s2.0-105004885072
Credit scoring model for fintech lending: An integration of large language models and FocalPoly loss,"Fintech lending experiences high credit risk and needs an efficient credit scoring model, but it also faces limited data sources and severe class imbalance. We develop a novel two-stage credit scoring model (called LLM-FP-CatBoost) by solving the two issues simultaneously. Large language models (LLMs) initially extract narrative data as a supplementary credit dataset. A new FocalPoly loss is then incorporated with CatBoost to handle the class imbalance problem. Extensive comparisons demonstrate that the proposed LLM-FP-CatBoost significantly outperforms the benchmarks in most circumstances. When making pairwise comparisons between LLMs on the fintech lending dataset, we found that the Chinese-specific LLM, i.e., ERNIE 4.0, achieves the best overall performance, followed by GPT-4 and BERT-based models. The performance decomposition reveals that the superiority is mainly attributed to the new data source extracted by the LLMs. The SHAP algorithm further ensures the interpretability of LLM-FP-CatBoost. The superiority of the proposed LLM-FP-CatBoost model remains robust to hyperparameters of the loss function, specific LLMs, and other extraction methods of narrative data. Finally, we discuss some managerial implications concerning credit scoring in fintech lending.",BERT; Credit scoring; ERNIE 4.0; Fintech lending; Focal loss; GPT-4; Imbalanced learning; Large language model,2025,6,10.1016/j.ijforecast.2024.07.005,Xia Y.,International Journal of Forecasting,2-s2.0-85211207025
Responsible access to credit for sole-traders and micro-organizations under unstable market conditions with psychometrics,"In a context of market volatility, the growing complexity of financial products, and a shift towards self-employment, there is an increasing demand for inclusive financial services for sole traders and micro-organizations. To address this need, we conducted a study using real-time data from a Fintech lender in the Czech Republic to assess the effectiveness of a new financial literacy based psychometric credit scoring model (PSM) in improving access to finance for micro, small and medium sized enterprises (MSME) sector, particularly sole traders, and micro-organizations, during volatile market conditions. This study affirms that PSMs play a significant role in responsibly including this underserved sector. Specifically, we observed a 30% higher approval rate and a 23% lower default rate when utilizing the PSM versus the traditional credit scoring model (TCSM). Moreover, during the period of substantial market volatility and instability, such as the state-of-emergency during the COVID-19 pandemic, the PSM exhibited a 13% higher approval rate at a 20% lower default rate than the TCSM. This evidence supports the proposition that PSMs offer a viable option for promoting financial inclusion and targeted financial education among MSMEs in the face of instable financial markets.",COVID-pandemic; financial inclusion; innovative credit scoring; psychometrics; Small business lending,2026,6,10.1080/1351847X.2024.2357569,van Thiel D.,European Journal of Finance,2-s2.0-85195998911
Social influence or religiosity? New factors determining the adoption of Paytech services in Islamic countries,"Purpose: This study aims to identify the factors that may account for the intention to use Paytech services within an Islamic context. The authors propose an expanded version of the Technology Acceptance Model (TAM), which includes religiosity (R) and social influence (SI), to develop a causal-predictive analysis. Design/methodology/approach: The research model and hypotheses were assessed using partial least square-structured equation modeling on data collected from 531 potential Paytech users. Findings: The results reveal that religiosity has a more significant direct effect on the intention to use Paytech services than on actual use, while social influence has a more significant direct effect on use than on the intention to use Paytech services. Research limitations/implications: Cultural differences within the Middle East and North Africa region could influence the acceptance and usage of the new Paytech services. Practical implications: The valuable insights gained from this study can help Fintech managers, financial institutions and developers of new financial services design effective strategies to encourage user adoption of Paytech services. Companies could prioritize implementing word-of-mouth marketing initiatives to encourage early adopters to recommend the service. Social implications: The Paytech services would enable access to financial services for the entire Muslim population regardless of their location, gender or age, thereby fostering financial inclusion. Originality/value: To the best of the authors’ knowledge, this study is the first to explore the intention to use Paytech services in two Islamic countries: Saudi Arabia and Palestine. From a theoretical perspective, this work contributes to the academic literature by analyzing the mediating effects of two external variables, religiosity and social influence.",Extended TAM; Islamic fintech; Paytech services; Religiosity; Social influence; TAM-SIR,2025,6,10.1108/IMEFM-01-2024-0011,Albort-Morant G.,International Journal of Islamic and Middle Eastern Finance and Management,2-s2.0-85214832229
The combined role of FinTech innovation and financial literacy in sustainable financial inclusion in Nigeria,"Financial inclusion remains a critical challenge in Nigeria, particularly in rural areas where access to financial services and financial literacy levels are significantly low. While FinTech innovations have the potential to bridge this gap, existing research has not fully examined the comparative effects of financial technology adoption and financial literacy on financial inclusion. Specifically, prior studies fail to assess how both factors interact and whether financial inclusion is primarily driven by improved access to FinTech services, enhanced financial literacy, or a combination of both. This study investigates the adoption, accessibility, and affordability of FinTech products in Nigeria while assessing individuals’ ability to effectively utilize these technologies. Using survey data from rural populations, our study examines how FinTech innovations influence the uptake of financial services that contribute to wealth circulation and economic growth. We reveal that while FinTech adoption has increased among rural dwellers, financial literacy has a more significant impact on financial inclusion than access to FinTech services. This is largely due to the continued dominance of traditional banks as primary FinTech service providers, whose presence is predominantly concentrated in urban areas. Consequently, rural financial inclusion remains constrained despite the growing availability of digital financial solutions. We address the need for targeted strategies to enhance financial literacy and improve access to FinTech services in rural areas. Policymakers and FinTech companies should prioritise financial education initiatives and develop more inclusive digital financial solutions to accelerate financial inclusion in rural areas.",Financial inclusion; Financial innovation; Financial literacy; Financial technology; Rural dwelling,2025,6,10.1007/s12232-025-00490-1,Sam-Abugu C.,International Review of Economics,2-s2.0-105006675892
The promotion effect and spillover effect of financial technology on regional innovation: evidence from China,"The development of Financial Technology (FinTech) has transformed financial services by generating new business models and supporting regional innovation by solving the financing constraints of innovative actors. This study assesses regional innovation by constructing a spatial matrix and measuring the level of regional FinTech with the Digital Financial Inclusion Index (DFII) based on the number of patents obtained in each region. It then examines the impact of FinTech on regional innovation, its action mechanism and inter-regional spatial spillover effects from the perspective of financing constraints, filling the gap in direct academic empirical research on the impact of FinTech on regional innovation. The empirical results show that the development of FinTech significantly promotes regional innovation, with a spatial spillover effect. Hence, governments should encourage the integration of finance, emerging technologies and FinTech development. Doing so may help solve the financing constraints of innovative activities, optimise the industry-financing patterns and promote the effective allocation of resources.",development; financial services; Innovation; spatial spillover,2025,6,10.1080/09537325.2024.2328144,Wang Z.,Technology Analysis and Strategic Management,2-s2.0-85188459686
Digital engagement in financial inclusion for bridging the gendered entrepreneurial financial gap: evidence from India,"The rising tide of women entrepreneurship, the unparalleled rise in fintech, and the inclusive nature of digital technologies led to the democratization of entrepreneurship, challenging structural constraints ascribed to gender-specific roles. The democratization underscores the economic implications of women entrepreneurs’ digital engagement in response to global digital by default. Hence, through the social cognitive theory, the study examines whether leveraging Digital Financial Literacy ensures Financial Inclusion for women entrepreneurs, unveiling the potential of digital engagement in bridging the entrepreneurial-gendered financing gap, which has been explored less. A primary survey of 214 women entrepreneurs was analysed using Hayes PROCESS macro-model 8. The findings reveal that Digital Financial Literacy significantly influences Financial Inclusion and Firm Performance. Financial Inclusion partially mediates the relationship between Digital Financial Literacy and Firm Performance. However, Financial Behaviour negatively moderates the relationship between Digital Financial Literacy and Firm Performance and remains insignificant between Digital Financial Literacy and the Financial Inclusion link. Hence, the study offers insights to entrepreneurs, policymakers, and academicians on the potential of Digital Financial Literacy in narrowing the gender finance gap. It also emphasizes the need to improve the financial behavior of women entrepreneurs.","Business, Management and Accounting; digital financial literacy; Finance; financial behavior; Firm performance; Gender & Development; gender bias; gender equality; Gender Studies - Soc Sci; Women entrepreneurship",2025,6,10.1080/23311975.2025.2518492,Peter S.,Cogent Business and Management,2-s2.0-105008319923
Asymmetric Impact of Digital Finance on Poverty and Income Inequality Using NARDL Approach: Evidence from Indonesia,"The growing global demand for cellular devices and internet connection is a very significant advancement in promoting financial inclusion, changing the financial services environment in many low- and middle-income countries (LMICs). As per the World Bank report “Indonesia's Rising Divide,” there has been a rise in inequality inside the country. The wealthiest 20% of the population increased their spending from 45.98% in September 2022 to 46.71% in March 2023. The inequality is likely to culminate into the menace of poverty also. Using the asymmetrical NARDL model, the study determines how financial inclusion through digital finance has affected poverty and income inequality in Indonesia during the period 1999–2022. According to the findings, financial technology adoption can effectively lower rates of poverty and lessen income inequality over an extended period of time; nevertheless, the relationship is an asymmetrical one. So, there is a need to incentivize traditional financial institutions, and internet firms should augment digital financial goods and technology.",Digital finance; Income inequality; NARDL; Poverty,2025,6,10.1007/s13132-024-02454-2,Tarique M.,Journal of the Knowledge Economy,2-s2.0-105005989457
The Impact of Bank Fintech on Corporate Short-Term Debt for Long-Term Use—Based on the Perspective of Financial Risk,"Information asymmetry between banks and enterprises in the credit market is essentially the microfoundation of financial risk generation. The frequent occurrence of corporate debt defaults, mainly due to the behavior of short-term debt for long-term use (hereinafter referred to as “SDLU”), further aggravates the contagion path from individual liquidity crisis to systemic repayment crisis. In order to test whether bank financial technology (hereinafter referred to as “BankFintech”) can mitigate SDLU and reduce the possibility of financial risks, this study matched the loan data of China’s A-share listed companies with the patent data of bank-invented Fintech from 2013 to 2022 to construct the BankFintech Development Index for empirical analysis. The empirical results show that the development of BankFintech can significantly inhibit SDLU. The mechanism test reveals that BankFintech reduces bank credit risk and liquidity risk by lowering firms’ risk-weighted assets, improving capital adequacy and liquidity ratios, tilts banks’ lending preferences toward duration-matched long-term financing, and “forces” enterprises to take the initiative to improve their financial health and information transparency, enhance their ability to obtain long-term loans, and realize the active management of mismatch risk. Heterogeneity analysis finds that the effect is more significant in non-state-owned enterprises and technology-intensive industries. Further analysis shows that the level of enterprise digitization, the intensity of financial regulation, and related financial policies significantly moderate the marginal effect between the two. This study verified the “Porter’s Risk Mitigation Hypothesis” of Fintech, providing empirical evidence for effectively cracking the financial vulnerability caused by debt maturity mismatch and deepening financial supply-side reform.",bank fintech; financial risk; information asymmetry; short-term debt for long-term use,2025,6,10.3390/ijfs13020068,Wu W.,International Journal of Financial Studies,2-s2.0-105008920225
FINTECH P2P LENDING AND BANK LOAN IN TIME OF COVID-19,"This study investigates the dual impact of peer-to-peer (P2P) FinTech lending and the COVID-19 pandemic on bank lending in Indonesia spanning from 2016 to 2022. Rooted in Christensen’s theory of disruptive innovation, the research underscores how FinTech startups, by leveraging innovative technology, create intense competition for traditional banks (Christensen, 1997). Analyzing data from 121 banks, the findings reveal that the proliferation of P2P lending negatively influences bank loan growth, indicating a potential diversion of borrowers from traditional institutions. Surprisingly, the COVID-19 pandemic exhibits no significant impact on overall bank lending, highlighting the sector’s stability owing to government and financial institution interventions. Notably, when scrutinizing the joint impact of P2P lending and the pandemic, a positive effect on bank lending emerges, particularly benefiting smaller banks. This suggests that P2P lending activities complement traditional bank lending, especially during challenging periods like the pandemic. Smaller banks, in particular, demonstrate adaptability and resilience by strategically leveraging P2P lending, countering disruptions. The study underscores the pivotal role of smaller banks in navigating economic challenges, providing valuable insights for policymakers, regulators, and financial institutions to adapt to the evolving landscape of financial technology and enhance financial access for the public.",Bank Lending; COVID-19; Financial Technology; Peer-To-Peer Lending,2024,6,10.22495/rgcv14i1p8,Langi C.R.,Risk Governance and Control Financial Markets and Institutions,2-s2.0-85196916724
"TECHNOLOGY ACCEPTANCE MODEL, TRUST, AND FINANCIAL BEHAVIOR IN SHAPING CONSUMER WELL-BEING: INSIGHTS FROM FINTECH ADOPTION IN URBAN INDONESIA","Consumer well-being reflects subjective physical, emotional, and psychological satisfaction derived from services. This study investigates how the Technology Acceptance Model (TAM), trust, and intention to use fintech services influence consumer well-being in urban Indonesia, with financial behavior as a moderating variable. The research surveyed 390 active fintech users in the Jabodetabek metropolitan area in Indonesia, which includes Jakarta, Bogor, Depok Tangerang, and Bekasi selected due to their high engagement with digital financial services, with the survey being conducted over a three-month period from May to July 2024. The findings reveal that TAM and trust significantly influence consumers’ intention to use fintech services, which mediates their impact on consumer well-being. Notably, intention to use has the strongest direct effect on well-being (path coefficient = 0.548, p < 0.001). However, financial behavior does not significantly moderate the relationship between intention to use and wellbeing (p = 0.441). These results highlight the pivotal role of trust and ease of access in enhancing consumer satisfaction. From a practical perspective, the findings suggest that fintech providers and policymakers should focus on financial literacy to mitigate risks associated with unregulated fintech use. This study extends theoretical insights into the intersection of technology acceptance and consumer behavior, emphasizing the importance of user-centered approaches. Future research should explore these dynamics in rural contexts to compare community-specific impacts.",consumer well-being; digital financial services; financial inclusion; fintech adoption; TAM; trust,2025,6,10.21511/im.21(2).2025.16,Budiyanto A.,Innovative Marketing,2-s2.0-105008020233
Competing with bitcoin - some policy considerations for issuing digitalized legal tenders,"The proliferation of peer to peer virtual alternatives to traditional banknotes has raised concerns among policymakers about the future of traditional means of making pay ments and how it might affect monetary policy implementation and its effectiveness. This study provides a brief overview of the existing research in this area. It compares positions taken in the literature by authors on some of the key policy issues releva nt for central banks when thinking about the issuance of digitalized legal tenders. We examine the implications of government issued digital alternatives to traditional currencies for monetary policy effectiveness, payments and settlements, and financial m arket stability. We also discuss recent advances in financial technology to improve the making of payments and settlements, which might help contribute to financial inclusion. At the same time, new technologies represent challenges for regulatory authoriti es, for instance related to efforts to contain anti money laundering and prevent financing of terrorism. A number of authors argue that government issued digital currency is necessary to address the flaws in private crypto currencies, and to improve moneta ry policy effectiveness. Central banks have begun to analyze possible features of digitalized legal tenders, to better understand the policy considerations involved and effects these could have for interest rate transmission and financial markets, but ther e is no clear consensus on key modalities associated with digitalized legal tenders. Moreover, many central banks do not regard privately issued virtual currencies as a serious threat to traditional currencies. Given the ongoing debate, it is difficult to make firm predictions about the impact of central bank issued digital currencies on monetary policy transmission and financial markets at this point.",Digital currencies; Financial market st ability; Monetary policy effectiveness; Payments and settlements,2019,6,10.5430/ijfr.v10n4p1,Kovanen A.,International Journal of Financial Research,2-s2.0-85071229705
Fintech adoption in emerging economies: exploring demographic patterns and preferences,"Purpose: This study aims to explore the relationship between demographic factors and Fintech adoption in emerging economies, analyzing patterns across segments to identify key drivers and barriers shaping adoption trends and consumer preferences. Design/methodology/approach: This study integrates longitudinal data (2011–2021) for 15 emerging economies from the Global Findex Database, Human Development Index, Sustainable Development Goals Index and Information and Communications Technology (ICT) Indicators for a comprehensive Fintech adoption analysis. It introduces three composite indices – Economic, ICT Infrastructure and Financial Infrastructure Scores – ensuring a structured, comparative approach. Triangulating diverse datasets provides granular insights into economic, technological and financial drivers of Fintech adoption. Findings: Economically stronger nations exhibit higher Fintech Scores, reflecting greater digital financial adoption. However, socioeconomic, regulatory and technological factors create deviations. While advanced ICT and robust banking systems facilitate Fintech growth, adoption varies due to regulatory policies, cultural attitudes and consumer behavior, highlighting the need for context-specific strategies. Research limitations/implications: The study’s reliance on aggregated data may overlook intra-country regional disparities and does not fully account for cultural and behavioral nuances influencing Fintech adoption. Practical implications: Tailored strategies are essential to enhancing digital literacy, fostering trust in Fintech solutions and mitigating barriers faced by underserved segments. Policymakers and stakeholders must prioritize inclusive regulatory frameworks and investments in ICT and financial infrastructure to bridge accessibility gaps. Originality/value: This study adds novel insights into the demographic dynamics of Fintech adoption in developing economies, contributing to the growing body of literature on financial inclusion and technological innovation.",Demographic factors; Emerging economies; Financial inclusion; Fintech adoption; Multidimensional approach; Technological innovation,2025,6,10.1108/JEAS-10-2024-0402,Singla M.,Journal of Economic and Administrative Sciences,2-s2.0-105005280204
"Strategic insights: evaluating SDG 4, SDG 8, SDG 9 and SDG 16 in driving sustainable growth in the global FinTech landscape","Purpose: To strategically evaluate the sustainable development of the FinTech industry on a global scale, which has not been done to date. This study aims to address this scientific problem and empirically analyze the contribution of the sustainable development goals (SDGs) and their indicators to the sustainable growth in the FinTech sector, whose impact is fundamentally changing the financial services sector, considering perspectives from business, academia and the public sector. The main contribution of this paper is, therefore, the identification of strategically relevant sustainability indicators and factors for defining and assessing the sustainability of the FinTech industry at the national level, and their application in further research and practice globally. Design/methodology/approach: Multicriteria simple additive weighting is used in quantitative empirical research. Findings: Three primary conclusions are indicated by the study’s results: the SDGs 9 “Industry, Innovation, and Infrastructure,” SDG 4 “Quality Education,” SDG 8 “Decent Work and Economic Growth” and SDG 16 “Peace, Justice, and Strong Institutions” are the most important for the sustainable growth of the FinTech industry. Unrestricted public access to FinTech and an educated working-age population are the main factors influencing the sustainable development of the FinTech industry. Northern Europe, with Finland, Germany, the Netherlands and Sweden leading the way, has the best sustainable development results related to the FinTech industry. Practical implications: The results of the study are practically useful and applicable both to policymakers seeking to strategically bolster sustainable growth within the framework of the FinTech industry, and to FinTech companies conducting strategic development internationally. Originality/value: The study initiates a discussion in the scientific community about what constitutes sustainable development of the global FinTech industry, which is currently not defined.",Digital finance; Digital financial inclusion; FinTech development; FinTech industry; Sustainable development; Sustainable development goals (SDG),2025,6,10.1108/RIBS-02-2024-0019,Pauliukevičienė G.,Review of International Business and Strategy,2-s2.0-85210375022
Does FinTech enhance the effectiveness of financial inclusion to reduce income inequality? Evidence from Sub-Saharan Africa,"Purpose – The research aims to achieve three goals. First, it examines the effect of FinTech on income inequality in SSA. Second, it assesses the effect of financial inclusion on income inequality in SSA. Lastly, it analyzes whether FinTech enhances the effectiveness of financial inclusion in reducing income inequality in SSA. Design/methodology/approach – The study adopts robust econometric techniques such as the traditional ordinary least square (OLS) estimation technique, the two-step system GMM, the Driscoll–Kraay covariance matrix estimator and the PVAR Granger causality model. The two-step GMM helps us to address endogeneity and simultaneity issues and small sample bias inherent in dynamic panel models. Similarly, the Driscoll–Kraay covariance matrix estimator addresses panel data’s potential cross-sectional, temporal and spatial dependence. Findings – The study finds that FinTech does not directly engender a reduction in income inequality. Similarly, the study shows that financial inclusion may not directly facilitate a reduction in income inequality. However, we find that FinTech pushes financial inclusion to engender a reduction in income inequality in SSA. Further, the results show that FinTech Granger causes financial inclusion in SSA. Lastly, we find that technology infrastructure (captured by mobile cellular subscription and the share of the population with internet access) and the level of education (proxied by mean years of schooling) are important channels through which FinTech pushes financial inclusion to reduce income inequality. The research and policy implications are discussed. Originality/value – The study investigated the efficacy of FinTech in deepening financial inclusion and reducing income inequality in SSA.",B26; Financial inclusion; FinTech; Income inequality; O3; O55; Q55; SSA; Technology infrastructure,2026,6,10.1108/IJOEM-04-2024-0663,Olaoye O.O.,International Journal of Emerging Markets,2-s2.0-105000039423
Does Indian banks’ FinTech investment affect their liquidity and efficiency? Using competition functions as a moderator,"Purpose – FinTech technologies are distinct because they are used to develop and provide traditional financial services. This study aims to investigate how FinTech advances affect Indian banks’ efficiency and liquidity. In addition to analyzing its role in promoting financial inclusion, reducing risks and generating competitive advantages in the banking industry, it looks into how FinTech adoption improves efficiency, strengthens liquidity and works under the competition inside the Indian banking industry. Design/methodology/approach – In this study, 23 Indian banks serve as cross-sectional units, and the time dimension spans 15 years, from 2010 to 2024. Panel data analysis was also used to examine the findings. Findings – According to this study, Indian banks’ short-term liquidity (liquidity coverage ratio [LCR]) and FinTech investment (information, communication and technology [ICT]) are positively correlated. Interestingly, ICT does not affect long-term liquidity (net stable funding ratio [NSFR]). ICT also increases bank efficiency. On the other hand, li (decrease in competition) modifies these linkages, impacting efficiency and liquidity. Because they put efficiency ahead of pricing rivalry, banks become more efficient and invest more in ICT when there is less competition. However, a moderating effect of li has been shown on the association of LCR and ICT and on the association of ICT and NSFR, which indicates that an increase in li results in a decrease in short-term liquidity and ICT investment by banks and also increases in li results in a reduction of the long-term liquidity (NSFR) and ICT investment by banks. Research limitations/implications – This study is constrained by its emphasis on FinTech investment rather than examining more general FinTech innovations and their particular effects on Indian banks, including blockchain or artificial intelligence. Practical implications – FinTech investment integration improves efficiency and liquidity in Indian banking, but these advantages can be lessened if competition declines. Banks need to make strategic investments in FinTech to keep their competitive edge. Creating a competitive atmosphere should motivate banks to use FinTech to enhance their efficiency and liquidity management and encourage long-term expansion in the financial industry. Originality/value – This study provides fresh perspectives on the strategic role of FinTech in banking by examining how FinTech investment affects Indian banks’ efficiency and liquidity in a unique way while taking competition into account as a moderator.",FinTech; G210; G280; LCR; Liquidity; M210; M480; NSFR; Panel data,2026,6,10.1108/JFEP-03-2025-0117,Kashyap S.,Journal of Financial Economic Policy,2-s2.0-105014988253
Asking fintech voice Chatbots: Explaining consumer switching intention by status quo bias theory,"As FinTech voice chatbots gradually emerge as successors to traditional text-based FinTech interfaces, understanding the behavioral mechanisms that drive users to switch to voice-based systems has become a critical concern for the banking industry. Despite their growing prevalence, research on FinTech voice chatbots remains fragmented and underdeveloped. To address this gap, the present study draws upon the three core dimensions of Status Quo Bias Theory—psychological commitment, cognitive misperception, and relationship evaluation—to explain how resistance to FinTech voice chatbots can be mitigated and how users’ willingness to adopt these technologies can be enhanced. A longitudinal survey was conducted with 330 consumers in Taiwan who had experience using FinTech voice chatbot services. Using Latent Growth Curve Modeling (LGCM), this study investigates how initial levels of sunk cost for human customer service, social norms, loss aversion toward voice chatbots, perceived system defects, prior user experience with human customer service, and performance risk perceptions shape the evolution of resistance attitudes and, ultimately, willingness to switch to FinTech voice chatbots. These findings highlight key psychological and behavioral factors that hinder FinTech voice chatbot adoption, offering actionable insights for banks. With limited resources, by prioritizing alleviating sunk costs for physical customer service, loss aversion for FinTech voice chatbots, and user experience for human customers of consumers, banks can not only effectively foster adoption but also reduce paper-based service reliance, advancing environmental sustainability and financial inclusion in line with the Sustainable Development Goals (SDGs).",Cognitive misperception; Psychological commitment; Quo bias theory; Relationship evaluation; Voice chatbots,2026,5,10.1016/j.jretconser.2025.104457,Huang S.Y.B.,Journal of Retailing and Consumer Services,2-s2.0-105012436915
THE ROLE OF FINANCIAL TECHNOLOGY AND FINANCIAL INCLUSION IN SUSTAINABLE GOVERNANCE AND PERFORMANCE: A SYSTEMATIC REVIEW OF GLOBAL INSIGHTS,"The study aspires to examine the relationship between financial technology (FinTech) and financial inclusion (FI) on sustainable performance, focusing on global insights. FinTech has transformed the financial landscape by promoting FI, especially in marginalized groups. Through a systematic literature review (SLR), this study analyzes bibliographic data from Scopus, Web of Science (WOS), and Google Scholar. A keyword-based search yielded 1944 articles, from which 371 were selected after a rigorous screening process. Findings highlight that FinTech and sustainable finance positively affect corporate financial performance, especially in the services, while FI uniquely contributes to sustained corporate growth. Our findings suggest a future direction for how FI derives sustainable performance by overcoming financial obstacles. Evidence shows that FinTech and inclusive finance practices can reduce costs, improve capital access, uplift brand value, and support environmental compliance. The paper recommends policies for effective risk-minimized FinTech use and encourages further quantitative and qualitative research in this field.",Digital Banking; Financial Inclusion; FinTech; Global Scenario Analysis; Sustainable Finance; Sustainable Performance,2025,5,10.22495/jgrv14i2siart13,Ghose P.,Journal of Governance and Regulation,2-s2.0-105008234984
Upstarts vs incumbents: the interaction between fintech credit and bank lending in Sub-Saharan Africa,"This study analyzes how fintech credit affects bank lending in Sub-Saharan Africa (SSA) and how this relationship is influenced by financial inclusion measured by bank branch networks. We utilized the system GMM to examine data spanning 19 SSA economies from 2013 to 2019. This study finds that fintech credit has a mixed effect on bank lending in SSA, depending on how it is measured. When fintech is measured by total alternative credit (fintech and Bigtech credit), there is a negative and significant relationship between Fintech and bank lending in SSA economies, suggesting that some borrowers are shifting towards fintech options. However, we observe a positive and significant relationship when we focus solely on fintech credit, suggesting that fintech can complement traditional bank lending, potentially by expanding access to financial services. Furthermore, this study underscores the importance of the presence of physical banks. Fintech lending growth has a negative net effect on bank lending when traditional banks reduce their branch network. This suggests that physical branches remain crucial for financial inclusion, particularly in areas with a limited digital infrastructure. These insights offer valuable guidance for policymakers and industry leaders seeking to promote financial inclusion and stability in SSA’s evolving financial landscape.","alternative credit; bank lending; Banking; Bigtech credit; Development Economics; Dr David McMillan, University of Stirling, United Kingdom of Great Britain and Northern Ireland; Economics; Finance; financial inclusion; Fintech credit; Sub-Saharan Africa; system GMM",2024,5,10.1080/23322039.2024.2375643,Mashamba T.,Cogent Economics and Finance,2-s2.0-85198737454
"Telecommunication, socioeconomic, and financial inclusion: An empirical evidence from Bihar","This article aimed to examine the relationship between determinants of telecommunication, socioeconomic variables, and financial inclusion in India. The current study adopted a cross-sectional design and quantitative approach. A sample of 400 was randomly drawn using a predetermined schedule from the adult individuals of two villages of Madhubani district of Bihar. The randomly selected villages are Chaparia and Jagatpur of Madhubani district. The three dimensions considered for the study are financial inclusion, telecommunication, and socioeconomic factors. SmartPLS was used to establish the hypothesized relationship between telecommunication, socioeconomic, and financial inclusion. The impact of telecommunication and socioeconomic constructs on financial inclusion was evident from the current study in several constructs. Out of 18 paths, 12 paths were significant at a 5% significance level, and three paths were significant at a 10% significance level. The results are vital for policymakers. Fintech innovation and revolution are a vivacious tool to achieve financial inclusion by including the financially excluded sections. The financial institutions may tie-up with the telecom companies to make them their channel partners.",Bihar; Financial inclusion; SmartPLS; Socioeconomic; Structural equation modelling; Telecommunication,2020,5,10.17010/pijom/2020/v13i10-11/156008,Siddiqui T.A.,Prabandhan Indian Journal of Management,2-s2.0-85097617606
Fintech and absolute intergenerational mobility: Evidence from digital finance development in China,"Over the past four decades, wealth accumulation has increasingly concentrated among a small elite, particularly in developing countries. The rise of financial technology (fintech), however, offers a powerful tool to overcome these barriers and foster financial inclusion. Using microdata, we demonstrate that fintech significantly improves absolute intergenerational mobility, which represents a 67.76 % increase in the income of poor families. Our analysis reveals that fintech alleviates liquidity constraints and enhances ""market luck"", lowering entry barriers for economically disadvantaged individuals to pursue entrepreneurship. Furthermore, fintech's inclusive nature leads to varied effects across different households and offspring, reducing gender inequality and supporting upward mobility for low-income families. By expanding access to financial resources, fintech emerges as a crucial driver in addressing class disparities and promoting intergenerational mobility.",Absolute intergenerational mobility; Digital finance; Fintech; Market luck,2025,5,10.1016/j.strueco.2025.07.004,Chen C.,Structural Change and Economic Dynamics,2-s2.0-105011057603
Banking in the Age of Blockchain and FinTech: A Hybrid Efficiency Framework for Emerging Economies,"In the present era where digitalization, FinTech, and blockchain technologies are reshaping the global financial landscape, traditional measures of bank performance need to evolve. This paper introduces a hybrid approach that combines multi-criteria efficiency assessment and econometric modeling to evaluate bank performance within the context of digital transformation in emerging economies. Focusing on a panel of banks across selected emerging markets, this study first applies a multi-criteria decision-making technique (Data Envelopment Analysis) to assess operational efficiency using both conventional indicators and digitalization-driven metrics, such as mobile banking penetration and blockchain adoption. We then employ a panel econometric model to investigate the factors that shape efficiency outcomes, with special attention to FinTech and blockchain innovations as potential drivers. The results reveal a nuanced picture of how digital technologies can influence bank performance, highlighting both opportunities and constraints for financial institutions in less developed markets. The findings offer actionable insights for bank managers, regulators, and policymakers striving to balance traditional operational priorities with the demands of digital transformation. By linking efficiency measurement with an examination of the digitalization process, this paper provides a timely contribution to the literature on banking and financial innovation, serving as a foundation for future research and strategic decision-making in the FinTech and blockchain era.",bank efficiency; blockchain adoption; DEA-Malmquist; digital financial inclusion; emerging economies; FinTech; panel econometrics,2025,5,10.3390/jrfm18080458,Ristanović V.,Journal of Risk and Financial Management,2-s2.0-105014458468
The FinTech adoption in rural areas of Pakistan: an application of SEM and ANN approach,"Purpose – The global emphasis on sustainability is driving organizations to embrace financial technology (FinTech) solutions as a means of enhancing their sustainable performance. Despite the focus on leveraging FinTech for financial inclusion, there is a notable scarcity of research on its role in aiding the unbanked and underserved populations in developing countries. To bridge the research gap, this study proposes a framework exploring key determinants of FinTech adoption namely Perceived Traceability, Accessibility, Security, Financial Literacy, Seamless Transaction, Convenience, Facilitating Conditions and Privacy Risk and their interrelations. Design/methodology/approach – For the empirical validation of our model, we adopted a dual approach combining structural equation modeling (SEM) and artificial neural networks (ANN), thereby enhancing the robustness of our framework. Given the SEM–ANN approach’s requirement for a larger sample size, we gathered data from 489 respondents in areas of Pakistan. Following data screening, 22 cases were discarded, leaving 467 for analysis. Initial examination and hypothesis testing utilized Smart-PLS 4.0 and SPSS-23. To deepen the validation and evaluate the significance of the factors identified, an ANN approach was subsequently applied as a robustness check. Findings – The results conclusively demonstrated that Perceived Traceability, Accessibility, Security, Financial Literacy, Seamless Transaction, Convenience, Facilitating Conditions and Perceived Privacy Risk are significant drivers of FinTech adoption in rural areas. The study also revealed that Perceived Privacy Risk acts as a moderating factor in the dynamics between Perceived Traceability, Security and FinTech Adoption, although this moderating effect was not observed in the relationship between Perceived Accessibility and FinTech Adoption. Additionally, the ANN analysis results matched the PLS-SEM outcomes, reinforcing the significance of the identified factors. The study found variations in factor impact across methodologies, suggesting future research directions. Originality/value – This study offers essential guidance for decision-makers in rural FinTech adoption, focusing on improving accessibility, security, convenience and financial literacy. It enhances understanding of FinTech’s key drivers in rural contexts, contributing to the field’s literature. Additionally, it provides actionable recommendations for policymakers and organizations to advance financial inclusivity in these regions.",Financial literacy; FinTech; Perceived accessibility; Perceived traceability; SEM–ANN,2026,5,10.1108/APJBA-02-2024-0111,Hidayat-ur-Rehman I.,Asia Pacific Journal of Business Administration,2-s2.0-105003008467
The effect of fintech financing on firm performance: Evidence from emerging economies,"This paper rigorously examines the relationship between fintech financing and the financial and real performance of financially constrained firms in emerging countries. Using data from 45,770 firms across 20 countries for 2012–2020, we find that the performance of external-finance dependent firms is disproportionately higher when they operate in countries that receive more fintech funds. A host of robustness tests confirm our main finding. We further find that: (i) P2P lending and crowdfunding have greater implications on firm performance than balance sheet lending (ii) the relationship is particularly strong in young firms, and financially developed emerging countries with deeper disclosure of credit information, and (iii) specifically, in countries with greater banking penetration, there is evidence of a substitution effect between bank lending and fintech. Additionally, fintech finance increases capital investment, lowers borrowing costs, and boosts total factor productivity (TFP) to improve firm performance.",Crowdfunding; Emerging economies; Financial constraints; Fintech financing; Firm performance; P2P lending,2025,5,10.1016/j.intfin.2025.102201,Gaibulloev K.,Journal of International Financial Markets Institutions and Money,2-s2.0-105011849947
"Assessing the role of Fintech, technological infrastructure, and macroeconomic stability on per capita spending as a pathway to economic growth in Jordan","This study examined per capita spending as a key indicator of domestic-level economic activity and households’ financial involvement, both of which are essential to promoting inclusive and sustainable economic growth. The analysis focused on the case of Jordan, covering the period 1993–2023, to investigate the effect of three key determinants of per capita expenditure: First, Fintech solutions as a main facilitator of financial inclusion; second, digital tools as the main indicator of digital infrastructure development level; and finally, macroeconomic indicators that mainly affect economic growth. Therefore, the Fully Modified Least Squares (FMOLS) method was applied to the data to emphasize the dynamic relationship between the three determinants in driving per capita expenditure. The regression results showed a level of spending that naturally exists, even without other determinants, with a coeffcient of 4.6 due to the government’s grants and subsidies. Furthermore, they affrmed that higher disposable income through wages, as well as effective financial access through remittance transfer payments and account ownership, enhances individual consumption and financial inclusion. Additionally, despite the large volume of cards, the insignificant impact on PCE suggested that Fintech solutions heavily vary with the progress of technological infrastructure, such as the internet and ICT, combined with the need for financial literacy to avoid misuse of them. Additionally, the negative impact of inflation and the insignificant effect of GDP suggest that without stable economic indicators, such as consistent GDP growth, controlled inflation, and income equality, digital financial solutions may struggle to deliver sustainable benefits in sustaining economic growth.",financial inclusion; Fintech solutions; household spending; sustainable development; technological progress,2025,5,10.21511/imfi.22(4).2025.04,Mustafa J.A.,Investment Management and Financial Innovations,2-s2.0-105020582154
UKRAINIANS IN POLAND AND UKRAINE: IS THE WAR CRISIS ABLE TO CHANGE PATTERNS OF FINANCIAL BEHAVIOUR,"The russian war against Ukraine caused a large wave of displaced people both inside and outside the country. According to UNHCR as of 2023, more than 1.6 million Ukrainian citizens applied for protection status in Poland and 4.9 million people received internally displaced status in Ukraine. This paper aims to analyse the data from a 2023 survey of internally displaced Ukrainians and those who are considered refugees to identify how their financial patterns have changed and what measures can be applied for adjustment to a new environment. The results show that there are no significant changes in patterns of financial behaviour, however, both groups demonstrate coping strategies: more than 50% in both groups shorten their financial horizon plans. Their expenditures are focused mostly on essential needs. In both countries, Ukrainians invest less because of the decrease in their income. As well, the majority in both groups do not invest at all. Bank deposits remain the most popular investment for Ukrainians (in Ukraine is more than 25%, and in Poland is more than 15%). The real estate objects in Ukraine are less attractive because of security as before 2022. At the same time, Ukrainians are searching for alternative ways of investment. Ukrainians demonstrate a high level of using different digital technologies for different purposes, including personal finance. The fintech solutions are recommended to facilitate better decision-making in personal finance and change the patterns of financial behaviour. Fintech can increase the financial inclusion of IDPs in Ukraine and migrants in Poland and direct money flows for investment for further their pension payments.",financial behaviour; fintech; internally displaced people; migration; personal finance; refugees; sustainable development,2024,5,10.55643/fcaptp.4.57.2024.4414,Polishchuk Y.,Financial and Credit Activity Problems of Theory and Practice,2-s2.0-85205830295
"FINANCIAL INCLUSION, TECHNOLOGY, AND INCOME INEQUALITY IN EUROPE","This study investigates the impacts of fintech adoption, financial inclusion, and financial integration on income inequality in European countries. Utilising panel data from European nations and employing Generalised Method of Moments (GMM) regression models, we examine the relationships between these financial factors and income disparity levels. Our findings reveal that both fintech adoption and financial inclusion had strong positive effects on reducing income inequality. Further, financial integration in the European Union, measured by the adoption of the Euro currency in member countries, only had a modest, however significant effect of reducing income disparities. These results suggest that advancements in financial technology and improved access to financial services play substantial roles in mitigating income disparities across Europe. Consequently, financial policies that address income disparities across European Union should be more oriented at improving financial inclusion to the traditional financial system and create a better regulatory environment compatible with Fintech rather than simply promoting financial integration. The study contributes to the growing body of literature on the intersection of financial development and economic equality, offering important insights for policymakers aiming to address income inequality through financial sector initiatives.",Europe; Fintech; Fourth Industrial Revolution; GINI index; GMM regression,2025,5,10.24818/EA/2025/68/93,Horobet A.,Amfiteatru Economic,2-s2.0-85215304470
Doing well while doing good? Gender effects in pro-social peer-to-peer lending,"Purpose: The 2008 and 2020 crises reinvigorated discussions on the need to deepen financial inclusion through fintech. Peer-to-peer (P2P) lending facilitates pro-social direct lending to less “bankable” strangers while providing returns to at-times less experienced lenders. Information asymmetries and credit risk are substantial, and previous research finds suboptimal heuristics in for-profit lenders (Gonzalez, 2022). This study examines further the role of gender to facilitate “doing well while doing good”. Design/methodology/approach: This study examines 663 pro-social lending decisions by finance students on a mock P2P site. Testimonials were used to condition participants towards pro-social decision-making. Each participant was asked to make three lending decisions. The three loan applications were identical except for a female or male headshot (vs a control icon), and a randomly assigned difference in the trustworthiness or popularity of the male vs female loan applications among other lenders. Loan popularity is reported as a lower number of days needed to fund half the identical loan amount requested in the three loan applications (3 vs 11 days for headshot applications, and 7 days for control one). Findings: Self-recognition in similar-age borrowers is more pronounced for lenders who have experienced financial trauma. Second, male lenders report higher confidence in their financial literacy and cash collateral. Third, cash collateral increases lending only to female borrowers. Fourth, higher perception of one's financial literacy increases confidence only when lending to females. Originality/value: This is the first study to examine the role of gender, financial literacy, identification with borrowers, and collateral perception in pro-social P2P lending.",Financial inclusion; Financial literacy; Gender; P2P lending; Prosocial,2023,5,10.1108/MF-07-2021-0352,Gonzalez L.,Managerial Finance,2-s2.0-85139235073
ENHANCING THE COMPETITIVENESS OF INDONESIA’S FINANCIAL SERVICES SECTOR IN THE DIGITAL ERA THROUGH OPEN BANKING: LESSONS LEARNED FROM THE UK’S EXPERIENCE,"In 2021, Bank Indonesia launched the National Open API Payment Standard (SNAP) to facilitate interoperable data-access for Indonesia’s digital payments sector. This article examines the lessons learned from the UK’s experience in open payments to improve the regulatory and institutional framework of Indonesia’s open banking regime. This article employs a comparative legal analysis of the UK’s open banking regime and concludes that Indonesia’s open banking regime could be improved by expanding the delivery of the Open API standards enabling interoperable data access for the entire financial services sector through an outcomes-based approach. Such expansion could be facilitated by encouraging collaboration between banks and fintechs and by creating an Open Banking App Store to increase user adoption, enhance product visibility, and widen access to digital financial services for Micro, Small, and Medium Enterprises (MSMEs).",data access; digital economy; financial inclusion; fintech; open banking,2023,5,10.21098/jcli.v2i1.63,Sugarda P.P.,Journal of Central Banking Law and Institutions,2-s2.0-86000768179
Exploring Antecedents of Rural Users’ Continuance of Use Intention Toward Mobile Financial Services in Bangladesh: Deployment of Expectation Confirmation Model,"Numerous studies have focused on the phases of technology adoption or acceptance, while little consideration has been given to rural users’ intentions to continue using the technology. Emphasizing this reality, the study has investigated the antecedents that exert ascendancy on rural communities’ inclination to continue using mobile financial services. This paper conceived the theoretical model based on the expectation confirmation model. Participants in this study were 400 Bangladeshi rural users who were continuously using mobile financial services. For the sake of data analysis, utilizing a structural equation modeling approach, R version 4.4.1 software was deployed. The robust findings show that users’ satisfaction with mobile financial services was significantly influenced by perceived value, perceived risk, perceived cost, government support, and perceived trust. Furthermore, satisfaction demonstrated a substantial and positive influence on the continuance of use intention. Theoretically, the study expands on ECM by adapting the concept to the technological and socioeconomic realities of rural Bangladeshi users, developing digital financial inclusion by investigating the crucial antecedents of satisfaction toward continuance of use intention through evaluation. Practically, service providers may yield strategies to increase the users’ satisfaction, which will escalate continuous use intention.",expectation confirmation model; expectation confirmation theory; financial technology; mobile banking; mobile financial services,2025,5,10.3390/jrfm18050236,Rizvee M.B.,Journal of Risk and Financial Management,2-s2.0-105006765438
Critical development of Islamic financial technology ecosystem: lesson learned from financial technology literature,"Purpose: This study aims to draw lessons from the financial technology (FinTech) ecosystem literature through a systematic literature review. Design/methodology/approach: This study systematically studied a sample of 134 articles from the Scopus database to assess the pattern of research development within the scope of the FinTech ecosystem over the last 15 years (2008–2023). Findings: The results obtained indicated that the current research focus leads to several aspects: digital technology and financial inclusion, FinTech and customer behavior, FinTech ecosystem, business model, as well as aspects of governance and regulation. In the effort to develop Islamic FinTech, some aspects that might be targeted include aspects of business development and the Islamic FinTech ecosystem in general, extending financial inclusion to governance and managerial implementation of Islamic FinTech itself. Research limitations/implications: This research has limitations because it did not focus on the study of more specialized sectors, such as insurance or microfinance institutions, in adopting FinTech, requiring the use of other specifications of institutions in addition to Islamic banking. Practical implications: This research has substantial theoretical implications in mapping the intellectual structure of Islamic FinTech research, which has been underexplored by previous researchers, as well as providing essential information about which sectors should be prioritized to encourage inclusiveness and overall performance of financial institutions. Originality/value: This research explores more deeply with a comprehensive approach so that it becomes a pioneer in the study of FinTech ecosystem literature for the development of Islamic FinTech.",Financial technology ecosystem; Islamic financial institution; Islamic financial technology; Systematic literature review,2024,5,10.1108/JIABR-03-2024-0114,Hijriah H.Y.,Journal of Islamic Accounting and Business Research,2-s2.0-85204198367
Promise (Un)Kept? Fintech and Financial Inclusion,"The emergence of financial technologies—fintech—has become an engine of change, promising to expand access to financial services and give a boost to financial inclusion. The ownership of accounts in formal financial institutions increased from 51% of the world's adult population in 2011 to 76% in 2021, but there is still significant variation across countries. So has the rapid growth of fintech delivered the promise of broadening financial services to the under-served populations? In this paper, I use a comprehensive dataset to investigate the relationship between fintech and financial inclusion in a panel of 84 countries over the period 2012–2020 and obtain interesting empirical insights. First, the magnitude and statistical significance of fintech on financial inclusion vary according to the type of instrument. While digital lending has a significant negative effect on financial inclusion, digital capital raising is statistically insignificant. Second, the overall impact of fintech is also statistically insignificant for the full sample, but becomes positive and statistically highly significant in developing countries. Policymakers need to develop an adequate regulatory framework that balances fostering innovation and ensuring equitable treatment of individuals and groups. This requires better financial education, strong regulatory institutions, and well-calibrated prudential regulations for a level playing field and effective supervision.",financial inclusion; financial innovation; Fintech,2025,5,10.1111/sjpe.70012,Cevik S.,Scottish Journal of Political Economy,2-s2.0-105004176989
FINANCIAL INCLUSION AS A PUBLIC POLICY ISSUE IN THE GLOBAL DIGITAL ECONOMY,"Financial inclusion is a policy objective indirectly based on the UN Sustainable Development Goals (UN SDG). The legal framework of the General Agreement on Trade in Services (GATS) is suitable to contribute to the efforts of implementing financial inclusion around the globe. Complemented by the recent trade liberalization movements in the digital market sectors (bilateral and regional Free Trade Agreements (FTA)) FinTech services and sustainable finance can be extended; in addition, the carve-out provision and the public policy exception justify the enactment of domestic public policy rules that strengthen the access of civil society to financial services of whatever kind. The article outlines how the existing regulations should be interpreted and to what extent new rules appear to be desirable.",digital trade; financial inclusion; FinTech; public policy; sustainable finance,2024,5,,Weber R.H.,Asian Journal of Wto and International Health Law and Policy,2-s2.0-85192755405
Market potential of digital assets in developing countries: the case of Diem,"Libra, announced in June of 2019 by Facebook and later rebranded to Diem, has not been released yet. This paper investigates Diem’s possible effects on unbanked people and shows the most critical factors for targeting people without bank accounts. The report also elaborates on Diem’s market potential. To further investigate the existing research gap, relevant literature is examined, and technical characteristics are given. In addition to that, eight experts from the areas ‘cryptocurrencies’, ‘blockchain’, ‘fintech’, and ‘finance and banking’ are interviewed on the topic. The paper finds that Diem can achieve broad adoption in emerging markets, increase financial inclusion and facilitate remittances. However, this can only be achieved if the current hurdles of the project are overcome. In particular, important is an agreement with regulators. The paper also estimates how much revenue this project could generate and what problems and risks could arise regarding negative interest rates and data protection.",cryptocurrencies; Diem; financial inclusion; Libra; remittances,2022,5,10.1504/ijdipe.2022.127044,Sommerhuber M.,International Journal of Diplomacy and Economy,2-s2.0-85144459667
Impact of fintech usages on financial inclusion initiatives: perspective from Urban slum dwellers of Uttarakhand,"This study explores awareness levels, the factors influencing awareness, and the impact of actual usages of fintech services on the acceleration of financial inclusion initiatives among the urban poor of the disadvantaged geographic segment of society. Data have been gathered from a sample of 100 individuals residing in urban slums in Uttarakhand, and analysis has been conducted utilizing the Partial Least Square Structural Equation Modeling (PLS-SEM) technique. The study finds that there is a moderate-to-low level of awareness except awareness of digital methods of payments, which is very high. Income and education are the prominent factors affecting awareness. Lastly, fintech is an effective lever that significantly accelerates the financial inclusion initiatives among urban slum dwellers.",Access; Fintech Adoption; Quality; Urban Poor; Usages,2024,5,10.1080/14765284.2023.2278010,Jha S.,Journal of Chinese Economic and Business Studies,2-s2.0-85176570729
FINTECH GOVERNANCE AND FIRMS’ PERFORMANCE: DOES FINANCIAL LITERACY MATTER?,"Through harnessing innovative technologies, financial technology (FinTech) services streamline and organize access to capital, improve operational effectiveness, and facilitate various transactions, enabling small and medium-sized enterprises (SMEs) to thrive in competitive and complex economies. The purpose of this research is to examine whether financial literacy (FL) moderate the relationship between FinTech indicators and SMEs’ performance in the Jordanian context. SMEs’ performance was measured by the operational and financial indicators. While the Fintech indicators were: financial inclusion (FI), trust in FinTech (TF), alternative payment methods (APMs), and perceived risk (PR). Data have been collected using a developed questionnaire. The study’s population was the SMEs in Jordan. Utilizing structural equation modeling (SEM) to analyse the collected 172 questionnaires, the results revealed that FinTech indicators have a significantly positive effect on SMEs’ performance. FL moderates the relationship of FinTech indicators with SMEs’ performance. The current study contributes to the existing research regarding the FinTech, FL and SMEs’ performance. The current research contributed to the literature by examining new variables, namely, FI, APMs, TF, and PR. The outcomes of this study highlight the importance of FinTech services in enhancing SMEs’ performance. Such outcomes indicate that SMEs in Jordan are strongly benefiting from FL and FinTech indicators.",Financial Inclusion; Financial Literacy; FinTech; Perceived Risk; SMEs’ performance; Trust in FinTech,2025,5,10.22495/jgrv14i3art4,Al Zobi M.K.,Journal of Governance and Regulation,2-s2.0-105012206373
"Knowledge or Confidence? Exploring the Interplay of Financial Literacy, Digital Financial Behavior, and Self-Assessment in the FinTech Era","Purpose: The central research question of the study is how objective financial knowledge and subjective financial confidence interact and relate to digital financial behavior and the use of FinTech tools. By examining both objective knowledge refers to measured, test-based financial competence and subjective confidence denote self-assessed financial understanding, the research offers insight into the psychological and demographic drivers of FinTech use and perceived financial well-being. Design/methodology/approach: Based on the OECD’s 2023 international financial literacy survey, the study uses a nationally representative Hungarian sample. It employs non-parametric statistical methods, linear regression, and two-step cluster analysis. Three composite indicators, general digital activity, digital financial engagement frequency, perceived financial security were developed to measure general digital activity, frequency of digital financial engagement, and perceived financial security. Findings: Results reveal a moderate but significant correlation between actual and self-assessed financial knowledge. Men score higher on both measures, though self-assessment bias does not significantly differ by gender. Higher education and income levels are associated with stronger financial literacy and more frequent use of FinTech tools, while age correlates negatively. However, the accuracy of self-perception is not explained by these demographic factors. Cluster analysis identifies four distinct financial knowledge profiles and five consumer digital behavior types, revealing disparities in digital financial inclusion and confidence. Originality: This research contributes a multidimensional perspective on how consumer capabilities, attitudes, and digital behavior influence FinTech adoption. By integrating behavioral, demographic, and psychological factors, the study offers practical implications for targeted financial education and the design of inclusive, human-centered digital financial services—especially relevant for emerging European markets.",digital activity; digital financial literacy; digital inclusion; financial behavior; financial literacy; FinTech adoption; perceived financial literacy,2025,5,10.3390/fintech4040075,Módosné Szalai S.,Fintech,2-s2.0-105026148448
Drivers of FinTech adoption: insights from a global review of recent literature,"Purpose – The purpose of this study is to investigate and synthesise the key drivers influencing FinTech adoption globally, highlighting how FinTech has revolutionised the worldwide financial landscape by redefining service provision, business processes, and customer engagement. Design/methodology/approach – This research extracts studies from Scopus literature, spanning 2019–2023, to uncover and synthesise the drivers of FinTech adoption factors. Academic rigour was established by including only peer-reviewed journal articles, which were screened using rigorous inclusion criteria, allowing 16 articles to be included. Findings – The results suggest that adoption is influenced by trust, perceived usefulness, ease-of-use, social influence, financial literacy, regulatory support and perceived risk among others. Predominant theoretical lenses included TAM and UTAUT. Originality/value – The study also suggests that there are contrasting factors in developed and developing countries, where financial inclusion and government initiatives drives wallets adoption in the latter, while data security and consumer convenience does so with the former. By synthesising disparate evidence, the review provides a higher-order construct of FinTech adoption in different regions of the world addressing interests for scholars as well as policy and industry communities.",Adoption; Fintech; Systematic literature review; TAM; UTAUT,2025,5,10.1108/ARJ-11-2024-0375,Rajpal S.,Accounting Research Journal,2-s2.0-105025140979
What can we learn from what a machine has learned? Interpreting credit risk machine learning models,"For being able to analyze unstructured and alternative data, machine learning algorithms are gaining popularity in financial risk management. Alongside the technological advances in learning power and the digitalization of society, new financial technologies are also leading to more innovation in the business of lending. However, machine learning models are often viewed as lacking in terms of transparency and interpretability, which hinders model validation and prevents business users from adopting these models in practice. In this paper, we study a few popular machine learning models using LendingClub loan data, and judge these on performance and interpretability. Our study independently shows LendingClub has sound risk assessment. The findings and techniques used in this paper can be extended to other models",Credit scoring; Feature importance; Machine learning; Model interpretability,2021,5,10.21314/JRMV.2020.235,Bharodia N.,Journal of Risk Model Validation,2-s2.0-85126648411
An Explainable ADASYN-Based Focal Loss Approach for Credit Assessment,"The integration of deep learning techniques with financial technology (fintech) has revolutionized the credit risk analysis, a critical component of financial risk management. A pervasive challenge in credit risk assessment lies in the skewed distribution of data, hindering accurate predictions, particularly for minority class instances. In available literature, various solutions have been proposed to address class imbalance, albeit with limitations. Focal loss is one of the well-known loss functions proposed for handling class imbalance by running the hyperparameter (Formula presented.). However, imbalance still remains in terms of number of hard-to-learn observations between the classes. In this paper, we have proposed integration of ADASYN with focal loss to mitigate class imbalance and enhance credit scoring accuracy. ADASYN systematically generates synthetic data based on hard-to-learn examples to counter skewed distributions, while focal loss prioritizes the training of challenging examples, fostering a more balanced model performance. This approach has been rigorously tested using real-world imbalanced datasets and credit assessment data, and the outcomes have been compared against a range of sample technique and loss function combinations. The results clearly show that our suggested strategy is better than other approaches. Although improving the accuracy of credit risk analysis is critical, model interpretability is just as important for enabling financial analysts to make wise choices. In order to solve this, we have measured the global and local contributions of each feature using SHAP (Shapley additive explanation). According to global interpretability, the top 4 parameters influencing credit risk assessment are checking account status, loan purpose, borrower age, credit history, and interest rate/installment rate. Moreover, local interpretability analysis reveals quantitative and direction differences in feature contributions. These revelations not only broaden our knowledge of credit assessment services but also highlight how important a role they could play in attracting new clients and generating income. This paper also highlights how the suggested approach may be scaled to other imbalanced real-world datasets, demonstrating how it can improve model performance in terms of AUC, G-mean, and F-measure.",ADASYN; class imbalance; credit risk assessment; focal loss; interpretable machine learning; SHAP (Shapley additive explanations),2025,5,10.1002/for.3252,Ali Shahee S.,Journal of Forecasting,2-s2.0-85214417417
Challenging the bottom-of-the-pyramid narrative in Africa: A cross-cultural management perspective on the impact of mobile money,"The “bottom-of-the-pyramid” (BoP) narrative underpins the introduction of fintech initiatives such as mobile money into Africa’s largely informal economies by multinational enterprises (MNEs) often endorsed by the international development community. This is claimed to enhance financial inclusion and enterprise development among poorer communities. By examining the cultural meaning of money and the impact of mobile money on traditional community initiatives like Rotating Savings and Credit Associations (ROSCAs), this work sets out to show how accepted truths may be challenged in power-laden international interactions. Four objectives guide our multidimensional approach: methodological (exposing hidden narratives in international business), epistemological (questioning prevailing knowledge of “Africa”), strategic (critiquing MNE-led technology transfers), and inclusive (advocating for marginalized perspectives in policy and research). It calls for more inclusive cross-cultural research in Africa that incorporates perspectives from less powerful groups excluded by dominant narratives such as BoP. Rather than seeing African countries as lacking and seeing mobile money as a means of plugging “institutional voids” such as access to formal institutional finance, we ask researchers to take account of existing community-led institutions in constructing alternative narratives to inform their research, business school curricula, MNEs’ strategies and international development policies.",Africa; bottom-of-the-pyramid; cross-cultural management; fintech; informal economy; mobile money; narratives; ROSCAs,2025,5,10.1080/23322373.2025.2541144,Jackson T.,Africa Journal of Management,2-s2.0-105015155821
The nonlinear fintech-financial stability nexus in Asia-Pacific and the Middle East: When institutional quality and financial efficiency matter,"This study examines the nonlinear relationship between fintech development and financial stability, highlighting the moderating roles of institutional quality and financial efficiency. Using data from 15 Asia-Pacific and Middle Eastern countries over 2010–2021, we document a robust cubic (S-shaped) fintech-stability nexus. At low levels of fintech, stability declines due to heightened competition, operational risks, and limited adaptive capacity. Once fintech surpasses the first threshold, stability improves through efficiency gains, diversification, and enhanced risk management. Beyond the second threshold, however, fintech again undermines stability as excessive intensity generates complexity, cyber risks, and regulatory gaps. Institutional quality and financial efficiency amplify both stabilizing and destabilizing phases, acting not only as buffers but also as multipliers of systemic sensitivity. Heterogeneity tests show that the cubic pattern is stronger in developing, low-growth, and less open economies, particularly where financial inclusion is low but financial depth is high. At the bank level, smaller, less diversified, and high-net interest margin banks exhibit sharper nonlinear responses. These findings underscore the need for stage-specific regulation that balances innovation and resilience, especially in emerging markets, and for aligning fintech growth with institutional and financial system strength to sustain stability.",Financial efficiency; Financialstability; Fintech; Institutional quality; Nonlinear,2026,4,10.1016/j.ribaf.2025.103208,Pham D.T.N.,Research in International Business and Finance,2-s2.0-105021883296
How fintech adoption is affecting the size of rural bank lending?,"In the context of the digital economy, the enabling role of fintech for commercial banks deserves in-depth study. Based on unbalanced panel data of 174 rural banks from 2016 to 2020, this study uses Python technique to measure the fintech adoption index of rural banks and uses ordinary least squares (OLS) and stepwise regression to test the impact of fintech adoption on loan size of rural banks and the mechanism of its effect. The study shows that the impact of fintech applications on loan size of rural banks shows an inverted U-shaped trend of rising and then falling. The mechanism analysis finds that risk-taking plays a nonlinear mediating role between fintech adoption and rural bank loan size.",Fintech adoption; loan size; risk-taking; rural bank,2025,4,10.1080/13504851.2023.2259584,Chao N.,Applied Economics Letters,2-s2.0-85171673909
Enhancing Livelihoods through Digital Finance: A Study on the Impact of FinTech Adoption on the Financial Performance of Hawkers,"This study examines the determinants driving FinTech adoption among hawkers in Tamil Nadu and evaluates the resulting impact on their financial performance. Using a framework based on the Technology Acceptance Model (TAM) and Unified Theory of Acceptance and Use of Technology (UTAUT), along with service quality attributes, this study investigates the factors influencing digital payment adoption. A sample of 1,200 hawkers was surveyed across eight districts in Tamil Nadu through stratified random sampling. The relationships between constructs were analyzed using Partial Least Squares Structural Equation Modelling (PLS-SEM). The results demonstrate that ease of use (β = 0.23), security (β = 0.37), and social influence (β = 0.077) have a significant positive impact on digital payment adoption among hawkers. Conversely, responsiveness and perceived usefulness did not show a significant effect. Adoption of digital payments led to an average increase of 15% in daily sales, with variations in financial outcomes based on age and education levels. The study also confirms the model’s predictive relevance in assessing the financial impacts of FinTech adoption for informal entrepreneurs. These findings offer actionable insights for FinTech companies and policymakers focused on the informal economy. To enhance FinTech adoption, emphasis should be placed on user-friendly, secure platforms and community-driven campaigns that leverage social influence, which are essential to fostering financial inclusion and economic development. This study contributes to the limited literature on FinTech adoption in the informal economy by providing empirical evidence on the factors influencing digital payment adoption among hawkers and the impact on their financial performance. Through advanced statistical analysis, the study delivers robust findings to inform policy and practice.",digital payments; financial inclusion; financial performance; FinTech adoption; hawkers; informal economy; technology acceptance models,2025,4,10.48161/qaj.v5n1a1207,Kunal K.,Qubahan Academic Journal,2-s2.0-105000224681
Determinants of FinTech service utilization and access factors: case of Palestine,"Purpose: This study addresses the challenges of accessibility to financial technology (FinTech) services in emerging markets, focusing on Palestine as a case study. The purpose of this study is to examine the determinants influencing access to and usage of FinTech services in this context, amidst the unprecedented disruptions faced by the conventional financial system due to decentralization and the removal of physical barriers in the dynamic landscape of FinTech. Design/methodology/approach: To investigate the determinants shaping FinTech access and usage, the study uses a robust multinomial generalized linear model regression analysis. The analysis is based on a nationally representative secondary survey dataset on financial inclusion from the year 2022. The study uses the theory of planned behavior (TPB) to dissect the factors influencing FinTech usage, adding a distinctive layer to existing literature, particularly within the specific context of a developing country like Palestine. Findings: The study reveals significant insights into the challenges of financial inclusion in Palestine. Economic conditions and individual income levels emerge as formidable obstacles impacting both the accessibility and utilization of FinTech services. These factors intertwine with motivational and attitudinal behaviors among the surveyed population. A noteworthy finding is the nuanced revelation that individual motivation plays a more potent role than attitude in steering the decision-making process surrounding FinTech adoption. The findings contribute to a deeper understanding of FinTech dynamics in emerging markets. Research limitations/implications: The paper not only contributes valuable insights to academic discourse but also formulates pragmatic policy recommendations tailored for both policymakers and FinTech service providers. While providing valuable insights, this study is not without limitations. The study focuses on Palestine, and the extent to which findings can be extrapolated to other emerging markets requires careful consideration. Furthermore, the research acknowledges the complexity of individual motivations, and the TPB may not capture all relevant psychological factors influencing FinTech adoption. These limitations should be taken into account when interpreting the results in the field of FinTech in emerging markets. Practical implications: The paper not only contributes valuable insights to academic discourse but also formulates pragmatic policy recommendations tailored for both policymakers and FinTech service providers, mainly in creating and/or improving an enabling environment for FinTech-based microfinance services, such as alternative financing products tailored to specific underserved segments that cannot afford the costs of traditional financial services. Originality/value: This research introduces original contributions to the existing literature by applying the TPB to dissect the determinants of FinTech usage within the specific context of a developing country, Palestine. The study goes beyond conventional analyses by exploring the intricate interplay between economic conditions, individual income levels, motivational factors and attitudinal behaviors in shaping FinTech access and usage. This innovative approach adds a distinctive layer to current research on FinTech dynamics in emerging markets.",Emerging economy; FinTech; GLM regression; Palestine; TPB theory,2025,4,10.1108/JSTPM-02-2024-0057,Habash N.,Journal of Science and Technology Policy Management,2-s2.0-105007069948
The Effects of CBDCs on Mobile Money and Outstanding Loans: Evidence from the eNaira and SandDollar Experiences,"This paper measures the post-treatment effects of Central Bank Digital Currencies (CBDCs) on mobile money and outstanding loans from commercial banks as a percentage of the GDP in Nigeria and the Bahamas, respectively, from the perspective of financial inclusion. The literature on the topic has primarily focused on the technological specifications of CBDCs and their potential future implementation. This article addresses a gap in the empirical literature by examining the effects of CBDCs. To this end, a Synthetic Control Method (SCM) is applied to the Bahamas (SandDollar) and Nigeria (eNaira) to construct a counterfactual scenario and assess the impact of CBDCs on mobile money and commercial bank loans. Nigeria’s mobile money transactions as a percentage of the GDP increased significantly compared to the synthetic control group, suggesting a notable positive effect of the eNaira. Conversely, in the Bahamas, actual performance fell below the synthetic control, implying that SandDollar may have contributed to a decline in outstanding loans. These results suggest that CBDCs could pose a “deposit substitution risk” for commercial banks. However, they may also enhance the performance of other Fintech tools, as observed in the case of mobile money. As CBDC implementations worldwide remain in their early stages, their long-term effects require further analysis.",Central Bank Digital Currencies—CBDC; eNaira; financial inclusion; Fintech; liquidity risk; mobile money; SandDollar,2025,4,10.3390/fintech4030039,Giraldo-Gordillo F.E.,Fintech,2-s2.0-105017134072
The impact of digital public infrastructure on financial inclusion and economic growth in rural India: evidence from the UPI revolution,"Purpose – This study aims to examine the impact of India’s Unified Payments Interface (UPI) on rural financial inclusion and economic growth (2019–2023), focusing on entrepreneurship, household financial behaviour and business formation. It identifies the mechanisms through which UPI adoption drives rural economic transformation. Design/methodology/approach – Using a difference-in-differences approach, the study analyses UPI transaction data and household surveys from 200 villages across four Indian states to assess causal effects on financial and economic outcomes. Findings – Villages with higher UPI adoption saw a 27% rise in business registrations, a 34% increase in savings accounts and a 42% growth in female-owned enterprises. In comparison, informal borrowing declined by 53% and digital credit access improved by 29%. These effects stemmed from lower transaction costs, better financial information access, network effects driving adoption and increased trust in digital finance. Research limitations/implications – The findings are confined to four Indian states – Maharashtra, Karnataka, Uttar Pradesh and Gujarat – and the extrapolation to other regions or emerging economies needs to be taken with caution, observing local economic and institutional conditions. Long-term consequences need to be investigated further. Regional differences, wealth generation and policy reforms applicable to other economies need to be considered in future research. Practical implications – Strategic deployment of digital finance, literacy programmes and regulatory safeguards can maximise inclusion and economic impact. UPI adoption also empowers women entrepreneurs, formalises businesses and reduces informal lending dependence, but it requires mitigation of digital exclusion and cybersecurity risks. Originality/value – To the best of the authors’ knowledge, this study provides the first causal evidence of UPI’s role in rural economic transformation, introducing a theoretical framework linking digital finance to market integration and financial inclusion.",Cybersecurity; Digital payments; Digital public infrastructure; Digital transformation; Economic growth; Entrepreneurship; Financial inclusion; Financial literacy; Financial technology; Regulatory challenges; Rural development; UPI,2025,4,10.1108/IGDR-12-2024-0213,Balasundaram E.,Indian Growth and Development Review,2-s2.0-105027444583
Determinants of digital financial inclusion in Latin America and the Caribbean,"Purpose – This study investigates the determinants of digital financial inclusion (DFI) in Latin America and the Caribbean (LAC), focusing on the influence of sociodemographic factors on the accessibility and use of digital financial services. The analysis is based on the World Bank’s Global Financial Inclusion Database from 2021. Design/methodology/approach – An index variable was created by grouping all questions related to the accessibility and use of digital financial services into a single measure, which draws on information from the Global Findex Survey covering 15 countries from LAC. In addition, a probit model was employed to assess the demographic determinants of DFI. Findings – The findings indicate that sociodemographic factors such as age, education, gender, income, employment status and country of origin significantly influence DFI. Research limitations/implications – The study primarily examines sociodemographic factors, potentially overlooking other crucial determinants, including infrastructure, regulatory frameworks and cultural influences that are likely to play significant roles. Practical implications – Policymakers should develop inclusive policies to address barriers such as digital literacy and internet access while enhancing fintech innovation and infrastructure in countries with lower adoption rates, thereby promoting broader financial inclusion across the region. Social implications – The findings offer valuable insights for policymakers and service providers in LAC to enhance DFI, especially among marginalized population groups, namely women or people with lower income and education levels. Originality/value – This study contributes original insights into the understanding of DFI in LAC by highlighting the influence of sociodemographic factors within the context of a rapidly evolving digital landscape.",Access to financial markets; Digital financial inclusion; Digital payments; E23; E44; E69; Financial inclusion; Financial services; G18; Latin America; O11; O16; O57,2025,4,10.1108/JEFAS-09-2024-0280,Alvarez-Franco P.B.,Journal of Economics Finance and Administrative Science,2-s2.0-105020713484
Adverse Selection in P2P Lending: Does Peer Screening Work Efficiently?—Empirical Evidence from a P2P Platform,"The rapid development of online lending in the past decade, while providing convenience and efficiency, also generates large hidden credit risk for the financial system. Will removing financial intermediaries really provide more efficiency to the lending market? This paper used a large dataset with 251,887 loan listings from a pioneer P2P lending platform to investigate the efficiency of the credit-screening mechanism on the P2P lending platform. Our results showed the existence of a TYPE II error in the investors’ decision-making process, which indicated that the investors were predisposed to making inaccurate diagnoses of signals, and gravitated to borrowers with low creditworthiness while inadvertently screening out their counterparts with high creditworthiness. Due to the growing size of the fintech industry, this may pose a systematic risk to the financial system, necessitating regulators’ close attention. Since, investors can better diagnose soft signals, an effective and transparent enlargement of socially related soft information together with a comprehensive and independent credit bureau could mitigate adverse selection in a disintermediation environment.",Credit analysis; Decentralized finance; Fintech; Microfinance; P2P; Soft information,2021,4,10.3390/ijfs9040073,Wang Y.,International Journal of Financial Studies,2-s2.0-85122456003
Factors and patterns in mobile banking and payment services use in the United States,"This study seeks to identify factors and patterns affecting mobile banking and payment services use in the US. We used data from the National Financial Capacity Study, a triennial survey assessing the financial capabilities of U.S. adults. The survey was conducted between June and October 2021 using non-probability quota sampling from established online panels that recruit millions of participants for survey research, yielding a sample of over 25,000 respondents. For this study, we analyzed a subset of 20,758 respondents who provided a positive response to the main question of interest on mobile banking and payments. Using quantitative approaches, we first examined associations between financial knowledge, behaviors, and mobile banking and payment services use. Higher objective financial literacy was associated with lower mobile banking use, while subjective financial literacy and positive financial behaviors increased the likelihood of use. We then used latent class analysis to identify three distinct user groups with varying financial behaviors and mobile banking and payment services use patterns. Class 1 represents users with high financial behaviors and low MBPS users (45.4%), class 2 involves users who are low on financial behaviors and moderate MBPS users, and class 3 includes mixed financial behaviors and high MBPS users (19.7%). Our findings contribute to the literature by showing behavioral heterogeneity among mobile banking and payment services users; insights which can help policymakers, financial institutions, and service providers seeking to improve financial services access and promote financial inclusion.",Consumer behavior; Financial services; Financial technology; Mobile banking; Mobile payments,2025,4,10.1057/s41264-025-00319-6,Sinha G.R.,Journal of Financial Services Marketing,2-s2.0-105018691893
Technological innovation and regulatory harmonization in Islamic finance: a systematic review and machine learning analysis (2000–2023),"Purpose – To synthesize Islamic finance scholarship (2000–2023) and examine how technological innovation interacts with regulatory harmonization, mapping dominant themes, regional trajectories and future research priorities. Design/methodology/approach – A preferred reporting items for systematic reviews and meta-analysesguided systematic review identified 616 records and retained 95 studies after quality screening. The authors applied latent dirichlet allocation topic modeling (k = 5; coherence-optimized) and triangulated with bibliometrics (co-citation, author networks, keyword co-occurrence; interrater κ ≈ 0.85). Qualitative triangulation included ten expert interviews and five institutional case studies to validate and interpret quantitative patterns. Findings – Five interlinked themes structure the field: (1) Shariah-compliant products, (2) risk and governance, (3) Sukuk/green Sukuk, (4) regulation and standardization and (5) fintech/digital Shariah/ social finance. The literature evolves across four stages – foundation, expansion, regulatory consolidation and innovation/integration – culminating in digitalization and environmental, social and governance (ESG) convergence. Regional analysis highlights Malaysia’s innovation-led regime, Gulf Cooperation Council’s conservative yet modernizing architectures and Indonesia’s scale potential with literacy and inclusion gaps. Persistent challenges include cross-jurisdictional standardization, risk modeling for PLS contracts and rigorous impact measurement for ESG-aligned instruments. Research limitations/implications – The sample is limited to peer-reviewed literature (2000–2023) with English-language emphasis; database coverage and methodological heterogeneity may bias topic prevalence. Future work should widen non-English sources, replicate with alternative models (e.g. BERTopic) and couple macroreviews with microdata on product performance and inclusion outcomes. Practical implications – Guidance for regulators on mutual recognition and Shariah governance harmonization; for institutions on embedding digital Shariah controls, cybersecurity and AI assurance; and for issuers on robust KPI/impact frameworks for green Sukuk. Social implications – Digital Islamic finance can advance financial inclusion and sustainable development goals if paired with credible impact verification, consumer protection and equitable data-use practices. Originality/value – Combines a systematic review with machine-learning topic discovery, bibliometric validation and qualitative evidence to deliver an integrated map of Islamic finance’s evolution, a conceptual ecosystem framework and a concrete agenda linking fintech, governance and sustainability.",Islamic banking; Islamic finance; Shariah-compliant finance; Sukuk; Systematic review,2025,4,10.1108/JIABR-01-2025-0026,Shi J.,Journal of Islamic Accounting and Business Research,2-s2.0-105017084999
THE ROLE OF FINTECH AND FINANCIAL INCLUSION IN THE ECONOMIC DEVELOPMENT OF COUNTRIES: A COMPARATIVE ANALYSIS,"The integration of digital financial technology has revolutionized the global financial system, driving financial inclusion as an important pillar of sustainable economic development. This study examines the multidimensional effects of Digital Financial Technology and Financial Inclusion on Economic Development in middle- and high-income countries. The study employs various indicators of financial inclusion and technology, namely access to the internet, Automated Teller Machines (ATMs), bank branches, and the number of depositors examined using panel regression analysis covering 20 middle-income countries and 22 high-income countries from 2010 to 2021. The regression analysis results show that ATMs, internet access, bank branches, and the number of depositors all have a positive correlation with the Index of Human Development, which was used to measure economic development. This supports the idea that wider use of technology and increased financial inclusion can lead to higher levels of human development. Conversely, the study highlights a negative correlation between inflation rates (as a control variable) and Human Development Index (HDI) emphasizing the significance of maintaining price stability for sustained economic progress. The study concludes that digital financial technology and financial inclusion positively impact the economic development of countries and the disparity between middle- and high-income countries. So, the middle-income countries should prioritize the development of financial technology and policies to promote financial inclusion.",economic development; financial inclusion; financial technology; high-income countries; middle-income countries; panel regression analysis,2025,4,10.21511/bbs.20(1).2025.20,Ananzeh I.E.,Banks and Bank Systems,2-s2.0-105000394351
A Bibliometric Analysis of Digital Financial Inclusion: Current Trends and Future Directions,"This study presents a comprehensive bibliometric analysis of digital financial inclusion (DFI), examining its intellectual structure and forecasting future research trajectories. This study explores how technological innovation aligns with socioeconomic and environmental objectives by bridging traditional financial inclusion models with emerging digital paradigms. Based on 739 peer-reviewed articles indexed in the Web of Science through December 2024, co-citation and co-word analyses were conducted to uncover the field's conceptual foundations and thematic evolution. The results identified four intellectual clusters: (1) the role of digital financial services in reducing inequality; (2) China's digital finance experience; (3) the integration of digital finance with environmental sustainability; and (4) fintech's role in entrepreneurship and innovation. Concurrently, co-word analysis reveals emerging themes, including technological advancements, sustainable urbanization, and inclusive economic development. This study contributes to the literature by offering an evidence-based mapping of DFI research, revealing both mature and underdeveloped areas. It also identifies conceptual gaps related to green finance, digital literacy, and regulatory governance. Practical implications for policymakers and practitioners include the design of inclusive digital ecosystems that prioritize accessibility, environmental sustainability, and financial equity. This analysis underscores DFI's evolving role of the DFI as a systemic enabler of inclusive growth and sustainable development.",bibliometric analysis; co-citation; co-word analysis; digital financial inclusion; sustainable finance,2025,4,10.1515/econ-2025-0156,Yang M.,Economics,2-s2.0-105012500175
Determinants of Banking Profitability in Angola: A Panel Data Analysis with Dynamic GMM Estimation,"This study aims to analyze the determinants of bank profitability in Angola by employing panel data econometric models, specifically, the Generalized Method of Moments (GMM), to assess the impact of internal and external factors on the financial indicators ROE, ROA, and NIM for the period 2016 to 2023. The results reveal that credit risk, operational efficiency, and liquidity are critical determinants of banking performance. Effective credit risk management and cost optimization are essential for the sector’s stability. Banking concentration presents mixed effects, enhancing net interest income while potentially undermining efficiency. Economic growth supports profitability, whereas inflation exerts a negative influence. The COVID-19 pandemic worsened asset quality, increased credit risk, and led to a rise in non-performing loans and provisions. Reforms implemented by the National Bank of Angola have contributed to strengthening the banking system’s resilience through restructuring and regulatory improvements. The rise of digitalization and fintech presents opportunities to enhance financial inclusion and efficiency, although their success relies on advancing financial literacy. This study contributes to the literature by providing updated empirical evidence on the factors influencing bank profitability within an emerging economy’s distinctive institutional and economic context.",Angolan banking sector; bank profitability; banking sector economics; emerging markets; financial performance; panel data analysis,2025,4,10.3390/risks13070123,Cangombe E.L.,Risks,2-s2.0-105011672484
FinTech and FinTech Ecosystem: A Case of Jordan-based SWOT Analysis,"The modern economy has a lot of new wheels which turn the fortune of the contemporary era. Financial technology is no doubt one of those. The new cashless economy is based on these digital financial services. Jordan is transitioning into a dynamic ecosystem offering Fintech start-ups a platform to grow. Fintech in Jordan is pursuing multiple targets. The traditionally cash-driven Jordanian economy has responded well to the Fintech opportunity, primarily triggered by a surge in e-commerce, and Smartphone penetration. However, Jordan’s growth is still not comparable in scale to its global counterparts but is stacked well, due to a strong talent pipeline in the tech workforce. The study on Jordan's FinTech sector was based on the strengths, flaws, opportunities, and threats (SWOT) framework. Hence, adopting an exploratory approach, based on an in-depth literature review, the chapter aims to identify the challenges and deliberate on the outlook for Fintech in Jordan.",Banking; financial crisis; financial inclusion; Fintech,2023,4,10.55365/1923.x2023.21.222,Karaki B.A.,Review of Economics and Finance,2-s2.0-85183474801
Examining the complementary relationship between peer-to-peer lending and traditional banks in the USA,"Purpose: The study aims to determine whether P2P lending serves as a complement or substitute to traditional bank lending, particularly in the context of decreasing bank branch availability. This research investigates how local banking competition, and demographic factors influence P2P loan activity. We aim to provide insight into the potential of P2P lending to enhance access to credit and present new evidence through 2023. Design/methodology/approach: We utilize a unique, comprehensive dataset that integrates data from the Census, financial institutions, and peer-to-peer (P2P) loans issued by Prosper, the first marketplace lending platform in the USA. This dataset covers over 5,000 US cities from 2018 to 2023. AI (ChatGPT) is employed to help merge approximately 166,000 P2P loans per year with the other datasets. Our analysis considers local banking market access and competition, demographics and P2P loan usage. We apply panel fixed-effect models to control for both city-specific and year-specific effects. Findings: We find that access to financial institutions is positively related to P2P borrowing, with more Prosper loans issued in competitive banking markets and areas with a greater presence of small banks. P2P lending complements traditional bank lending, but it does not significantly benefit the lowest-income households or areas with high unemployment rates. P2P activity increases with income up to a median threshold of $75,000 and is not significantly affected by cities’ racial, educational and age compositions or population sizes. These findings suggest maintaining a competitive banking market that includes both traditional and P2P lending to promote broader credit access. Originality/value: This research offers original insights by analyzing the interplay between traditional banking and peer-to-peer (P2P) lending. Prior research in this area is limited. Furthermore, we provide new evidence on the dynamics of this relationship through 2023. Utilizing a comprehensive dataset from Prosper, financial institutions and the Census, this study uniquely explores how local banking competition and demographic factors influence P2P loan activity. The study contributes to existing literature by highlighting that P2P lending complements, rather than substitutes for, traditional banking. Our findings underscore the importance of maintaining a competitive banking market that includes both traditional and Fintech lenders to enhance credit access.",Access to credit; Banking; Banking competition; Consumer finance; Financial access; Fintech; Peer-to-peer lending,2025,4,10.1108/MF-07-2024-0480,Cuadros Carrion M.B.,Managerial Finance,2-s2.0-85210550687
Effect of FinCredit on income inequality: the moderating role of financial inclusion,"This paper examines the direct effect of FinCredit on income inequality and the moderating effect of Financial Inclusion. Using a dual-process variable selection approach, we develop an optimal model to test two hypotheses and explore how FinCredit influences direct and indirect income inequality. Our study has made a pioneering contribution to the literature by identifying the direct positive impact of FinCredit on income inequality, which previous research had not yet revealed. Additionally, we have discovered new evidence on the crucial role of Financial Inclusion in enhancing the positive effects of FinCredit on reducing income inequality. We provide reliable scientific empirical evidence that clarifies the confusion surrounding fintech credit and encourages its development. Practical managerial implications can be inferred from the moderating role of financial inclusion on the positive effect of fintech credit on income inequality. These results have significant policy implications for promoting FinCredit and Financial Inclusion to reduce income inequality in the era of digital transformation.",C11; D31; D63; F62; Feature selection; Financial inclusion; FinCredit; FinTech; Income inequality; O,2024,4,10.1007/s11156-023-01226-4,Pham X.T.T.,Review of Quantitative Finance and Accounting,2-s2.0-85178161160
Physical Frictions and Digital Banking Adoption,"The behavioral literature suggests that minor frictions can elicit desirable behavior without obvious coercion. Using closures of ATMs in a densely populated city as an instrument for small frictions to physical banking access, we find that customers affected by ATM closures increase their usage of the bank's digital platform. Other spillover effects of this adoption of financial technology include increases in point-of-sale transactions, electronic funds transfers, automatic bill payments and savings, and a reduction in cash usage. Our results show that minor frictions can help overcome the status quo bias and facilitate significant behavior change.",digital banking; financial inclusion; fintech; frictions; geography; household finance,2024,4,10.1287/mnsc.2023.4972,Choi H.S.,Management Science,2-s2.0-85206803218
Nexus Between ESG Performance and Credit Risk in Chinese FinTech Companies,"With the continuous development of the Fintech sector, the management of credit risk has become particularly important. In this study, ESG factors are introduced into the traditional KMV model, and an innovative green credit risk warning model is proposed. The research employs regression and mediation models to explore the relationship between ESG performance and credit risk in Chinese FinTech companies, with the default point acting as a mediator in this dynamic. Simultaneously, this study uses the cutting-edge PSO algorithm to modify the FAHP model to calculate the ESG rating revision weights more accurately. The results show that integrating ESG factors can significantly improve the accuracy of credit risk prediction for fintech companies. Furthermore, this study also creates the risk early warning line of the Fintech industry base on the new Green-KMV model. As a policy recommendation, this study advocates the strategic integration of ESG indicators into credit risk management and proposes specific measures from three different perspectives: financial institutions, regulators, and the government.",Credit risk; ESG; FinTech; Green finance; KMV; PSO-FAHP; Risk management,2026,4,10.1007/s10690-025-09528-4,Zeng L.,Asia Pacific Financial Markets,2-s2.0-105002345924
Disaggregating digital financial inclusion in Africa: Explaining within- and between-country variance,"This study examines the extent to which individual- and country-level characteristics account for variations in the use of digital payments across 36 African countries. Using a two-level random intercept multilevel probit model, we analyse cross-sectional data to estimate the probability of digital financial inclusion while accounting for the hierarchical structure of individuals nested within countries. The analysis quantifies the proportion of variance in digital payment usage that is attributable to country-level versus individual-level factors, using intraclass correlation coefficients (ICCs). The results reveal that most of the explained variance (75 %) stems from individual characteristics like age, education, gender, income, employment, and internet access. However, country-level factors;particularly national education levels and employment levels, also play a meaningful role. These findings highlight the importance of both micro- and macro-level determinants in shaping digital financial behaviours and demonstrate the need for context-sensitive policies to promote inclusive digital finance.",Africa; Digital financial inclusion; Digital payments; Fintech; Paytech,2025,4,10.1016/j.frl.2025.107776,Nyakurukwa K.,Finance Research Letters,2-s2.0-105008303807
Fintech and individual business growth: evidence from China,"Purpose – This study investigates the causal impact of financial technology (FinTech) development on individual business growth in China. Design/methodology/approach – Using county-level administrative and household survey data, this study employs a two-stage least squares (2SLS) approach to address potential endogeneity and identify the causal impact of Fintech. Heterogeneity and mechanism analyses are conducted to identify region-, household- and industry-specific effects and uncover the channels through which FinTech affects individual business entrepreneurship. Findings – The results show that a one-standard-deviation increase in the FinTech index leads to an average increase of approximately 985.56 individual businesses and raises the entry rate by 7.74% across Chinese counties. The positive impact of FinTech on individual business growth is more pronounced in non-eastern and rural regions and in sectors such as agriculture, manufacturing and traditional services. Mechanism analysis indicates that Fintech promotes entrepreneurship by relaxing credit constraints, enhancing payment convenience, fostering risk-taking capacity and improving financial literacy. Practical implications – The policy implications of this study are as follows: policymakers should adopt regionally tailored digital infrastructure strategies and differentiated financial capacity-building programs to maximize FinTech's entrepreneurial benefits. Underdeveloped areas require investments in basic digital and financial infrastructure, while developed regions should focus on advanced financial services. Strengthening regulatory frameworks and risk-sharing mechanisms is also crucial. Originality/value – This study contributes to the literature by providing robust empirical evidence of FinTech’s role in fostering individual business growth. It highlights the importance of digital finance for supporting micro-entrepreneurship, expanding financial inclusion and reducing regional disparities.",Entrepreneurship; Fintech; Individual business,2025,4,10.1108/CFRI-10-2024-0611,Zhang Y.,China Finance Review International,2-s2.0-105025434615
"Assessing the impact of payment technology, financial inclusion and institutions on entrepreneurship: evidence from middle-income Asian Economies","The transformative impact of technology on the financial system has been widely acknowledged, yet the extent to which financial technology is redefining financial inclusion’s role in driving economic growth remains largely unexplored. This research addresses the gap in the literature by examining the determinants of new-business entrepreneurship, specifically focusing on mobile payment, financial inclusion and institutional factors. Employing a panel regression model to analyse data from 25 middle-income Asian economies from 2014 to 2021, the results reveal a direct and positive effect of mobile payment systems and regulatory quality on entrepreneurship, as well as a negative effect of traditional financial inclusion. The study further uncovers the impact channels through which regulatory factors interact with mobile payment systems and significantly contributes to the literature by evaluating how financial innovations, especially mobile payment systems, stimulate entrepreneurship on a global scale. It expands the literature by investigating the impact of traditional financial inclusion on new-business entrepreneurship, sheds light on nuanced pathways through which institutional factors shape entrepreneurship and highlights the potential interaction effect of regulatory quality with mobile payment systems.",financial technology; institutional quality; middle-income countries; mobile payment; New business creation; regulatory quality,2026,4,10.1080/00036846.2025.2502174,Chen P.F.,Applied Economics,2-s2.0-105004847751
Digitalisation of Islamic Finance in the Era of Industrial Revolution 5.0: The Contribution of Crowdfunding and e-Wakaf to Islamic Fintech,"This study analyses the contribution of digitalisation in Islamic finance through the application of Islamic crowdfunding and e-wakaf instruments in supporting the development of Islamic fintech in Indonesia, especially in the era of the Industrial Revolution 5.0. Digitalisation in the Islamic finance sector plays a strategic role in expanding access to financial inclusion and facilitating more effective community involvement in sharia-based economic activities. Using the robust least squares (RLS) method, this study utilises secondary data for the period 2018-2023 to evaluate the impact of Islamic crowdfunding and e-wakaf on the growth of Islamic fintech. The results show that Islamic crowdfunding significantly expands access to alternative funding, especially for small and medium enterprises (SMEs), while e-wakaf improves transparency and efficiency of waqf asset management through digital technology. These two instruments simultaneously contribute positively to the strengthening of the Islamic fintech ecosystem in Indonesia, creating a strong foundation for broader and sustainable financial inclusion. The findings provide important perspectives for the development of innovative policies and strategies in advancing the Islamic financial sector in the digital era.",Digitalisation of Islamic Finance; e-Wakaf; Industrial Revolution 5.0; Islamic Crowdfunding; Islamic Fintech,2025,4,10.32479/ijefi.17480,Wahyudi H.,International Journal of Economics and Financial Issues,2-s2.0-85219038405
How Does Fintech Affect the Development of the Digital Economy? Evidence from India,"Fintech, or financial technology, significantly enhances India’s financial sector on a global scale. As a substantial driver of the nation’s sustained economic growth, the digital economy has rapidly taken shape. This study employs the CRITIC technique to rigorously analyze fintech and digital economy indicators across India’s 28 states from 2010 to 2022. Through this analysis, the research elucidates the complex relationships and interdependencies between fintech and the digital economy. The findings indicate that fintech plays a critical role in shaping India’s digital landscape, facilitating technological innovation, and reducing financial decentralization at the local government level. Furthermore, the study reveals a compelling phenomenon wherein regional financial regulatory resources act as a positive moderator in enhancing the impact of fintech on the digital economy. Specifically, greater availability of regulatory resources amplifies fintech’s contributions, with this moderating effect being most pronounced in more developed financial hubs. By integrating theories of innovation diffusion, financial inclusion, technology acceptance, and economic growth into a comprehensive theoretical framework, this research provides valuable insights into the transformative potential of fintech in India’s digital economy. While this analysis enriches the existing literature on fintech and digital economic growth, we acknowledge certain limitations, including potential biases in data collection and the exclusive focus on the Indian context. Future research should aim to investigate broader implications across diverse socio-economic landscapes to further enhance our understanding of fintech’s role in promoting economic growth, advancing financial inclusion, and shaping regulatory dynamics.",Digital economy; Financial inclusion; Fintech; Regulatory resources; Technological innovation,2025,4,10.1007/s13132-024-02547-y,Sreenu N.,Journal of the Knowledge Economy,2-s2.0-105007899587
EXPLORING THE IMPACT AND RISKS OF FINTECH ADOPTION ON INCOME INEQUALITY: A GLOBAL CROSS-SECTIONAL STUDY,"The rapid expansion of financial technology (fintech) has transformed financial services, offering innovative solutions that promote financial inclusion and economic growth. However, its impact on income inequality remains debated (Beck et al., 2018). This study investigates the relationship between fintech adoption and income inequality across 150 countries for the years 2014, 2017, and 2021 using secondary data from the Global Findex database. Income inequality is measured by the share of pre-tax national income held by the top 10 percent, while fintech adoption is captured by the percentage of the population using mobile payments. Key control variables include inflation, financial depth, trade openness, population growth, education level, government expenditure, and gross domestic product (GDP) growth. A quadratic model reveals a non-linear relationship, suggesting that fintech reduces inequality only beyond a certain threshold. Findings indicate that financial depth and population growth exacerbate inequality, while GDP growth mitigates it. The study underscores the importance of inclusive financial systems and regulatory measures to mitigate risks and optimize fintech’s potential in reducing inequality (Demir et al., 2022).",Financial Depth; Fintech; Gross Domestic Product Growth; Income Inequality; Population Growth,2025,4,10.22495/rgcv15i2p8,Imeraj J.,Risk Governance and Control Financial Markets and Institutions,2-s2.0-105006709410
Financial Development and Economic Growth: A Bibliometric Analysis,"This research conducts a bibliometric analysis of 662 documents from the Scopus database (1986-2022), using tools like Harzing’s Publish or Perish, Tableau Public, Biblioshiny - RStudio, Microsoft Excel, and VOSviewer for data visualization. It highlights historical trends, growth, and future prospects in finance, identifying key authors, publications, countries, and institutions. China, Turkey, and Malaysia lead in publications, with the University of South Africa being the most productive institution. The study offers insights into future research in green finance, FinTech, and sustainability, emphasizing the evolution of concepts like “financial inclusion” and “fintech.”.",Bibliometrics analysis; financial development-economic growth; Harzing’s Publish and Perish; VOSviewer,2024,4,10.1080/08963568.2024.2362096,Shahab S.A.,Journal of Business and Finance Librarianship,2-s2.0-85195669071
Bridging the gap? A theoretical analysis of the net effect of FinTech entry on access to credit,"FinTech lenders offer an opportunity to enhance credit access but may also disrupt traditional banking. This study proposes a theoretical framework for analyzing the net impact of FinTech's entry on access to credit in credit markets dominated by conventional banks. When a FinTech lender enters the market, competition intensifies, which reduces the bank's gain in serving certain customer segments. While FinTech lending can help serve some unattended niches, it may cause the bank to abandon others, leading to an ambiguous or even negative impact on access to credit.",Economic growth; Financial inclusion; Financial stability; FinTech; Regulatory arbitrage; Soft information,2024,4,10.1016/j.frl.2024.105918,Gisbert J.,Finance Research Letters,2-s2.0-85203417237
"Bridging digital capabilities and financial resilience: A comparative study of FinTech, AI literacy, and financial inclusion among households in Malaysia and Indonesia","Digital financial services increasingly operate within AI-mediated commerce ecosystems, yet meaningful participation depends not only on access but on users’ ability to convert digital capabilities into sustained financial behaviour. This study proposes and empirically validates the Behavioural–Capability Model of FinTech Empowerment (BCMFE), an integrative framework that synthesises the Capability Approach, the Cognitive–Behavioural View (CBV), and UTAUT2 to explain how AI literacy, financial literacy, digital financial literacy, FinTech adoption, and financial resilience jointly shape digital financial inclusion (DFI). Using survey data from 1150 respondents in Malaysia and Indonesia and applying Partial Least Squares Structural Equation Modelling with multi-group analysis, the findings reveal three novel insights. First, digital financial literacy and FinTech adoption emerge as dominant capability drivers of inclusion. Second, financial resilience functions as a critical behavioural conversion mechanism linking cognitive and digital capabilities to sustained platform engagement. Third, AI literacy exhibits asymmetric effects across institutional contexts—neutral in Malaysia but negatively associated with inclusion in Indonesia—highlighting the moderating role of regulatory maturity and digital governance. By reframing DFI as a capability-conversion process rather than a linear adoption outcome, the BCMFE advances electronic commerce research and offers a human-centred framework for AI-enabled financial ecosystems in emerging economies.",AI literacy; Digital commerce platforms; Digital financial inclusion; Digital financial literacy; Financial resilience; FinTech adoption,2026,4,10.1016/j.joitmc.2026.100759,Sabri M.F.,Journal of Open Innovation Technology Market and Complexity,2-s2.0-105035061024
Optimal interest rates personalization in FinTech lending,"As an emerging business model innovation in the era of big data and the Internet economy, FinTech lending has thrived in many countries and become an important supplement to traditional bank lending. FinTech service providers perform automated credit assessments based on machine learning technologies and provide various customized Internet lending services with personalized interest rates to their users. In this paper, we develop an analytical framework to investigate the mechanism of personalized interest rate pricing, which is the core decision problem in the FinTech lending business model. The objective of the interest rate personalization problem is to choose an optimal interest rate for each loan applicant based on their credit assessment to maximize the total expected revenue under the constraint on total loan capacity. The credit assessment of an applicant is modeled as the posterior distribution of their credit level given the relevant user data possessed by the firm, and its accuracy is determined by the efficacy of the credit assessment system and the informativeness of the user data. We first characterize the solution procedure under a general framework and then solve the optimization problem with a specified credit assessment mechanism. A key result is that, in an efficient loan market, a loan application should not be approved unless the credit assessment accuracy is higher than a dynamic threshold associated with the predicted credit level, which signifies the importance of data and technology in FinTech lending. We anticipate that our optimization model could be implemented in the automated loan processing system by FinTech firms and provide managerial implications for optimally investing in technology and data assets.",FinTech lending; Loan pricing; Personalized interest rates; Revenue optimization,2025,4,10.1007/s10799-023-00406-x,Lin Y.,Information Technology and Management,2-s2.0-85165619357
FinTech driven financial inclusion – the hype and the reality of missed targets,"Financial inclusion and inclusive growth are the clarion calls across the globe as nations become increasingly aware that growth is sustainable when it is inclusive. Close on the heels of this awakening comes the FinTech revolution which questions the role of traditional players in promoting the inclusion. While the traditional banking channel has been engaged in meeting the challenges of inclusive growth, there is an emergence of financial technology companies providing services and products similar and parallel to banking. Even as FinTech seems to redefine the service quality and product delivery through innovative use of technology in design and delivery of financial products and services, there is a need to moderate the hype and introduce a robust regulatory framework to ensure their service orientation over and above the pure commercial instinct. The instant paper examines the role of FinTech in filling the financial inclusion gaps and the need for its reorientation towards the excluded.",artificial intelligence; blockchain; financial inclusion; FinTech; G-20; HLPs; Sandbox,2023,4,10.1504/IJPSPM.2023.129690,Mehrotra A.,International Journal of Public Sector Performance Management,2-s2.0-85153889680
