Title,Abstract,Author Keywords,Year,Cited by,DOI,Authors,Source title,EID
Gamification in education: A systematic mapping study,"While gamification is gaining ground in business, marketing, corporate management, and wellness initiatives, its application in education is still an emerging trend. This article presents a study of the published empirical research on the application of gamification to education. The study is limited to papers that discuss explicitly the effects of using game elements in specific educational contexts. It employs a systematic mapping design. Accordingly, a categorical structure for classifying the research results is proposed based on the extracted topics discussed in the reviewed papers. The categories include gamification design principles, game mechanics, context of applying gamification (type of application, educational level, and academic subject), implementation, and evaluation. By mapping the published works to the classification criteria and analyzing them, the study highlights the directions of the currently conducted empirical research on applying gamification to education. It also indicates some major obstacles and needs, such as the need for proper technological support, for controlled studies demonstrating reliable positive or negative results of using specific game elements in particular educational contexts, etc. Although most of the reviewed papers report promising results, more substantial empirical research is needed to determine whether both extrinsic and intrinsic motivation of the learners can be influenced by gamification.",Game design elements; Gamification in education; Literature review; Systematic mapping study,2015,1543,,Dicheva D.,Educational Technology and Society,2-s2.0-84938082996
A definition for gamification: anchoring gamification in the service marketing literature,"“Gamification” has gained considerable scholarly and practitioner attention; however, the discussion in academia has been largely confined to the human–computer interaction and game studies domains. Since gamification is often used in service design, it is important that the concept be brought in line with the service literature. So far, though, there has been a dearth of such literature. This article is an attempt to tie in gamification with service marketing theory, which conceptualizes the consumer as a co-producer of the service. It presents games as service systems composed of operant and operand resources. It proposes a definition for gamification, one that emphasizes its experiential nature. The definition highlights four important aspects of gamification: affordances, psychological mediators, goals of gamification and the context of gamification. Using the definition the article identifies four possible gamifying actors and examines gamification as communicative staging of the service environment.",Game design; Gamification; Persuasive technologies; Service design; Service marketing; Service-dominant logic,2017,950,10.1007/s12525-015-0212-z,Huotari K.,Electronic Markets,2-s2.0-84954436369
Transforming homo economicus into homo ludens: A field experiment on gamification in a utilitarian peer-to-peer trading service,"During recent years, the addition of game mechanisms to non-game services has gained a relatively large amount of attention. Popular discussion connects gamification to successful marketing and increased profitability through higher customer engagement, however, there is a dearth of empirical studies that confirm such expectations. This paper reports the results of a field experiment, which gamifies a utilitarian peer-to-peer trading service by implementing the game mechanism of badges that users can earn from a variety of tasks. There were 3234 users who were randomly assigned to treatment groups and subjected to different versions of the badge system in a 2 × 2 design. The results show that the mere implementation of gamification mechanisms does not automatically lead to significant increases in use activity in the studied utilitarian service, however, those users who actively monitored their own badges and those of others in the study showed increased user activity. © 2013 Elsevier B.V. All rights reserved.",Badges; Collaborative consumption; Game design; Gamification; Service marketing; Social commerce,2013,626,10.1016/j.elerap.2013.01.004,Hamari J.,Electronic Commerce Research and Applications,2-s2.0-84883135229
Serious games and the gamification of tourism,"Gamification has become a focus of attention in an increasing number of fields including business, education, and health care. Through a wide range of applications and support functions, its potential for the tourism industry is significant. Gamification of tourism can contribute to a more rewarding interactions and higher level of satisfaction, as well as increase brand awareness and loyalty to the destination. As one of the first attempts to conceptualize gamification of tourism, this paper examines gaming in general terms and the application of it in specific tourism fields. It identifies game design elements that can contribute to a meaningful gamification. A few cases of best practices are presented to show how this innovative concept can benefit tourism marketing. Implications for tourism marketing and management are discussed as well as future research recommendations.",Engagement; Gamification; Loyalty; Serious games; Tourism experiences,2017,453,10.1016/j.tourman.2016.11.020,Xu F.,Tourism Management,2-s2.0-85006446603
Enhancing user engagement: The role of gamification in mobile apps,"Organizations are increasingly making use of gamification to enhance users’ engagement with their mobile apps. However, more research into the mechanisms that facilitate user engagement and its consequences is needed. Drawing on the self-system model of motivational development, this study investigates how gamification might foster user engagement and positive marketing outcomes. Data from 276 users of a mobile gamified app were analyzed using partial least squares regression. The results showed that gamification increases user engagement through satisfaction of the needs for competence, autonomy and relatedness. User engagement, in turn, leads to greater intention to use, disseminate WOM about, and to positively rate, the app. Finally, this study provides a number of theoretical and practical implications that can help developers design more effective gamified mobile apps.",Gamification; Mobile apps; Self-system model of motivational development; User engagement,2021,427,10.1016/j.jbusres.2021.04.028,Bitrián P.,Journal of Business Research,2-s2.0-85104742779
Gamification and Mobile Marketing Effectiveness,"A variety of business sectors have been buffeted by the diffusion of mobile technology, a trend that presents a variety of difficult challenges but interesting opportunities to marketers. One such opportunity is gamification, which, one hopes, will enhance appeal to mobile consumers. Our sense from both personal experience and the literature is that the gamified mobile apps currently offered by firms mostly miss the mark. We provide a systematic overview of game design and note how principles derived from that field are highly applicable to gamification in mobile marketing settings. We are aided by the work of Schell (2008), whose Elemental Game Tetrad Model allows us to offer a coherent look at how gamification should affect mobile marketing outcomes.",Aesthetics; Game design; Gamification; Gaming; Mechanics; Mobile; Retailing; Story; Technology,2016,408,10.1016/j.intmar.2016.03.001,Hofacker C.F.,Journal of Interactive Marketing,2-s2.0-84963723708
Examining the impact of gamification on intention of engagement and brand attitude in the marketing context,"The development of multiple applications with features of games has brought about a new trend – gamification. Gamification has become a fast-emerging practice in the business world, with a growing number of organizations adopting gaming techniques and game-style rewards in order to increase customer engagement. Despite this growing trend and the potential role played by gamification, the marketing literature lacks models that explain the use of gamification in the marketing context, customers’ perceptions of gamification and its effects on their attitudes towards the brand. This study addresses this omission by adopting the TAM framework in a gamification context. Similar to TAM, gamification finds its roots in the technology and information systems literature. Drawing on TAM, this study presents a model that examines the effects of gamification on customers’ intention to engage in the gamification process and their attitudes toward the brand. Using a quantitative methodology, the results provide empirical support for perceived usefulness and perceived enjoyment as predictors to intention of engagement and brand attitude. However, perceived ease of use was surprisingly found not to be significantly related to people's intention of engagement with the gamification process and their brand attitude. In addition, perceived social influence was found not to be related to people's intention of engagement, but was related to their brand attitude. The findings of this research have theory and practical implications.",Brand attitude; Engagement; Gamification; TAM,2017,407,10.1016/j.chb.2017.03.066,Yang Y.,Computers in Human Behavior,2-s2.0-85017144159
Does gamification affect brand engagement and equity? A study in online brand communities,"Gamification has become a popular technique in marketing. Many companies believe that gamification can potentially increase the engagement, awareness and loyalty of consumers with respect to the brand. However, there is current dearth of empirical evidence supporting these beliefs beyond the pervasive hype. In this study we investigated the relationships between gamification, brand engagement and brand equity among consumers (N = 824) of two online gamified brand communities. The results showed that achievement and social interaction -related gamification features were positively associated with all three forms of brand engagement (emotional, cognitive and social). Immersion -related gamification features were only positively associated with social brand engagement. Additionally, brand engagement was further positively associated with brand equity. The results imply that gamification can positively affect brand engagement and further increase brand equity, and that gamification appears to be an effective technique for brand management.",Brand; Community; Engagement; Gamification; Marketing; Social commerce,2020,382,10.1016/j.jbusres.2019.11.058,Xi N.,Journal of Business Research,2-s2.0-85077194682
"Gamification Science, Its History and Future: Definitions and a Research Agenda","Background. Definitions of gamification tend to vary by person, both in industry and within academia. One particularly popular lay interpretation, introduced and popularized by Ian Bogost, and reiterated by Jan Klabbers, is that gamification is “bullshit” and “exploitationware.” They describe gamification as a marketing term or business practice invented to sell products rather than to represent a real and unique phenomenon relevant to a nascent game science. However, this view is an oversimplification, one which ignores a growing body of theory development and empirical research on gamification within a post-positivist epistemology. In fact, because gamification is so much more outcome-focused than general game design, current gamification research in many ways has a stronger footing in modern social science than much games research does. Aim. In this article, to address common misunderstandings like these, we describe the philosophical underpinnings of modern gamification research, define the relationship between games and gamification, define and situate gamification science as a subdiscipline of game science, and explicate a six-element framework of major concerns within gamification science: predictor constructs, criterion constructs, mediator constructs, moderator constructs, design processes, and research methods. This framework is also presented diagrammatically as a causal path model. Conclusion. Gamification science refers to the development of theories of gamification design and their empirical evaluation within a post-positivist epistemology. The goal of gamification scientist-practitioners should be to understand how to best meet organizational goals through the design of gamification interventions, drawing upon insights derived from both gamification science and games research more broadly.",constructs; criteria; criterion; design; game; game science; gamification; gamification science; mediator; moderator; post-positivism; predictor; research methods; science; theory,2018,335,10.1177/1046878118774385,Landers R.N.,Simulation and Gaming,2-s2.0-85047400841
Gameful Experience in Gamification: Construction and Validation of a Gameful Experience Scale [GAMEX],"Gamification has recently become a popular topic in marketing practice. It is perceived as being a promising way to provide improved consumer experiences and to positively influence consumer behavior. An inherent characteristic of gamification is the gameful experience of consumers when using a gamified application. However, no existing measure captures the gameful experience consumers feel when they engage with gamified applications. Based on an extensive literature review and six consecutive studies, the authors develop and validate a new gameful experience scale [GAMEX] for measuring gameful experience in gamification. The results confirm that the GAMEX is a reliable and valid measure, which is useful for both, researchers and practitioners, and easy to apply in different gamification settings.",Game-like experience; Gameful experience; GAMEX; Gamification; Scale development,2018,320,10.1016/j.intmar.2018.03.002,Eppmann R.,Journal of Interactive Marketing,2-s2.0-85047652027
How gamification marketing activities motivate desirable consumer behaviors: Focusing on the role of brand love,"Gamification is increasingly applied as a design strategy when improving various behavioral outcomes in the online retailing domain. Understanding the attributes of gamification marketing activities (GMAs) is critical for successful gamification, but perceived experience derived from the attributes of GMAs and its influence on desirable consumer behaviors have not been addressed so far in gamified online retailing studies. Thus, this paper aims to examine the relationships among GMAs’ experience, value, satisfaction, brand love, and desirable consumer behaviors. To test these relationships in the research model, we developed a study using a sample of 242 online bookstore customers, and found that the experience of GMAs has a significant and positive effect on hedonic value and utilitarian value. The findings also confirm that hedonic value and utilitarian value significantly affect satisfaction and brand love. Finally, our results confirm that satisfaction has a significant and positive effect on brand love, and in turn, on desirable consumer behaviors (i.e., brand loyalty, positive word-of-mouth, and resistance to negative information). The findings of this study can permit online retailing companies to predict the future behaviors of their customers more exactly and guide their management of assets and gamification marketing activities.",Brand love; Desirable consumer behaviors; Gamification marketing; Value,2018,290,10.1016/j.chb.2018.06.037,Hsu C.L.,Computers in Human Behavior,2-s2.0-85049883828
Tourists as Mobile Gamers: Gamification for Tourism Marketing,"ABSTRACT: Gaming as a cutting-edge concept has recently been used by some innovative tourism sectors as a marketing tool and as a method of deeper engagement with visitors. This research aims to explore the gamification trend and its potential for experience development and tourism marketing. Using a focus group, this paper discusses gaming and tourism, and explores what drives tourists to play games. The results suggest tourists’ game playing motivation is multidimensional. Players tend to start with purposive information seeking, then move on to an intrinsic stimulation. Socialization is also an important dimension. The research demonstrates several implications for tourism marketing.",game motivation; game-based marketing; gamification; Mobile games; tourist players,2016,240,10.1080/10548408.2015.1093999,Xu F.,Journal of Travel and Tourism Marketing,2-s2.0-84945390001
"Gamification and e-learning for young learners: A systematic literature review, bibliometric analysis, and future research agenda","Over the last few years, gamification has sparked significant interest in both industry and academia. However, the focus of the debate has been mostly on game studies and human-computer interaction (HCI). Even though games are increasingly being supplied as services to customers, few academic works have linked game studies to the service or marketing literature (Dikcius and Urbonavicius, 2020; Dukembay and Zhaksylyk, 2019). This paper presents an examination of the emerging trends of gamification and e-learning for young learners. The first section presents a text-based cluster bibliometric analysis based on 222 qualified articles published between 2015 and 2020. We conducted this analysis to identify the most prominent themes in the literature through cluster identification via the VOS viewer software. As the themes were found to be interlinked, the second section presents a systematic literature review based on a bibliometric analysis performed using the PRISMA method on 32 qualified articles. The findings highlighted the four major future research themes of personalization, game elements, learner styles, and learner engagement. Finally, we provide a future research agenda based on the theory, characteristics, context, and methodology (TCCM) framework. Our findings offer key insights aimed at enabling actors in education policy making and gamification-based software companies and agencies to identify the gamification techniques best suited for e-learning.",Bibliometric analysis; E-learning; Future research agenda; Gamification; Systematic review; Young learners,2022,212,10.1016/j.techfore.2021.121445,Behl A.,Technological Forecasting and Social Change,2-s2.0-85121964427
The impact of gamification adoption intention on brand awareness and loyalty in tourism: The mediating effect of customer engagement,"Gamification has been used by tourism organisations for marketing purposes to reinforce customer engagement and to achieve brand awareness and loyalty. The current study, using the Unified Theory of Acceptance and Use of Technology, aims to investigate the antecedents and consequences of gamification's adoption intention by tourist organisations, and to examine the mediation effect of customer engagement. A quantitative method was employed using a survey to collect data from a random sample of relevant managers in travel agencies. Using structural equation modelling for data analysis, the findings revealed that tourism organisations have positive intentions to adopt gamification to increase customer engagement and to achieve tourist destinations' brand awareness and loyalty. Implications, limitations, and future research are also addressed.",Brand awareness; Brand loyalty; Customer engagement; Egypt; Gamification; Travel agencies,2021,211,10.1016/j.jdmm.2021.100559,Abou-Shouk M.,Journal of Destination Marketing and Management,2-s2.0-85099626451
"Treasure Hunting for Brands: Metaverse Marketing Gamification Effects on Purchase Intention, WOM, and Loyalty","This study explores the impact of Metaverse Gamified Marketing Activities (MGMA) on Positive Word-of-Mouth (PWOM) intention, purchase intention, and brand loyalty within the metaverse. Drawing from an online survey involving 516 consumers based in the UK, the empirical evidence demonstrates that MGMA has a favorable influence on brand satisfaction, hedonic value, utilitarian value, and engagement. Moreover, the results show that brand satisfaction, hedonic value, utilitarian value, and engagement all positively influence brand love. Furthermore, PWOM, purchase intention, and brand loyalty are positively influenced by brand love. From a theoretical perspective, this study extends the theoretical application of the Stimulus-Organism-Response (S-O-R) model to encompass interactive virtual brand experiences, thereby establishing a foundation for the development of S-O-R frameworks that incorporate the immersive characteristics of metaverse environments. Within the S-O-R model, our findings highlight how metaverse marketing influences brand PWOM, purchase intention, and loyalty, advancing its application in metaverse-gamified marketing.",brand love; engagement; gamified marketing; Metaverse; utilitarian value,2025,166,10.1080/08911762.2025.2463897,Al-Adwan A.S.,Journal of Global Marketing,2-s2.0-85219725604
Gamification in Education,"Gamification, or gameful design, refers to the strategic application of game design principles, mechanics, and elements into non-game environments. It is often facilitated using digital platforms, aiming to solve problems, increase engagement, and motivate individuals towards their goals. The technique fosters a gameful and interactive experience, enhancing perceived autonomy, competence, and relatedness among users. With roots in fields like education, business, marketing, and services, gamification is a versatile tool that serves to enrich user experience and create value in a multitude of settings. The widespread impact of gamification across various sectors has transformed traditional methods of engagement, notably in education.",education; engagement; gamification; metaverse; mixed reality; motivation; serious games,2023,164,10.3390/encyclopedia3040089,Christopoulos A.,Encyclopedia,2-s2.0-105014625016
Playing seriously - How gamification and social cues influence bank customers to use gamified e-business applications,"The development of business applications with game features has given rise to a new trend called gamification and challenged e-banking to introduce new game elements, such as mechanics and social cues, to its traditional applications. Yet, there has been a lack of empirical evidence regarding the intention to use, these type of applications and their possible impacts on business. Here, we explore the role of gamification, socialness, and other four well-known variables (ease-of-use, usefulness, enjoyment, and intention to use) in a gamified business application and corresponding business. We proposed and evaluated a model based on the Technology Acceptance Model to better analyze and understand the adoption of gamified business applications. To test this model, we developed a study using a sample of 183 bank customers, and we found that gamification significantly improved the customer's sense of social interaction, which, in turn, strongly influenced the customer's intention to use the applications. We argue that this intention to use could provide a strong benefit to the business, in term of increased customer engagement. This paper presents a new conceptual model to predict behavioral intention in regards to gamification in e-banking, illustrating seven variables that affect the adoption of e-banking by bank customers. Our findings contribute overall to a better understanding of gamification in e-banking (with the extension of Technology Acceptance Model theories, and the new variable gamification), providing important practical implications for software development and marketing practices.",E-banking; E-business; Ease-of-use; Enjoyment; Gamification; Intention to use; Socialness; Usefulness,2016,162,10.1016/j.chb.2016.05.063,Rodrigues L.F.,Computers in Human Behavior,2-s2.0-84974625199
‘Go with the flow’ for gamification and sustainability marketing,"This paper explores the potential of gamification for sustainability marketing efforts, examining users’ experiences with a gamified app designed to encourage the sustainable energy behavior of turning off electricity switches. Using data collected from 387 participants who partook in a week-long field study using a gamified app, we analyze the interrelationships between flow, customer engagement, value-in behavior, and intentions to perform sustainable behavior and continue use of a gamified app. We show how consumers’ gameful experiences via flow enhance engagement with a gamified app, and how this results in enhancing the perceptions of value in performing a sustainable energy behavior. Further, we evidence how the value-in-behavior created by a gamified app not only influence behavioral intentions to perform a sustainable energy behavior, but also intentions to continue using the gamified app. These results provide important theoretical and practical insights as to the potential for gamification to be used for sustainability marketing and how gameful experiences (flow and customer engagement) can transfer to positive perceptions of sustainable behavior (value-in-behavior).",Customer engagement; Flow; Gamification; Sustainability; Value-in-behavior,2021,154,10.1016/j.ijinfomgt.2020.102305,Whittaker L.,International Journal of Information Management,2-s2.0-85099631077
The effects of gamified customer benefits and characteristics on behavioral engagement and purchase: Evidence from mobile exercise application uses,"This study investigates how gamified customer benefits (epistemic, social integrative, and personal integrative) and customer characteristics (age and experience) influence marketing outcomes, behavioral engagement and purchase, in exercise context. Using a unique data set of exercise and purchase history created by 5072 smartphone users over three years in South Korea, this study finds that although all three customer benefits are positively associated with marketing outcomes, personal and social integrative benefits are the best predictors for engagement and purchase, respectively. Furthermore, the effects of gamified customer benefits on marketing outcomes vary by age and experience, showing the importance of epistemic and personal integrative benefits to older and less experienced customers and social integrative benefits to younger and experienced customers. This study not only explores the long-term effects of gamification on behavioral outcomes but also examines the feasibility of successfully implementing the gamification benefit proposition strategy for superior marketing outcomes.",Customer benefits; Customer characteristics; Engagement; Gamification,2018,150,10.1016/j.jbusres.2018.07.056,Jang S.,Journal of Business Research,2-s2.0-85051023573
Creating brand engagement through in-store gamified customer experiences,"The purpose of this study is to understand how gamification contributes to customers’ value creation in a retail context and how this value creation relates to brand engagement. The study builds on a field experiment using a two-group between-subjects design combined with correlational research. The experiment involved 378 participants recruited at a major European sports retailer. Participants were exposed to one of two conditions: one with a gamified activity in a store, and one in which the participants performed the same activity without being exposed to any game elements. The findings show that gamification affects the hedonic value of an activity and that this effect can be partly explained by positive affect. When this hedonic value was compared to the satisfaction with a reward, the hedonic value was found to be a better predictor of continued engagement intention. Finally, gamification through continued engagement intention is positively associated with brand engagement.",Brand engagement; Customer experience; Field experiment; Gamification; Retail,2019,136,10.1016/j.jretconser.2019.05.006,Högberg J.,Journal of Retailing and Consumer Services,2-s2.0-85065402234
Designing gamified apps for sustainable consumption: A field study,"This research tests the effectiveness of a social marketing field study on sustainable consumption conducted by energy companies on real customers. The study uses a gamified app to encourage sustainable household energy usage. We analyze app usage, survey, and energy bills data to demonstrate the impact of specific game design elements on customers' perceived enjoyment and knowledge, and their behavioral intentions regarding sustainable consumption. We show the gamified app influences energy saving behaviors and word-of-mouth, and results in significant monetary savings compared to a control group. These are exciting results that provide novel insights and help support the potential of gamified apps for businesses and consumers.",Energy; Gamification; Gamified app; Serious games; Social marketing; Sustainability; Sustainable consumption; Usage data,2020,136,10.1016/j.jbusres.2018.10.026,Mulcahy R.,Journal of Business Research,2-s2.0-85054789545
Main gamification concepts: A systematic mapping study,"Gamification involves incorporating elements of online games, such as points, leaderboards, and badges into non-game contexts, in order to improve engagement with both employees and consumers. The main point of this paper is, to sum up, what previous authors investigated in the field of Gamification. An analysis of the literature covering 50 papers from 2011 to 2016 was conducted, using Leximancer software, to determine and shape the main themes and concepts proposed in gamification papers. Answering our research question, “What guidelines may provide to future research, the key themes and concepts found in published scientific papers on gamification?”, we conclude that the researchers identified eight themes (gamification; game; use; users; business; points; engagement; learning) and twenty-eight related concepts. The present systematic review contributes to establishing possible guidelines for prospective studies, based on the analyzed papers, considering particularly their 'Conclusions' and on the 'Future research' sections, integrating game design contents in business, learning and education. Further, highlights the usefulness of Leximancer for qualitative content analysis, in this field of research.",Business; Business; Computer science; Consumers; Education; Gamification; Information science; Leximancer; Marketing; Qualitative methods; Semantic analysis; Software development,2019,128,10.1016/j.heliyon.2019.e01993,Rodrigues L.F.,Heliyon,2-s2.0-85068969468
Gamification as a platform for brand co-creation experiences,"This study is aimed at establishing a connection between brand gamified experiences and brand value co-creation, based on a literature review and insights from exploratory research. Consumers' motivations to get involved with gamified experiences and their impact on consumer engagement and brand experience are analyzed. Simultaneously, the study explores the motivations that drive firms to implement gamified systems with consequences for brand value co-creation. Seven managers and marketing professionals were interviewed through semi-structured interviews, and two focus groups were performed to collect primary information on consumers' perceptions and motivations. Results suggest that gamification offers a platform for the development of brand engagement and relationship enhancement, through entertainment, challenges, continuous experiences, and brand involvement. Consumers seek gamified systems that provide them with fun, rewards, competition, social interactions and recognition, customization, and sense of community. Gamification also allows firms to collect spontaneous and valuable data on consumers' opinions and interactions. In sum, gamification can be seen as an innovative branding tool to promote consumer interaction and participation in brand co-creation experiences, all of which is essential to managing brand-based innovation.",Brand experience; Brand value co-creation; Consumer engagement; Gamification; Innovative brand management,2017,126,10.1057/s41262-017-0055-3,Nobre H.,Journal of Brand Management,2-s2.0-85019702006
Game on! A state-of-the-art overview of doing business with gamification,"Gamification is the act of applying game-design elements to transform activities, products, services, and systems in a way that provides the kind of experiences similar to those offered by games. These elements include badges, points, and leaderboards to motivate and reward problem solving activities and processes. Both businesses and business researchers are increasingly interested in the application of gamification. In this regard, this review aims to offer a state-of-the-art overview of gamification in business, revealing its current trends and future directions. Using business research on gamification published in the last decade (2012–2022) found on Scopus and Web of Science, we conduct a performance analysis to illuminate the field's performance (publication productivity and impact) alongside its key contributors (journals, authors, and countries) as well as a science mapping using a co-citation analysis to locate knowledge foundations, and bibliographic coupling and keyword co-occurrence analysis to reveal major themes in business gamification. Our exploration has unearthed gamification's pervasive influence across business domains, from enhancing learning and fostering innovation to empowering marketing strategies and catalyzing transformation. Gamification has also made significant inroads into management practices, driving engagement, influencing behavioral outcomes, and ushering sustainability. Peering into the future, our density-centrality quadrant analysis casts light on emerging frontiers. Noteworthily, we expect the next wave of gamification to be shaped by the allure of video games and the metaverse, bespoke industry-specific designs, confluence with e-commerce trends, emphasis on sustainable development, expanded social responsibilities, innovations in virtual reality, intersections with human urbanism, and the rise of smart cities. As gamification continues to integrate and reshape myriad facets of the business world, it holds the promise of not only enriching current practices but also charting the course for the future of innovative, sustainable, and transformative business strategies.",Bibliometric analysis; Business; Gamification; Review,2024,120,10.1016/j.techfore.2023.122988,Sharma W.,Technological Forecasting and Social Change,2-s2.0-85177889288
Gamification in engineering education and professional training,"The incorporation of game mechanics and dynamics in non-gaming applications is a subject of interest in various sectors such as education, marketing, medicine and military, in the last few years. It is believed that engineering education in a pre-graduate level and in professional practice will bring high pay-offs. The role of the academia is to develop new methodologies and tools to produce, apply and use digital games and gamification techniques in contemporary industry and present scientific evidence on the value and the benefits derived from this technology. In this paper, the relative literature is evaluated and a discussion on the gamification status today is given, by examining various aspects of this novel term. Furthermore, game techniques, gamification practices in education and e-learning are considered. Special discussion on engineering games, gamification platforms and empirical surveys is presented with focus on manufacturing.",education; Gamification; manufacturing; serious games; training,2015,119,10.1177/0306419015591324,Markopoulos A.P.,International Journal of Mechanical Engineering Education,2-s2.0-84937548057
Experiences that matter? The motivational experiences and business outcomes of gamified services,"Digital service providers are increasingly “gamifying” their services (i.e., enriching non-game services with game elements) to foster additional user value in terms of specific user experiences. Understanding how such experiences of gamified services influence business outcomes is critical. Drawing on service-dominant logic and self-determination theory, this research examines the impact of motivational user experiences (self-development, social connectedness, expressive freedom, and social comparison) on firm-beneficial behavior. Findings from a cross-contextual study reveal that motivational experiences increase these outcomes to different extents. Among the experiences examined, self-development has the strongest effect on business outcomes. Importantly, some experiences interact in a way that negatively affects those outcomes. For instance, the interplay between social comparison and social connectedness or expressive freedom is dysfunctional and impairs firm-beneficial user behavior. The study's results help service providers to prioritize those experiences that matter most for their business goals.",Firm-beneficial behavior; Gamification; Gamified services; Motivational experiences; Self-determination theory; Service marketing,2020,117,10.1016/j.jbusres.2018.12.058,Wolf T.,Journal of Business Research,2-s2.0-85059841937
Catch them all and increase your place attachment! The role of location-based augmented reality games in changing people - place relations,"We examined how playing a game employing augmented reality (AR) technology increases attachment to the place of playing. Place attachment refers to the relationship between people and places, which has numerous benefits for individual well-being. Popular location-based AR games often include elements that are known to predict place attachment: exploration, social relations or the experience of enjoyment in a place. We argue that positive emotions triggered by playing can influence players’ place attachment via the process of gamification. We tested this hypothesis in a correlational study conducted among Pokémon Go players. Our analyses showed that satisfaction from playing and the social relations made during play positively predict place attachment, but the amount of time spent on playing does not. A series of mediation analyses showed that relations among game satisfaction, social relations, and place attachment were mediated by the appraisal of the place as exciting. This study demonstrated a mechanism of emotional transfer between positive experiences from playing and place attachment, which may prove useful in other domains, such as education, land conservation, or marketing.",Augmented reality; Gamification; Location-based AR games; Place attachment; Pokémon Go,2017,115,10.1016/j.chb.2017.06.008,Oleksy T.,Computers in Human Behavior,2-s2.0-85020705107
The gamification of in-game advertising: Examining the role of psychological ownership and advertisement intrusiveness,"Gamification on the mobile platform through the concept of online games has the potential to create unprecedented engagement with customers. With the growth in the gamification market due to the increase in internet penetration and the number of mobile devices, it has become one of the potential channels to reach and influence young consumers who spend more time on gaming. There is a shortage of empirical evidence on the impact of gamification on online consumer decisions. This study uses ‘psychological ownership theory’ and ‘schema theory’ to examine the effects of gameful experience (GFUL) on the attitudes of online gamers (N = 326). Data were analyzed using AMOS 25 and Process Macro for SPSS. The analytical results indicated that GFUL is mediated through both the intervening variables (perceived in-game advertisement effectiveness and psychological ownership), which positively influence gamers’ attitudes towards the game and in-game advertising. Further, the study investigated the impact of in-game advertisement intrusiveness. Based on the research findings, this study proposed the theoretical and managerial implications.",Advertisement intrusiveness; Gameful experience; Gamification; In-game advertising; Psychological ownership theory; Schema theory,2021,114,10.1016/j.ijinfomgt.2020.102245,Mishra S.,International Journal of Information Management,2-s2.0-85092011950
Can gamification improve financial behavior? The moderating role of app expertise,"Purpose: The purpose of this paper is to explore potential benefits of gamification (application of game-playing elements) for financial well-being and motivation to save. Design/methodology/approach: A preliminary survey of college students explored how gamification principles incorporated into money-savings/personal finance smartphone apps could improve financial well-being. The main study utilized Mechanical Turk participants, exposing them to financial game app descriptions that emphasized social features (e.g. leaderboards and ability to share achievements) or economic features (e.g. ability to earn real money or a higher interest rate). Objective and subjective financial measures including expertise with financial apps, perceived benefits of financial apps and behavioral intentions were examined. Findings: Financial worry, financial literacy, subjective knowledge and expertise with money-savings/financial applications predicted financial well-being. Additionally, consumers varied in their preferences for certain financial game app features based on past financial app experience. Those who already used a financial app tend to exhibit higher subjective (though not objective) knowledge, and want both “social” and “economic” features of financial applications, whereas those with no experience are more motivated by economic features. Practical implications: These results could be used to guide game designers regarding which features may be more attractive to consumers depending on their prior expertise with financial smartphone applications. Financial services marketing would benefit from further research into whether smartphone financial applications that emphasize social features have benefits for consumers’ motivation and financial well-being. Originality/value: Examining college students about to enter the real world and the general population, this project contributes to research to improve understanding of financial well-being by examining how already having a financial gamification application impacts perceptions of knowledge and expertise, as well as intentions to save given a more socially focused vs economically focused savings app. Additional research needs to further explore gamification as an experimental intervention to ultimately improve both subjective financial well-being and objective financial behaviors, especially for consumers with lower expertise and high risk of financial vulnerability.",Financial literacy; Financial well-being; Gamification; Intervention,2019,105,10.1108/IJBM-04-2018-0086,Bayuk J.,International Journal of Bank Marketing,2-s2.0-85062447127
Gamification and service marketing,"Our paper addresses the development of the gamification concept with business applications. We report on our survey of customers and managers seeking to participate in gamification on their websites. We examined both customer and manager perspectives and compare survey results in terms of service marketing and characteristics of consumers who engage with gamification platforms. Our data supported a design theory delineating four key characteristics in gamification platforms that attract consumers toward an enterprise’s website. Those features attract individuals through (1) Progress Paths, (2) Feedback and Reward, (3) Social Connection, and (4) Attractiveness of the site. Results from the managers’ survey reflected key characteristics that must exist for implementation of a gamification platform. The data revealed a particular demographic profile of a gamification individual drawn to a website. These findings may help company managers who wish to adopt a gamification platform in the future.",Customer service; Gamification; Service business; Technology in business,2014,104,10.1186/2193-1801-3-653,Conaway R.,Springerplus,2-s2.0-84919723190
Factors affecting the adoption of gamified smart tourism applications: An integrative approach,"Considering that the core concerns in sustainability are threats to the survival of humankind and the ecosystems that humans depend on, changing the consumption and production behaviors of individuals and society is inevitable. However, people are reluctant to change their own behavior in support of sustainability goals. This tendency seems to be especially strong in tourism because the main value of tourism is hedonic utility. Thus, the tourism industry is now introducing gamification and smart tourism to shift tourist behavior toward sustainability, but most of studies and practices only focus on the performance and application of gamification without considering customer adoption patterns and perceptions during the process. This study empirically investigated what factors affect the adoption of smart tourism applications that incorporate game elements, using the Google Maps tourist guide program. As an initial approach, we incorporated diverse theoretical approaches: perceived usefulness; perceived ease of use; perceived enjoyment from technology acceptance model; information and interaction motivations from the uses and gratifications theory; the network effect; distributive justice; flow as responses to the game characteristics of smart tourism applications; and information privacy concerns as a negative factor for diffusion. The result showed that hedonic characteristics of the gamified smart tourism application (GSTA) are strong in adoption. Perceived enjoyment had a significant influence on the intention to use, but information quality, related to cognitive experience, did not. The flow and perceived distributive justice associated with the game content were not significant, but the interaction motivation was significant in the research model. The results of this study show that individuals regard a GSTA as a low-level game tool. Also, it is important to preoccupy the smart tourism application market in terms of marketing strategy because the network effect is relevant to both perceived usefulness and perceived enjoyment. We also found that the need to provide personal information would negatively affect the adoption of a gamified smart tourism application.",Gamification; Hedonic goods; Smart tourism; Technology acceptance model; Technology adoption,2017,101,10.3390/su9122162,Yoo C.,Sustainability Switzerland,2-s2.0-85035043016
Value dimensions of gamification and their influence on brand loyalty and word-of-mouth: Relationships and combinations with satisfaction and brand love,"This study examined the influence of different value dimensions of gamification on two important marketing outcomes, brand loyalty and word-of-mouth (WOM), using a mixed methods approach. A fuzzy-set qualitative comparative analysis (fs/QCA) is employed alongside structural equation modeling (SEM). These methods showcase nuances that contribute to the understanding of the effects of different value dimensions. Although the SEM results stress the mediating role of brand love, the fs/QCA results indicate that brand love is a core condition for brand loyalty, but it might be indifferent to obtaining positive WOM. Different paths can be sufficient to produce the outcomes of interest. The value dimensions of gamification can be substitutes, contingent on the presence of other conditions, thereby providing a novel perspective. These findings advance our knowledge of the functioning of gamification and can serve as a guide for practitioners seeking to employ gamification experiences to alter consumers' behavior.",brand love; brand loyalty; gamification; perceived value; satisfaction; word-of-mouth,2022,98,10.1002/mar.21573,Torres P.,Psychology and Marketing,2-s2.0-85112394067
Consumer attitudes towards electric vehicles: Effects of product user stereotypes and self-image congruence,"Purpose: The purpose of this paper is to investigate the effects of gamification on connections between consumers’ self-image congruence in relation to the purchasers of an environmentally friendly product electric vehicles (EVs) and their possession of a stereotype of EV owners as being “unconventional”, and their attitudes towards EVs, having regard to their levels of environmental concern and prior knowledge of EVs. Additionally, the research explored the link between attitudes towards and willingness to purchase EVs. Design/methodology/approach: Participants completed a questionnaire and an Implicit Association Test (IAT) both before and after playing a computer game wherein the player assumed the identity of an EV driver. A structural equation model was constructed to predict attitude to EVs. The relationship between attitude and willingness to purchase was examined via a conditional process analysis. Findings: The experience of playing the game improved the favourability of the respondents’ stereotype of EV owners by an average of 19 per cent, and their attitude towards EVs by 17 per cent. Self-image congruence in relation to EV ownership increased on the average by 14 per cent and reported EV product knowledge by 8 per cent. However, willingness to purchase an EV was not substantially affected. The link between attitude and willingness to purchase was weak, but was significantly moderated by stereotype favourability and self-image congruence with EV owners. Research limitations/implications: As with any IAT study, it was necessary to pre-specify a particular form of stereotype. Future research could employ alternative stereotypes. The investigation took place in a single country and involved a single environmentally friendly product. Practical implications: Gamification has much potential for helping manufacturers and government agencies to stimulate the mass market for EVs. To negate unfavourable images of EV owners, marketing communications promoting EVs might usefully employ celebrities, sports personalities and/or leading political figures as exemplars of the types of people who drive electric cars. Originality/value: The research is the first to explore the effects of gamification on product user self-image congruence and stereotype formation. It is novel both in its employment of an IAT to measure the consumer stereotype of an environmentally friendly product and in its examination of the moderating influences of stereotype and product user self-image congruence on the attitude-willingness to purchase link.",Attitude change; Electric cars; Gamification; Implicit association test; Self-image congruence; Stereotyping,2018,95,10.1108/EJM-09-2016-0538,Bennett R.,European Journal of Marketing,2-s2.0-85043463036
Engaging shoppers through mobile apps: the role of gamification,"Purpose: The purpose of this paper is to examine the influence of several intrinsic motivations driving consumers' intention to buy using a mobile app, namely: shopping gamification, focussed attention, shopping enjoyment and socialness, through the mediating role of shopping engagement. The online shopping experience is investigated in its dual role as direct driver of the intention to buy using a mobile app and as moderator of the shopping engagement – intention to buy using a mobile app path. Design/methodology/approach: The empirical analysis was performed in China due to the extensive usage of mobile shopping apps amongst the Chinese population. A structural equation model was estimated on 893 valid and complete structured questionnaires collected amongst a sample of Chinese consumers. Findings: Findings confirm that intrinsic motivations (i.e. shopping gamification, focussed attention, shopping enjoyment and socialness) indirectly influence the intention to buy using a mobile app channelled by shopping engagement. Most remarkably, results show that the online shopping experience positively moderates the shopping engagement – intention to buy using a mobile app path. Originality/value: The novelty of the paper lies in the conceptual and empirical evidence provided on shopping gamification, within the retailing marketing domain. The study investigates other related intrinsic motivations that jointly with shopping gamification directly influence shopping engagement and indirectly impact mobile shopping intention. The paper provides insights into the moderating role of online shopping experience, a key aspect when the challenge concerning gamification is considered.",Engagement; Gamification; Mobile shopping; Previous online shopping experience,2021,93,10.1108/IJRDM-09-2020-0360,De Canio F.,International Journal of Retail and Distribution Management,2-s2.0-85102743308
Does gamified elements influence on user’s intention to adopt and intention to recommend internet banking?,"Purpose: Understanding the main determinants of internet banking is important for banks and users. Although several prior research projects have focused on the factors that impact on adoption of technology, there is a limited empirical work which simultaneously captures technology-specific factors (PE, EE, WD, GAM) and customer-specific factors (GSC, INTRC) that help customers to adopt internet banking. Thus, the purpose of this paper is to verify how these factors influence individual behavior and motivate them to adopt new technology. The authors advance the body of knowledge on this subject by proposing moderating relationship of gamification between user’s intention to adopt and intention to recommend internet banking in social network. Design/methodology/approach: To test the model the authors developed a quantitative study involving 398 internet users from five commercial banks. Data were collected in four weeks beginning of September 2017 from three large cities of Pakistan using convenience sampling approach. The theoretical model was tested using structural equation modeling (SEM). Findings: The results indicate that intention to adopt internet banking is positively affected by performance expectancy, effort expectancy, website design, website characteristics and general self-confidence. Findings of SEM showed that approximately 72 percent of the variance in customer’s intention to adopt internet banking was accounted by predictors. Moderating effect of gamification suggested that the positive relationship between customer’s intention to adopt and customer’s intention to recommend internet banking will be stronger when gamification is higher. Importance performance matrix analysis (IPMA) suggested that among all other variables general self-confidence is the most important construct as it has the highest importance value in IPMA. Practical implications: This study provides insightful guideline to practitioners, web designers and marketing professional that they should focus on both technology perspective and customer-specific factors to boost the confidence of internet banking users, while for researchers this study provides a basis for further development of technology adoption models in e-commerce domain. Originality/value: This study contributes to the body of knowledge by adding game elements in technology perspective model and augments the e-commerce literature in the internet banking adoption context. To the date, this study is the first in its nature that investigates both technology-specific factors and customer-specific factors altogether to see the users influence toward technology adoption.",Effort expectancy (EE); Gamification (GAM); Performance expectancy (PE); Structural equation modelling (SEM); Website characteristics (WC); Website design (WD),2019,91,10.1108/IJILT-05-2018-0045,Rahi S.,International Journal of Information and Learning Technology,2-s2.0-85055718019
Gamification in transport interventions: Another way to improve travel behavioural change,"Gamification is dramatically transforming how behaviour change interventions are delivered in fields as diverse as health, physical activity, education, information studies and marketing. Most studies see gamification as a way of introducing gameful design (e.g., competition and social activity) into behavioural interventions. Gamification is often tied to using new digital technologies, especially smartphone apps and, although these might be enabling, there is no theoretical underpinning for making this a necessary condition. In comparison to other sectors, the design of gameful interventions in transport is under developed. Interventions that have or are introducing gamified designs include road safety and travel demand management initiatives and these have been shown to be more ongoingly successful than strategies which do not employ gameful designs. This paper explores gamification in the context of transport with the aim of proposing a framework for the design and implementation of gameful designs, providing a synthesis and critical appraisal of current practice. The proposed framework is underpinned by theoretical discussion and illustrated by case studies that have implemented some elements of gameful design. The framework is designed to lay the groundwork for greater implementation of gamified design in transport and mobility contexts to take advantage of the potential greater success in achieving travel behaviour change as well as highlighting how existing schemes could be improved and providing guidance for future research into gamification.",Derived demand; Gamification; Gamified schemes; Incentives; Motivation; Travel demand management,2019,91,10.1016/j.cities.2018.09.002,Yen B.T.H.,Cities,2-s2.0-85052986784
It is Really Not a Game: An Integrative Review of Gamification for Service Research,"Gamification has attracted considerable practitioner attention and has become a viable tactic for influencing behavior, boosting innovation, and improving marketing outcomes across industries. Simultaneously, studies on the use of gamification techniques have emerged in diverse fields, including computer science, education, and healthcare. Despite the broad popularity of gamification in other fields, it has received only limited attention in the service literature. Moreover, the findings of extant studies on gamification in the service field are inconclusive and suggest an incomplete understanding of the employment of gamification in service contexts. Thus, this study aims to integrate the growing but scattered cross-disciplinary literature on gamification and to emphasize its relevance to service research. Specifically, we first conceptualize gamification for service and differentiate it from related concepts. Then, using a systematic literature review, we identify 34 empirical articles that reflect this gamification conceptualization and can be connected to relevant service research themes (e.g., customer participation, experience, and loyalty). Employing activity theory, we derive four higher-order functions of gamification: production, consumption, exchange, and distribution. Finally, we develop a research agenda to generate a better understanding of the central aspects within each of the identified gamification functions and stimulate future academic efforts on gamification in services.",activity theory; engagement; experience; gamification; loyalty; systematic literature review,2023,88,10.1177/10946705221076272,Ciuchita R.,Journal of Service Research,2-s2.0-85129310768
The Ethics of Gamification in a Marketing Context,"Gamification is an increasingly common marketing tool. Yet, to date, there has been little examination of its ethical implications. In light of the potential implications of this type of stealth marketing for consumer welfare, this paper discusses the ethical dilemmas raised by the use of gamified approaches to marketing. The paper draws on different schools of ethics to examine gamification as an overall system, as well as its constituent parts. This discussion leads to a rationale and suggestions for how gamification could be regulated and/or controlled by more informal codes of conduct. The paper ends by outlining a practical framework which businesses can use to evaluate the potential ethical implications raised by their own gamified marketing techniques.",Ethics; Gamification; Marketing; Regulation; Stealth marketing,2019,88,10.1007/s10551-017-3501-y,Thorpe A.S.,Journal of Business Ethics,2-s2.0-85015151098
Critiques of Student Engagement,"Student engagement initiatives at the national, institutional and classroom level have emerged against a backdrop of rising participation rates and the marketisation of higher education. This context has informed the development of a literature that is heavily influenced by cause-effect framing and a focus on effectiveness. However, in recent years an alternative, critical literature has emerged that challenges some of the assumptions of the student engagement movement on the grounds of student rights and freedoms as learners. This review article identifies the following six critiques of student engagement based on an analysis of the literature and arguments stemming from analyses of the effects of neoliberalism, namely performativity, marketing, infantilisation, surveillance, gamification and opposition. It is concluded that at a policy and institutional governance level, there is a need to shift the emphasis from what and how questions concerning student engagement to consider its broader political, economic and ethical implications as a means of challenging the prevailing policy narrative.",gamification; infantilisation; marketing; neoliberalism; opposition; performativity; student engagement; surveillance,2017,83,10.1057/s41307-016-0027-3,Macfarlane B.,Higher Education Policy,2-s2.0-85021313835
Understanding how gamification influences behaviour in social marketing,"Purpose In Australia and many other nations the prevalence of overweight and obesity is increasing, while physical activity declines. This paper investigates the effect of gamification on consumers' motivation and behaviour to engage in physical activity over time from a social marketing perspective. Design/methodology/approach An experimental design was used to determine the effect of a popular gamified fitness application (app) on both intrinsic motivation and walking behaviour over four weeks. Findings While the study found that gamification supported behaviour change and maintenance, there was no significant change to intrinsic motivation as a result of using the app. This finding suggests there may be an alternative mechanism underlying how gamification achieves behavioural outcomes. Research limitations/implications Future research is recommended to further explore the manner in which gamification influences behaviours. Originality/value This paper addresses the call for longitudinal studies of gamification and for studies examining both the motivational and behavioural outcomes of gamification.",Behaviour maintenance; Gamification; Intrinsic motivation; Self-determination theory; Social marketing,2017,80,10.1016/j.ausmj.2016.12.001,Mitchell R.,Australasian Marketing Journal,2-s2.0-85008192234
"Examining the importance of gamification, social interaction and perceived enjoyment among young female online buyers in India","Purpose: The current research has dual motives. Firstly, this study aims to evaluate the effect of gamification on the behavioural intention (BI) of the young female consumers to use online websites for making purchases. Secondly, it examines the role of social interaction and perceived enjoyment (PE) – two antecedents that are considered to have an impact on the female buying behaviour in e-commerce. Design/methodology/approach: A model is developed based on the technology acceptance model. The conceptual framework is augmented with additional constructs such as gamification, PE and social interaction. Data from a survey of 898 female respondents from India was collected to assess the proposed framework. The study uses partial least squares structural equation modelling technique to empirically validate the model. Findings: Gamification exhibits a favourable influence on BI of young female consumers. Gamification also has a favourable and an indirect influence on BI through social interaction and PE. Although, gamification has a significant influence on perceived usefulness, the latter has no impact on the BI. The BI of using an online shopping website is directly associated with the buying intention. The online retailers need to offer an enjoyable and interactive experience to the female consumers so that the influence of gamification is sustainable. Originality/value: The current research enlarges the ambit of gamification in the e-commerce segment, an area where empirical research is sparse. It highlights the significance of social interaction and PE as mediators. To the best of the author’s knowledge, gamification’s influence on female online buying behaviour has never been analysed before and hence different segmentation and marketing strategies are required to cater to their unique needs.",Badges; Behavioural intention; E-commerce; Gamification; Leaderboards; PBL; Perceived enjoyment; Points; Social interaction; Technology acceptance model,2020,78,10.1108/YC-05-2020-1148,Raman P.,Young Consumers,2-s2.0-85091045459
Does gamification engage users in online shopping?,"Since prior research has shown that engagement might exert positive effects on value creation and continuous purchase intention, this study aims to examine the influence of gamification on user engagement in e-commerce. An online consumer panel was used to collect data from 253 Spanish Amazon users. Principal component analysis was performed first to validate the scale through an exploratory analysis. Subsequently, partial least squares structural equation modelling calculations were performed to test the research model and hypotheses. This study found that gamification has direct effects on user engagement in e-commerce. In addition, the User Engagement Scale (UES) is presented as a valid and reliable instrument for measuring engagement in Spanish e-commerce. This research investigated and verified a five-factor structure of the UES; however, a reduction in its factors is recommended. Additionally, four key factors through which gamification exerts a direct influence were identified. Finally, specific marketing actions were proposed for application in e-commerce.",Engagement; Gamification; PLS-SEM,2021,75,10.1016/j.elerap.2021.101076,García-Jurado A.,Electronic Commerce Research and Applications,2-s2.0-85111158732
Evaluating the role of gamification and flow in e-consumers: millennials versus generation X,"Purpose: This research has three main objectives. First, it examines influence of gamification on the behavioral intention to use an e-commerce platform. Second, it analyzes the role of the flow state given its importance in terms of behavior in online environments. Finally, the study aims to detect and analyze differences between Millennials and Generation X. Design/methodology/approach: The theoretical basis for this study stems from technology acceptance model. The extended model incorporates gamification and the optimal state of intrinsic motivation, flow state, as additional constructs. An online consumer panel was used to collect data from 253 Spanish Amazon users. A structural equation modeling, partial least squares, is proposed and multi-group moderation was studied. Findings: Gamification in Millennials has positive and significant indirect effects on behavioral intention through the flow state. In the case of the Generation X, it has been detected that flow interferes in its perception of ease of use. The behavioral intention of using the Web page is directly correlated with the purchase intention. Companies should offer a fun interface to Millennials and an environment easier to use to the Generation X, for gamification to be successful. Originality/value: This study expands the research scope in gamification by focusing on e-commerce sector, a field where scientific research is still scarcely developed. It emphasizes the importance of flow as mediator. Age differences confirm the need for segmentation when applying gamification and marketing strategies in e-commerce.",Behavior; E-commerce; Flow; Gamification; Millennial; Technology acceptance model,2019,75,10.1108/K-07-2018-0350,García-Jurado A.,Kybernetes,2-s2.0-85055689512
Gamification of mobile wallet as an unconventional innovation for promoting Fintech: An fsQCA approach,"Although digitalisation brings important possibilities to banking & finance service, implementing digital technologies in practices can be challenging. Indeed, the adoption of new innovative technology in the banking & finance sector lags behind other business sectors. Many of the valuable banking & finance-related technologies have not been adopted in relation to the strategic implications of decisions in domains such as the development of service innovation and personalization, value co-creation, and marketing strategies. In particular, there is a paucity of research in using gamification to explore ways of customising banking & finance fintech offerings, improving customers’ experience, and developing efficient banking & finance marketing tactics. Drawing on the UTAUT2 and Otcalysis gamification framework, this study develops a research model investigating what configurations of motivations, expectations and conditions can shape consumers’ behavioral intention to adopt a gamified mobile wallet system. Findings suggest that combining effort expectancy, facilitating conditions and perceived value leads to higher intention to use gamified mobile wallet. Accordingly, firms need to consider the three core conditions when design relevant gamifications.",Fintech; fsQCA; Gamification; Innovation; Mobile wallet; Otcalysis gamification; UTAUT2,2023,73,10.1016/j.jbusres.2022.113406,Yang X.,Journal of Business Research,2-s2.0-85141753323
Exploring the impact of gamification on users' engagement for sustainable development: A case study in brand applications,"Game elements and mechanics have been widely applied as marketing strategies for sustainable development. Seldom have studies explored the relationships between the components of the game and consumer continuous usage with gamification. This study analyzed how game mechanics impact users' gaming behavior and awaken positive feelings so as to increase the stickiness of the brand. This research model empirically surveyed 411 Nike Run Club (NRC) app users, based on the Mechanics-Dynamics-Aesthetics (MDA) framework. The results show that the self-challenge is a pre-factor that affects self-benefit, fun, and social interaction, while self-benefit and social interaction affect fun. The results also show that fun is of primary importance among all others, as it is a factor that affects brand attitude and sustained use. The results provide valuable insights into sustainable strategies for industries related to the operation of an app-based brand.",Brand attitude; Continued intention to use; Gamification; Gamificationmarketing; MDAmodel,2020,73,10.3390/su12104169,Lu H.P.,Sustainability Switzerland,2-s2.0-85085656227
Play it again: how game-based learning improves flow in Accounting and Marketing education,"Flow theory is used in this article [Csikszentmihalyi, M. (1990). The domain of creativity] to determine whether gamified resources, named Accountingame and Marketingame, possess certain characteristics which, in the form of educational games, increase the performance of Portuguese undergraduate students attending Accounting (N = 816) and Marketing (N = 195) curricular units for the first time. A structural equation model was used to look into the direct effects of the characteristics of the game, such as Concentration, Clarity, Feedback, Challenge, Autonomy, Social Interaction, and Perceived Learning, on students’ learning Flow. Results clearly show that, with the exception of Feedback, all the other dimensions were Flow predictors. Overall, by introducing games into the curriculum, students’ motivation and interest increased and demonstrates that games can be an effective way for students to learn.",flow; game flow elements; game-based learning; Gamification,2019,72,10.1080/09639284.2019.1647859,Silva R.,Accounting Education,2-s2.0-85070219560
Gamified in-store mobile marketing: The mixed effect of gamified point-of-purchase advertising,"This study investigates the effect of gamification on in-store mobile advertisement. More specifically, it investigates the effect of gamification on the inclination to act on offers gained at point of purchase. For this purpose, a field experiment was conducted at a supermarket, where real customers were recruited. Eye tracking, smartphone activity logging and choice were used to investigate the customers’ behaviour. The results reveal that gamification is not always useful for increasing the tendency to act on offers. In fact, engagement in a gamified shopping task is needed; otherwise, the tendency to act on offers might even decrease when gamifying.",Engagement; Gamification; Mobile in-store marketing,2019,72,10.1016/j.jretconser.2018.07.004,Högberg J.,Journal of Retailing and Consumer Services,2-s2.0-85049647943
Gamification of mobile money payment for generating customer value in emerging economies: The social impact theory perspective,"This study develops and tests an integrated model of the social impact and customer value theories to understand how gamification of mobile money payment could generate customer value through its social impact. Cross-sectional data were collected from 567 mobile money payment users in Ghana to test twelve hypotheses using structural equation modelling (SEM). The study showed a positive and significant relationship between the gamified mobile money payment (Gmmp) and the social impact theory constructs, and consequently with the customer value propositions. The Gmmp was found to have a significantly positive relationship with all three social impact constructs of internalisation, compliance, and identification. However, compliance was significantly predictive of all the customer value constructs (customer engagement, satisfaction, and loyalty); identification was significantly predictive of satisfaction and loyalty; and internalisation was not significantly predictive of any of the customer value outcomes. The results show that Gmmp could create a substantial social impact on users to generate value for the customer and all service providers within the mobile money ecosystem. The results have implications for technology innovations, particularly the potential use of gamification at all customer touchpoints in the mobile money and financial technology services delivery value chain.",Customer value; FinTech; Gamification; Marketing outcomes; Mobile app; Mobile money payment; Social impact,2022,71,10.1016/j.techfore.2022.122049,Dzandu M.D.,Technological Forecasting and Social Change,2-s2.0-85138450268
Key trends in business-to-business services marketing strategies: Developing a practice-based research agenda,"The marketing of B2B services has become an important field of academic enquiry. Industrial Marketing Management scholars have contributed to building a robust body of scholarship on the role of services as an indispensable aspect of company's strategic performance process. However, with digitization, there is a clear need for theoretical concepts and frameworks that can guide companies in the development of contemporary and strategic roadmaps for their B2B service marketing strategies and performance practice. This position paper outlines an agenda and delineates issues in B2B service delivery that need to be addressed to close the gap between service marketing theory and practice and collaborate on the development of strategic service capabilities for the industrial marketing space. More specifically, we identify and discuss the impact of 5 important trends shaping B2B services: 1) gamification, 2) personalization, 3) Mixed Reality (MR), 4) data visualization, and 5) privacy. On the basis of these, we will offer a number of specific directions for future research by industrial marketing researchers.",Data visualization; Enablement; Gamification; Mixed reality; Personalization; Privacy; Services,2021,70,10.1016/j.indmarman.2020.12.004,de Jong A.,Industrial Marketing Management,2-s2.0-85098718927
Gamification: A framework for designing software in e-banking,"The gamification software development gave emphasis to the role played by the users to test and improve the software. This study presents a framework for software gamified in e-banking, taking a users' groups and a qualitative research approach, to check the users' design preferences in five cases of banking software gamified (Futebank, Dreams, Galaxy, Olympics, and Warrants). After software presentation, and usage experience, 53 participants, responses to a survey with six open questions. The data were analyzed through a text semantic software, to detect and classify lexical items in, accordance, with standard of software quality characteristics and user experiences. Two primary categories were identified, as well five dimensions in each element and characteristic categories. The results show five characteristic dimensions (design, appearance, functionality, rules, and objectives) and five element dimension (game, product, security, process, and information). These findings provide a framework for web designers and e-business, highlighting the most important software features when dealing with serious applications with game design. It adds value to the current literature on understanding the customer relationship with the game and the financial product, identifying new dimensions (game and product) on the approach of thinking and design gamification in e-banking. Our finding contributes to a better understanding of key elements and characteristics in e-banking software design and has important practical implications for software development and marketing practices. Thoughts on the users' software design preferences identified, should propel increase adoption and attractiveness of online banking.",E-banking; Gamification; Software design games; Software quality; Users experience,2016,69,10.1016/j.chb.2016.04.035,Rodrigues L.F.,Computers in Human Behavior,2-s2.0-84964562291
Exploring the Impact of Gamification Elements in Brand Apps on the Purchase Intention of Consumers,"The purpose of this manuscript is to understand how the elements of the game apps impact the intention of purchase of a consumer with the mediating effect of perceived enjoyment, hedonic value, and social interaction to derive benefits designed in terms of marketing strategies. Quantitative data obtained from the non-probability sampling via a standardized questionnaire in the design of exploratory analysis was done to examine the effect of gamification on behaviour intention by adopting mechanic-dynamics-aesthetics (MDA) framework. The findings of the research indicated that fun as a sub-element of mobile gamification can significantly affect social interaction, and storytelling has a significant impact on perceived enjoyment. The study identifies perceived enjoyment as an important antecedent of consumer intention to involve gamification. This provides managers and developers to focus on dynamics, mechanics, and proper feedback systems with the emergence of new technologies.",Brand Apps; Brand Experience; Brand Loyalty; Customer Engagement; Gamification; Marketing Strategy; Purchase Intention,2023,68,10.4018/JGIM.317216,Kaur J.,Journal of Global Information Management,2-s2.0-85150040508
LET'S CONNECT IN METAVERSE. BRAND'S NEW DESTINATION TO INCREASE CONSUMERS' AFFECTIVE BRAND ENGAGEMENT & THEIR SATISFACTION AND ADVOCACY,"The bands are experiencing a change in the consumers' brand preferences pattern, where consumers are more prone to experience the product virtually using Metaverse. This descriptive study examined the antecedents (novelty, Interactivity, Vividness) of a brand's gamification marketing activities in the Metaverse and the impact on consumers' affective brand engagement. Also, this study explored the consumers' anticipated satisfaction and brand advocacy in the Metaverse. The conceptual model was analysed using SMART-PLS. The collected from more 9 countries were used to do the descriptive analysis. The finding suggests that brands can have more consumers' affective brand engagement and increase their virtual brand experience if they use gamification-based marketing activities in Metaverse",Affective brand engagement; Anticipated brand advocacy in metaverse; Anticipated brand satisfaction in metaverse; Brand's gamification marketing activities in metaverse; Metaverse; Virtual brand experience,2022,68,10.31620/JCCC.06.22/19,Bousba Y.,Journal of Content Community and Communication,2-s2.0-85134383352
“Game on!” Pushing consumer buttons to change sustainable behavior: a gamification field study,"Purpose: Marketers have begun to investigate the potential of gamification for influencing consumer behavior by using game design elements in realms varying from branding, retail, sales and health services. Marketers have also begun to explore consumer behavior in sustainability. This paper aims to provide contributions to build on both literatures. Design/methodology/approach: This research tests gamification principles in a large field study on real consumers that includes data from pre-post surveys, gamified app analytics and household energy meters. The data are analyzed using ANOVA’s and structural equation modeling. Findings: The findings demonstrate: gamification significantly enhanced consumers’ knowledge, attitudes, behavioral intentions and realized bill savings compared to a control group; reward-based game design elements including points, badges and other rewards contribute to enhancing sustainable behavior outcomes. Research limitations/implications: Future research in settings outside of sustainability may extend upon the findings of the current research to further understanding the impact of reward-based game design elements in marketing. Practical implications: The findings have important practical implications for how organizations might use serious games to promote sustainable and other desirable behavior. In particular, how reward-based game design elements, points, trophies and badges, can be used to create a chain of relationships that leads to reduced electricity consumption. Originality/value: This paper fulfills the need to understand if the impact of gamification extends outside of controlled environments and into the field. Further, it demonstrates how reward-based game design elements contribute to consumers changing their behavior, a relationship that is not yet thoroughly understood in the marketing literature.",Behavior change; Game design elements; Gamification; Rewards; Serious games; Sustainability,2021,66,10.1108/EJM-05-2020-0341,Mulcahy R.F.,European Journal of Marketing,2-s2.0-85108138445
Gamification and cultural institutions in cultural heritage promotion: a successful example from Italy,"This article deals with the application of serious games to cultural heritage. Through an overview of the growing importance of gamification in promoting cultural sites and museum collections, the research highlights the changing practices of cultural institutions, which are increasingly involved in producing serious games, considering them as strategic digital marketing tools to promote cultural heritage and tourism in addition to their traditional “learning by playing” function. The article explores a case study, namely Mi Rasna, a game on the Etruscan society realized in partnership with several Italian cultural institutions.",cultural institutions; digital heritage; digital marketing; game tourism; Gamification; serious games,2022,65,10.1080/09548963.2021.1910490,Bonacini E.,Cultural Trends,2-s2.0-85104367303
How does the web game design influence the behavior of e-banking users?,"Gamification has a clear influence on software design, development and plays an important role in the motivation and intention of users to use a website and buy online. Nevertheless, in the case of e-banking, the influence of gamification in software design and on the user's intention to use are still very unclear. We intend to verify how game design elements and mechanics combined in the design of a bank website, influence the intention of customers to use e-banking. To explore and analyze the effects of gamification on a bank website, we propose a conceptual model considering the interaction between six variables: gamification, ease of use, information, design, web page characteristics, and intention to use the website. To test this model we develop a quantitative study involving 219 bank customers as participants who interacted with a gamified e-banking website to manage their financial investments. Participants then responded to an online questionnaire (including items related to the main variables), in order to measure their reactions to gamified software and their intentions. All data were statistically analyzed and results indicate that gamification has a significant influence on the ease of use and the intention to use e-banking, as well as on the web design, information, and webpage characteristics. We find that gamification may motivate customers to use e-banking, and that it improves their financial literacy and facilitates online processes and transactions. This study provides insightful guidelines for web design, development and e-banking contents that can be taken into account by marketing, IT, and business teams working in electronic banks.",E-banking; Gamification; Software development; Technology acceptance; Web design,2017,63,10.1016/j.chb.2017.04.034,Rodrigues L.F.,Computers in Human Behavior,2-s2.0-85018586087
Challenging the negative images of Haiti at a pre-visit stage using visual online learning materials,"Post-conflict destinations can struggle to attract visitors because of their negative image. Research addressing this remains limited. The same can be said about the education of tourists. This research paper contributes to the literature in both areas as it examines the proposition that the education of tourists at a pre-visit stage using online, game-based material could be effective in challenging the negative perception of these destinations. From a destination management point of view, this paper offers an alternative to existing promotional material as there is little evidence at the moment that existing strategies are effective. From a conceptual point of view, this paper contributes to the very limited academic research in Gamification by adding the fact that Gamification can be a very efficient tryvertising tool if using subtle and implicit marketing elements.",education; Haiti; Internet; marketing strategy; Tourists,2017,62,10.1080/19407963.2016.1261146,Séraphin H.,Journal of Policy Research in Tourism Leisure and Events,2-s2.0-84999711611
Social media and related technology: Drivers of change in managing the contemporary sales force,"The selling environment has undergone tremendous transformation over the past 2 decades. Perhaps the greatest change has centered on changes and advancements in technology. The latest dramatic change has been the rapidly increasing use of social media and other related technologies in the business-to-business realm. The sales world began the use of technology through the use of Web 1.0, which was primarily webpage oriented; now we see the world of social media as the paradigm of how firms should implement technology. Although there has been some recent emphasis on how marketing might implement social media into their strategies and how the individual salesperson might implement social media into his or her daily selling routine, no substantive discussion on how social media is affecting the role of the sales manager has appeared in the literature. This article systematically examines how social media is impacting the sales management function and, in fact, may be dramatically revolutionizing the position. To help the marketing and sales organization better understand the changing sales world, we present eight lessons that every sales manager needs to embrace.",Gamification; Sales management; Sales technology; Selling; Social media,2015,62,10.1016/j.bushor.2014.09.009,Moncrief W.C.,Business Horizons,2-s2.0-84920593679
Designing gamified transformative and social marketing services: An investigation of serious m-games,"Purpose: The purpose of this paper is twofold: first, to extend transformative service and social marketing practitioners’ and academics’ understanding of how gamification and serious m-games are designed, and second, to model the effects of game design elements on key transformative service and social marketing outcomes, satisfaction, knowledge, and behavioural intentions. Design/methodology/approach: The research adopted a two-study, mixed-method research design, encompassing focus groups (n=21) and online surveys (n=497), using four current marketplace serious m-games. Study 1 was qualitative and the data were analysed in two cycles using an inductive and deductive approach. Study 2 was quantitative and the data were analysed using PLS-SEM. Findings: The qualitative results of Study 1 discovered a framework of five game design elements for serious m-games. In Study 2, a conceptual model and hypothesised relationships were tested at a full sample level and by each serious m-game. Results show different significant relationships for each serious m-game and moderate to high levels of explanation for satisfaction and knowledge, and low to high levels of explained variance for behavioural intentions. The findings are therefore not only robust across four different serious m-games, but also demonstrate the nuances of the relationships. Originality/value: This research contributes to two service research priorities: leveraging technology to advance services, and improving well-being through transformative services. This research demonstrates that gamification through serious m-games is one form of technology that can be designed to create a satisfying and knowledge-creating service experience, which can also influence intentions to perform health and well-being behaviours.",Game design elements; Gamification; Serious games; Social marketing; Transformative service research,2018,60,10.1108/JSTP-02-2017-0034,Mulcahy R.F.,Journal of Service Theory and Practice,2-s2.0-85040253123
Consumer engagement in value co-creation: What kind of value it creates for company?,"Introduction of the concept value co-creation (Prahalad and Ramaswamy, 2000) called for a new wave of research, emphasizing the need for creation, development and consolidation of mutually beneficial relationships between the consumer and the company. This in turn raised the interest in consumer engagement, which was described as a psychological state that occurs by virtue of interactive customer experiences with a company or a brand (Brodie at al., 2011). Recent research in marketing highlights the importance of the role of consumer engagement into value co-creation, providing a considerable number of studies, exploring the drivers, types, dimensions of consumer engagement as well as its outcomes, as expressed by consumer perceived value, loyalty, etc. However, as yet there is a lack of understanding how consumer engagement contributes to value co-creation and what benefits it brings to the company as well as to consumer. Therefore, the purpose of this article is to explore the role of consumer engagement in value co-creation from the company’s perspective, identifying the value company gets as an outcome of co-creation process. The focus on the value for company in this article is explained by the fact that it is traditionally analysed mainly through economic perspective, meanwhile consumer perceived value is agreed being multidimensional. The authors of this article suggest that value for company, as generated through co-creation process, should also be viewed as multidimensional and propose three-dimensional structure: economic, social and functional value. The study contributes to the domain of consumer engagement and value co-creation research by revealing the techniques of consumer engagement, with an emphasis on gamification as one of them, and diverse benefits the co-creation processes bring to company through the analysis of focus group discussion with representatives of companies in Lithuania that engage consumers in value co-creation.",Consumer engagement; Consumer perceived value; Gamification; Value co-creation; Value for company,2015,60,10.5755/j01.ee.26.4.12502,Piligrimiene Z.,Engineering Economics,2-s2.0-84945255263
Learning From Simulation Design to Develop Better Experiential Learning Initiatives: An Integrative Approach,"Simulations offer engaging learning experiences, via the provision of feedback or the opportunities for experimentation. However, they lack important attributes valued by marketing educators and employers. This article proposes a “back to basics” look at what constitutes an effective experiential learning initiative. Drawing on the education literature, the article presents a set of propositions for the development of initiatives that deliver deep learning, promote engagement, and develop digital marketing and soft skills. The article notes the attributes of simulations that deliver effective experiential learning, but also where other formats may be superior to simulations, and advocates for an integrative approach. The article illustrates the application of these propositions, and integrative approach, to the development of a highly successful experiential learning initiative, the Google Online Marketing Challenge. The article concludes with the following recommendations for marketing educators engaged in experiential learning: students need to plan, execute, and assess their actions, which requires the provision of feedback mechanisms as part of the experience; the experience should be gamified to increase engagement; developers need to provide guidance and support, to both students and educators, to reduce extraneous cognitive load; the initiative needs to develop digital marketing literacy, as well as soft skills.",experiential learning; gamification; Google Online Marketing Challenge; online marketing; simulations; student competitions,2016,60,10.1177/0273475316643746,Canhoto A.I.,Journal of Marketing Education,2-s2.0-84979686995
"Getting played: Gamification, bullshit, and the rise of algorithmic surveillance","Gamification, the idea that game mechanics can be integrated into assumed ""non-game"" circumstances has gained ascendance amongst champions of marketing, behavior change and efficiency. Ironically, some of the most heated critique of gamification has come from the broader community of ""traditional"" videogame developers. Connecting broadly to projects surrounding ""big data"" and algorithmic surveillance, the project of gamification continues to expand and intensify. This paper examines the complex relationship between game designers and the rise of arguments in support of gamification. I analyze the various actors and interests mobilizing arguments, deconstructing their underlying assumptions about the relationship between games and social phenomena. Turning toan analytic framework rooted in the Assemblage of Play (Taylor 2009) and emergent coercive forms of (played) control (Taylor 2006), the essay critiques assumptions on either side of the debate on the role of games and play. The strained connections between debates on gamification and broader interest in serious games offers an important moment to explore algorithmic surveillance. © The author(s), 2014.",Algorithmic surveillance; Game design; Game mechanics; Gamepocalypse; Gamification; Surveillance,2014,59,10.24908/ss.v12i3.5017,O'Donnell C.,Surveillance and Society,2-s2.0-84905042939
A gradual approach for maximising user conversion without compromising experience with high visual intensity website elements,"Purpose: The purpose of this paper is to develop and test a method that can gradually find a sweet spot between user experience and visual intensity of website elements to maximise user conversion with minimal adverse effect. Design/methodology/approach: In the first phase of the study, the authors develop the method. In the second stage, the authors test and evaluate the method via an empirical study; also, an experiment was conducted within web interface with the gradual intensity of visual elements. Findings: The findings reveal that the negative response grows faster than conversion when the visual intensity of the web interface is increased. However, a saturation point, where there is coexistence between maximum conversion and minimum negative response, can be found. Practical implications: The findings imply that efforts to attract user attention should be pursued with increased caution and that a gradual approach presented in this study helps in finding a site-specific sweet spot for a level of visual intensity by incrementally adjusting the elements of the interface and tracking the changes in user behaviour. Originality/value: Web marketing and advertising professionals often face the dilemma of determining the optimal level of visual intensity of interface element. Excessive use of marketing component and attention-grabbing visual elements can lead to an inferior user experience and consequent user churn due to growing intrusiveness. At the same time, too little visual intensity can fail to steer users. The present study provides a gradual approach which aids in finding a balance between user experience and visual intensity, maximising user conversion and, thus, providing a practical solution for the problem.",Gamification; Online marketing; User conversion; User experience; Visual intensity; Website design,2019,57,10.1108/IntR-09-2016-0271,Jankowski J.,Internet Research,2-s2.0-85058484114
Assessing the relationship between gamified advertising and in-app purchases: a consumers’ benefits-based perspective,"Purchase through mobile apps (m-commerce) is on the rise. While this phenomenon is affecting any consumers cohort, millennials represent the lion’s share among m-commerce users. Businesses are anyway struggling to better obtain the attention of a younger consumers. Indeed, the more competitors start to use m-commerce, the more differentiating communication strategies get difficult. To continue to attract the consideration from younger consumers, marketers are therefore adopting gamification as a strategic marketing lever. Thus, gamified advertisings -which are advertising characterized by high interactivity and game-like features- are becoming a trending topic in marketing literature. Building on Use and Gratification Theory (UGT) and Theory of Planned Behavior (TPB), the research wishes to explore how consumers’ experience deriving from Gamified Advertising (GAMEX) could contribute to the creation of consumers’ benefits and their intention to purchase trough a mobile app. How gamification experience could correspondingly shape the attitude toward advertising has also been considered. To achieve the aim of the research, a structural model was tested trough data collected from 315 millennials living in the UK. Results show how a relationship between gamification induced experiences could foster in-app purchases. Anyway, such a connection is mediated by perceived consumer-benefits, their attitude toward advertising, and perceived advertising effectiveness. Gamified advertising thus can be effective if it could foster social, personal, hedonic and cognitive benefits, and whether gamification is perceived coherent with the advertised product/brand pair.",advertising attitude; consumers’ benefits; Gamification; in-app purchases; M-commerce; mobile app,2022,54,10.1080/02650487.2022.2025735,Rialti R.,International Journal of Advertising,2-s2.0-85123859426
Let’s play! Gamification as a marketing tool to deliver a digital luxury experience,"This paper aims to investigate the features of gamification as a digital marketing tool to deliver a digital luxury experience. The paper employs the qualitative methodology of case study and presents a case of a multi-brand luxury company adopting gamification through the development of a game app. Four features of the gaming luxury experience are discussed: individual and collective gaming experiences, exclusiveness through rarity in luxury gaming, social networking and virtual influencing marketing mechanisms, and cross-fertilization between gaming and e-commerce. The paper expands the knowledge on gamification by highlighting its main features as a digital marketing tool for luxury companies and the benefits it can bring in terms of consumer experience, engagement, and sales. It also contributes to studies on luxury companies by discussing gamification as a means to create digital luxury experiences, particularly suitable for the new generations of consumers, such as Generation Z.",Digital experience; E-commerce; Gamification; Luxury; Retail,2023,53,10.1007/s10660-021-09529-1,Milanesi M.,Electronic Commerce Research,2-s2.0-85123095732
Virtual reality in social marketing: a process evaluation,"Purpose: The purpose of this paper is to present an innovative reflexive process evaluation method for a social marketing programme featuring an innovative virtual reality (VR) simulation experience for adolescents. Design/methodology/approach: A process evaluation framework focusing on three key elements – context, implementation and mechanisms of impact – was followed in this study. In total, 374 participants (mean age: 15.2 years, 58 per cent female) completed outcome evaluation surveys before and after the programme delivery, and 300 participants completed qualitative feedback forms following their participation in the VR component of the programme. Findings: A process evaluation delivers insights beyond those attained in outcome evaluations, enhancing the understanding of factors contributing to programme success or failure that can be used to improve future programme iterations. The VR experience demonstrated high satisfaction scores with users, and the findings demonstrate the importance of a multi-disciplinary and industry partnered programme approach to support VR implementation and delivery. Research limitations/implications: This research demonstrates that additional learnings are obtained from a process evaluation. The findings are limited to one specific research programme, and the outcome effects of the VR simulation have not been assessed in isolation. Practical implications: The methods outlined in this paper offer a process evaluation tool that can be used by marketers and other practitioners to reflect on programme success or failure to enhance core offerings. Originality/value: The application of Moore et al.’s (2015) process evaluation framework delivers a reflexive research tool that can be applied to critically consider three key elements: context, implementation and mechanisms of impact of developed programmes. VR’s capacity to provide a satisfying and highly valued programme resource that participants value for its realistic, novel and immersive experiential learning experience was demonstrated.",Alcohol; Gamification; Process evaluation; Reflexive praxis; Social marketing; Virtual reality,2019,52,10.1108/MIP-11-2018-0537,Dietrich T.,Marketing Intelligence and Planning,2-s2.0-85071075858
Learning Marketing Online: The Role of Social Interactions and Gamification Rewards,"Online learning is a powerful option for professional development in various careers, including marketing. However, massive open online courses (MOOCs) tend to face an issue of course dropouts, and this cannot only be attributed to factors like course content or value. Social interactions among students and interest-generating elements of MOOCs are equally important elements of online learning ecosystems. Therefore, this study approaches the problem from the perspective of the social exchange theory with insights into the cognitive evaluation theory to predict the effects of social interactions and gamification rewards on the process of studies. The data from an experiment and a subsequent survey of marketing course participants were used to analyze student satisfaction and dropouts through the lens of the social exchange theory and to see the effects of expected and unexpected gamification rewards. This contributes to the knowledge about factors that influence online course discontinuation, provides managerial and educational insights on dropout reduction, and specifies directions for further studies on the use of gamification elements in MOOCs.",gamification; marketing; massive open online courses; online learning; rewards; social exchange theory,2021,51,10.1177/0273475320968252,Dikcius V.,Journal of Marketing Education,2-s2.0-85094662504
Gamification for brand value co-creation: A systematic literature review,"Gamification, commonly defined as the use of game elements in non-game contexts, is a relatively novel term, yet it has been gaining popularity across a wide range of academic and industrial disciplines. In the marketing field, companies are increasingly gamifying their mobile apps and online platforms to enrich their customers’ digital experiences. Whilst there has been a number of systematic studies examining the influence of gamification on user engagement across different fields, none has reviewed its role in brand value co-creation. Following a systematic literature review procedure via the online research platform EBSCOhost, this paper is the first to survey a set of empirical studies examining the role and impact of gamification on brand value co-creation. A final pool of 32 empirical studies implies the existence of four types of activities that are co-created by online users and positively influenced by gamification, namely: customer service, insights sharing, word-of-mouth, and random task. Moreover, this paper highlights the major game dynamics driving these activities, the key findings of each of the covered studies and their main theoretical underpinnings. Lastly, a set of noteworthy research directions for future related studies are suggested, comprising the exploration of novel game elements, and new co-creation activities related to corporate social responsibilities and physical commercial operations.",Brand value co-creation; Consumer behaviour; Consumer motivation; Crowdsourcing; Customer engagement; Customer value creation; Gamification; Marketing; Online users; Sharing economy,2021,48,10.3390/info12090345,Merhabi M.A.,Information Switzerland,2-s2.0-85114208166
Gamification and customer experience: the mediating role of brand engagement in online grocery retailing,"Purpose: In recent years, the concept of gamification is one of the fastest-growing trends in the field of marketing to persuade, motivate and manipulate customer behavior. The application of gamification has become a priority for marketers as a new way of exploiting customers. Despite the increasing use of gamification mechanisms in marketing activities, there remain limitations. Although there is extensive literature in the field of customer experience and gamification, few studies have empirically examined how gamification influences customer experience by considering the mediating role of brand engagement in the online retailing context. Design/methodology/approach: To obtain this aim, a cross-sectional survey was used. The statistical population was customers of online grocery retailers. The convenience sampling technique was used as a sampling technique. Out of 402 received questionnaires, 384 were selected for analysis. Structural equation modeling approach was applied to test the research hypotheses using AMOS 24 and SPSS 22 software. Findings: The results indicated that all research hypotheses were supported. Gamification has a significant and positive impact on customer experience, gamification has a positive and significant effect on user customer brand engagement and customer brand engagement has a positive and significant impact on customer experience. Also, it revealed that customer brand engagement mediates between gamification and customer experience. Originality/value: A review of the digital marketing literature reveals that there are few empirical studies, which adequately examined significant effective factors of customer experience in online grocery retailing; despite, the majority of researchers consider customer experience as the most important concept in digital marketing. The main contribution of this study is to examine the role of gamification on customer experience through the mediating role of customer engagement in the online grocery context. It adds value to the digital marketing and online retailing literature by providing new insight about determinants of customer experience in online grocery.",Customer brand engagement; Customer experience; Gamification; Online retailing,2021,48,10.1108/NBRI-07-2020-0041,Jami Pour M.,Nankai Business Review International,2-s2.0-85111118028
Does gamified elements influence on user's intention to adopt internet banking with integration of UTAUT and general self-confidence?,"The present study develops an integrated model combined with unified theory of acceptance and use of technology and general self-confidence in internet banking adoption context. The current study goes a step further by examining moderating role of gamification between user's intention to adopt and user's intention to recommend internet banking. Data was collected from 398 customers of commercial banks. The theoretical model was tested using structural equation modelling (SEM). Findings indicate that integrated UTAUT model has significant influence (R2 - 75.3%) on user's intention to adopt internet banking. For practitioners, it is recommended that they should focus on both technology and game mechanic factors to boost the confidence of internet banking users. This paper makes a unique contribution to information system (IS) and services marketing literature with reference to Pakistan.",Gamification; General self-confidence; SEM; Structural equation modelling; UTAUT,2019,48,10.1504/IJBEX.2019.102835,Samar R.,International Journal of Business Excellence,2-s2.0-85073214510
Playful finance: Gamification and intermediation in FinTech economies,"This paper examines how digital gamification techniques, which incorporate video gaming elements (rather than full-fledged games) into apps, are reshaping the logics and practices of intermediation that are core to FinTech economies. First, we argue gamification brings into view socio-technical knowledges, such as behavioral science, digital marketing, and user experience (UX) and user interface (UI) design, which are increasingly important to constituting FinTech intermediation. Second, gamification features specialist firms that are presently overlooked by research into the roles of changing advanced producer services (APS) complexes in FinTech and financial intermediation. Third, gamified apps are deployed to advance competitive intermediary positions which playfully capture user attention and configure user behavior, contrasting with FinTech strategies that typically promise users’ ease of access, reduced transaction costs and personalized products and services. We illustrate these arguments through three firm-level case studies from across Asia, where the development of gamified FinTech apps has been especially prominent.",Advanced producer services; Attention; FinTech; Gamification; Intermediation,2024,48,10.1016/j.geoforum.2023.103848,Lai K.P.Y.,Geoforum,2-s2.0-85171535937
Study and research of gamification design,"In this article, the concept of Gamification, the new 'it' marketing technique, is identified and actual application cases of Gamification are reviewed.Moreover this article draws out design elements of Gamification models and compares and analyzes difference between Gamification and traditional game methods based on the analyzed results.Gamification that achieves intended goal through game mechanism application to non-game fields is currently being combined and experimented in various fields and accordingly active research is under way.In the future, the prospect of well-designed Gamification development is that it will allow Gamification expansion to various fields from finance, entertainment, shopping, productivity and services to large scale collaboration, collective intelligence and education. © 2014 SERSC.",Gamification analysis; Gamification mechchanics; Gamification theory; Marketing,2014,47,10.14257/ijseia.2014.8.8.03,Park H.J.,International Journal of Software Engineering and Its Applications,2-s2.0-84906855825
Factors driving consumer engagement and intentions with gamification of mobile apps,"The advent of smartphones revolutionized and took the market to a new level. Now a days, majority of internet users spend their maximum time on smartphones, specifically on mobile apps. The emergence of numerous apps in smartphones with games features has brought about a different trend, mobile app gamification. The emerging popularity of smartphone technologies and their mobile apps have led various companies to engage their consumers with mobile apps, specifically through gamification. Therefore, companies gain consumers attention integrate their mobile marketing into their overall marketing strategy. This study explores the domain of consumer engagement and their intentions through the gamification of mobile apps. The research focuses on how mobile app gamification drives consumer engagement and their intentions drawing upon SDT and TAM. Using survey method data collected from 270 respondents, data analysis was done with structure equation modeling (SEM). The findings assert that various features of gamification of mobile apps (perceived ease of use, perceived usefulness and enjoyment) have a significant influence on consumer engagement. However, convenience was unexpectedly found not to be significantly associated with consumer engagement. Additionally, consumer engagement was found to be associated to smartphone user’s intentions to use gamification of mobile apps. The results of present study have theoretical and practical implications.",Consumer Engagement; Gamification; Intention; Mobile Apps; SEM; Smartphone,2020,46,10.4018/JECO.2020040102,Kamboj S.,Journal of Electronic Commerce in Organizations,2-s2.0-85089856552
Gamification and customer experience in online retail: a qualitative study focusing on ethical perspective,"This paper aims to investigate the effect of gamification in engaging and motivating consumers for online shopping and also the use of gamification to enhance sales. Moreover, this study has also explored the ethical concerns in gamified marketing. This is a qualitative study to investigate the effect of gamification during online shopping and the ethical issues involved in gamified marketing. Semi-structured interviews with ten gamification experts are conducted and analyzed through NVivo. The themes that emerged from qualitative analysis are the applicability of gamification in online retail, consumer experiences in gamified retail, and ethics and challenges in gamification. Semantic analysis is performed, and as per the viewpoint of the gamification experts, it was found that the perception of ethics in gamification is negative, which shows that there are many unethical practices in gamified marketing. This paper shows that by focusing on every relational aspect of consumer engagement, retailers can build trust and retain their most valuable stakeholders — the customers, thereby addressing the crucial negative concerns of gamified marketing. This research is one of its types to explore the significant ethical issues that affect consumers in the retail context. The undertaking of this study in an emerging economy adds further insight into gamified retail literature by generalizing the applicability of gamified studies across geographic contexts.",Covid-19; Customer engagement; Ethics; Gamification; Marketing; Motivation; Retail,2023,45,10.1007/s13520-022-00162-1,Sheetal ,Asian Journal of Business Ethics,2-s2.0-85143215283
Knowledge discovery of game design features by mining user-generated feedback,"The term ""Gamification"" is an emerging paradigm that aims to employ game mechanics and game thinking to change behavior. Gamification offers several effective ways to motivate users into action such as challenges, levels and rewards. However, an open research problem is discovering the set of gamification features that consistently result in a higher probability of success for a given task, game or application. The objective of this paper is to bridge this knowledge gap by quantifying the gamification features that are consistently found in successful applications. Knowledge gained from this work will inform designers about the gamification features that lead to higher chances of an application's success, and the gamification features that do not significantly impact the success of an application. The case study presented in this work leverages demographic heterogeneity and scale of applications existing within mobile platforms to evaluate the impact of gamification features on the success or failure of those applications. The successful game design features identified have the potential to be embedded into interactive gamification platforms across various fields such as healthcare, education, military and marketing, in order to maintain or enhance user engagement.",Behavior change; Game design features; Gamification; Machine learning; User engagement,2016,45,10.1016/j.chb.2016.02.076,Gopinath Bharathi A.K.B.,Computers in Human Behavior,2-s2.0-84959463696
"MEdit4CEP-Gam: A model-driven approach for user-friendly gamification design, monitoring and code generation in CEP-based systems","Context: Gamification has been proven to increase engagement and motivation in multiple and different non-game contexts such as healthcare, education, workplace, and marketing, among others. However, many of these applications fail to achieve the desired benefits of gamification, mainly because of a poor design. Objective: This paper explores the conceptualization, implementation and monitoring phases of meaningful gamification strategies and proposes a solution for strategy experts that hides the implementation details and helps them focus only on what is crucial for the success of the strategy. The solution makes use of Model-Driven Engineering (MDE) and Complex Event Processing (CEP) technology. Method: An easy-to-use graphical editor is used to provide the high-level models that represent the design of the gamification strategy and its deployment and monitoring. These models contain the event pattern definitions to be automatically transformed into code. This code is then deployed both in a CEP engine to detect the conditions expressed in such patterns and in an enterprise service bus to execute the corresponding pattern actions. Results: The paper reports on the use of both a graphical modeling editor for gamification domain definition and a graphical modeling editor for gamification strategy design, monitoring and code generation in event-based systems. It also shows how the proposal can be used to design and automate the implementation and monitoring of a gamification strategy in an educational domain supported by a well-known Learning Management System (LMS) such as Moodle. Conclusion: It can be concluded that this unprecedented model-driven approach leveraging gamification and CEP technology provides strategy experts with the ability to graphically define gamification strategies, which can be directly transformed into code executable by event-based systems. Therefore, this is a novel solution for bringing CEP closer to any strategy expert, positively influencing the gamification strategy design, implementation and real-time monitoring processes.",Complex event processing; Gamification; Graphical modelling editor; Model-Driven Engineering; Monitoring; Strategy design,2018,44,10.1016/j.infsof.2017.11.009,Calderón A.,Information and Software Technology,2-s2.0-85035042168
Understanding the dark side of gamified interactions on short-form video platforms: Through a lens of expectations violations theory,"Short video games saw explosive growth and due to their rich content and strong communication features have provided a new marketing platform for corporate commercial activities. However, few studies have examined how to implement a gamification strategy on short-form video platforms. Based on Expectation Violation Theory, this study explored the impacts of three aspects of users' gamification interaction expectation violations on negative use behavior. By collecting and analyzing two waves of data with 320 matched samples, this study revealed that reward expectation violation, achievement expectation violation, and competition expectation violation of users' gamified interactions could predict negative use behaviors. Psychological resistance and emotional exhaustion mediated the effects of gamification expectation violations on users' negative use behaviors. Further, moral licensing negatively moderated the influence of gamification expectation violations on psychological resistance, but the moderation effect of moral licensing between gamification expectation violations and emotional exhaustion was not significant.",Emotional exhaustion; Gamification; Negative use behavior; Psychological resistance; Short video game,2023,44,10.1016/j.techfore.2022.122150,Zhou F.,Technological Forecasting and Social Change,2-s2.0-85141545479
How gamification elements benefit brand love: the moderating effect of immersion,"Purpose: A gamification approach uses game components in non-game services to increase customer engagement and loyalty. This study aims to investigate the relationships between gamification elements, customer engagement, immersion and brand love. Design/methodology/approach: Using the most popular gamification feature in Indonesian e-commerce, namely Shopee Games. The Snowball sampling technique was used. The data were collected from 355 Indonesians who played Shopee Games. AMOS 28.0 was used to analysis on the data. Findings: The gamification elements of challenges, points and enjoyment positively influence customer engagement. Moreover, customer engagement positively influences brand love, which is increased by the moderation of immersion. In addition, customer engagement mediates the relationships between the gamification elements of challenges, points, enjoyment and brand love. Originality/value: This study identifies the critical elements of gamification in e-commerce platforms. In addition, based on the S-O-R model, this study contributes to research on how customer engagement plays an intermediate variable in the gamification-brand relationship. As conceptual and empirical research on this topic is still underdeveloped, this study provides fresh insights into gamification-oriented brand marketing practices. It offers significant theoretical and managerial implications from an integrated perspective.",Brand love; Customer engagement; Gamification; Immersion; S-O-R model,2023,42,10.1108/MIP-04-2023-0143,Tsou H.T.,Marketing Intelligence and Planning,2-s2.0-85168658534
Scholarly interest in gamification: A citation network analysis,"Purpose-Gamification has been studied in many areas, i.e. marketing, education, training, and psychology. There has been an increased interest in the topic of gamification among scholars in the past several years. The purpose of this paper is therefore to use citation network analysis and explore changes in scholarly interest in the topic of gamification. As a result, four study hypotheses were developed: H1a: the ""other"" category publications (books, proceedings, etc.) will have a significantly larger frequency when compared with ""journal"" publications; H1b: the trend line of the frequency of publications will most closely fit the S-curve of Adoption in the adoption of innovations or the spread of new ideas as postulated by Rogers (2003); H2a: there will be a negative correlation between graph density and the number of vertices (publications); and H2b: there will be a positive correlation between average geodesic distance (AVGD) and the number of vertices (publications).Design/methodology/approach-Data were collected from three searches for all published works that contained the word ""gamification"" in the titles of publication (the unit of analysis) from 2010 to 2013. The sampling was conducted via Google Scholar, amazon.com, and the academic library databases, i.e. EBSCO Search, JStor Scholarly Journal Archive, PsychArticles, and WorldCat. Data were analyzed using frequency counts and citation network. NodeXL is a highly structured workbook that includes multiple worksheets and computational functions necessary to store, represent, and analyze a network.Findings-All four hypotheses were supported; the ""other"" category accounted for a significantly larger number of publications with the word ""gamification"" in the title; the trend line of the frequency of publications will most closely fit the S-curve of Adoption in the adoption of innovations or the spread of new ideas as postulated by Rogers (2003); there was a negative correlation between graph density and the number of vertices (publications); and there was a positive correlation between AVGD and the number of vertices (publications).Research limitations/implications-It is highly improbable that a ""pure"" or ""random"" sample of publications could be collected because it is highly probable that there exists no known, i.e. identifiable and verifiable ""true"" population of works that include gamification in the title.Practical implications-The study findings have three major implications. The first takes in scholarly communication and the development of scientific knowledge. The findings imply that scholarly communication follows patterns similar to the adoption of innovation. The second implication deals with the topic known as ""gamification."" The study findings imply that scholars believe gamification is worthy of serious study as the network of scholars studying gamification is increasing. The third implication of our study relates to the methods used to study scholarly communication. The study findings imply that network analysis can be used to understand how a new concept can be vetted by the scientific community.Originality/value-The citation network analysis of this study provided tangible evidence of how new concepts are vetted, i.e. adopted. Citation network studies thus offer promise for a deeper understanding of scholarly communication and the adoption of new research topics and fields of inquiry. In addition, the findings indicate that ""gamification"" is a potentially fruitful topic for scholars to continue to explore.",Diffusion of innovations; Frequency of citation; Gamification; Network citation analysis; S-curve,2014,41,10.1108/IMDS-07-2014-0208,Harman K.,Industrial Management and Data Systems,2-s2.0-84917674927
Gamification vs. privacy: Identifying and analysing the major concerns,"Gamification, the use of game design elements in applications that are not games, has been developed to provide attractive environments and maintain user interest in several domains. In domains such as education, marketing and health, where gamification techniques are applied, user engagement in applications has increased. In these applications the protection of users' privacy is an important aspect to consider, due to the applications obtaining a record of the personal information of their users. Thus, the purpose of this paper is to identify if applications where gamification is applied do respect users' privacy. For the accomplishment of this aim, two main steps have been implemented. Since the main principle of gamification is the existence of game elements, the first step was to identify the set of game elements recorded in the literature that are commonly applied in various applications. Afterwards, an examination of the relationship between these elements and privacy requirements was implemented in order to identify which elements conflict with the privacy requirements leading to potential privacy violations and which elements do not. A conceptual model according to the results of this examination was designed, which presents how elements conflict with requirements. Based on the results, there are indeed game elements which can lead to privacy violations. The results of this work provide valuable guidance to software developers, especially during the design stages of gamified applications since it helps them to consider the protection of users' privacy in parallel from the early stages of the application development onwards.",Game elements; Gamification; Privacy; Privacy requirements,2019,40,10.3390/fi11030067,Mavroeidi A.G.,Future Internet,2-s2.0-85063573751
A gamified approach to promoting empathy in children,"Purpose: Gamification has gained popularity in social marketing research; however, its application remains limited to a few contexts, and relatively little is known about how innovative gamification technologies such as augmented reality can be applied to social marketing programme design. This paper aims to demonstrate the application of gamification to a social marketing pilot programme designed to increase children’s empathy and empathic behaviour. Design/methodology/approach: Informed by social cognitive theory (SCT), a mixed-method research design was adopted using pre- and post-programme surveys (n = 364) to assess effectiveness using paired samples t-test. Qualitative data included observations, participant’s questions and a feedback activity at the end of the programme. A thematic analysis was undertaken to examine the data and detect meaningful insights. Findings: Children’s affective empathy and empathic behaviour outcomes were improved following the pilot programme. However, no effects were observed for cognitive empathy and social norms. Thematic analysis revealed three themes to further improve the game: developmentally appropriate design, user experience and game design. Research limitations/implications: Findings demonstrated challenges with the application of SCT outlining a disconnect between the design of the gamified programme and theory application. Practical implications: This study provides initial evidence for the application of innovative gamification technologies to increase empathy in children. Originality/value: To the best of the authors’ knowledge, this paper is the first to examine how a gamified social marketing programme can increase empathy in children.",Augmented reality; Children; Empathy; Gamification; Social marketing,2020,38,10.1108/JSOCM-11-2019-0204,Saleme P.,Journal of Social Marketing,2-s2.0-85086147929
How playable ads influence consumer attitude: exploring the mediation effects of perceived control and freedom threat,"Purpose: The playable ad is a new type of digital advertising that combines interactivity with gamification. Guided by psychological reactance theory, this study aims to explore the psychological processes and effects of playable ads on consumers’ perceived control and product attitudes. Design/methodology/approach: This paper conducted two experiments to examine the relationship between playable ads, perceived control and product attitude. This paper also applied psychological reactance theory and investigated whether perceived control triggered by the interactive features of playable ads influenced psychological reactance toward them. Findings: Findings from two experiments show that playable ads, compared to video ads, increased consumers’ perceived control, which, in turn, led to more positive attitudes toward the advertised products (Studies 1 and 2). This study also supports psychological reactance theory by revealing that increased perceived control diminished perceived freedom threat and subsequently alleviated consumers’ psychological reactance toward advertising messages (Study 2). Originality/value: This study sheds light on the effectiveness of a new type of ad-game integration – playable ads. Different from prior research in gamification of advertising, this paper examined the effectiveness of playable ads in an information processing context in which the ads were not the primary task to focus on. This study also extends psychological reactance theory in the context of interactive marketing by exploring the effect of perceived control afforded by digital message features in mitigating reactance.",Advertising; Consumer psychology; Gamification of advertising; Online advertising; Perceived control; Playable ads; Psychological reactance,2021,38,10.1108/JRIM-12-2020-0269,Hu X.,Journal of Research in Interactive Marketing,2-s2.0-85106014755
The story turn in tourism: forces and futures,"Purpose: The purpose of this paper is to highlight the rise of stories in tourism practice, identify the forces that are supporting and directing this story turn and argue for tourism researchers to pay greater attention to this new development. Design/methodology/approach: This paper is based on a general review of academic and professional literature on marketing practice and experience design in tourism and an audit of destination marketing materials using story or story telling in their campaigns. Findings: This paper identifies three forces supporting a story turn in tourism: building on the experiential approach to tourism; the rise of mobile social media, user generated content and gamification; and the Asian Wave in tourism. Originality/value: This paper identifies a story turn in current tourism practice and reviews the increasing awareness of the value of stories in psychology, sociology and anthropology research, to suggest how this story turn may influence the nature of both tourism practice and research in the future.",Experience design; Stories; Story turn; Storytelling; Tourism futures,2020,38,10.1108/JTF-11-2019-0131,Moscardo G.,Journal of Tourism Futures,2-s2.0-85086477579
Determinants of continuance intention to use gamification applications for task management: an extension of technology continuance theory,"Purpose: Gamification applications (apps) are gaining great attention in many contexts and have grown increasingly. Despite their significant role in many settings, prior research mainly focused on initial adoption, and there are limited studies on the post-adoption stage. This study aims to explore the factors influencing individuals’ continuance intention to use gamified task manager apps, drawing on the technology continuance theory (TCT) by integrating enjoyment, habit and social influence. Design/methodology/approach: Data were obtained from 318 Malaysian who had prior experience with task management gamified apps and analysed with the partial least squares approach. Findings: According to the results, confirmation, perceived usefulness (PU) and enjoyment positively influence satisfaction. PU, enjoyment, satisfaction and social influence affect attitude, while the result failed to confirm the association between perceived ease of use and attitude. Furthermore, PU, attitude and habit are strong determinants of users’ continuance intention. Moreover, continuance intention was not predicted by users’ satisfaction and social influence. Practical implications: The findings provide directions for developers and marketers of gamified task manager apps. Besides the technological and functional benefits of applications, they should also consider social, hedonic and individual factors in the designing and marketing stages. Originality/value: This study extends the literature by assessing the determinants of continuous intention to use gamified task manager apps; and extending the TCT in the context of gamification by incorporating three contextual factors, namely, perceived enjoyment, social influence and habit.",Continuance intention theory; Continuous usage intention; Gamification; Habit; Satisfaction; Social influence,2023,38,10.1108/EL-05-2022-0108,Foroughi B.,Electronic Library,2-s2.0-85152269946
Strategic sport marketing in the society of the spectacle,"The representation of reality seems to have gained precedence over reality. In the society of the spectacle, entertainment has become the experience. Accordingly, sport organizations must increasingly provide added value to their fans’ brand experience. Nowadays, entertainment and sport have merged to give birth to ‘sportainment’. Through a polar type of case study, this paper examines how the strategic marketing of, and through, sport can adapt to this reality by proposing a strategic sportainment mix. This study demonstrates that the strategic sportainment mix can provide valuable insights about the theoretical fit between strategic marketing efforts by, or through, sport, on the one hand. This is in addition, on the other, to a stakeholder segmentation that categorizes fans according to their connection with sport in a society of the spectacle. The proposed sportainment mix could boost the fan lifetime value, together with both the customer and financial-based brand equity.",creative destruction; FC Barcelona; gamification; Spectacle; strategic marketing; ‘sportainment’,2024,37,10.1080/0965254X.2021.1965188,Richelieu A.,Journal of Strategic Marketing,2-s2.0-85113195750
Innovative Mobile Technology in Hotels and the Use of Gamification,"Innovations are often introduced to inspire people’s motivation and help them develop beneficial behaviour, both individually and collectively, and gamification is currently considered to be one of the most promising in that respect. Whilst technology adoption studies have explored users’ attitudes towards various technologies, scarce knowledge exists on users’ behavioural intention to try new mobile gamified applications, particularly in the context of the hospitality industry. This paper examines users’ motives for using a mobile hotel gamified application, by conducting two qualitative studies using gamers and hotel visitors as target groups. Findings reveal ten important key user motivations that fuel both utilitarian and hedonic behaviours. Conclusion highlights that these motivations are critical to consider for the effectiveness of gamification in bridging the gap and fulfilling its dual role of being both a game and a marketing/customer service tool at the same time.",Gamification; hedonic motivation; hotels; innovation; mobile application; utilitarian motivation,2023,37,10.1080/21568316.2022.2107563,Parapanos D.,Tourism Planning and Development,2-s2.0-85135464735
Effect of achievement-related gamification on brand attachment,"Purpose: This research draws on self-determination theory and self-construal theory to investigate the effects of achievement-related gamification features on customers' brand attachment in online brand communities. Design/methodology/approach: Survey data (N = 523) were collected from customers of typical gamified online brand communities. The research model was examined with structural equation modeling using SmartPLS 3.2. Findings: Achievement-related gamification features positively affect customers' brand attachment via the intrinsic motives of autonomy, competence and relatedness, but not extrinsic motives. Relatedness motive exerts the strongest mediating effect between achievement-related gamification features and brand attachment, followed by competence and autonomy. Moreover, interdependent self-construal positively moderates the effects of achievement-related gamification features on intrinsic (autonomy, competence and relatedness) and extrinsic motives. Originality/value: Theoretically, this study contributes to the brand marketing literature by identifying gamification as a new antecedent for brand attachment. It also contributes to the gamification literature by demonstrating that achievement-related gamification features strengthen brand attachment via intrinsic motives but not extrinsic motives in the specific context of the online brand community. Meanwhile, the relatedness motive exerts the strongest mediating effect between achievement-related gamification features and brand attachment, followed by competence and autonomy. Moreover, this research provides the first empirical evidence that interdependent self-construal moderates the effects of achievement-related gamification features on intrinsic and extrinsic motives. Practically, managers can learn from the results that achievement-related gamification features should be designed to foster customers' intrinsic motives and brand attachment, especially those high in interdependent self-construal levels.",Brand attachment; Gamification; Interdependent self-construal; Online brand community; Self-determination theory (SDT),2022,36,10.1108/IMDS-02-2021-0088,Yang C.,Industrial Management and Data Systems,2-s2.0-85119111964
Investigating the potential for using gamification to empower knowledge workers,"The increasingly popular trend of gamification has proved powerful in many areas, such as education and marketing, and has started making its way to the corporate environment. This exploratory study is focused on a particular part of corporate applications – using gamification to empower knowledge workers and to help them to interact with each other. Based on a review of the extant literature and an exploratory case study, we conceptualise different ways in which gamification supports knowledge workers and influences the dynamics of their interactions. The case study we present is that of online retailer Zappos who have been pioneers in this field. This paper is intended as the beginning of a journey towards utilising gamification in various aspects of knowledge work. Through studying the Zappos case, we draw out key learning points that can be used by other organisations in their journey to use gamification to empower knowledge workers. The paper also identifies areas for further research relevant to expert and intelligent systems, including the potential for synergies between gamification and intelligent systems, and the use of gamification in intelligent systems implementation.",Gamification; Knowledge management; Knowledge sharing; Knowledge workers,2020,35,10.1016/j.eswa.2020.113694,Spanellis A.,Expert Systems with Applications,2-s2.0-85088127062
"Goal achievement, subsequent user effort and the moderating role of goal difficulty","It is established in the marketing literature that people increase their effort in a recurring goal framework when the goal difficulty increases, because their experience of success upon goal achievement leads to higher self-efficacy. It is not yet established, however, whether this mechanism also applies to a gamified environment without monetary incentives or quasi-monetary benefits. Using data from a popular German Question & Answer community in which goals are represented in the form of badges we empirically investigate the impact of successful goal achievement on the base level of effort to attain the next goal in a hierarchical recurring goal framework. Our findings indicate that after successful badge achievement users increase their subsequent base level of effort to attain the next badge, but only as long as the badge just achieved represented a challenge to the user. We identify self-efficacy as the key driver of this behavior and provide additional experimental evidence in support of this explanation.",Badges; Gamification; Goal difficulty; Goal setting theory; Recurring goals; Self-efficacy,2020,34,10.1016/j.jbusres.2018.06.019,Gutt D.,Journal of Business Research,2-s2.0-85049436708
A conceptual framework for transformative gamification services,"Purpose: Although the concept of transformative gamification is mentioned in previous research, no research has provided a theoretically based explanation of how gamification can lead to transformative change. This paper aims to provide the explanation for the first time by combining storytelling elements with cognitive behavioural therapy logic and incorporating these into a framework to show the process of transformative behaviour change through gamification. The proposed framework not only furthers the theoretical understanding of transformative gamification services but also provides practical insight into design and implication of such services. Design/methodology/approach: This paper is based on critical analysis and synthesis of literature from different fields of research such as transformative service research (TSR), gamification, game studies, social marketing, storytelling and journalism. Ergo, several propositions based on the extensive literature review are proposed and aggregated in a conceptual framework. Findings: This paper argues that apart from game mechanics that are often considered as an inseparable aspect of gamification services, immersive storytelling and a mechanism to encourage reflection are the pivotal components of transformative gamification services. In addition, this paper suggests that although reflection and immersive storytelling are often considered as opposite sides of the spectrum, they can have a synergistic effect once they work in tandem in gamification services. Originality/value: This paper proposes a novel framework and an operational definition for transformative gamification services. It contributes to TSR, gamification and health promotion research through differentiating this concept from similar concepts, such as mHealth, propelling gamification to a more meaningful and user-centric version and providing service researchers with a practical guide to make use of gamification as a tool to serve TSR.",Gamification; Transformative; Well-being,2022,32,10.1108/JSM-12-2020-0527,Tanouri A.,Journal of Services Marketing,2-s2.0-85113816018
‘Made to run’: Biopolitical marketing and the making of the self-quantified runner,"While previous critical marketing research on co-creation has focused on how consumers’ cognitive and social abilities are governed, this article focuses on how firms’ marketing strategies attempt to govern every aspect of consumers’ lives. By drawing on a biopolitical framework and a study of Nike+, a marketing system for runners which Nike has developed around its self-tracking devices, three biopolitical marketing dimensions were identified: the gamification of the running experience, the transformation of running into a competitive activity and the conversion of running into a social activity. In identifying these marketing dimensions, the study demonstrates how self-tracking affordances are deployed in the development of a biopolitical marketing environment that tames, captures and appropriates value from different aspects of consumers’ lives, including – and combining – their social behaviours, cognitive capacities and bodily conducts. This article contributes to critical studies of value co-creation by focusing on the tamed self-tracking body as a resource for value creation, but also by demonstrating that consumers engage, through cognitive labour, in the production of the biopolitical environment that leads to their exploitation.",Biopower; exploitation; governmentality; self-tracking; the body; value co-creation,2019,32,10.1177/1470593118799794,Charitsis V.,Marketing Theory,2-s2.0-85056867150
Does gamification effect customer brand engagement and co-creation during pandemic? A moderated-mediation analysis,"While insight into gamification, customer brand engagement (CBE), and co-creation is rapidly increasing, little remains known about the relationship of these, and related concepts, as thus investigated in this study. Rooted in service-dominant logic and protection motivation theory-informed perspectives, this study develops and tests a model which investigates the effects of destination brand-based gamification on CBE, co-creation, loyalty and positive word-of-mouth (WOM) during pandemic. This study also investigates the potentially moderating role of protection motivation and psychological fear in affecting these associations. To explore these issues, we collected tourist-based survey data using PLS-SEM analysis. Our findings suggest that gamification positively impacts CBE, co-creation, loyalty and WOM. Second, our findings confirm the CBE’s differing effects on co-creation, loyalty and WOM. Third, results revealed the gamification’s indirect effect on co-creation, loyalty and WOM, as mediated through CBE. Further, findings verify a reciprocal relationship between loyalty and CBE, which has not been reported in existing studies. Finally, our analyses revealed a significant-positive moderating role of protection motivation and significant-negative moderating effect of psychological fear in proposed associations. This study offers key theoretical and practical implications to marketing literature with valuable suggestions for destination brand managers during pandemic.",co-creation; customer brand engagement; Gamification; protection motivation; psychological fear,2023,31,10.1080/21639159.2022.2083000,Rather R.A.,Journal of Global Scholars of Marketing Science Bridging Asia and the World,2-s2.0-85150229771
Gamification as an innovation: a tool to improve organizational marketing performance and sustainability of international firms,"Purpose: This study aims to investigate an under-researched area, an international marketing perspective, based on international dynamic capability, environmental sustainability and organizational marketing performance in gamification and non-gamification-based organizational culture (OC). This paper deepens the understanding of gamification-based and non-gamification-based OC influence on innovation capability and environmental and organizational marketing performance through the theory of organizational creativity and the theory of administrative behavior (AB). Design/methodology/approach: The authors collect data from firms that abide by the ISO 14091 certifications to ensure the proper quality standards. Primary data from 384 firms are used to test the hypotheses. The results would help firms invest in technological solutions by practicing creativity over time. Additionally, the study helps explore how AB is critical in steering technological creativity for making firms climate-conscious. Findings: The study's findings identified that OC has a positive influence on technological innovation capabilities and environmental innovation capabilities. Technological innovation capabilities have a beneficial impact on environmental sustainability. Environmental sustainability appears to have a substantial correlation with technological innovation skills. Environmental innovation capabilities positively impact environmental sustainability and organizational marketing performance. A moderating effect of gamification on the international dynamic capabilities within a relationship between organizational culture and environmental innovation capabilities exists. Originality/value: The investigation is confined to understanding how gamification-based and non-gamification-based organizational marketing culture affects innovation capability, environmental sustainability and organizational performance through the lens of theory of organizational creativity and theory of AB.",Environment sustainability; Gamification; Innovation; International dynamic capabilities; Organizational culture; Organizational marketing performance; Sustainability,2024,31,10.1108/IMR-05-2022-0113,Behl A.,International Marketing Review,2-s2.0-85150646066
Motivating Professional Student Behavior Through a Gamified Personal Branding Assignment,"Gamification is increasingly being implemented in higher education to engage students. This article presents a gamified pedagogical exercise intended to motivate students to consider how their in-person and digital behaviors affect their personal brands. Students receive and lose points for various behaviors and reflect on whether these behaviors support or conflict with their desired brand image. Points can be redeemed for assignment extensions or resubmissions, and can lead to exam exemptions. Challenges and limitations of the exercise, as well as recommendations for marketing educators, are discussed.",dynamics; emotions; gamification; gamified education; marketing education; mechanics; personal branding; student incivility,2019,31,10.1177/0273475318823847,Robson K.,Journal of Marketing Education,2-s2.0-85059951950
The missing media: The procedural rhetoric of computer games,"The discussion about the implications of new or digital media focuses mainly on 'social' media. This reduction is a conceptual shortcoming. In order to fully understand how digital media impact on society and the communication landscape, our conceptualisation needs to include new entertainment media, especially computer games. Interactivity here might mean interaction with the AI (artificial intelligence) or human players or both, but the crucial difference lies in the fact that the interaction takes place in a 'world' created by the software. Despite the discussion about 'gamification' in marketing and a tradition of game studies in the humanities, there have been few attempts to treat computer games not only as trivial culture, but as a ""persuasive device"", as a way to shape public opinion. This article explores how the theory of procedural rhetoric, as outlined by Ian Bogost, enhances our understanding of this growing area.","Computer games, Public relations, Strategic communication; Persuasion; Procedural rhetoric",2015,31,10.1016/j.pubrev.2014.11.011,Seiffert J.,Public Relations Review,2-s2.0-84947320837
Exploring sustainability environment educational design and learning effect evaluation through migration theory: An example of environment educational serious games,"Changes in the way people use information come from the concept of the most primitive human migration rule. Scholars hold that migration can be considered as a switching of people's place of residence, but the migration of people is not limited to the migration of residence. The marketing field also borrows the population migration theory to further explore the switching behavior of customers; educationalists also discuss migration of learning through migration theory. In this regard, the migration of human beings is a process of historical evolution, though it takes several decades to understand history from the perspective of such evolution. Hence, if there is a decision-making system that simulates evolution and estimation through 3D graphics, then players may better understand the impact of environmental migration and changes on humanity. This study adopts Push-Pull-Mooring (PPM) theory to explain the migration of human beings. Push is generated from people's dissatisfaction with their place of residence, Pull is from attractions of the new environment, and personal mooring produces the intention of switching. A set of Gamification Environmental Education Applications (GEEA) and a migration scale for such apps are developed herein to explain the state where computer gamers switch to mobile app games. The results show that all four hypotheses are supported, and the path coefficient of each hypothesis is highly significant. The R<sup>2</sup> values of five intrinsic constructs are Push (R<sup>2</sup> = 0.321), Mooring (R<sup>2</sup> = 0.574), Pull (R<sup>2</sup> = 0.413), Switching intention (SI) (R<sup>2</sup> = 0.552), and SB (R<sup>2</sup> = 0.626), where the R<sup>2</sup> value of SB is quite high, indicating that the relationship between the switching behavior (SB) and the four precursors exhibits great explanatory power. Hence, the explanatory power of this model is convincing, and the teaching materials designed through gamification education deliver better learning outcomes.",Migration theory; Simulation games; Sustainability environment education; Technology acceptance model (TAM) model; Theory of planned behavior,2018,31,10.3390/su10103363,Su C.H.,Sustainability Switzerland,2-s2.0-85053700116
Gamification in a servicescape context: A conceptual framework,"While gamification has gained in popularity across different research domains, there is still scarce knowledge on gamification in a servicescape context. The little research that exists in this field does not point in any clear direction. However, further investigation of gamification can provide researchers and practitioners with opportunities to further understand, embed and implement gamification into their marketing activities. To solve these issues, this research reviews contemporary servicescape and gamification literature and conceptualises a framework showing how gamification and its mechanics are linked to the concept of servicescapes and its marketing outcomes. This review highlights gamified mechanics in servicescapes as visible, non-visible and platform dependent. These are shown to influence cognitive and affective responses such as engagement, motion, flow and emotions, which subsequently have impact on long and short-term marketing outcomes. Theoretical and managerial implications are also discussed.",Atmospheres; Customer behaviour; Engagement; Gamification; Marketing; Motivation; Organism; Response; Retailing; S-O-R; Servicescape; Stimuli; Value,2019,31,10.1504/IJIMA.2019.097894,Helmefalk M.,International Journal of Internet Marketing and Advertising,2-s2.0-85062178245
Fashion brands in the metaverse: Achievements from a marketing perspective,"Since the early developments of Web3 and the Metaverse, the fashion industry has been actively launching initiatives, especially through gamification, Non-Fungible Tokens (NFTs) and shopping experience. Up until now the academic literature relating to the implications for fashion brands in a digital fashion marketing context has been scarce. Through a systematic content analysis of 235 articles published between 2021 and 2023 in Vogue Business and The Business of Fashion, this research has focused on the main brands and uses of the Metaverse, as well as their real applications. Through a thorough analysis, this research reveals that the most active fashion sub-industries on the Metaverse are those relating to luxury, sportswear and beauty, with Nike, Gucci and Hermès emerging as the leading brands. Furthermore, when it comes to fashion and the Metaverse, the most popular topics relate to NFTs and gamification, to the point that they are used as synonyms of the Metaverse. This practice creates confusion, not only in terms of the meaning of the term “metaverse”, but also regarding its implications for fashion brands. Finally, the study identifies issues that demand further analysis in subsequent academic research regarding the notion of falsity and the Metaverse.",branding; digital; fashion brands; marketing; Metaverse,2024,31,10.1080/20932685.2024.2331518,SanMiguel P.,Journal of Global Fashion Marketing,2-s2.0-85189987172
"Algorithmic fandom: how generative AI is reshaping sports marketing, fan engagement, and the integrity of sport","Generative artificial intelligence (AI) is rapidly transforming the landscape of sports marketing by enabling hyper-personalised fan engagement, real-time content delivery, and data-driven commercial strategies. Leveraging technologies such as machine learning, predictive analytics, and automated content generation, sports organisations are increasingly able to tailor fan experiences, anticipate behaviour, and optimise revenue models. While these advancements offer significant opportunities for enhancing interactivity and commercial growth, they also introduce complex ethical, psychological, and regulatory challenges. This paper critically examines the dual nature of generative AI in sports marketing, with a particular focus on consumer autonomy, data monetisation, and the influence of AI-driven personalisation on fan behaviour. Using narrative literature review approach, the paper draws on emerging research, industry cases, and interdisciplinary literature, and explores how algorithmic recommendation systems can manipulate fan decisions, reinforce digital echo chambers, and marginalise underrepresented sports. Special attention is given to the impact of AI on children and adolescents, who are particularly vulnerable to targeted content, gamification, and AI-curated betting environments. The integration of AI in gambling platforms and the commercialisation of fan data raise significant concerns around privacy, consent, and long-term wellbeing. The paper concludes by offering some implementation guidance for sport ecosystem stakeholders. It also outlines a future research agenda that calls for empirical investigations into the long-term effects of AI on fan behaviour, the development of regulatory frameworks to safeguard consumer rights, and interdisciplinary collaboration to design ethical AI systems. By identifying these critical issues, the paper aims to support a more inclusive, transparent, and integrity-focused application of AI in sport.",AI; AI integrity; algorithm; artificial intelligence; data monetisation; echo chambers; fan engagement; generative AI,2025,30,10.3389/fspor.2025.1597444,Westerbeek H.,Frontiers in Sports and Active Living,2-s2.0-105005974370
Gamification using a choose-your-own-adventure type platform to augment learning and facilitate student engagement in marketing education,"Purpose of the Study: Gamification is the instructor’s use of a game (e.g., role playing, word, adventure, trivia, puzzle, simulation, race, etc.) in the classroom to facilitate learning. Prior gamification research has yet to investigate the efficacy of using a choose-your-own-adventure style platform in the classroom. The purpose of this research is to explore the pedagogical value of that particular gamification method. Method/Design and Sample: Two independent studies using quantitative and qualitative data taken from three samples of marketing students at a large California university investigate the academic effectiveness, perceived helpfulness, and perceived enjoyment of a choose-your-own-adventure type game in the classroom via the open-source program Twine. Results: Results from Study 1 indicate marketing students take 23.8% less time while simultaneously scoring 10.2% higher on the module assessment when their lessons are gamified using Twine (vs. not gamified). Results from Study 2 suggest this particular gamification method also increases student engagement. Value to Marketing Educators: Given the findings of these two studies, the previously unstudied choose-your-own-adventure gamification platform is a recommended teaching method to augment marketing education as it not only increases student performance, but also student engagement.",Educational technology; Gamification; Instructional strategy; Self-efficacy; Student engagement,2019,30,,Bechkoff J.,Journal for Advancement of Marketing Education,2-s2.0-85068720038
Understanding how customer social capital accumulation in brand communities: A gamification affordance perspective,"Customers with high social capital in the brand community exert a pivotal influence in fostering brand advocacy and contributing valuable insights to new product development. Yet, scant knowledge exists regarding how customers accumulate social capital in the brand community. To fill this gap, drawing on gamification affordance and brand community literature, we design a research framework to explore the relationship between gamification affordance, citizenship behavior, and social capital. This framework is tested by using a sample of 399 customers within the brand community of a leading Chinese technology enterprise. The findings fully support our hypothesis, that gamification affordance positively affects citizenship behavior, then promoting customer social capital accumulation. Our paper contributes to the academic discourse on gamification affordance and customer behaviors in brand communities, which has important theoretical and practical implications for firm-sponsored brand community management.",Affordance; Brand communities; Citizenship behavior; Gamification affordance; Social capital,2024,29,10.1016/j.jretconser.2024.103761,Li M.,Journal of Retailing and Consumer Services,2-s2.0-85185347039
Push it real good: the effects of push notifications promoting motivational affordances on consumer behavior in a gamified mobile app,"Purpose: There is clear benefit in designing and sending notifications to users that persuade them to interact with an app and marketer goals. The purpose of this study is to examine how different motivational affordances in notifications affects subsequent app use. Design/methodology/approach: The authors designed three studies to address the purpose: (1) an online experiment to test how individuals perceived notifications, which contained social affordances, progression-based affordances, and a combination of social and progression affordances; (2) a survey to gain a deeper understanding of why certain notification characteristics were effective and to unearth factors that jointly affected notification effectiveness; and (3) an in-app field experiment to test if the findings from studies 1 and 2 held up in a “real world” setting. Findings: The analysis revealed that progression incentives yielded the greatest increases in user behavior. Neither a social incentive, nor a combination of social and progression affordances was more effective than one progression affordance. This effect was heightened by consumers’ involvement with the focal brand. Research limitations/implications: The contribution extends knowledge about the use of motivational affordances to gamify push notifications in high-involvement contexts. This implies that greater attention should be paid to how the: length of push notifications, affordances communicated and degree of consumers’ relationship with a focal brand (i.e. involvement) impact notification effectiveness. These findings set out new avenues to investigate the uses of gamification and services marketing in future research. Practical implications: The authors provide marketers with insights into the most effective ways to gamify, structure and time the delivery of notifications. In high-involvement contexts where consumers decide whether to act on a gamified marketing affordance quickly, it pays to use push notifications that feature visible, immediate and tangible rewards. Understanding consumers’ involvement with the brand allows marketers to turn notifications from a potential annoyance into a viable conduit for engagement. Originality/value: This research extends knowledge on gamification to the domain of push notifications. In doing so, the authors have demonstrated the communicated affordances and wording of the push notifications organizations send affect user behavior. The authors further expand knowledge of the role of consumer involvement on push notification effectiveness while controlling for app usage patterns.",Consumer behavior; Gamification; Mobile applications; Motivational affordances; Push notifications,2023,29,10.1108/EJM-06-2021-0388,Kunkel T.,European Journal of Marketing,2-s2.0-85164359408
Alibaba’s IT platform and electronic commerce synergy in driving “Singles’ Day”,"Global electronic commerce (ecommerce) development is growing exponentially, especially in the business-to-consumer (B2C) field. Consumers in the Asia-Pacific region have spent more on ecommerce purchases in 2014 than consumers in North America, making them the largest regional ecommerce market in the world. Singles’ Day on November 11 (also known as Double 11 Day or Chinese National Ecommerce Day) is the most successful online shopping day in China. What drives the success of Singles’ Day? We conducted in-depth interviews with Alibaba senior managers, observed the progress of Singles’ Day, and investigated this issue. We find that over the past six years, Alibaba has successfully implemented five critical strategies associated with value activities from identifying merchants and pricing, marketing and sales, payments, and outbound logistics. Along with these strategies, Alibaba has created a synergistic IT platform to connect consumers, merchants, and service providers through identifying merchants and pricing, marketing and sales, payments, and outbound logistics to facilitate value creation by increasing efficiency in their value activities and expanding the market base. These successes have driven the interest of Chinese consumers to its annual shopping carnival on Singles’ Day, changing consumer shopping from traditional stores to online sites and creating the miracle of the Chinese National Ecommerce Day.",Alibaba; business-to-consumer; electronic commerce; incentivized gamification; Singles’ Day; social networks; synergistic IT platform,2016,29,10.1080/10919392.2016.1194050,Wu J.,Journal of Organizational Computing and Electronic Commerce,2-s2.0-84978758636
Gamifying a situational judgment test with immersion and control game elements: Effects on applicant reactions and construct validity,"Purpose: Assessment gamification, which refers to the addition of game elements to existing assessments, is commonly implemented to improved applicant reactions to existing psychometric measures. This study aims to understand the effects of gamification on applicant reactions to and measurement quality of situational judgment tests. Design/methodology/approach: In a 2 × 4 between-subjects experiment, this study randomly assigned 315 people to experience different versions of a gamified situational judgment test, crossing immersive game elements (text, audio, still pictures, video) with control game elements (high and low), measuring applicant reactions and assessing differences in convergent validity between conditions. Findings: The use of immersive game elements improved perceptions of organizational technological sophistication, but no other reactions outcomes (test attitudes, procedural justice, organizational attractiveness). Convergent validity with cognitive ability was not affected by gamification. Originality/value: This is the first study to experimentally examine applicant reactions and measurement quality to SJTs based upon the implementation of specific game elements. It demonstrates that small-scale efforts to gamify assessments are likely to lead to only small-scale gains. However, it also demonstrates that such modifications can be done without harming the measurement qualities of the test, making gamification a potentially useful marketing tool for assessment specialists. Thus, this study concludes that utility should be considered carefully and explicitly for any attempt to gamify assessment.",Management skills; Research and development; Selection,2020,29,10.1108/JMP-10-2018-0446,Landers R.N.,Journal of Managerial Psychology,2-s2.0-85081602112
How gamified branded applications drive marketing effectiveness?,"Purpose: Companies understand the potential to use gamification marketing to facilitate a better connection. However, most endeavours in gamification fail. This study aims to identify the design factors that drive the marketing effectiveness of branded applications (apps) with gamification features. Design/methodology/approach: This study investigates branded apps covering various industries such as hospitality, retail and financial services. A total of 296 respondents were recruited from an online questionnaire platform. Findings: The results show that playability, design aesthetics, goal clarity, incentive provision and symbolic benefits were drivers of consumer–brand engagement, which in turn generated purchase intention, app continuance intention and brand loyalty. Originality/value: Based on the elemental tetrad model, this study specified relevant factors identified in the literature to represent the technology, aesthetic, mechanical and story elements. The authors contribute to the literature by identifying design factors as drivers of consumer–brand engagement in the branded app context.",Branded app; Consumer–brand engagement; Elemental tetrad model; Gamification; Marketing effectiveness,2021,29,10.1108/MIP-09-2020-0407,Tseng T.H.,Marketing Intelligence and Planning,2-s2.0-85099750316
Could gamification improve visitors’ engagement?,"Purpose: The experiences are the basis of the tourist sector and the creation of unique and unforgettable ones allows the differentiation from the competition. The purpose of this paper is to analyze the effects of the experience when visiting a zoo on our emotions and how they influence our (positive and/or negative) behaviors and to investigate whether an innovation (gamification programs) could be used to intensify the relations proposed. Design/methodology/approach: The authors collected the experiences lived by 242 visitors in BIOPARC Valencia (a zoological park). Two subsamples were identified: 166 insatiable tourists who expressed that the gamification would complete their experience, and 76 conventional tourists who indicated that the current experience did not need any kind of improvement. Findings: The results show that some of the proposed relationships are more tenuous among the insatiable visitors, defenders of gamification, which allows the authors to verify the possibilities offered by gamification. Originality/value: First, although the impact of experiential modules on emotions and behaviors has already been investigated, as far as behavioral effects are concerned, the difference between positive behaviors (loyalty) and negative behaviors (complaints and claims) has not been addressed. Second, the relationship between both types of behaviors (positive and negative) in this sector has not been studied to date. Finally, although the literature recognizes the impact of technology and its importance as an instrument of experiential marketing, its empirical exploration remains uninvestigated. Indeed, to date, the willingness of consumers to adopt gamified strategies to improve their tourism experiences has not been investigated.",Emotions; Experiential marketing; Gamification; Marketing,2020,28,10.1108/IJTC-07-2019-0100,la Cuadra M.T.D.,International Journal of Tourism Cities,2-s2.0-85074895982
Examining the dark side of using gamification elements in online community engagement: an application of PLS-SEM and ANN modeling,"Purpose: The negative influence of gamification on online communities has received little attention in the available literature. The study examines the adverse effects of gamification during engaging in online communities. Design/methodology/approach: Gap-spotting methods were used to develop the research questions, followed by model development using the social exchange and social-network theories. Data were collected from 429 samples. The study applied partial least squares structural equation modeling to test the research hypotheses followed by ANN application. Findings: The study identified five factors related to gamification that have a significant adverse effect on the mental and emotional well-being of the users. Furthermore, the results of PLS-SEM were then compared through an artificial neural network (ANN) analytic process, revealing consistency for the model. This research presents a theoretical contribution by providing critical insights into online gamers' mental and emotional health. It implies that gamification can even bring mental and emotional disturbance. The resulting situation might lead to undesirable social consequences. Practical implications: The result highlights the managerial and social relevance from the perspective of a developing country. As respondents are becoming more engrossed in online gaming, managers and decision-makers need to take preventive measures to overcome the dark side of online gaming. Originality/value: The present study shows that the dark side of gamification has some adverse effects on human mental and emotional health. The study's findings can be used to improve gamification strategies while engaging online communities.",Adverse effects; Artificial neural network; Cyberbullying; Fatigue; Gamification; Marketing; PLS-SEM,2023,28,10.1108/BIJ-03-2022-0160,Srivastava G.,Benchmarking,2-s2.0-85134009518
Impulsive purchase behaviour of Z generation of Muslim women on TikTok shop: the application of S-O-R framework,"Purpose: The purpose of this study is to investigate the impulsive purchase of Generation Z of Muslim women on TikTok Shop. The primary attention in this stimulation investigation drives the impulsive buying between the Generation Z of Muslim women customers in Indonesia. This study provides valuable concept to help a company or cosmetic brand grow the marketing strategy for stimulating impulsive behaviour of Generation Z customers on TikTok Shop. Design/methodology/approach: An online survey of 256 Muslim women consumers of the Generation Z was used to collect the data. Covariance-based structural equation modelling was applied to assess the five hypotheses. Findings: The results of this study indicate that micro-celebrities post authenticity has a positive and significant relationship with utilitarian browsing. However, micro-celebrities post authenticity did not have a positive and significant relationship with hedonic browsing. This study also concludes that utilitarian browsing was found to have a positive and significant relationship with hedonic browsing. Finally, hedonic browsing was found to have a positive and significant effect on reminiscence impulse purchase intention and designed impulse purchase intention. Research limitations/implications: The primary limitation is the research sample that only consists of Indonesian TikTok Shop customers. Next, the researchers could examine the research model in several countries to expand its generalisation. The second one, this research does not consider the origin country of a cosmetic product. The future study must investigate the local and foreign cosmetics to see the preference and the differences in the impulsive purchase, especially for Z women generation customer. Third, this study quantifies the intention to buy impulsively so that the following research must investigate the ownership of the cosmetics product that has been bought before. Finally, the research only involves a quantitative research method. The future study must investigate with another approach, such as a qualitative method or mixed-method, in the impulsive purchase intention context. Practical implications: A cosmetic company or marketer could maximise the authenticity, relevancy and attractive information that is posted by micro media social celebrities or media social influencers. Cosmetic companies or marketers must provide comprehensive information to satisfy customers’ browsing actions. Finally, besides the information related to the limited cosmetics product stock, discount and promotion as the effective strategy to stimulate the impulsive buying, the cosmetics marketing can use gamification, increasing the picture quality and equipping product descriptions, and making educational content. Social implications: The existence of TikTok Shop is increasing the number of cosmetics products and competitors because of product’s excessive availability in the market. In the social benefit context, the Generation Z Muslim women can purchase and use various cosmetics product available on TikTok Shop, but customers must be on guard by knowing the cosmetics material to prevent the healthiness. In addition, the existence of TikTok Shop and the impulsive purchases by the Generation Z Muslim women are also increasing the retailer or local cosmetics producer income. Originality/value: This study is a contribution to consumer behaviour literature by raising the Stimulus–Organism–Response framework used in determining the factors influencing browsing and impulsive consumption of cosmetic products on TikTok Shop.",Designed impulse purchase intention; Hedonic browsing; Micro-celebrities post authenticity; Reminiscence impulse purchase intention; Utilitarian browsing,2024,28,10.1108/JIMA-06-2022-0182,Nugraha Y.D.,Journal of Islamic Marketing,2-s2.0-85165160223
Examining the gamified effect of the blindbox design: The moderating role of price,"A blindbox is a product design that incorporates uncertainty; a customer who purchases a blindbox receives a random product from a product series. The recent popularity of blindbox products calls for a rigorous examination of this product design. This study proposes a research model to examine the blindbox effects in an online retailing context. Following the uncertainty principle of gamification marketing, we hypothesize that the blindbox design can induce gameful experiences, thereby increasing customers’ brand engagement and purchase intention. We also investigate the moderation effect of an important design factor: the product price. Data from two experiments support the blindbox effects: this design leads to higher gameful experiences and marketing outcomes than a certain product. Moreover, the blindbox effects largely depend on the price: the effects are more salient at a premium price level and diminish below the average market price. Furthermore, we rule out two rival explanations, novelty and presentation richness, through supplementary tests. The findings, design issues, contributions, and directions for future research are discussed.",Blindbox; Digital retailing; Gamification; Mobile commerce; Uncertainty,2023,28,10.1016/j.jretconser.2023.103423,Miao X.,Journal of Retailing and Consumer Services,2-s2.0-85160256088
The role of gamification in brand app experience: The moderating effects of the 4Rs of app marketing,"This study examines the relationships between several sub-factors of gamification (i.e. fun, rewards, competition, and storytelling) and brand app experiences. The study also examines the moderating effects of the so-called 4Rs of brand apps (reflex, reality, real place, and real communication) on brand app experiences. The study was conducted in groups of approximately 450 subjects. The study finds that gamification is positively related to brand app experiences, with fun and storytelling serving as motivating factors and having stronger effects on brand app experiences than other factors. Brand app users are more likely to seek fun and storytelling when using brand apps than other potential gamification sub-factors. The results suggest that companies should develop technologies to interact with customers, attract customers, and provide them with memorable experiences and fun.",app experience; application; Brand; brand app; Brand Application; consumer brand satisfaction; gamification; Gamification; marketing; Marketing Strategy; Mobile Communication,2019,28,10.1080/23311908.2019.1576388,Lee J.,Cogent Psychology,2-s2.0-85061315608
Gamification design: toward developing image perception scales for generation Z consumers,"Purpose: Drawing from the Personal Construct Theory, this study aims to analyze the impact of using gamified apps on user behavior by investigating the service-related images and individual preferences of Generation Z (GenZ) consumers, as these emerge from gamified applications in a tourism context. Design/methodology/approach: The repertory grid analysis (RGA) elicited the top elements that reflect GenZer perceptions in tourism from empirical studies in the UK and Greece. Generalized procrustes analysis was used to investigate the structure of the data for the creation of representative consensus biplots of the most important conceptual constructs to advance consumer decision-making modeling via gamification. Findings: As per different gamified app best-practices considered, the authors extract not only common perceptual elements (e.g. place informative aspects, exploration, lodgings, food/catering) but also different image components (e.g. virtual/interactive, business vs commercial traveling, entertainment, heritage/cultural informative aspects) from comparing UK with Greek GenZers’ responses. These extracted attributes are then presented in two dimensional charts, respectively, toward creating tourist perception scales. Research limitations/implications: Notwithstanding the wide availability of gamified apps, research on gamification design in tourism and hospitality is still in the early phase. This study demonstrates the need to identify and optimize the formation of different images among GenZers. It also highlights the advantageous nature of the proposed combination of procrustes analysis with the RGA. Originality/value: To the best of the authors’ knowledge, this research is among the first empirical ones toward creating scales for measuring tourist perceptions of GenZers coming from different consumer markets. It responds to scholars’ recent calls for better informing gamification design and improving contemporary consumer experience.",Best-practices; Gamification apps; Generalized procrustes analysis; Generation Z; Repertory grid analysis; Tourism marketing,2025,28,10.1108/IJCHM-12-2022-1616,Stylos N.,International Journal of Contemporary Hospitality Management,2-s2.0-105002147998
Effect of demographics on use intention of gamified systems,"Gamification has become an influential term in diverse fields ranging from education to systems development and marketing. The recent intensifying emphasis is attributable to enabling technologies and successful practical applications used for changing attitudes and increasing engagement. However, relevant academic studies are not wide-spread and this study aims to address this vital research gap. This study is structured to understand the factors affecting intention to use gamified systems and test whether they are affected by gender or age. An online survey study was conducted on a web-based gamified system (EmpireAvenue.com) and following a detailed screening process, a total of 168 fully complete questionnaires were attained. The theoretical model employed was developed upon technology acceptance model (TAM) and modified to incorporate an intrinsic motivation element, namely the ""perceived enjoyment"" construct. According to the findings, age and gender moderate the relationships between usefulness, ease of use, perceived enjoyment and intention to use the gamified system.",Game Elements; Gamification; Gamified Services; PLS-SEM; TAM; Technology Acceptance; Technology Adoption,2018,27,10.4018/IJTHI.2018010101,Aydin G.,International Journal of Technology and Human Interaction,2-s2.0-85033399034
Gamification as transformative assessment in higher education,"Gamification in education is still a very new concept in South Africa. Being a 21st-century invention, it has already established itself in the world within the environs of the corporate market, marketing, training and the social world. This article will first discuss gamification (and all its other designations) and its applications in general; thereafter, the focus will be on the application of gamification within the environment of education, and more specifically with an emphasis on assessment. The burning question for South Africa is whether gamification can enhance a module or course on the level of higher education so much that an educational institution cannot do without it anymore, knowing that we are working with students belonging to the ‘Digital Wisdom generation’. This article would like to open the way for the implementation of gamification as a transformative online assessment tool in higher education.",Assessment; Education; Gamification; Higher education,2017,27,10.4102/hts.v73i3.4527,Oliver E.,Hts Teologiese Studies Theological Studies,2-s2.0-85029628884
Developing the e-commerce competency for entrepreneurship education from a gamified competition,"Fierce competition in the global economy has accelerated the evolution of e-commerce and the emergence of digital transformation. It also challenges both industry and higher education. In particular, e-commerce skills have become a critical capability of entrepreneurship education. Based on the dynamic capability theory, this study explores e-commerce competency on the basis of gamified e-commerce competition – the Yahoo E-commerce Idea Competition (ECIC). This paper aims to develop C2C e-commerce competencies and explore how these competencies relate to e-commerce performance. We invited participants from the Yahoo ECIC to participate in our survey. Exploratory factor analysis identified four C2C e-commerce competencies: e-marketing strategy, live streaming, operational management, and strategic planning. Stepwise regression analysis also showed that four e-commerce competencies contribute to e-commerce performance. Our findings provide theoretical and practical contributions to the analysis of gamified EC competition and creation of C2C EC competencies for entrepreneurship education.",Dynamic capability theory; e-commerce competency; Entrepreneurship education; Gamification design,2023,27,10.1016/j.ijme.2022.100737,Ho S.C.,International Journal of Management Education,2-s2.0-85146217038
Consumption as extended carnival on Tmall in contemporary China: a social semiotic multimodal analysis of interactive banner ads,"This article examines the multimodalities of banner ads in pervasive marketing and advertising. Departing from the “Double 11 shopping carnival” spectacle on Tmall, this paper conducts a social semiotic and multimodal analysis of banner ads in the Chinese context. As the investigation of the discursive construction process shows, banner ads on Tmall take advantage of human interactivity, intentionality, persuasion and value creation to increase online sales as part of a gamification process while such modalities enhance consumers’ shopping experience and sociality. This article provides a synthesis of social semiotics, multimodal analysis and interactivity to guide our analysis of advertising in e-commerce. We argue that apart from traditional marketing strategies, Tmall has extended and obscured the rebellious notion of carnival and used it as a corporation-led strategy to create new cultural forms that encourage spending. This is in line with the rising consumerism in the Chinese society. Our findings will be useful for researchers conducting interdisciplinary studies of multimodal analysis and social semiotics, media and communications as well as advertising and marketing, with a focus on an increasingly globalised China.",China; consumption; e-commerce; interactive banner ads; multimodal analysis; Social semiotics,2022,27,10.1080/10350330.2020.1720992,Chen Z.T.,Social Semiotics,2-s2.0-85129473158
"Can a multi-level intervention approach, combining behavioural disciplines, novel technology and incentives increase physical activity at population-level?","Background: Despite a global call for action and growing burden of non-communicable diseases (NCD) associated with physical inactivity, effective interventions to increase community-wide physical activity (PA) remain few. NCDs accounted for 80% of Singapore’s disease burden (2015) and yet 40% of Singaporeans did not meet minimum recommended weekly PA despite evidence of the benefits to cardiorespiratory health, diabetes and cancer prevention. Methods: A large-scale public health intervention was initiated in 2015 to increase population-level PA through incidental daily walking. Intervention components included fitness trackers, redeemable rewards and gamification, implemented in a mutually-reinforcing manner within an eco-system supportive of PA and informed by real-time data analytics. Mean daily step count at baseline and post-intervention were compared across periods, and the influence of participant sub-groups characteristics on overall results, using significance tests. Standards for Reporting on Implementation Studies (StaRI) were adhered to. Results: Intervention reach increased fourfold from 129,677 participants in wave 1 (2015–16) to 690,233 in wave 3 (2017–18) amounting to a total of 1,184,410 Step Challenge participations. Mean days of fitness tracker use increased from 2.4 to 5.0 days/week among participants completing the Challenge in wave 1 and from 5.3 to 6.0 days/week in wave 3. The mean number of daily steps between pre-Challenge and Challenge periods increased by 4163 (sd=1360; p< 0.001) in wave 1, by 2242 (sd=334; p< 0.001) in wave 2 and by 1645 steps/day (sd=54; p< 0.001) in wave 3. Mean daily step increases between wave 1 and 3 also suggest that incidental PA was maintained, a finding supported by a 2017 national population survey showing that incidental PA among adults increased from 5% in 2010 to 14% in 2017 while moderate-intensity PA increased from 5 to 10% over the same period. Conclusion: Population-level PA was effectively increased through multi-level interventions integrating technology, behavioural economics, gamification, marketing, communications and community linkages within a supportive context- and climate-appropriate environment. Responsive data analytics were instrumental to strengthen implementation by tailoring modalities that maximise effectiveness at population-level. Further analyses are needed to explore potential barriers, challenges or unmet needs in sub-groups with lower uptake to tailor future interventions for greater reach and impact.",Implementation science; Modifiable risk factor; Natural experiment; Non-communicable diseases; Physical activity; Southeast Asia; Wearable technology,2021,27,10.1186/s12889-020-10092-x,Chew L.,BMC Public Health,2-s2.0-85099258119
Design of services in servitized firms: gamification as an adequate tool,"Purpose: This paper aim to propose a model of analysis that justifies gamification as an adequate tool to improve the design of services through the human centered design (HCD) methodology. Design/methodology/approach: The present study is a conceptual contribution. Based on the information provided by the academic literature on the design of services, HCD and gamification, the suitability of the proposed model is justified to help the servitized companies to improve the design of their services. Findings: There is a gap in the academic literature about how a servitized company develops its service design process; consumers demand experiences through services; involving consumers in the co-creation of value and co-design of services can guide servitized companies to achieve success with servitization; gamification is an effective tool as a relational marketing strategy. Research limitations/implications: The review of the literature carried out in this paper provides a solid theoretical basis for future researchers in the area of servitization, service design and relational marketing. However, given the conceptual nature of the research, it is necessary to validate empirically the proposed model. Practical implications: The proposed model can be useful as a reference for manufacturing companies to guide their servitization process. The study extends the debate on how to integrate the design of services by presenting a model of development based on gamification. Originality/value: Having knowledge of the end-user is essential throughout the service design process and gamification can be achieved as a HCD technique.",Gamification; Human-centered design; Service design,2020,26,10.1108/JBIM-12-2018-0413,García-Magro C.,Journal of Business and Industrial Marketing,2-s2.0-85076796086
A marketing approach to a psychological problem: Problematic smartphone use on adolescents,"Background: Smartphones have become an indispensable part of the daily lives of adolescents in the 21st century, which is characterized by a highly digitized modern world. Besides their many advantages, smartphones might pave the way to compulsive usage and addictive experiences. To remedy this problem, this study proposes an authentic approach which integrates consumer behavior theories and techniques such as unhook and gamification. An education program has been designed based on these approaches to decrease the problematic smartphone use. Method: The participants of the education program consisted of 305 students (48.2% girls and 51.8% boys) with a mean age of 14.57 (SD = 0.74). The Demographic Form and Smartphone Addiction Scale for Adolescents (SASA) were conducted before the education program and three weeks after the education. Results: The results of the paired sample t-test analysis before and after the education program revealed that the SASA total scores decreased significantly (p < 0.01). There are significant differences in terms of gender, mothers’ education and class levels. Conclusion: This research emphasizes the role of an interdisciplinary approach to the addiction problem. The content used in the education program includes strategies that originally aimed at increasing consumption. The effectiveness of the program can be enhanced further in the future along with self-regulatory additions.",Adolescence; Gamification; Marketing; Problematic smartphone use; Unhook,2020,26,10.3390/ijerph17072471,Ertemel A.V.,International Journal of Environmental Research and Public Health,2-s2.0-85083023102
Effects of Gamified Mobile Apps on Purchase Intentions and Word-of-Mouth Engagement: Implications for Sustainability Behavior,"In today’s competitive environment, stimulating and maintaining customer engagement through gamified apps seems essential for gaining a sustainable competitive advantage. Consequently, gamification in marketing apps has garnered increased attention from companies interested in exploring how gaming processes and experiences can be utilized to create more engaging digital platforms. The objective of this study is to examine how consumer experiences and satisfaction with mobile gaming apps influence their purchase intentions and propensity to participate in word-of-mouth (WOM) communication. A total of 351 study participants who have used gamified mobile apps completed an online survey. The study results indicate that user experience with the gamified mobile apps has a positive influence on consumers’ perceived value and satisfaction. Furthermore, perceived value and satisfaction mediate the relationships between gamified mobile app experience and marketing outcomes, specifically purchase intentions and WOM communication. The implications for sustainable behavior are also discussed.",customer satisfaction; gamified mobile apps; purchase intentions; sustainability behavior; WOM,2023,26,10.3390/su151310506,Doğan-Südaş H.,Sustainability Switzerland,2-s2.0-85165001539
"Every Step Counts: Understanding the Success of Implementing the 10,000 Steps Project","The 10,000 Steps program originated from a landmark whole-of-community multi-strategy intervention to increase physical activity (PA) in Rockhampton, Australia in 2001-2003. It used a social ecological framework to promote physical activity at the individual, population, environmental and policy level. Two of the fundamental aspects of the original program were goal setting (10,000 steps per day) and self-monitoring (use of a pedometer for daily step counts). A project website (www.10000steps.org.au) allowed registered participants to record their physical activity. Over time the program morphed into an e- & mHealth intervention without face-to-face elements. The program is now delivered via website and smartphone apps and employs activity trackers (pedometers, Fitbit, Garmin). To date the project has signed-up over 425,000 members who have logged 221 billion steps (?43 million a day) on the website or app. More than 14,000 workplaces and community organisations have been involved with the program. A central element of the program, the 'Workplace Challenge' has been used by ?65% of 10,000 Steps members, which on average increases physical activity by 159 min/week for those who participate in it. In 2011, the Queensland Government designated the 10,000 Steps program as their key physical activity workplace health promotion strategy. Multiple factors underpin the success of the program. The message is simple and clear: the project name, with its distinctive logo and tagline ('Every Step Counts') provides a clear and prescriptive target for the physical activity 'dose'. Using effective behaviour change techniques: goal setting (the 10,000 Steps concept), self-monitoring (steps are tracked), social support (participants organise as 'teams' to reach certain step goals) and gamification (teams competing against each other creating 'friendly competition'). Ongoing redevelopment: since inception, there have been three complete redesigns of the website (including a branding redesign), and new smartphone apps. More recently, the website was modified to allow syncing of steps using popular activity trackers. Resources to support implementation: the program provides resources (e.g. 'Active Workplace Guide') and has dedicated staff to respond to queries from workplaces and individuals to help overcome implementation barriers. Project staff continuously promote the program via media interviews, attendance at events, social media and marketing, advertising, and networking and collaboration. Ongoing evaluation has contributed to continuous funding: to ensure the program remains successful in a fast-changing technology environment, continuous evaluation has been necessary. These evaluation strategies, the success of the original project and the strong partnership with the program funder (Queensland Health) have all contributed to the long-term (19 years) support for the project.",Activity Tracking; App; Dissemination; Implementation; Internet; Online; Pedometer; Physical Activity; Real-world; Smartphone; Walking; Web,2020,26,10.3233/SHTI200003,Vandelanotte C.,Studies in Health Technology and Informatics,2-s2.0-85081137204
Designing gamification for geometry in elementary schools: insights from the designers,"Popularly used in marketing and business, gamification has been gaining interest in educational contexts for its potential to invigorate otherwise mundane or difficult processes. A gamified environment transfers motivational elements of games to learning activities thereby engaging learners in the learning task thus transforming dull classroom environments to smart ones. This paper presents the design process of a gamification intervention in geometry at elementary level, based upon Huang and Soman (Gamification of education. Research report series: behavioural economics in action, 29. Rothman School of Management, University of Toronto, Toronto, 2013) model. We describe how insights from various sources helped us to refine an intervention previously used in one school. The design focuses on gamifying the tangram, an unplugged resource, through incorporating game-based elements of leader boards, points/stars and challenge levels to motivate young learners individually and in teams. Cognitive and motivational scaffolding undergird five challenge levels to bring affordances to self and social elements for learner participation in increasingly complex geometry tasks. There are limited theoretical models to guide educational researchers, especially ones that do not require digital resources. This paper presents our insights and recommendations to support scaffolded learning in student-centred gamified learning environments.",Elementary mathematics; Gamification design; Geometry; Researcher insights; Scaffolding; Smart learning environments; Unplugged resources,2021,26,10.1186/s40561-021-00181-8,Kamalodeen V.J.,Smart Learning Environments,2-s2.0-85121463755
In-game advertising and brand purchase intentions: an SOR perspective,"Purpose: This study aims to examine the effects of in-game advertisement congruity, interactivity and intrusiveness on gamers’ attitude towards advertising and purchase intention towards advertised brands based on the stimulus-organism-response (SOR) model. Design/methodology/approach: This study uses a structured online questionnaire to collect the data from 311 gamers aged between 18 and 35 years. This study examines mediation using bootstrapping. Findings: This study authenticates the appropriateness of the SOR model in predicting the advertised brand purchase intentions. The results of this study indicated that attitude has a significant mediating role in the relationship of advertisement congruity, interactivity and intrusiveness with advertised brand purchase intentions. The results further revealed that this mediation was partial for all three relationships. Practical implications: The outcomes of the study are expected to benefit researchers and scholars to identify future research directions and thereby extend current know-how on gamification in general and in-game advertising in particular. The study findings will hold significance for marketers, advertisers and media planners too. By bringing out specific allied issues connected with in-game advertising, this study will help these stakeholders to plan their marketing campaigns in an efficient manner leading to higher traction and return on investment. Originality/value: This study provides a new perspective to comprehend the purchase intention of gamers for brands advertised in online games through mediation by applying the underpinnings of the SOR model.",Bootstrapping; Congruity; In-game advertising; Interactivity; Intrusiveness; SOR model,2024,25,10.1108/GKMC-02-2022-0050,Anubha ,Global Knowledge Memory and Communication,2-s2.0-85130984364
Encouraging Sustainable Consumption through Gamification in a Branded App: A Study on Consumers’ Behavioral Perspective,"Gamification, an innovative tool for interacting with consumers that can be seen as a new trend in marketing, could enhance customer behavior, such as greater loyalty. This paper investigates the relationship between gamification, attitude, and customer behavioral intention. Using the Starbucks branded app as the tool, this study aims to identify the influencing factors of the app from a gamification perspective (achievement, challenge, rewards) on customer engagement, perceived playfulness, attitude, and behavior. The Technology Acceptance Model and Mechanics Dynamics Emotions were employed, using perceived playfulness as an intrinsic motivation of the Technology Acceptance Model. The subjects of this study were 581 customers in Taiwan who have used the Starbucks branded app. The primary data were gathered to test the hypothesis and propose a model. The findings showed that game elements have a positive influence on customer engagement and perceived playfulness. Gamification positively enhances customer engagement on the Starbucks branded app and creates joyful emotion and sustainable consumption. Thus, the game element positively affects subsequent behaviors, such as attitude and behavioral intention.",attitude; behavioral intention; customer engagement; game element; perceived playfulness,2023,25,10.3390/su15010589,Lin C.W.,Sustainability Switzerland,2-s2.0-85145898390
A Mixed-Methods Study of Marketing Students’ Game-Playing Motivations and Gamification Elements,"In this article, we examine the linkage between students’ game-playing motivations and a wide variety of gamification elements within higher marketing education. Using an interpretive and convergent mixed-methods design, we discover four clusters of students that vary in terms of their game-motivational bases and views on gamification elements. Social completionists want to study together with others and enjoy the social aspects of gamification. Highly motivated completionists could be described as ambitious students who enjoy social learning but are also internally motivated and willing to accept most gamification elements. Independent completionists want to immerse themselves in learning but prefer the individual and noncompetitive elements of gamification. Pure completionists are the “let’s get it done” group, who want to focus on completing their studies and are likely to be critical toward any gamification. We propose that higher education should take into account the differences in students’ game-playing motivations and fine-tune their gamification efforts to engage and motivate different kinds of students. Finally, we provide suggestions to marketing educators on how to consider the various motivational bases of the participants in gamified experiences.",cluster analysis; game-playing motivations; gamification; higher education; marketing education; mixed-method,2023,25,10.1177/02734753221083220,Jaskari M.M.,Journal of Marketing Education,2-s2.0-85129156234
Stakeholder engagement through gamification: Effects of user motivation on psychological and behavioral stakeholder reactions,"Purpose: The purpose of this paper is to research the role of stakeholder motivation in the context of gamification. The authors suggest, that a player’s motivation, is a key determinant of psychological engagement and subsequently, behavioral engagement. To examine stakeholder engagement through gamification, the authors propose a research model that links gamer types, i.e. a gamer’s motivation, with engagement and potential effects beyond the gamified content. Design/methodology/approach: Online survey with 90 active users of a gamified application, followed by a multiple regression analysis. Findings: The findings of the study suggest that a gamer’s typology, i.e. her underlying motivation, positively influences psychological stakeholder engagement toward gamified content and indirectly behavioral stakeholder engagement toward the communication instrument (i.e. the app) itself. The findings suggest that particularly gamified content that targets a person’s need toward achievement is a key driver of behavioral engagement toward an application. Thus, gamer types seem to be a good predictor for engagement on the part of stakeholders. Research limitations/implications: This research provides first empirical evidence about the effectiveness of gamification of mobile service apps and the critical role of stakeholder engagement. However, several limitations have to be noted: first, the study was conducted with only a single mobile app which targets only a specific audience and which only conveys specific types of gamified content. Second, given the small sample size and sampling approach the findings should be interpreted with care in respect to its reliability, validity and robustness. Third, as only a fraction of the variance of behavioral engagement was explained by the research, future studies should investigate additional variables that drive app usage (e.g. perceived informational value). Practical implications: When talking about the role of dialogue in the process of establishing good and lasting relations between an organization and its stakeholders, the non-rational (e.g. emotions) forces of engagement are often disregarded. The human drive to play can be a powerful door opener in that process. The paper suggests that engaging in stakeholder relations through gamification might be as effective as the standard way of dialogue and two-way-symmetrical communication. Especially potential stakeholders who lack the interest and motivation for information seeking, can be attracted to the organization in such a manner. Social implications: Many studies that focus on engagement in the digital realm look to Twitter, Facebook, etc. in order to study company-stakeholder relationships. Thereby, the importance of many other digital media, especially games, is neglected. However, within gamified apps, small social networks form, which are driven by other forces (such as play), than in the aforementioned. Originality/value: The present study contributes to research in the area of stakeholder engagement in the following way: even though engagement is widely believed to play a vital role in the process of building stakeholder relationships, research in the field of PR focuses mainly on the behavioral aspect of engagement. The results suggest to pay more attention to psychological antecedents in order to understand what drives engagement.",Communication technologies; Electronic media; Marketing communications; Stakeholder management,2018,25,10.1108/JCOM-12-2016-0096,Seiffert-Brockmann J.,Journal of Communication Management,2-s2.0-85040807956
"Utilitarian and Hedonic Values of Gamification and Their Influence on Brand Engagement, Loyalty, Trust and WoM","This research investigated the impact of gamification's utilitarian and hedonistic measurements on consumer brand engagement, loyalty, and WoM marketing outcomes. The data collection process was carried out in India using online and offline distribution of questionnaires. 231 forms were received, with 22 being eliminated due to inconsistencies, such as the identical answers to all questions, resulting in 209 responses acceptable for the research. PLS-SEM with using SEMinR, the hypotheses were tested. Results indicate that hedonic values are more successful in changing customer behaviour rather than utilitarian; the findings show that hedonic value exists in components that lead to brand loyalty and word-of-mouth. The study highlights the mediation effect of brand engagement, implying that while brand engagement is a required element for brand loyalty, it may be indifferent to achieving word-of-mouth. Brand engagement is more significant in promoting WoM than brand loyalty.",Brand Engagement; Brand Loyalty; Brand Trust; Gamification; PLS-SEM; SEMinR; Word-of-Mouth,2025,25,10.1016/j.entcom.2024.100868,Singh Y.,Entertainment Computing,2-s2.0-85201614711
Fun Shopping: A Randomized Field Experiment on Gamification,"Gamification utilizes game-like features to engage participants, widely implemented in a variety of contexts. Such an IT-enabled engagement strategy serves as a marketing device to boost sales and customer loyalty. This study focuses on two significant game elements (i.e., badges and leaderboards) that promote consumer motivations and social comparisons. To qualify the impacts, we conduct a randomized field experiment at one of the largest shopping malls in Asia. In the experiment, we contrast the two elements against coupons regarding various shopping outcomes. A two-period design (consisting of the treatment and posttreatment periods) identifies the long-term behavior changes after the treatment removals. The main results suggest that badging and leaderboarding promote sales by 21.5% and 22.5% in the treatment period, respectively, whereas couponing delivers a more potent effect of 31.7%. In the posttreatment period, the gamification impacts remain significant compared with the baseline, but the influence of couponing fades out. Besides, the additional analyses document the salient heterogeneous treatment effects across demographics. We further discover the substantial differences in the within-group heterogeneity across the treatments. Specifically, badging is a balanced tool for attracting the general public, whereas leaderboarding is a double-edged sword that could encourage self-reinforcing or self-banishing. Finally, gamification brings more explorations that lead to additional sales and engagements. Overall, the robust results can be translated into actionable strategies to utilize gamification proactively.",badge; gamification; heterogeneous treatment effect; leaderboard; location-based technology; randomized field experiment,2023,25,10.1287/isre.2022.1147,Ho Y.J.I.,Information Systems Research,2-s2.0-85146376544
Gaming attribute preferences in social marketing programmes: Meaning matters more than rewards,"Purpose: There is growing evidence that serious games can be an effective tool in social marketing programmes. Although multiple (serious) game attribute frameworks exist, there is limited knowledge about which game attributes are applicable for sensitive social marketing issues. This research aims to fill this gap by compiling a taxonomy of game attributes for serious games based on the existing literature and investigating which of the game attributes users prefer in the context of an alcohol programme targeted at adolescents. Design/methodology/approach: Three serious games were administered to a sample of adolescents as part of a larger trial. Game feedback data from 640 participants are coded and compared using the synthesised classification taxonomy of reward-based and meaningful game attributes. Findings: Meaningful game attributes are more frequently preferred than reward game attributes across all three serious games. Research limitations/implications: This study examined serious games targeting only one specific context (alcohol) in one market segment (Australian adolescents) on one gaming platform (online). Practical implications: This study proposes that meaningful game attributes are more important than reward game attributes when designing serious games for (alcohol) social marketing programmes. Nevertheless, social marketers must also recognise that reward-based game attributes are important attributes, as they are essential for making and motivating gameplay. Originality/value: This research is the first social marketing study that provides insight into game attributes which are preferred by users of serious games or gamified technology in social marketing programmes.",Gamification; Gaming attributes; Serious games; Social marketing; Taxonomy,2018,24,10.1108/JSOCM-06-2017-0038,Dietrich T.,Journal of Social Marketing,2-s2.0-85044024893
"ARG (Alternate Reality Games). Contributions, Limitations, and Potentialities to the Service of the Teaching at the University Level","Education's gamification has represented an opportunity to boost students' interaction, motivation and participation. ARG (Alternate Reality Games) offer a new highly immersive tool that can be implemented in educational achievements. One of the strongest points of these immersive games is based on applying the sum of students participating efforts and resources (so called collective intelligence) for problem resolution. In addition, ARG combine online and offline platforms a factor that improves the realism on the game experience. In this regard, this present work aims to summarise ARG potentialities, limitations and challenges of these immersive games in higher and further education context. In terms of methodology, this research draws from an appropriate theoretical corpus and, analyses the educational potential of AGR that, in fields like marketing or corporate communication, has already started successfully, but it has still not been studied in depth in education. This study compiles, also, best practices developed in several subjects and academic degrees all around the world and not easily traceable. It concludes that, given the antecedents, potentialities and the exposed analysis, the possibility of incorporating alternate reality games into the university teaching practice in the frame of an educational strategy that determines its aims and more suitable system of evaluation, has to be considered.",Co-creation; Collective intelligence; Competences; Creativity; Game-based learning; Gamification; Higher education; Immersive games,2015,24,10.3916/C44-2015-15,Piñeiro-Otero T.,Comunicar,2-s2.0-84961077902
Gamification in Tourism: A Design Framework for the TRIPMENTOR Project,"In this paper, we discuss the gamification strategies and methodologies used by TRIPMENTOR—a game-oriented cultural tourism application in the region of Attica. Its primary purpose is to provide visitors with rich media content via the web and mobile environments by redirecting travellers, highlighting points of interest, and providing information for tour operators. Gamification is a critical component of the project; it relates users to specific sites and activities, improves their visiting experiences, and encourages a constant interaction with the application through a playful experience. In TRIPMENTOR, gamification serves both as a tourism marketing strategy and as a tool for encouraging users to share their experiences while exploring Attica in a way designed to meet their personal needs, interests, and habits. This paper aims to describe and analyse the gamification mechanisms applied, following the Octalysis framework, and discuss the opportunities and challenges of gamification as a tourist marketing strategy.",design; gamification; mechanics; Octalysis model; tourism; TRIPMENTOR,2022,24,10.3390/digital2020012,Roinioti E.,Digital,2-s2.0-85137323849
Exploring consumer purchase intention in cross-boundary retail alliances with gamified OMO virtual-physical fusion services,"The emergence of digitalisation and COVID-19 have induced notable lifestyle changes. For example, contactless online-offline engagement remains popular even after the reopening of physical venues. This demand has led organisations to advance their technologies via gamification and improve customer experiences and involvement. Hence, this study examined how retail store cross-boundary alliances and gamified marketing methods impact the implementation of online-merge-offline (OMO) virtual-physical fusion services from customers' viewpoints. An evaluation model was developed by integrating Chou's eight-core Octalysis framework for gamification and decision-making approaches. Furthermore, an online survey performed in Taiwan generated 550 valid responses. The empirical data were subsequently analysed with DEMATEL to determine the interconnections among evaluation indicators and construct an influential network relation map (INRM). The indicators' influence weights were ascertained via DANP. Unpredictability (Unp) was ranked first, followed by avoidance (Avo), epic meaning (Epi), scarcity (Sca), empowerment (Emp), social influence (Soc), ownership (Own), and accomplishment (Acc). Both Acc and Unp were the most and least significant factors, respectively. Optimal gamified marketing approaches positively influenced customers' repurchase intentions, shopping experiences, and retail loyalty. Overall, retail stores seeking to apply cross-boundary alliances and gamified marketing methods can benefit from the empirical outcomes to incorporate efficient OMO virtual-physical fusion services.",Digital experience; Gamified marketing; Multiple attribute decision analysis; Retail stores; Virtual-physical fusion,2024,23,10.1016/j.jretconser.2023.103698,Tsai P.H.,Journal of Retailing and Consumer Services,2-s2.0-85181238651
The moderating effect of environmental gamification on the relationship between social media marketing and consumer-brand engagement: A case study of Ant Forest Gen Z users,"Social media marketing plays a relevant role in the brand promotion of enterprises owing to its advantages of rapid and diversified communication with consumers. The Chinese Internet enterprise Alipay launched Ant Forest as a mobile application with gamified social functions, bringing consumer-brand engagement. Ant Forest provides a variety of gamification functions (e.g. point, leaderboard, badge, task and teamwork) to encourage users to participate in environmental protection and public welfare activities. These gamification mechanisms, combined with the spread of social media, have realised the co-creation of user brand value. In the current study, 305 Gen Z users of Ant Forest were surveyed through an online questionnaire, and the data analysis was conducted using the partial least squares structural equation modelling (PLS-SEM) method. This study indicates that the four elements of entertainment, trendiness, customisation and word-of-mouth in social media marketing have statistically significant direct effects on the consumer-brand engagement in Ant Forest. In addition, gamification shows a significant positive moderating effect on the relationship between customisation and consumer-brand engagement and a significant negative moderating effect on the relationship between trendiness and consumer-brand engagement in Ant Forest. This study adds gamification to the conceptual system of social media marketing and provides suggestions for the development of gamified social media marketing applications.",Ant forest; Consumer-brand engagement; Gamification; Social media marketing,2024,23,10.1016/j.heliyon.2024.e25948,Huang M.,Heliyon,2-s2.0-85187267418
How can gamified applications drive engagement and brand attitude? The case of nike run club application,"This research aims to analyze the feasibility of gamified applications as a tool to promote engagement and brand attitude. To accomplish this, this research was developed using a quantitative methodology. A confirmatory factor analysis (CFA) was performed and the model hypotheses were tested by a structural equation modeling (SEM). A questionnaire was applied to Portuguese consumers who use the “Nike Run Club” application, from which 203 valid responses were received. The results confirm the influence of social circles and their impact on the intention to interact with the brand. For theoretical contributions, this research contributes to the existing literature and academic knowledge in the areas of marketing and gamification, providing a suggestion for the TAM model to be used in this type of research. It also contributes to a better understanding of the relationship between gamification and marketing, demonstrating that the use of gamified applications as engagement tools can have a positive impact on the brand attitude. On the practical side, it contributes as a consultation tool for brands, application designers, and marketers when defining engagement strategies, allowing a better understanding of the factors that may or may not influence the public’s relationship with the brands and what dynamics they should use in the development of new Gamified marketing solutions.",Brand attitude; Companies; COVID-19; Engagement; Gamification; Marketing; Mobile apps,2021,23,10.3390/ADMSCI11030092,Rodrigues I.,Administrative Sciences,2-s2.0-85116023002
Impact evaluation of a cycling promotion campaign using daily bicycle counters data: The case of Cycling May in Poland,"The promotion of active and sustainable transport modes as an alternative to motorised individual transport has become a key policy priority in Europe, to reduce air pollution, road congestion, noise, traffic injuries, and the adverse health outcomes of sedentary lifestyles. Policymakers are implementing a wide range of measures to encourage this shift in attitudes and behaviours. These interventions are most valuable when targeting children and young people, as they weigh in habit formation and result in longer term benefits. More specifically, soft transport policies include measures like informational and educational campaigns, marketing techniques, personalized services and incentives. Among this type of policies, the gamification approach based on a competition mechanism and relative reward is applied to promote cycling behaviour, especially directed towards children. In this study we evaluate the Cycling May policy, a wide campaign aimed at promoting commuting to school by bicycle and implemented in several cities in Poland, and targeting schoolchildren and their families. We apply a quasi-experimental design based on observed daily bicycle counts on bicycle lanes in the targeted city of Gdansk and in a control city, over a three-years period. Estimates from a difference-in-difference panel regression show that the policy generated a 18% average increase in daily bicycle traffic. Despite the positive estimated effect during the intervention, our findings suggest that the behavioural change is not sustained after the intervention ends, consistently with findings from similar research.",Active transportation; Cycling intervention; Difference-in-differences; Policy impact evaluation; Quasi-experimental method; Soft transport policy,2022,22,10.1016/j.tra.2022.08.017,Biondi B.,Transportation Research Part A Policy and Practice,2-s2.0-85137170841
Exploring the Role of Gamification in the Online Shopping Experience in Retail Stores: An Exploratory Study,"Online retail shops increasingly implement gamified marketing strategies to enrich consumers’ online experience and increase engagement. This study aims to evaluate the ludic experience of consumers in online retail stores and the role of gamification and game mechanics in changing the online shopping experience. It seeks to assess, through a qualitative methodology, based on an exploratory study approach obtained through 30 interviews with Portuguese consumers, whether consumers have playful experiences when shopping in online retail shops and whether the introduction of game mechanics changes this experience by generating co-creation. The results show that online shopping can be playful and generate positive emotional benefits. However, gamification in online retail shops is not guided by a co-creation process, nor do game mechanics create greater online consumer engagement. There is a need to review how gamification is introduced in online retail shops, and strategies should be designed to co-create experience value and brand co-creation. This study is original, as it contributes to developing knowledge about gamification in the context of the online retail experience. Studies on this topic are scarce, and this study contributes to filling that gap.",co-creation; ecommerce; gamification; marketing; online retail experience; online shopping,2023,22,10.3390/socsci12040235,Lopes J.M.,Social Sciences,2-s2.0-85153742558
Strong tie or weak tie? Exploring the impact of group-formation gamification mechanisms on user emotional anxiety in social commerce,"Customers can raise various aspects of concerns and anxieties during their participation in gamified social mobile marketing campaigns. To gain insights into how to address these anxieties, this research explores the impact of group-formation gamification mechanisms on users’ emotional anxiety and their intentions to participate in such campaigns. A research model depicting group-formation gamification strategies, user anxieties and participation intentions in gamified social mobile marketing campaigns was proposed and examined through experiments involving 232 participants, which were triangulated by electroencephalogram (EEG) tests and follow-up interviews. The results of this study showed that compared with weak-tie group-formation mechanisms, strong-tie mechanisms can result in a lower level of user emotional anxiety, including reductions in user manipulation anxiety, user privacy anxiety and social image anxiety, which in turn led to higher user intentions to participate in the gamified social mobile marketing campaign. Moreover, it was found that user gender and disposable incomes had significant moderating effects on user anxiety during their interactions with the campaign.",gamification; intention to participate; Social mobile marketing campaign; strong tie; user emotional anxiety; weak tie,2022,20,10.1080/0144929X.2021.1917661,Li M.,Behaviour and Information Technology,2-s2.0-85105126681
Library collections promotion for preadolescents using social media marketing strategies,"Purpose: This study aims to explore preadolescents' opinions of the social media marketing strategies hosted by libraries to promote collections. Design/methodology/approach: An experimental Facebook page was created with posts containing interesting animations, games and book recommendations. A questionnaire survey was administered to 262 preadolescents between 11 and 13 years old to seek their opinions about the posts, and confirmatory factor analysis was used to measure their acceptance of the marketing strategies. Findings: The authors examined the effects of five marketing strategies: word-of-mouth marketing, buzz marketing, event marketing, viral marketing and gamification marketing. In terms of sharing, word-of-mouth marketing proved the most popular, followed by buzz marketing. Participants were least accepting of viral marketing. The authors found that gamification marketing resulted in higher engagement than did event marketing. The preadolescent participants preferred engagement marketing strategies over information sharing strategies. Originality/value: According to the uses and gratification theory, preadolescents seek, share and engage with information in ways that differ from other age groups. With specific reference to hedonic engagement by preadolescents, the authors built a two-fold model to describe the information-seeking behaviors of preadolescents from the perspective of marketing strategies. The study findings indicate that librarians who use Facebook to promote library collections should first employ gamification and word-of-mouth marketing to build trust with preadolescent users. Event and buzz marketing will then be more effective when applied within the context of this trust.",Children's digital library; Confirmatory factor analysis; Information engagement; Information seeking; Library promotion; Social media service,2022,20,10.1108/LHT-03-2020-0073,Wu K.C.,Library Hi Tech,2-s2.0-85106273428
Consumers’ Behavioral Willingness to Use Green Financial Products: An Empirical Study within a Theoretical Framework,"In an era marked by the expansion of the Internet economy and the intensification of environmental concerns, the convergence of digital finance and green finance has emerged as a significant global trend. China’s Alipay Ant Forest, an innovative green financial product, has successfully quantified carbon emission reductions resulting from users’ green consumption patterns, establishing the first carbon account-based green financial product and pioneering an innovative “green finance plus gamification” model. However, the academic literature has not fully explained the underlying mechanisms that drive consumer engagement with such green financial products. This study, motivated by the academic question of what factors influence consumers’ willingness to use green financial products, employs Ant Forest as a case study and develops a novel structural equation model based on self-determination theory, customer-perceived value, and the technology acceptance model. The model incorporates user type as a control variable and considers autonomy, gamification, and bonuses as key independent variables, with customer-perceived value serving as a mediating variable. Data collection involved 606 participants, enabling a comprehensive analysis of the factors influencing users’ willingness to engage with green financial products. The findings support the proposed hypothesis, identifying several significant predictors of users’ willingness to use green financial products, with the exception of age. This study advances the theoretical understanding of consumer behavior towards green financial products by integrating self-determination theory, customer-perceived value, and the technology acceptance model, while also offering practical insights for marketing strategies. It explores the interface between digital finance, environmental sustainability, and consumer behavior, highlighting opportunities for financial institutions to leverage Internet applications to promote green financial services and enhance their marketing approaches to influence consumer adoption.",Ant Forest; consumer behaviors; customer-perceived value; green financial products; TAM,2024,20,10.3390/bs14080634,Xie X.,Behavioral Sciences,2-s2.0-85202496293
Gamification as a new trend in the co-creation process,"Purpose: Interaction through the use of social media, smartphones, and online games is increasingly growing. Regarding games, it is estimated that part of the population spends more than 12 hours a week in interactions provided by online games. In this context, the objective of the present research is to study and deepen the connection between co-creation and gamification applied to the services sector. Originality/value: This research aims to contribute to the gap reduction in the existing literature in the areas of gamification and co-creation applied to the services sector. The fact that the research is applied to a peripheral region of Europe and to a different business sector contributes to a better understanding of the relationship established between gamified co-creation and the business sector in these types of regions. It also helps companies in the process of developing and implementing new strategies. Design/methodology/approach: By using a qualitative methodology, seven interviews were carried out in different companies located in Portugal and operating in the services sector. Findings: This research will allow a better understanding of the Portuguese business world and if this corporate environment is ready to work with new methodologies. It was possible to point out some good practices related to the implementation of a gamified co-creation methodology, as well as to provide an alert for the negative aspects that may arise when working under this approach. Companies acknowledge that the adoption of a gamified co-creation methodology brings some advantages and increases their competitiveness levels in the market.",Co-creation; Companies; Gamification; Marketing; Peripheral region,2021,19,10.1590/1678-6971/ERAMR210132,RODRIGUES I.M.F.M.,Revista De Administracao Mackenzie,2-s2.0-85109049365
Analysis of collective human intelligence for diagnosis of pigmented skin lesions harnessed by gamification via a web-based training platform: Simulation reader study,"Background: The diagnosis of pigmented skin lesion is error prone and requires domain-specific expertise, which is not readily available in many parts of the world. Collective intelligence could potentially decrease the error rates of nonexperts. Objective: The aim of this study was to evaluate the feasibility and impact of collective intelligence for the detection of skin cancer. Methods: We created a gamified study platform on a stack of established Web technologies and presented 4216 dermatoscopic images of the most common benign and malignant pigmented skin lesions to 1245 human raters with different levels of experience. Raters were recruited via scientific meetings, mailing lists, and social media posts. Education was self-declared, and domain-specific experience was tested by screening tests. In the target test, the readers had to assign 30 dermatoscopic images to 1 of the 7 disease categories. The readers could repeat the test with different lesions at their own discretion. Collective human intelligence was achieved by sampling answers from multiple readers. The disease category with most votes was regarded as the collective vote per image. Results: We collected 111,019 single ratings, with a mean of 25.2 (SD 18.5) ratings per image. As single raters, nonexperts achieved a lower mean accuracy (58.6%) than experts (68.4%; mean difference=-9.4%; 95% CI -10.74% to -8.1%; P<.001). Collectives of nonexperts achieved higher accuracies than single raters, and the improvement increased with the size of the collective. A collective of 4 nonexperts surpassed single nonexperts in accuracy by 6.3% (95% CI 6.1% to 6.6%; P<.001). The accuracy of a collective of 8 nonexperts was 9.7% higher (95% CI 9.5% to 10.29%; P<.001) than that of single nonexperts, an improvement similar to single experts (P=.73). The sensitivity for malignant images increased for nonexperts (66.3% to 77.6%) and experts (64.6% to 79.4%) for answers given faster than the intrarater mean. Conclusions: A high number of raters can be attracted by elements of gamification and Web-based marketing via mailing lists and social media. Nonexperts increase their accuracy to expert level when acting as a collective, and faster answers correspond to higher accuracy. This information could be useful in a teledermatology setting.",Basal cell carcinoma; Crowdsourcing; Dermatoscopy; Diagnosis; Experimental; Games; Melanoma; Nevi; Skin cancer; Skin pigmentation,2020,19,10.2196/15597,Rinner C.,Journal of Medical Internet Research,2-s2.0-85078952851
How hand gestures influence the enjoyment in gamified mobile marketing,"With the rapid development of mobile technologies, gamification has been deployed pervasively on mobile platforms as an effective marketing tool. In this study, we focus on how mobile gesture technology influences consumer enjoyment of mobile marketing games by examining two types of hand gestures: surface and motion gestures. Considering the characteristics of hand gestures and embodied cognition theories, we propose that hand gestures influence the enjoyment of mobile marketing games with two other game elements: object visual presentation and reward setting. Specifically, the interaction between surface gesture (vs. motion gesture)and the object visual presentation of a real product picture (vs. symbolic brand logo image)leads to greater enjoyment of marketing games through mental simulation. Similarly, the interaction between motion gesture (vs. surface gesture)and reward setting of uncertainty (vs. certainty)leads to greater enjoyment of marketing games through perceived control. Three online experiments are conducted to support the proposed hypotheses. Results provide implications for marketing practitioners that hand gesture design should be aligned with congruent object visual presentation and reward setting in order to enhance consumer enjoyment of mobile marketing games. This study contributes to the extant literature of gamification, as well as human-computer interaction.",Enjoyment; Game design; Gesture interaction; Mental simulation; Perceived control,2019,19,10.1016/j.ijhcs.2018.09.010,Xi W.,International Journal of Human Computer Studies,2-s2.0-85054423213
How gamification affects online shopping behavior: An approach with youngsters (aged 16–30),"Online shopping has grown in popularity over the past few years, particularly in the context of COVID-19. Gamification is also progressively emerging as an ideal means to boost motivation and encourage community engagement. This study attempts to identify the variables influencing young Vietnamese people’s willingness to adopt gamification and its impact on their buying habits in order to suggest practical solutions for business marketing initiatives. The study uses a quantitative research approach with simple random sampling (n = 230). The number of valid samples officially included in the study is 288 as a consequence of the survey results. The results suggest that the following elements significantly impact the intention to adopt gamification: favorable circumstances, effort expectations, social influence, and performance expectations. These have a 54.1 percent impact on gamification acceptance intent and a 29.6 percent impact on online shopping behavior. Finally, the study’s findings are used to make various suggestions to improve gamification’s effectiveness in marketing activities.",customer behavior; e-marketing; gamification; online shopping behavior,2023,18,10.1080/23311975.2023.2256076,Tien Minh D.,Cogent Business and Management,2-s2.0-85171839437
Online Gaming and OTT Consumption: An Exploratory Study of Generation Z,"This research proposes that Generation Z’s gaming personality can help predict their over-the-top (OTT) consumption behavior. Via a qualitative study (Study 1), we first explore Generation Z’s online gaming and OTT consumption pattern. In Study 2, which is quantitative, we use Tseng's gamer classification scale. Our findings show an association between the gamer type and the type of OTT content consumed. Consumers with aggressive gamer personalities have a higher tendency to watch crime and horror content. Social gamers watch more action & adventure and comedy content, while inactive gamers watch romance and drama.",gamification; marketing; online gaming; OTT; personality; promotion,2022,18,10.1080/10496491.2021.2008576,Nigam A.,Journal of Promotion Management,2-s2.0-85120317079
When Students are Players: Toward a Theory of Student-Centric Edu-Gamification Systems,"The idea that games impact learning is not new to pedagogy. Within the last decade, there has been an increased use of games for higher education, social engagement, marketing, and business training. When used within a higher education setting, a gamification system does not operate within a vacuum, but rather is imbued with and embedded in the learning content of the course. So, to thoroughly understand the system’s impact on learning outcomes, we must consider how the learning content within the system and the instructor’s behaviors might impact student motivation to use the system and thus the outcomes of use. A gap in knowledge exists regarding how to include these aspects in the examination of the phenomenon. This gap is addressed through the presentation of a Theoretical Model of Student-Centric Edu-Gamification Systems. Additionally, references are provided for established empirical instruments that can be adapted to operationalize the proposed model. Taken together, these contributions set the stage for both practitioners and academics to engage in research toward the development of student-centric educational gamification systems.",Game-based learning; Gamification; Learner-centered education; Student learning; Technology acceptance model (TAM),2021,17,,Barber C.S.,Journal of Information Systems Education,2-s2.0-85103316399
Incorporating gamification into website design to facilitate effective communication,"Gamification is not simply a temporary trend but would result in huge changes in life, education and marketing. Under the trend, design researchers should focus on the importance of gamification and apply gamification in the improvement of effective communication. This study aims to apply gamification to website design for facilitating effective communication. Two experimental websites, including a gamification incorporated website and a no-gamification incorporated website, are constructed. Users are recruited to use individual websites. After the website experience, task questions, system usability scale, online questionnaire and retrospective thinking aloud are applied to collect user feedback. The data analyses reveal that ‘gamification incorporated website’ could not promote the usability of websites, while learnability, pleasure, engagement and satisfaction are enhanced. Overall speaking, applying gamification to websites could actually enhance communication efficiency. The gamification design guidelines are eventually proposed to assist future designers in constructing meaningful gamification design with communication efficiency.",effective communication; Game; gamification; website design,2020,17,10.1080/1463922X.2019.1645920,Hsieh H.,Theoretical Issues in Ergonomics Science,2-s2.0-85070812951
How gamified online loyalty programs enable and facilitate value co-creation: a case study within a sports-related service context,"Purpose: The aim of this paper is to gain insights from a case study into how gamified loyalty programs enable and facilitate value co-creation and what underlying purpose organizations pursue when engaging with members in such a program. Design/methodology/approach: A multimethod approach is deployed consisting of an observational and an explorative study. The authors collaborate with adidas, one of the leading (sports) retailers in the world. A five-month netnographic study is conducted on the adiClub, the online loyalty program of adidas. Based on the findings of this first study, semi-structured in-depth interviews were conducted in a second study with adidas managers from diverse backgrounds currently involved in projects and day-to-day work related to the adiClub. The exclusive interview data provide further insights and help interpret and validate the netnographic observations. Findings: Most value co-creation studies on engagement platforms in marketing relate to social media, physical events or online forums. Based on the multimethod approach of this study, existing research is extended on how online loyalty programs enable and facilitate value co-creation. Furthermore, the authors identify the organizational purpose behind engaging in value co-creation practices along the social, economic and ecological dimensions. Practical implications: This case study offers implications for organizations on how online loyalty programs enable and facilitate value co-creation through gamification. In addition, it connects the value co-creation practices with the respective purpose that organizations pursue with related activities. Hence, it further enhances the knowledge and repertoire of managers for setting up and running gamified online loyalty programs. Originality/value: Increased gamification driven by the advances of digital transformation enables and facilitates value co-creation, which initiates unprecedented digital sales potential for service organizations. Research about the digital transformation of value co-creation remains scarce. The authors seek to address this research gap by focusing on value co-creating activities within online loyalty programs.",Digital engagement practices; Gamified loyalty programs; Social practice theory; Triple bottom line; Value co-creation,2023,17,10.1108/JSTP-10-2022-0229,Dreher F.,Journal of Service Theory and Practice,2-s2.0-85164926699
The puzzle of experience vs. memory: Peak-end theory and strategic gamification design in M-commerce,"As businesses increasingly use gamified mobile marketing campaign (GMMC) systems to engage mobile shoppers, gamification in m-commerce systems warrants more attention in both IS research and design practices. Inspired by peak-end theory, this study focused on the puzzling differences between user experience vs. memory and empirically examined the impact of different experience orders of cognitive load on user perceptions and behavioral intentions. Overall, the outcomes of this research suggest that appropriate applications of the peak-end effect, moderated via users’ regulatory focus styles, can alleviate the negative mental utility imagery of users, reducing their perceived uncertainties and opt-out intentions from the GMMC. Important implications for research and practice are then discussed.",Gamification; Level sequence design; Mobile marketing campaign systems; Peak-end effect; Regulatory focus styles,2023,17,10.1016/j.im.2022.103749,Li M.,Information and Management,2-s2.0-85145964308
Unveiling personalized and gamification-based cybersecurity risks within financial institutions,"Gamification has emerged as a transformative e-business strategy, introducing innovative methods to engage customers and drive sales. This article explores the integration of game design principles into business contexts, termed “gamification,” a subject of increasing interest among both scholars and industry professionals. The discussion systematically addresses key themes, like the role of gamification in marketing strategies, enhancing website functionality, and its application within the financial sector, including e-banking, drawing insights from academic and industry perspectives. By conducting a systematic literature review of 48 academic articles published between 2015 and 2024, this study examines the use of personalized, gamification-based strategies to mitigate cyber threats in the financial domain. The review highlights the growing digitization of financial services and the corresponding rise in sophisticated cyber threats, including traditional attacks and advanced persistent threats (APTs). This article critically assesses the evolving landscape of cyber threats specific to the financial industry, identifying trends, challenges, and innovative solutions to strengthen cybersecurity practices. Of particular interest is the application of AI-enhanced gamification strategies to reinforce cybersecurity protocols, particularly in the face of novel threats in gaming platforms. Furthermore, the review evaluates techniques grounded in user behavior, motivation, and readiness to enhance cybersecurity. The article also offers a comprehensive taxonomy of financial services, categorizing cyber threats into game-based (e.g., phishing, malware, APTs) and non-game-based (e.g., social engineering, compliance issues) threats. AI-driven measures for prevention and detection emphasize regular security assessments, user training, and system monitoring with incident response plans. This research provides valuable insights into the intersection of gamification and cybersecurity, offering a forward-looking perspective for both academic researchers and industry professionals.",Artificial intelligence; Cyber security; Financial sector; Gamification; Prevention measures; User behavior,2025,17,10.7717/PEERJ-CS.2598,Shahzadi A.,Peerj Computer Science,2-s2.0-85219079261
How does gameful experience foster customer engagement and brand advocacy? Consumer insights into branding in e-tail,"Purpose: This study aims to examine the influence of gameful experience (GAMEX) on customer brand engagement in the context of e-tailing. Drawing on the self-determination and social learning theories, the authors have developed a comprehensive model incorporating cognitive, emotional and behavioral factors leading to brand advocacy and re-visit intention for the retail website. Design/methodology/approach: The data for this study were obtained from 715 customers across various e-tailing websites. This research uses both quantitative method (partial least squares structural equation modeling − PLS-SEM) and qualitative method (fuzzy set qualitative comparative analysis − fsQCA) to investigate the relationship between GAMEX and customer brand engagement in the e-tailing context, with a focus on the long-term outcomes of brand advocacy and re-visit intention. Findings: The PLS-SEM results indicate a significant impact of GAMEX on customer brand engagement. In addition, the findings reveal the moderating role of fear of missing out, internet self-efficacy and technoeustress in the association among GAMEX, customer brand engagement, brand advocacy and re-visit intention. The findings from fsQCA support the results obtained from PLS-SEM and reveal four configurations for brand advocacy and five configurations for re-visit intentions. Originality/value: This research evaluates the impact of GAMEX on customer brand engagement using a mixed-method approach involving qualitative and quantitative procedures. This study offers valuable insights into the design of gamified marketing activities and current practices for fostering greater engagement.",Brand advocacy; Customer brand engagement; FOMO; Gameful experience (GAMEX); Gamification; Re-visit intention,2025,17,10.1108/JCM-04-2024-6764,Malik G.,Journal of Consumer Marketing,2-s2.0-85216636518
Deep resource allocation for a massively multiplayer online finance of tourism gamification in metaverse,"We would like to develop an effective multi-user finance service for tourism gamification in the metaverse. Such a digital marketing is emerging and popular in the tourism industry. With our proposed financial service for the tourism gamification, the users can easily pay ordered commodities on the virtual stores around the virtual sightseeing spots in the metaverse. Note that the shopping commodities from the virtual stores will be delivered to the users from the real store. Such a convenient payment experience during the tour can also promote tourism industry in the real world. In addition, to remedy the computing resource scarcity, we propose an efficient computing resource allocation technique based on the neural network for the mobile computing scenario. Experimental results show that this method can make the technology of smart contracts more extensible for the game platforms, instead of the limited web-based methods and traditional transactions.",Blockchain; Deep learning; Massively multiplayer online finance; Resource allocation; Tourism gamification,2023,16,10.1007/s40558-023-00267-8,Chu C.H.,Information Technology and Tourism,2-s2.0-85171594769
Patterns among 754 gamification cases: Content analysis for gamification development,"Background: Gamification is one of the techniques that applies game elements, such as game mechanics and dynamics, to a nongame context (eg, management, education, marketing, and health care). A variety of methodologies have been published for developing gamification. However, some of these are only usable by people with a certain level of gamification knowledge. People who do not have such knowledge face difficulty in using game mechanics and experiencing enjoyment. To ease their difficulties, a gamification methodology should provide directions for using game mechanics. Objective: This study aimed at collecting global gamification cases and determining patterns or differences among the collected cases. Methods: In total, 754 cases were collected based on 4F process elements, such as play type, playful user experience (PLEX)–based fun factors, and game mechanics. In addition, the collected cases were classified into 6 categories. From the data analysis, basic statistics and correlation analyses (Pearson and Kendall) were conducted. Results: According to the analysis results in PLEX-based fun factors, challenge and completion fun factors formed a large proportion among the 6 categories. In the results of the game mechanics analysis, point, leaderboard, and progress accounted for a large proportion among the 6 categories. The results of the correlation analysis showed no difference or specific patterns in game mechanics (Pearson r>.8, Kendall τ>.5, P<.05) and PLEX-based fun factors (Pearson r>.8, Kendall τ>.7, P<.05). Conclusions: On the basis of the statistical findings, this study suggests an appropriate number of PLEX-based fun factors and game mechanics. In addition, the results of this study should be used for people who do not have gamification knowledge and face difficulty using game mechanics and PLEX-based fun factors.",4F process; Game mechanics; Gamification; Gamification correlation analysis; PLEX,2018,16,10.2196/11336,Park S.,Jmir Serious Games,2-s2.0-85056552437
The Pokémonisation of the first moment of truth,"The gamification of retail, helped essentially by the development of augmented reality, is hailed today as being the reverser of declining retail sales trends. With the rapid expansion and adoption of the Pokémon Go augmented reality game, there is a dire need to understand the true implications of this game app on brands and retailers alike. Given that studies on the risks attributed to the actual gamification of augmented reality are still scarce, this paper establishes an early understanding on this subject and expands the discussion on the potential negative implications of the commoditisation of augmented reality. Based on an exploratory qualitative design whereby 24 experts in the marketing field were interviewed, this study develops the currently narrow theoretical and practical understanding of how these apps could affect retailers. In sum, the study proposes a pioneering direction on the likely negative implications that gaming platforms such as Pokémon Go could have on the first moment of truth.",Augmented reality; Consumer engagement; Pokmon go; Retailing; Shopper marketing,2017,16,10.1504/IJWBC.2017.084417,Ramadan Z.B.,International Journal of Web Based Communities,2-s2.0-85020387910
Gaming and luxury brands: love and hate,"Purpose: The purpose of this exploratory study is to identify the antecedents of brand hate in respect to luxury brand gamification marketing activities. Design/methodology/approach: Five gamified product placements characterized by the ad hoc design of luxury co-branded virtual and/or physical products were selected for the research study. Content analysis was used to identify patterns and classify negative comments shared online into categories. Findings: A content analysis of the negative comments (n. 2,321) related to the perception toward gamification of luxury fashion in videogames revealed the following seven domains: monetization of the game; promotion of inappropriate behavior; unethical placement; games commodified by brands; predatory monetization; perceived incongruence; poor product performance. Research limitations/implications: The exploratory research study revealed how the perception of gamification activities trigger negative emotions toward luxury fashion brands. It was significant that many of these emotions fall within the antecedents of brand hate. Practical implications: Luxury companies and game developers need to be aware and manage the antecedents of brand hate in respect to luxury brand gamification activities in videogames. Moreover, luxury brands need to consider customers’ influencing behavior via online word-of-mouth and the potential to impact attitudes and behaviors of other consumers toward brands. Originality/value: The ethics of gamification within a marketing context have largely escaped inquiry. The study provides evidence that luxury brands need to align the fundamentals of luxury brand management in the digital world of gaming.",Anti-consumption; Brand hate; Digital assets; Gamification; Gaming; Luxury brands,2024,15,10.1108/JBS-05-2023-0086,Guzzetti A.,Journal of Business Strategy,2-s2.0-85164353008
Gamifying the process of innovating,"Gamification is a new, rapidly growing trend impacting many areas of business such as learning and marketing. It has also been predicted to revolutionise the process of innovating. However, there have been very few examples of gamification supporting the innovating process within the academic literature. The starting point for this thought piece is whether this prediction can ever be fulfilled. We intend to open a discussion about the ways in which gamification and innovating may intertwine and how the mindset and the toolset of gamification can support the process of innovating. In particular, we showcase and review a set of examples of gamifying innovating activities from both research and practice. Coupling this review of practice with academic evidence from innovation literature, we highlight some gaps and explore potential directions for further research.",Gamification; innovating process; innovation; innovation management,2020,15,10.1080/14479338.2019.1642763,Shpakova A.,Innovation Organization and Management,2-s2.0-85088138552
"Advancing retail and service strategies: AI-driven consumer behavior prediction, gamification, and ethical marketing","This study addresses the research gap in understanding the combined effects of AI-driven predictive analytics on consumer personalization accuracy, engagement via gamification, and ethical governance in retailing and consumer services. The objective is to examine how predictive analytics enhances personalization and ROI, how gamification drives engagement, and how ethical challenges (e.g., privacy, bias) can be governed responsibly. Employing a convergent mixed-methods design, the study combines quantitative analysis of consumer data (n = 3900) with multi-case studies of Spotify, Netflix, and Amazon. Findings reveal that AI significantly improves personalization (β = 0.42, p < 0.001) and campaign ROI (R<sup>2</sup> = 0.18), while gamification increases engagement by satisfying psychological needs. Ethical risk mitigation through frameworks such as the EU AI Act is demonstrated. Practical implications highlight actionable strategies for ethical AI adoption. Limitations include reliance on secondary qualitative sources and non-probability sampling; future research should explore probability samples and cross-cultural validation. This research contributes an integrated technical, psychological, and ethical framework, advancing theory on consumer trust and responsible innovation in retailing and consumer services.",AI; Ethics; gamification; Personalization; predictive analytics; Retailing,2026,15,10.1016/j.jretconser.2025.104558,Tran M.T.,Journal of Retailing and Consumer Services,2-s2.0-105017441532
How Can Cities Build Their Brand through Arts and Culture? An Analysis of ECoC Bidbooks from 2020 to 2026,"Recognizing the vital role of a positive city image in attracting stakeholders, urban officials are increasingly implementing cultural branding strategies to establish and highlight their city’s distinct character. Culture, essential in urban development, shapes identity and local economy, encouraging social cohesion and sustainability. According to existing research, strategies for branding places—and cities in particular—through arts and culture include associating them with a famous personality (such as Barcelona’s perceived connection with Gaudi), flagship buildings (like Paris with the Eiffel Tower) and hallmark events (as exemplified by Cannes and its Film Festival). The European Capital of Culture awarded annually by the European Union, which associates a city with a good cultural reputation, was a favorable starting point for this research. Fourteen EcoC Bidbooks brought forward by candidate cities bidding for the title within the 2020–2026 time frame were analyzed in order to investigate essential components of city branding. The study delves into aspects such as perceived image of European Capital of Culture candidates, problems behind this perceived image and ideal city image, revealing recurrent themes that define cultural European cities today. In addition, the research identifies new strategies that complete Ashworth’s list (such as culture tailored to a particular natural environment, alternative spaces turned into culture hubs, artistic transportation, historical moments and movements, culture gamification, grassroots culture, culture thematization, highlighting the cultures of minorities, cultural fusions and embracing local folklore and mythical creatures). This helps bridge a gap in the specialized literature on cultural place branding. The study’s originality extends to the analysis of Ecoc Bidbooks as a sum of cultural branding strategies proposed by the candidate cities. Each Bidbook is in fact a cultural vision of the city under optimum financial circumstances, thereby carrying a significant weight in the realm of research.",arts marketing; branding; city branding; cultural events; cultural management,2024,15,10.3390/su16083377,Ciuculescu E.L.,Sustainability Switzerland,2-s2.0-85191373219
Understanding how gamification influences consumers’ dietary preferences,"Purpose: Nutritional disorders and unhealthy nutrition, which are recognised as the causes of many widespread health problems (overweight, obesity, diabetes, cardiovascular disease, cancer, etc.) have emerged as a significant problem that requires resolution. The purpose of this study is to influence dietary preferences and to reduce current health issues by using gamification as a social marketing tool. To this end, the decision-making processes affecting food choices in individuals based on calorific content were evaluated and the effectiveness of gamification in encouraging consumers to make lower-calorie choices was examined. Design/methodology/approach: An experimental design was used to determine the effect of gamification on the dietary preferences of consumers. An independent factorial design (between groups) in which multiple variables were tested with different subjects was used to test the factors that were thought to affect the food choices made by the participants from gamified and non-gamified menus. Findings: In Study 1, menus (gamified vs non-gamified) and nutritional consciousness (low vs high) had a significant main effect on the total calorie count of the selected foods. In Study 2, menus (gamified with prices vs non-gamified with prices) had a significant main effect on the total calorie count of the selected foods, while nutritional consciousness (low vs high) did not. A significant interaction was observed between menus and nutritional consciousness. Practical implications: Gamification can be used as an important publicity tool for promoting public health using different influential factors such as price. Originality/value: This study shows that people can change their food preferences positively through gamification. It shows further how people tend to evaluate the price of their food rather than the calorie count when making dietary preferences. Gamification can, therefore, be considered a promising social marketing tool for improving public health.",Dietary preferences; Gamification; Nutrition consciousness; Price; Public health; Social marketing,2021,15,10.1108/JSOCM-09-2019-0137,Ögel Aydın S.,Journal of Social Marketing,2-s2.0-85100053143
It’s not all fun and games: gamification in e-commerce on consumers’ impulse buying of retail food products,"Purpose: This study aims to look into the role of gamification as an effective marketing tool to engage with consumers and influence purchase behaviours. As there are a plethora of gamified elements, it is crucial to determine which of them can significantly facilitate consumer purchase behaviour. Therefore, a unique stimulus–organism–response (SOR) framework which encompasses four popular gamified elements (i.e. fun, rewards, competition and badges) was employed to investigate consumers’ engagement. Design/methodology/approach: An online survey was utilized to collect the data which yielded 307 responses. Subsequently, partial least squares-structural equation modeling (PLS-SEM) was used to analyse the data. Findings: Among the gamification elements assessed in this study, fun was revealed to be the strongest facilitating antecedent of shopping engagement. However, reward was revealed to have an insignificant effect on shopping engagement. In addition, it was found that consumers undergo a processual development with regard to their impulse buying of retail food products. More precisely, shopping engagement is a significant facilitator of customer satisfaction which subsequently motivates impulse buying. Originality/value: This is among the pioneering studies to provide detailed insights into the effect of different gamified elements on consumer engagement. Furthermore, a number of practical and theoretical implications for the relevant stakeholders were discussed.",Consumer behaviour; e-commerce platforms; Gamification; Impulse buying; Retail food products; Stimulus-organism-response,2025,14,10.1108/BFJ-04-2024-0361,Lim S.Y.,British Food Journal,2-s2.0-85214837317
The role of gamification in enhancing consumer engagement at expositions through self-determination theory,"Purpose: This study aims to investigate the role of gamification in enhancing user engagement and behavioral intentions in tourism expositions. By integrating self-determination theory (SDT) with gamification concepts, the research seeks to understand how intrinsic motivations – such as competence, relatedness and autonomy – along with extrinsic factors like knowledge gain and social support, influence participants’ intentions to purchase tourism products and engage in word-of-mouth (WOM) communication. Design/methodology/approach: This study uses a quantitative research design, utilizing data collected from participants at various tourism expositions in Taiwan. A combination of exploratory and confirmatory factor analyses was used to validate the measurement scales. This study analyzed the moderating effects of knowledge gain, social support and prior travel experiences on these relationships. Findings: The results confirm that intrinsic motivations of competence, relatedness and autonomy significantly enhance the gamified experience, positively influencing purchase intentions and WOM intentions. This study also reveals that knowledge gain and social support further strengthen the effectiveness of gamification in stimulating self-determination needs. Moreover, a favorable gamified experience can improve the perception of tourism expos, increasing tourists’ likelihood to purchase and recommend products. Originality/value: This research contributes to the limited literature on gamification in tourism by demonstrating its effectiveness in enhancing consumer engagement and behavior. The study provides a novel perspective by integrating SDT with gamification strategies and highlighting the critical role of knowledge gain and social support as crucial elements in gamification design. The findings offer practical insights for tourism expo organizers and related enterprises, suggesting that well-designed gamified experiences can significantly enhance tourism marketing efforts’ immediate and long-term success.",Gamification; Gamified experience; Self-determination theory; Tourism App experience; Tourism exposition,2025,14,10.1108/JSM-08-2024-0423,Yeh H.,Journal of Services Marketing,2-s2.0-105004765776
Understanding customer attitude toward advergames: an extended TAM approach,"Purpose: Advergames have attracted the attention of scholars and practitioners as a new way of increasing customer engagement and advertising effectiveness. Gamified ads provide an exciting and persuasive environment for customers rather than non-gamified advertisements. Despite the growing spending on advergames projects, the understanding of customer attitude regarding advergames has received less attention and there are not enough studies about advergames. Therefore, the purpose of the current study is to design a novel TAM-based model of determinants of customer attitudes toward advergames to enhance customer engagement and purchase intention. Design/methodology/approach: To obtain this end, the mixed method was applied. In the first step, the main determinants of customer attitude towards advergames were identified by a literature review as well as semi-structured interviews. In the second step, the proposed technology acceptance model (TAM)-based model was validated by survey method through players of advergames. A total of 15 interviews were conducted in the qualitative phase and 102 completed questionnaires were analyzed in the survey method. Findings: The results of the qualitative approach indicate that the main determinants of attitude towards advertisements can be classified into three categories, which are added to TAM as external variables. The results of the survey approach reveal that advertising content and game-related factors have a significant positive effect on perceived ease of use (PEOU). The advertising content and player-related factors also significantly affect perceived usefulness (PU). PU and PEOU also positively and significantly affect customer attitude. The findings show that the new TAM-based model can be considered as a robust model for explaining customer attitude toward advergame acceptance. Research limitations/implications: The research findings can assist digital marketers to have a big picture of customer attitudes regarding advergames and implement these innovative digital-enabled advertising strategies successfully. The findings further suggest considering marketing/advertising aspects and game-related aspects as well as individual factors to design advergames. Originality/value: Advergames have become one of the priorities for digital marketers to enhance brand awareness and customer engagement, yet there is no study identifying determinants of attitude by considering multi-aspects of advergames. The most important theoretical contribution of the current study is to design a new extended TAM-based model which integrates behavioral variables (PEOU and PU) with factors related to the advergames context.",Advergames; Customer attitude; Gamification; Technology acceptance model (TAM),2023,14,10.1108/AAM-01-2022-0001,Jami Pour M.,Arts and the Market,2-s2.0-85165157548
Attitudes towards gamification advertising in Vietnam: a social commerce context,"Recognising the rapid growth and enormous potential of gamification and social media advertising in today's digital age, along with the increasing popularity of social commerce (s-commerce), especially in emerging markets, this study analysed attitudes towards gamification advertising in the Vietnamese s-commerce context. This study followed a quantitative approach by conducting interviews with 386 users who interacted with gamification advertising on s-commerce platforms in Vietnam. The empirical results indicate that perceived gamification in advertising (as measured by the experience of gamification ads) has a significant positive indirect effect on attitudes towards advertising via hedonic and utilitarian values. In addition, this study experimentally verified the impact of the prominent characteristics of s-commerce (interactivity, personalisation, and privacy concerns) on both the gameful experiences of ads and attitudes towards advertising in the s-commerce market. Our research has meaningful implications for marketers and social networking platform developers, in that marketers should be more proactive in gamifying advertisements to improve customer attitudes towards them. For social networking platform developers, it is essential to develop optimal algorithms to enhance the interactivity of the platform by taking advantage of a database to generate relevant advertising recommendations for users.",attitudes towards advertising; Gamification; gamification advertising; s-commerce advertising,2024,14,10.1080/0144929X.2023.2190812,Nguyen H.H.,Behaviour and Information Technology,2-s2.0-85150692520
"An acceptance model for sports technologies: the effects of sports motivation, sports type and context-aware characteristics","Purpose: This study explores the drivers behind sports technology use and identifies the need for a new conceptualization of sports technology adoption. To address this issue, the authors create a new construct, “context-awareness,” with four dimensions: tracking, coaching, sharing and gamification. Design/methodology/approach: The paper uses a mixed-method approach, including in-depth interviews and partial least squares structural equation modeling. The proposed model combines technology acceptance frameworks with the Sports Motivation Scale and a novel context-awareness scale. It is empirically tested with a diverse sample of 600 respondents to identify use-intention differences according to sports motivation and sport types. Findings: The paper reveals group differences in sports type (dynamic vs nondynamic) and sports motivation (intrinsic vs extrinsic) regarding sports technology use. It also suggests that perceived technology characteristics mediate the relationship between context-aware features and intention to use. Originality/value: This research introduces a new construct of “context-awareness” into the literature on new technology acceptance. The proposed model combines insights from information systems, sports science, sports marketing and sports medicine to explain the adoption of complex technology.",Coaching; Gamification; Partial least squares structural equation modeling (PLS-SEM); Sports motivation; Sports type; Unified theory of acceptance and use of technology (UTAUT2); Wearables,2022,14,10.1108/IJSMS-03-2021-0060,Oc Y.,International Journal of Sports Marketing and Sponsorship,2-s2.0-85124222476
Editorial: Perspectives on advancing the advertising field for academics and practitioners. Celebrating 40 years of the International Journal of Advertising,"This special issue celebrates the 40th anniversary of the International Journal of Advertising. Nineteen articles from prominent authors cover advertising topics and look at the past, present and most importantly, the future of advertising research, offering extensive suggestions for future research. The issue covers four themes: Looking back at the advertising discipline through four decades, societal and policy issues in advertising, advertising in the digital age, and looking forward in search for future issues that should be studied. A broad variety of topics, theories and methods are covered, such as sustainability communication, diversity and inclusion, privacy issues, advertising ethics and surveillance, vulnerable target groups, CSR advertising, cause-related advertising, health care advertising, international advertising, the artificial intelligence ecosystem, branded content, influencer marketing, virtual, augmented and extended realities, gamification, the academic-practitioner divide, multidisciplinary research, setting up solid and relevant advertising research, and urgent topics for advertising research.",advertising research; future research topics; research history,2023,13,10.1080/02650487.2022.2131279,De Pelsmacker P.,International Journal of Advertising,2-s2.0-85139974624
Expanding the magic circle–gamification as a marketplace icon,"This article explores the gamification trend sweeping the globe promising increased engagement and motivation, in practically any industry, context and culture, based on a stratagem of “game design elements in non-game contexts,” which is its most quoted definition [Deterding, Sebastian, Miguel Sicart, Lennart Nacke, Kenton O'Hara, and Dan Dixon. 2011. “Gamification–Using Game-Design Elements in Non-Gaming Contexts.” Paper presented at the CHI EA “11 proceedings of the 2011 annual conference extended abstracts on Human Factors in Computing Systems, Vancouver, BC, May 7–12.]. The rise of gamification as marketplace icon is examined and particularly claims that position gamification as the manifestation of a wider societal transformation into playful societies–a “ludic turn.” Many of these grandiose statements are the result of ahistoricity and ambiguity regarding the definition of gamification. Based on game philosophy, game studies and gamification research this article posits gamification as an emergent perspective, as distinct conceptualisation, on the rule-driven organisation of sociotechnical management systems that reference “games.” Of particular importance is the role of rules. Examples such as Frequent Flyer Programmes and Foursquare are analysed according to the player/consumer positions they bestow, which are explored from participatory, co-creational, critical and game philosophical perspectives. Conclusively, a “gameful” perspective of rule-generated goal-oriented behaviour, or “playful” perspective of instinctive and limitless fun, shed two challenging perspectives on the interpretation of gamification in the marketplace.",gameful; Gamification; gamified marketing; marketing games; marketplace icon; play; rule-based behaviour,2018,13,10.1080/10253866.2017.1361153,Dymek M.,Consumption Markets and Culture,2-s2.0-85027836089
Four pillars of gamification,"Gamification is the main trend in modern media, business processes and public communications. The consulting company Gartner, the world leader in the study of the market of information technologies, for example, confirms this fact by its ""Hype cycle-2012"" graphic of representation the maturity, adoption and social application of specific technologies. Why exactly this technology has become the focus of the players in the digital age of communication? Is it fortuity or regularity? Is gamification only a marketing instrument to ipulate consumer behaviour, as it seems to its opponents? Maybe gamification is one of responses to the modern socio-cultural needs, according to its apologists? What are the prospects for further development of this phenomenon? These are the questions we tried to answer by means of system analysis. We considered gamification in the context of the general concept of ""game"", on the one hand. On the other hand, we entered gamification into the motivation system of main communication processes participants, to which gaming technology and mechanics were applied. © IDOSI Publications, 2013.",Game; Gamification; Interactivity; Screen-phenomenon; Virtuality,2013,13,10.5829/idosi.mejsr.2013.13.sesh.1427,Volkova I.I.,Middle East Journal of Scientific Research,2-s2.0-84879464872
The role of personal dexterity and incentive gamification to enhance employee learning experience and performance,"This paper aims to develop a concept of incentive gamification for organizations in the digital era. Incentive gamification is an incentive-based policy using the game pattern. This policy aims to improve performance of employee who works in the marketing department of such e-commerce as an online marketer. This study involves 104 female employees. Data were collected using questionnaire and analysed using regression analysis. The results show that there was a significant positive effect between personal dexterity on learning experience and individual performance. Furthermore, incentive gamification was also proven to moderate the relationship between personal dexterity, learning experience and also employee performance. Theoretical and managerial implication, as well as future research directions are also discussed.",Incentive gamification; Individual performance; Learning experience; Personal dexterity,2022,12,10.1007/s10111-021-00664-1,Adhiatma A.,Cognition Technology and Work,2-s2.0-85100330781
Success with Agile Project Management: Looking back and into the future,"We show what the influential factors and practical strategies are that contribute to agile project management success. The research model comprises three people-related factors (personal characteristics, team capability, and customer involvement), three technological factors (gamification, artificial intelligence, and marketing intelligence), and one dependent variable (agile project management success). Based on 143 questionnaire responses, our findings reaffirm the positive impact of personal characteristics and customer involvement while challenging the roles of gamification and team capability, suggesting that their effects are more context-dependent than previously thought. Our findings also highlight that agile project management success depends on the interplay between remote work and team capability, with strong team skills being highly important for agile methodologies, especially in traditional office settings.",Adaptiveness; Agile project management; Critical success factors; Project strategy,2025,12,10.1016/j.jss.2025.112428,Koudriachov C.,Journal of Systems and Software,2-s2.0-105000271701
Virtual Immersive Platforms as a Strategic Innovative Destination Marketing Tool in the COVID-19 Era,"The aim of this research was to address the issues in virtual-reality technologies and gamification within the context of immersive technologies. The author drew together, in a hybrid methodology, the principles of virtual touring and online training, as these need to be understood by destination and tourism professionals. The emphasis was on the utility of innovative multimedia and multimodal technological tools for modern content creation, which led to an online training process for travel agents, the role of gamification and how a virtual platform could be developed to promote a tourism destination during the COVID-19 pandemic. The author based the research on a case study of an immersive platform of a Greek destination and on the degree of the user response to the virtual technology and content. The study also included a comparison between two platforms: one using conventional content and one using multimedia content. The author methodologically used VAR models to describe the cogeneration process of multiple variables over time to investigate the relationships between these variables. The results led to a preference for immersive platforms, which can be a guide for corresponding platforms that are concerned with the promotion of destinations.",destination; gamification; immersive environment; strategy; tourism; virtual reality,2022,12,10.3390/su141912867,Varelas S.,Sustainability Switzerland,2-s2.0-85139965893
When Ethical Transgressions of Customers Have Beneficial Long-Term Effects in Retailing: An Empirical Investigation,"The conventional wisdom, grounded in deontological ethics, is that retailers should extinguish unethical customer behavior. However, there exists an opposing teleological view that unethical behavior may be tolerated if its ultimate consequences are beneficial for all stakeholders. This is supported by a survey of retail managers conducted by the authors that revealed over 80% of the respondents are inclined to tolerate unethical customers whose actions have beneficial effects. The primary goal of this research is to investigate the boundaries of this teleological perspective, that is, whether ethical transgressions that appear to have negative short-term consequences for the retailer and other ethical customers can have beneficial longer-term consequences for all parties. We examine this question empirically with a longitudinal dataset, covering seventy weeks and over 48,000 accounts, from a popular Swiss online retailer. We focus on increased revenues and customer engagement as the benefit for the retailer. Our results show that customers registering multiple accounts in violation of the retailer's policy comprise fewer than 11.5% of accounts, yet generate more than 27.6% of the retailer's revenue. Specifically, their behavior leads to higher retailer revenues and greater engagement by other customers in the long-run. We discuss the implications of this insight for retailing managers as well as scholars.",Ethical transgression; Gamification; Marketing ethics; Online shopping; Unethical customer behavior,2017,11,10.1016/j.jretai.2017.09.005,Yang Z.,Journal of Retailing,2-s2.0-85030549880
Gamification on OTT Platforms: A Behavioural Study for User Engagement,"This study examines the consumer’s visual attention toward gamification options while watching the OTT (Over-the-top) online content. Also, the impact of gamification on user engagement (UE) on the OTT platform was studied using data collected by conducting an eye-tracking experiment and subsequently using a user engagement scale (UES). The study was carried out at the marketing and behavioural lab of a management institute in India using the OTT platform website and Tobii eye-tracker. Empirical data was collected from 52 respondents within the age group between 23 to 35 years. The relation between Attention to Gamification (AG), Reward Satisfaction (RS), and User Engagement (UE) were studied by running a mediating linear regression analysis. From the results, it was found that respondents were equally interested in watching the online content as well as ready to explore the gamification options. The research findings demonstrate that Reward Satisfaction (RS) acted as a mediating factor in the relation between Attention to Gamification (AG) and User Engagement (UE). This study adds to the literature on consumer engagement towards gamification on the OTT platform, where the literature is still limited. Future research could consider mobile apps as a platform to undertake the study. This study aimed to empirically test the effect of AG on UE with the involvement of RS as a mediator. The study is the first of its type to use eye-tracking data to understand the impact of gamification on the OTT platform.",Eye-tracking; Gamification; Ott (over-the-top); Reward; User engagement; Visual attention,2022,11,10.14569/IJACSA.2022.0130941,Suryavanshi K.,International Journal of Advanced Computer Science and Applications,2-s2.0-85139275754
Branding tourism destinations in the metaverse: insights from professionals and researchers,"Purpose: Having a brand has a great impact on the success of a destination or tourism business. The metaverse has introduced new opportunities for tourism marketing, playing a key role in destination branding. By offering interactive, immersive, and three-dimensional experiences, it strengthens connections with tourists, enhancing their loyalty to the brand. In the competitive tourism industry, destinations that establish a strong presence in the virtual space are more likely to succeed in the future. Metaverse tourism, with its ability to provide a virtual preview of travel experiences, creates a competitive advantage for destinations that adopt it. This technology increases tourist engagement with the destination, enhancing their satisfaction and loyalty. As a result, tourism destinations that consider the key components of branding in the metaverse will secure a larger share of the market. The major objective of this paper is to explore the branding components of tourism destinations in the metaverse. Design/methodology/approach: A qualitative method (triangulation method and themed analysis using MAXQDA software) was used to explore the components of destination branding in the Metaverse. Initially, in this research, related articles and podcasts in the field of the metaverse were applied. In the next step, the data was collected through a semi-structured interview with experts in the field of information and communications technology (ICT), tourism and Metaverse. Purposive sampling was used to gather data. To enhance the richness of the research findings, the netnography method was also employed. Findings: The findings of this research indicate that destination branding in the metaverse includes 13 main themes such as technology and infrastructure, laws and ethical principles, hyper-personalized, type of experience (Immersion), available attractions for tourists, local community (Avatars), fame and advertising, gamification, innovation, beyond the limits, sustainability, imagination, brand Influence. Utilizing these 13 components resulted in the development of a comprehensive strategy for branding tourism destinations in the metaverse. Practical implications: In today’s highly competitive tourism industry, adapting to technological changes and promoting destinations in digital spaces like the metaverse is essential for success. By focusing on key branding components identified in this study, tourism managers can create a competitive advantage for real-world destinations by offering a demo tour as an advertisement, which serves as one of these components, helping travelers make more informed and lower-risk decisions. This approach enhances customer satisfaction and strengthens brand loyalty. Effective application of these branding components will enable managers to secure a larger share of the virtual market and reinforce their competitive edge in both the virtual and real-world tourism markets. Originality/value: The originality of this paper is to explore and understand branding components of tourism destinations in the metaverse and can extend the literature review in the field of application of Metaverse in tourism marketing. In addition, this identification provides valuable insights for organizations and tourism authorities on which aspects require special attention when branding their destinations in the metaverse. By paying special attention to the identified components, they can purposefully promote and showcase their tourism destinations in the metaverse, attract more tourists, and increase tourism revenue.",Destination branding; Destination tourism; Gamification; Metaverse; Metaverse tourism,2025,11,10.1108/JTF-08-2024-0176,Ezzatian S.,Journal of Tourism Futures,2-s2.0-105004926960
Analysing the impact of gamification dynamics and e-WOM on impulsive buying,"Considering the development of cyberspace and the high influence of the internet in life and business, the investigation of emerging technologies and concepts appears essential. The purpose of applying new marketing methods is to use its capacity to influence behaviour. Modern methods are marketers' technological tools. The present research attempts to study the impact of gamification dynamics and the electronic word-of-mouth (e-WOM), on urge to impulsive buying. This research was conducted in Iran with a sample size of 1,820 people. In order to measure the research variables, the simulator of the online store was equipped with gamification designed for the Android operating system. The results of the research show that gamification dynamics, electronic word of mouth, and enjoyment exert a positive and significant effect on urge to impulsive buying. Among gamification dynamics, reward, status, self-expression, and altruistic behaviours have an effect on creating enjoyment, but competition and achievement have no positive and significant effect.",E-WOM; Electronic word-of-mouth; Gamification dynamics; Impulsive buying; Online impulse buying; Self-expression,2022,11,10.1504/IJPM.2022.119840,Aghdaie S.F.A.,International Journal of Procurement Management,2-s2.0-85122430074
“Testing is healthy” TimePlay campaign: Evaluation of sexual health promotion gamification intervention targeting young adults,"OBJECTIVES: The objectives of the study were to 1) describe the implementation of the “Testing is Healthy” campaign in four locations in British Columbia (BC) and 2) report process evaluation indicators for the campaign. PARTICIPANTS: Young adults ages 20–29 years, the age group with the highest reported rates of chlamydia and gonorrhea in BC. SETTINGS: Movie theatres located in Langley, Burnaby, Coquitlam and Surrey, which are communities served by the Fraser Health Authority (FHA) in BC. INTERVENTION: The FHA launched the campaign in 2014 and 2015 to bring down the prevalence of sexually transmitted infections (STIs) and HIV in the region. The campaign used the Cineplex TimePlay platform to engage moviegoers in answering STI/HIV-related questions, and to connect them to a clinic finder on the BC Centre for Disease Control Sex Smart Resource (SSR) website. TimePlay includes elements of gaming, is technology-based, and has been a successful advertisement platform for consumer products and services. However, this is the first time it has been used for sexual health promotion. The campaign was evaluated for 1) reach, based on theatre attendance and TimePlay participation, and 2) the effectiveness of connecting people to sexual health information using SSR web analytics. OUTCOMES: In total, the campaign received 548 410 views and 77 149 plays. SSR web analytics showed a significant increase in unique page views of the Clinic Finder page between the first and the second campaign. IMPLICATIONS: The campaign reached a large population at a low cost and was correlated with spikes in the unique page views for the Clinic Finder page.",Digital gaming; HIV; Public health; Sexually transmitted infections; Social marketing campaign; TimePlay; Young adults; Youth,2017,11,10.17269/CJPH.108.5634,Zhang Q.,Canadian Journal of Public Health,2-s2.0-85018842180
Mapping Gamification for Sustainable Urban Development: Generating New Insights for Tourism Education,"Although scientific literature already shows the connections between gamification, tourism and sustainability, there is still a gap in research into how gamification can transform cities into more playful, sustainable and intelligent tourism destinations. Gamification in tourism promotes engagement, education and innovation, enriching experiences and driving the development of smart destinations. This study advances this debate by employing a mixed methodology, combining a systematic review (supported by Rayyan, an artificial intelligence) and content analysis (supported by Iramuteq, a textual software, version 0.7 Alpha 2). Additionally, we used Dreamscape by Voyant Tools online for a geographical analysis of the textual corpus formed by n = 61 abstracts. The intersection of main findings from the techniques applied provides eight new insights on urban tourism education through gamification, which are as follows: (1) exchange between the Global North and South; (2) local and global participation; (3) collaborations to achieve the 17 SDGs; (4) improve urban destination marketing by ethics principles; (5) deepening disruption technology and ethics studies; (6) the transformation of reality by sciences; (7) gamification on interdisciplinary perspectives; and (8) the role of gamification on the tourism and hospitality industry. The results suggest that gamification in tourism can offer a new ontological approach to addressing sustainable urban development, highlighting both theoretical and practical challenges. This research has both theoretical and practical implications, advancing the concept of ecogaming by integrating technology, entertainment and sustainability, and reinforces its potential to educate and engage in sustainable urban tourism practices.",gamification; smart cities; sustainable development goals (SDGs); sustainable urban development; tourism education,2025,11,10.3390/tourhosp6010017,Fraga C.,Tourism and Hospitality,2-s2.0-105001145720
A Real-Time Bidding Gamification Service of Retailer Digital Transformation,"Real-time bidding (RTB), which holds bids for advertisers to choose when and where to display their advertisements with desired budgets, is one way to improve effectiveness. We proposed supply side platform (SSP) and demand side platform (DSP) to integrate supplier side and demand side as solution. The proposed method combines two digital technology service, gamified RTB and mobile location-based analysis (LBA). In order to make target customers make interactions actively with the advertisement contents, the idea of gamification is employed to increase customer participation. By the coupons in the gamifying RTB App, it have increased the coupon usage rate of 16.7% and 11.6% in the restaurant and apparel industries. It is a successfully digital transformation marketing service for retail industries. The gamified RTB plays an important role in making old business circles accept new technologies for the renewal of promotion strategies and help find the business directions in the future.",customer-centric service design; digital transformation; gamification; location-based analysis; real-time bidding,2022,11,10.1177/21582440221091246,Kao C.Y.,Sage Open,2-s2.0-85129158109
Impact of Gamification on Consumers’ Favorability in Cause-Related Marketing Programs: Between-Subjects Experiments,"Background: Successful cause-related marketing (CRM) campaigns can help companies stand out from their competitors; however, CRM may not have pleasant outcomes, even if it receives substantial investment. Objective: This research aimed to investigate how gamified CRM projects influence consumers’ favorability. Methods: We introduced 3 different CRM projects in 3 different studies. Every project had 2 versions according to the level of gamification, and participants were randomly assigned into these 2 groups. Additionally, we used a 2 (gamification: lower, higher) 2 (rules presentation: without visual cues, with visual cues) between-subjects design to test the moderation role of rules presentation in gamified CRM projects. Results: In Study 1, we identified that the highly gamified CRM program induces more enjoyment (F<inf>1,139</inf>=21.11, P<.001) and higher favorability (F<inf>1,139</inf>=14.57, P<.001). Moreover, we found that enjoyment played a mediation role between gamification and favorability (P<.001) in Study 2. In addition, the results of Study 3 indicated rules presentation in a gamified CRM program can moderate the indirect effect of gamification on favorability via enjoyment (index of the moderated mediation: 95% CI –1.12 to –0.10; for rules presentation with visual cues: 95% CI 0.69 to 1.40; for rules presentation without visual cues: 95% CI 0.08 to 0.83). Conclusions: Overall, this research contributes to the CRM literature and suggests gamification is an effective way of managing CRM campaigns.",business; cause-related marketing; enjoyment; favorability; gamification; gamified; marketing,2023,11,10.2196/35756,Li Y.,Jmir Serious Games,2-s2.0-85149849325
Integrating gamification and social interaction into an ar-based gamified point system,"A loyalty program is an important link between consumers and merchants in daily consumption. While new technologies (e.g. gamification, social networks, augmented reality, and so on) make it possible to strengthen this bond, their potential has not yet been fully exploited. In our research, we explore a novel approach to integrate gamification and social interaction into a loyalty program based on augmented reality (AR). We propose an AR-based gamified point system which supports users in obtaining pet-based dynamic feedback on mobile devices and provides a multi-user environment for social interaction. Compared to traditional point systems, pet-based designs help to establish an emotional connection between users and the system. The multi-user environment is designed to increase the user’s motivation through the positive effects of social interactions. Our system provides interpersonal communication channels between users, including competitive and non-competitive interactions. We performed an evaluation consisting of two experiments to examine the effects of game elements (mission and feedback) and social cues (competitive and non-competitive interactions). In the first experiment, we analyze the change in online shopping behavior before and after adding game elements. The results show that gamification can increase user participation in online shopping. In the second experiment, we study the effects of social cues. The results show that social cues can motivate users to participate in the use of a gamified point system.",Augmented reality; Game-based marketing; Gamification; Motivation; Multi-user interaction; Social incentive; User engagement,2020,10,10.3390/mti4030051,Liu B.,Multimodal Technologies and Interaction,2-s2.0-85089845419
Using Gamification Techniques to Enable Generation Z’s Propensity to Do Good,"This research examines how gamification might affect Gen Z’s propensity to give. Gamification is the application of game-design elements and principles in non-game contexts. A large body of research focuses on the interplay of self-awareness, causal attribution, and action. Researchers have focused on how individuals perceive how involved they are in the cause of events leading to either success or failure. Experiments have shown that when people are induced to be more self-aware, they are more likely to attribute the success to themselves. This paper examines these phenomena in the context of gamified activities. We conducted a within-subject experimental design involving 351 Gen Z respondents to gauge if gamification is impactful and which events were particularly compelling. Our findings showed that gamified events were very effective at engaging Gen Z and that team-based gamification events were particularly engaging. Marketing gamification implications for nonprofits are discussed in this paper.",gamification; Generation Z; Objective Self Awareness; philanthro-teen; Theory of Planned Behavior,2022,10,10.1080/10495142.2021.1941498,Conlin R.P.,Journal of Nonprofit and Public Sector Marketing,2-s2.0-85113752931
The Efficiency of Elderly Community Product Using Digital Marketing through Unfolding of Practice during COVID19 Pandemic,"The development of the trade sector of elderly community enterprise in Thailand during the COVID-19 pandemic triggers the need to study the processes of formation and evaluation of digital marketing through the unfolding of local practice. This research has developed the Digital Marketing for Elderly Community Enterprises (DMeCE) model to increase online trade capability and customer relationship management for elderly entrepreneurs who do not have sufficient digital skills in Thailand community enterprises. DMeCE model includes social media CRM, storytelling for branding, gamification CRM, augmented reality for branding using the hybrid marker QR code, and Thai ontology Thai chatbot services for both customers and elderly entrepreneurs via the voice command function. The evaluation results based on the classification of the model performance measurement indicated that the developed model could help the elderly entrepreneurs reach the infrastructure, process, customers, and organizational performance. Furthermore, it was found that both the effectiveness and satisfaction of the developed DMeCE model were rated at the highest level. Moreover, it provided an accuracy rate of more than 98%, giving the elderly community enterprises more income-making opportunities.",Augmented reality; Chatbot; Community enterprise; Customer relationship management; Digital marketing; Elderly; Gamification; Social media; Storytelling,2021,10,10.33168/JSMS.2021.0404,Nuanmeesri S.,Journal of System and Management Sciences,2-s2.0-85126764597
A serious game to extract Hofstede’s cultural dimensions at the individual level,"Cultural dimensions are an important aspect of a user model and useful for many applications such as adapting user interface, managing marketing campaigns, customer relationship management, and human resource management. Traditionally, these dimensions are measured through CVSCALE, which is a reliable and standard scale provided to measure Hofstede’s cultural dimensions at the individual level. The problems with the questionnaire-based data collection are low response rates, lack of willingness to complete, poor engagement of participants, and concern about the quality of data collected. To solve these problems, we present a serious video game called “Treasure Island” to measure the cultural dimensions of the player at the individual level (currently only for the Persian language). We have developed and validated a Persian-language version of CVSCALE applied to design the game. We developed the very first general game development process to build serious games for gathering the same data as a standard psychometric questionnaire. Treasure Island has been evaluated by statistical analysis of the data collected from a sample of 285 participants that have played the game and completed the questionnaire. The results indicate that Treasure Island is effective to measure the individual cultural dimensions. Moreover, the efficiency of the game has been tested in terms of task load imposed on the user during playing the game and completing the questionnaire. The results demonstrate that the game imposes less task load on the user, consequently, improves user satisfaction and engagement. Since individual cultural dimensions can be considered an important facet of a user model for certain applications, the proposed serious game can be applied for user modeling and personalization purposes.",Game design and implementation process; Game elements; Gamification; Hofstede’s cultural dimensions; Scenario design process; Serious games,2021,10,10.1007/s11257-020-09280-6,Noorbehbahani F.,User Modeling and User Adapted Interaction,2-s2.0-85092668685
An implementation framework for transformative gamification services,"Gamification services are hailed as effective tools for influencing users’ behaviours, increasing engagement, motivation, and enhancing learning. In the field of behaviour change, transformative outcomes have been reported for gamification services; with some conceptualisation undertaken regarding transformative gamification services. However, there is a lack of research on practical implementation of transformative gamification services. Also, previous studies have often isolated a single component of gamification and not discussed the synergistic effects and behavioural outcomes of the experiences that the combination of gamification elements can create. To bridge this gap, we provide an implementation framework for transformative gamification services. This is achieved by identifying different components of transformative gamification from a social marketing and transformative service research (TSR) lens and their behavioural outcomes. To do this, we delve into game design, gamification and behaviour change literature and suggest a practical implementation framework which incorporates users' perspectives in the form of transformative values, user engagement types (play typologies), and consumption/service encounter experiences. This research contributes to gamification theory and practice by furthering the understanding of transformative gamification services in social marketing and TSR. It also provides behaviour change practitioners with detailed steps for implementation of such services aiming to create positive behavioural changes.",behaviour change; Gamification; transformative services,2024,10,10.1080/0144929X.2023.2241560,Tanouri A.,Behaviour and Information Technology,2-s2.0-85166743200
Targeting Mobile Gamers Community for Marketing Campaigns,"With the large-scale proliferation of smart phones, improvement in internet speed and better equipped applications, mobile games are bound to have more eyeballs, offering a great opportunity for the marketers. Mobile game-based banners, in game videos, advergaming etc. have emerged as most common modes of running the mobile based marketing campaigns. However, a number of new techniques are also being used by the marketers to add new flavours to the mobile game segment. Some brands have specially developed games for marketing purposes and fruitful results have been reported. This paper analyses the adoption of mobile gaming as marketing platform for various objectives and presents the different methods of mobile gaming-based marketing strategies. A game-based revenue model has been presented considering the various stakeholders and factors influencing the success of marketing campaigns. The framework can be used as guiding mechanism to plan and control the mobile game-based marketing campaigns.",Advergaming; Game based marketing; Gamification; Mobile marketing; Virtual games,2022,10,10.31620/JCCC.12.22/09,Mittal S.,Journal of Content Community and Communication,2-s2.0-85146887225
Gamification as an alternative to increase students’ motivation: a scoping review,"Gamification is the process of adding game-like features and mechanics in non-game contexts, such as learning, training, or marketing, to make them more engaging, enjoyable, and effective. This scoping review aims to investigate the impact of gamification on student motivation and identify the most frequently used and effective elements of gamification in educational contexts. A systematic search was conducted using five databases: Emerald, Scopus, Sage, Garuda, and Google Scholar. The preferred reporting items for systematic reviews and meta-analyses extension for scoping reviews (PRISMA-ScR) guidelines were followed. The review included 25 articles that met the inclusion criteria. The findings suggest that gamification can positively influence student motivation and engagement. However, the effectiveness of gamification elements varies across different contexts and learners. Points, levels, and leaderboards are among the most commonly used elements, but their impact on intrinsic motivation remains debatable. The review highlights the need for further research to understand the specific factors that contribute to the success or failure of gamification in education. The insights gained from this review can serve as a foundation for developing effective gamification-based educational materials that cater to the diverse needs of learners and foster their motivation to learn.",Engagement; Gamification; Gamification elements; Motivation; Scoping review,2025,10,10.11591/edulearn.v19i2.21771,Rahmi I.,Journal of Education and Learning,2-s2.0-85210489838
Digital transformation portrays a play or ploy for brands: exploring the impact of green gamification as a digital marketing strategy,"Purpose Rapid development in modern technologies has led to the transformation of global marketing strategies. Concerned stakeholders are also trying to alter the course of sustainable activities to exploit the marketing opportunities available in the digital world. Green gamification platforms have been developed and are being espoused by brands to enhance their image and support the sustainable development entrenched in users’ engagement with international brands. These platforms can transform consumers’ cognitive learning and decisions; however, their probable role is not explored in this context. A framework based on behavioural reasoning theory and value consumption theory is proposed to investigate associations of gamification value, cognitive reasoning factors, engagement and contextual boundary elements. Design/methodology/approach Partial least square structural equation modelling was applied to the data of 413 players, which were collected using a cross-sectional approach from qualified respondents. Findings Results indicate that gamification value inspires consumer engagement, with international brands and augments environmental consciousness; however, it also originates environmental complacency, but complacency does not significantly impact consumer engagement contrary to environmental consciousness. Besides, the interaction of a status-seeking lifestyle supplements environmental complacency and lessens the impression of environmental consciousness. The perceived sustainable image significantly enhances the influence of environmental consciousness towards consumer brand engagement, which is divergent from complacency. Originality/value This study offers implications for brands to utilize the digital uprising of gamification effectively in international markets. It proposes to transform the marketing strategies to bolster consumers’ engagement with international brands through gamification marketing strategies. This can help to achieve sustainable development goals worldwide more effectively.",Consumer engagement; Environmental complacency; Environmental consciousness; Gamification; Status-seeking lifestyle; Sustainable image,2025,10,10.1108/IMR-04-2024-0110,Zafar A.U.,International Marketing Review,2-s2.0-86000258929
The effects of gamification for manufacturing (GfM) on workers and production in industrial assembly,"Gamification has been a growing topic of interest in recent years across many fields, especially marketing, healthcare, and education. More recently, researchers of manufacturing and production have begun exploring the potential applications of gamification for manufacturing, to improve psychological well-being of the workers and overall productivity. However, empirical research to support gamification for manufacturing remained scarce. In this research, a detailed methodology was developed to apply gamification to an assembly task and thorough empirical analysis was conducted. The experimental setup utilized a build kit for a Lego Telehandler (kit #42,133). Cycle time data, Myers Briggs Type Indicators, and NASA TLX assessment data from 20 participants for 15 repetitive builds were collected, with data collection amassing well over 110 h and approximately 1,100 data points. The results indicated that gamification has a significant effect on the productivity for the last build in a series of assembly tasks, temporal demand at the first build, and multiple task load ratings over time. While statistical significance was not found for other conducted analyses, thorough discussions regarding trends within the data and limitations of the study indicate that gamification for manufacturing would likely benefit from additional, similar empirical research. To the best of our knowledge, this is the first study that systematically evaluates gamification as a possible manufacturing productivity improvement tool by considering key manufacturing metrics (cycle time), task load of the operator, and operator-specific attributes (personality). The study contributes to the body of knowledge by providing an in-depth analysis of an empirical study that is repeatable by others to continue building empirical evidence for manufacturing assembly tasks.",Game elements; Gamification; Industry 4.0; Operations; Production; Smart manufacturing,2024,10,10.1016/j.rcim.2024.102722,Dolly M.,Robotics and Computer Integrated Manufacturing,2-s2.0-85184761578
An explorative analysis of the antecedents and consequents of gamification in the digital therapeutic context,"Purpose: Gamification unlocks unprecedented opportunities in healthcare, wellness and lifestyle context. In this scenario, by leveraging on such an approach, information technologies now enabled gamification-based mobile applications primarily employed in health and wellness contexts, focusing on areas such as disease prevention, self-management, medication adherence and telehealth programs. The synergistic integration of gamification-based methodologies in conjunction with the utilization of digital tools, (e.g. as for Internet of Things, mobile applications) for the realm of digital therapeutics (DTx), thus unveiled powerful approaches and paradigms, yielding innovative applications that, through the harnessing of sensors and software-based systems, transform healthcare maintenance, wellness and lifestyle into an engaging pursuit, as a game. This paper explores the factors influencing individuals' intention to autonomously utilize mobile gamification-based apps for self-care and wellness maintenance. Design/methodology/approach: Through explorative research designs an experiment has been conducted among a sample of 376 participants regarding the use of a fictitious gamification-based DTx solution, consisting in a mobile app namely “Health'n’Fit”. Findings: Findings from an experiment conducted with a sample of 460 participants shed light on the possible antecedents and consequents of gamification. Results of the SEM model indicate that customization (CU), trust (TR), mobility (MO) and social value (SV) are the main determinants, although at a different extent of the playful experience; Moreover, gamification positively impacts attitudes and, in turn, perceived usefulness, intention to use and behavioral intentions. Practical implications: This paper offers a dual-pronged approach that holds practical significance in the realm of healthcare innovation. First, the authors delve into the antecedents shaping individuals' intention to engage with gamification-based DTx, unraveling the factors that influence user adoption. Beyond this, the authors extend their focus to the realm of healthcare service design. By harnessing the potential of gamification and technology, the authors illuminate pathways to conceptualize and create novel healthcare services. This work not only identifies the building blocks of user engagement but also serves as a guide to innovatively craft healthcare solutions that leverage this amalgamation of technology and gamification, contributing to the evolution of modern healthcare paradigms. Social implications: In a social context, the paper introduces pioneering technological synergies that merge gamification and DTx to enhance individuals' health and wellness maintenance. By proposing innovative combinations, the authors present novel avenues for promoting healthier lifestyles and behavior change. This not only underscores the potential of technology to positively impact individuals but also highlights the significance of aligning technological advancements with societal well-being. As the research advocates for these innovative solutions, it reinforces the importance of collaborative technological and marketing endeavors, ultimately contributing to the betterment of society as a whole. Originality/value: This is the first paper exploring the combined effect of gamification and DTx, by shedding light on the peculiarities of both the antecedents of individuals' intention to use such combined technologies.",Customization; Gamification; Healthcare; Information technologies; Involvement; Mobile application; Mobility-related opportunity; Perceived usefulness; Social value; Trust; Wellness,2025,10,10.1108/EJIM-08-2023-0633,Sestino A.,European Journal of Innovation Management,2-s2.0-105003373727
Leveling up coolness: how VR gamification drives experiential values,"Grounded on the theory of reasoned action, this study aims to explore: (1) the effect of perceived values in experiencing VR gaming on brand coolness, (2) the influence of brand coolness on brand identification, preference, willingness to pay premium, and customer advocacy. A total of 120 participants played a VR game quiz and participated in a survey that measured utilitarian, hedonic, and social values, brand coolness, and marketing outcomes. A PLS-SEM approach was used to explore the relationships between the antecedents and consequents of brand coolness. Measures such as brand type and gamification mechanics (rule, and progression mechanics) were used to control for extraneous effects. The results reveal that hedonic and social values enhance brand coolness perception. A close relationship between brand identity and brand coolness is identified by confirming that brand coolness enhances marketing outputs such as brand identity, brand identification, brand preference, willingness to pay a premium price, and customer advocacy. The current study explores how experiential values generated within a VR gamification environment affect customers’ perceptions of airline brands. It does so by exploring, for the first time, how a VR gamification experience affects brand coolness and marketing outcomes.",Airline industry; Brand coolness; Brand identity; Experiential values; Gamification; Virtual reality,2025,10,10.1057/s41262-025-00390-3,Stein F.,Journal of Brand Management,2-s2.0-105007154137
Leveraging gamification for tourism marketing activities: Toward a comprehensive conceptual model,"Gamification has become one of the most effective ways to generate customer engagement. However, there needs to be more structured research on the drivers of the adoption and sustained use of gamification in travel and tourism research. Drawing upon the uses and gratifications theory and the technology acceptance model, this research examines the individual motivational drivers for adopting gamification in the context of tourism services. We employed a combination of partial least squares—structural equation modeling and fuzzy set qualitative comparative analysis on the data gathered from 680 users of various online travel agencies. Our findings show that individual motivational dimensions of uses and gratifications significantly influence perceived usefulness and ease of use in gamified marketing activities. Our analysis demonstrates five configurations leading to a high level of adoption of gamified marketing activities. This study extends the use of gamification in the tourism industry, offering insights into enhancing customer motivations for adopting and effectively utilizing game mechanics and dynamics in marketing activities. Furthermore, through a novel framework, this study advances the uses and gratification theory at the intersection of gamification research and tourism literature.",destination marketing organization; Gamification; gamified tourism activities; technology acceptance model; uses and gratifications theory,2026,9,10.1177/13567667241268725,Malik G.,Journal of Vacation Marketing,2-s2.0-85200990445
E-customer loyalty in gamified trusted store platforms: A case study analysis in Iran,"Customer satisfaction, trust, and loyalty are the three most fundamental elements of e-marketing. Previous researchers have noted that satisfaction is a key factor in commanding loyalty. However, the relationship between satisfaction, trust, and loyalty is strongly dependent on the type of platform provided by digital stores. On the other hand, gamification in E-businesses has grown rapidly in recent years. In this context, it is necessary to explore the effects of gamification on e-customer satisfaction and loyalty. In this paper, it is argued that customer satisfaction alone cannot inspire loyalty. Simply speaking, customers’ satisfaction with gamified services can lead to developing trust and, in turn, loyalty. This research also presents a thorough review of the effect of store-related motivational factors, such as gamification, on trust. These factors include moderator and mediator variables. The hypotheses of this study are considered in the context of one of the largest online retail stores in Iran which enjoys a large market share in the Middle East. To this end, Lawshe content validity ratio is utilized and expert opinions are applied to the proposed model. Evaluation results, obtained through the smartPLS, established the robustness of our modeling in terms of reliability analysis, significance level analysis, discriminant validity analysis, coefficient of determination, model fitting, and cross-validation.",Customer satisfaction; Gamification; Loyalty; Online shopping; Trust,2021,9,10.11591/eei.v10i5.3165,Hosseini E.,Bulletin of Electrical Engineering and Informatics,2-s2.0-85116668624
Diagnosing key factors for gamification in marketing using hierarchical clustering technique,"Gamification is one of the most innovative and digital tools for promoting products. It has great impact on the purchase intention of the consumers. Gamification helps to retain the consumers by engaging and entertaining them. Appropriate segmentation is needed for effective gamification marketing. This study is based on segmentation of consumers for effective gamification marketing. The survey was conducted among 800 consumers and research team received responses from 472 respondents. Hierarchical clustering was used to do the worthwhile segmentation. Demographic variables like age and income were considered as parameters for hierarchical clustering. Further, clustering was done separately on identified variables like convenience, entertainment and engagement. The study identified that distinct gamification marketing strategy is required for different segments of consumers. The findings indicated that variables like convenience, entertainment, engagement, age and income have a significant impact on gamification. The outcome of this study can enhance the marketer's ability to understand the complex buying behaviour of the consumers towards gamification marketing.",Engagement; Gamification; Hierarchical clustering; Marketing; Segmentation,2021,9,10.1504/ijtmkt.2021.119074,Srivastava G.,International Journal of Technology Marketing,2-s2.0-85120047963
A Web-Based Public Health Intervention for Addressing Vaccine Misinformation: Protocol for Analyzing Learner Engagement and Impacts on the Hesitancy to Vaccinate,"Background: A barrier to successful COVID-19 vaccine campaigns is the ongoing misinformation pandemic, or infodemic, which is contributing to vaccine hesitancy. Web-based population health interventions have been shown to impact health behaviors positively. For web-based interventions to be successful, they must use effective learning design strategies that seek to address known issues with learner engagement and retention. To know if an intervention successfully addresses vaccine hesitancy, there must be some embedded measure for comparing learners preintervention and postintervention. Objective: This protocol aims to describe a study on the effectiveness of a web-based population health intervention that is designed to address vaccine misinformation and hesitancy. The study will examine learner analytics to understand what aspects of the learning design for the intervention were effective and implement a validated instrument-the Adult Vaccine Hesitancy Scale-to measure if any changes in vaccine hesitancy were observed preintervention and postintervention. Methods: We developed a fully web-based population health intervention to help learners identify misinformation concerning COVID-19 and share the science behind vaccinations. Intervention development involves using a design-based research approach to output more effective interventions in which data can be analyzed to improve future health interventions. The study will use a quasi-experimental design in which a pre-post survey will be provided and compared statistically. Learning analytics will also be generated based on the engagement and retention data collected through the intervention to understand what aspects of our learning design are effective. Results: The web-based intervention was released to the public in September 2021, and data collection is ongoing. No external marketing or advertising has been done to market the course, making our current population of 486 participants our pilot study population. An analysis of this initial population will enable the revision of the intervention, which will then be marketed to a broader audience. Study outcomes are expected to be published by August 2022. We anticipate the release of the revised intervention by May 2022. Conclusions: Disseminating accurate information to the public during pandemic situations is vital to contributing to positive health outcomes, such as those among people getting vaccinated. Web-based interventions are valuable, as they can reach people anytime and anywhere. However, web-based interventions must use sound learning design to help incentivize engagement and motivate learners to learn and must provide a means of evaluating the intervention to determine its impact. Our study will examine both the learning design and the effectiveness of the intervention by using the analytics collected within the intervention and a statistical analysis of a validated instrument to determine if learners had a change in vaccine hesitancy as a result of what they learned.",COVID-19; dissemination; education; gamification; infodemic; learning design; misinformation; population health; public health; vaccination; vaccine hesitancy; web-based health; web-based intervention,2022,9,10.2196/38034,Powell L.,Jmir Research Protocols,2-s2.0-85132034403
"Investigating the impact of gamification on customer engagement, brand loyalty and purchase intent in marketing","Gamification has evolved as a potent method for engaging and motivating consumers in today's dynamic market scenario. This research report investigates the impact of gamification on customer purchasing intentions to determine its current relevance. This study investigates the subtle links between gamification aspects, user engagement, brand loyalty, and consumer purchasing intentions using partial least squares structural equation modelling (PLS-SEM). Gamification is an important technique in modern marketing approaches because of its capacity to captivate and incentivize people. The survey included 300+ individuals from Durg and Raipur, Chhattisgarh's two major districts, representing a broad demographic. The findings show that gamification has a large indirect effect on customer engagement, which in turn affects brand loyalty and eventually shapes the customer’s buying intentions. This study emphasises the critical significance of gamification in altering customer behaviour and the relevance of promoting user engagement and brand Loyalty to drive purchasing decisions. Gamification strategy emerges as a powerful force in the contemporary marketing landscape, with the potential to affect the entire customer journey, as firms seek novel methods to connect with consumers.",brand loyalty; customer buying intentions; customer engagement; Gamification in marketing,2025,9,10.22201/icat.24486736e.2025.23.1.2592,Punwatkar S.,Journal of Applied Research and Technology,2-s2.0-85219565787
Gamification through fantasy sports – Empirical findings from professional sport leagues,"Purpose: In this paper, Fantasy Sports (Hereafter FS) is conceptually classified as a concept of gamification for professional sport leagues. From a sporting perspective, FS is often criticized because such online activities may be at the expense of physical activities. Otherwise, gamification can ultimately lead to economic advantages for sport leagues. To further empirically analyse this supposed juxtaposition, an empirical study is presented. Design/methodology/approach: In the empirical study, participation and non-participation in a sport league-related FS league are analysed and the study uses a divided sample (N = 319) for a one-factor Welch-ANOVA. FS effects on sport practice (engaging in doing sport) and usage (engaging with sport) of FS players as well as on gaining and retaining fans are investigated. Findings: Results demonstrate that participating in gamified FS experiences increases sport usage while not harming general sport practice. Furthermore, FS participation increases consumption capital as well as sport fans' loyalty and word of mouth (WOM) towards the league brand. Building on the results, league brands should foster gamified FS applications to retain their fan base and acquire new fans. Originality/value: The authors’ theoretical contribution indicates the importance of FS as a gamified application and essential marketing tool for professional sport leagues. By introducing the terms sport practice and usage, the authors bridge the traditional logic of sport consumption with innovative approaches around engagement in and with sports. The results refute the prejudice that FS leads to less physical activity due to time substitution or displacement.",Consumption capital; Fantasy sports; Loyalty; Sport practice; Sport usage; Word of mouth,2021,9,10.1108/SBM-08-2020-0080,Buser M.,Sport Business and Management an International Journal,2-s2.0-85111669154
Relationship and variation of dimensions in gamified experiences associated with the predictive model using GAMEX,"Gamifying educational practices is a trend in the field of education, especially in uni‑ versities. Knowing which dimensions are significant in active gamified methodologies allows understanding the extent to which a dimension depends on another if there is a correlation between them. Through the GAMEX (gameful experience in gamifica‑ tion) scale, which measures gamified experiences (Journal of Interactive Marketing, Elsevier 43:98–115, 2018), the aims of this study were to: 1) explore, using the structural equations model, the viability of the GAMEX model formulated to analyse the gamified experience level of university students; and 2) determine the influence of the GAMEX variables on the students’ degree of mastery in gamified experiences. The sample was constituted by 405 university students. A structural equation modeling (SEM) analysis was carried from a PLS (partial least squares) approach, using SmartPLS soft‑ ware. The results show the reliability of the different constructs considered in the pro‑ posed model. The items presented acceptable reliability levels and strong consistency with the dimensions of the model. The model emphasises the multidimensional character of gamified experience and supports the students’ mastery over the different gamified experiences.",Active methodologies; Analytical model; GAMEX; Gamification; Higher education; PLS,2024,9,10.1007/s44322-023-00002-5,Llorente‑Cejudo C.,Journal of New Approaches in Educational Research,2-s2.0-85188446072
Play and learn DS: Interactive and gameful learning of data structure,"An improvement can be seen in the educational area in last few years due to the advances in mechanisation, thus the expansion of academic applications is also increasing. One technique that has been recently used within this area is gamification in which the game mechanics can be used to make the applications fascinating and entertaining. Games can be used as a weapon for giving directions to all different forms of life. This concept has yielded conclusive outcomes in many fields where it is newly used like education, health and marketing. Gamification gives a creating and fun learning framework in which students can learn through the visual tools, hence learning becomes more interesting. Through gamification, students can be able to clear concepts more effectively and precisely. This paper specifies the design and implementation of games, which will cover the main topics of data structure that should be clear to the students. As we can see that a data structure is the fundamental subject and it is the base of different aspects. The game will raise the understanding on the subject and to engage students for developing the sense of self-learning.",Data structure; Engagement; Game design; Gamification; Interactive learning; Play and learn DS; Self-learning; Serious games; Technology enhanced learning,2015,9,10.1504/IJTEL.2015.071920,Kaur N.,International Journal of Technology Enhanced Learning,2-s2.0-85098804161
Customer motivation analysis on retail business with octalysis gamification framework,"Small and Medium Enterprises (SMEs) are an important component of the country's economy, but there are still many challenges to be resolved. Some of the common problems of SMEs included limited marketing and service management problem. In the service management problems, it is also important to examine how the customer impression of the services and products offered, therefore, it can be evaluated how the product opportunities are purchased. Adopting the point of view of the gamification octalysis framework, that a behavior occurs because of one or more core drives from within the individual. For this reason, it is necessary to explore any encouragement that affects customer behavior, therefore, the service level can be evaluated which ultimately aims to increase sales. From the studies conducted, the gamification model can increase individual retention and motivation towards the object. Then, the gamification octalysis framework is used in this study to evaluate how the influence of a retail Small Medium Enterprise services on customer motivation. The Likert scale analysis result has concluded that 4 drives are at the ""Very High""level and the remaining are at the ""High""level, while the range scale consists of ""Very low"", ""Low"", ""High"", and ""Very High"". While the average value of the octalysis test scale is 8.4 from the lowest value range of 1 and the highest is 10. The recommendations of this study are in general the impression and motivation of customers towards retail Small Medium Enterprise services is high enough, therefore, that companies need to maintain service. Based on the results of this study, it can be recommended that customer motivation analys can use gamification, especially the Octalysis framework to find out which core drives need to be improved or maintained in more detail.",Customer Motivation; Gamification; Octalysis Framework; Small Medium Enterprise,2021,9,,Marisa F.,Journal of Theoretical and Applied Information Technology,2-s2.0-85110568016
Longitudinal perceptions of gamified loyalty programs (GLPs): a mix of slot machines and entertainment toys,"Purpose: This paper seeks to understand users' perceptions of their experiences in mobile applications (apps) with gamified loyalty programs (GLPs) that use rewards as the primary engagement vehicle. The research focuses particularly on the motivations to further interact with GLPs and the motivational changes occurring after successive interactions. Design/methodology/approach: The authors conducted weekly open qualitative interviews over a month (four rounds of interviews) with five Portuguese active users of the mobile app Yorn Shake It, from Vodafone, which is a relevant case study to illustrate GLPs in mobile apps. Findings: Participants' motivations to interact with the mentioned GLP are shaped by the reward incentive and users' perceptions of the gamified interactive experience. Motivational changes occur regardless of the presence of external contingencies and depend on contextual changes or perceived results of the gamified experience. This means that rewards also satisfy intrinsic needs, but users may remain connected to the system as long as fun experiences are provided without exhausting perceptions. Also, motivation may turn to reward contingencies when the challenge becomes boring. Originality: This is the first qualitative study explaining the perceptions of gamified experiences after continued participation, extending knowledge about the importance of a fair balance between the value and achievement of rewards and the entertainment of the challenge provided after continued exposure. The findings provide insights to GLP marketing managers and developers to better engage target audiences according to their needs and past experience, creating levels of challenges and fair rewards to maintain motivation and prevent abandonment after continued exposure.",Continued use; Extrinsic motivation; Gamification; GLP engagement; Intrinsic motivation; Longitudinal study; Mobile loyalty app; Rewards,2025,8,10.1108/JRIM-10-2023-0383,Lopes J.V.,Journal of Research in Interactive Marketing,2-s2.0-105001074176
Organizational learning via gamification for employer brand management,"Purpose: This paper aims to deepen our understanding of how serious games could be used for learning in organizations to empower brand performance and image sustaining competitive advantage from a Resource Based View (RBV) perspective and to examine the practical implications of the evolving technologies for employers. Design/methodology/approach: The research methodology is based on a qualitative approach adopting the case study research method (Yin, 2003). Data were collected through fifteen semi-structured interviews (a total of twelve hours) with the involved departments (particularly, Human Resource Management and Marketing) and one month of direct observation for their learning and communication approaches. Findings: Serious games can encourage the learning of employees enhancing their skills and brand performance. Besides, Customer Relationship Management (CRM) tools, a knowledge base, and social media platforms can help in promoting favorable employer brand knowledge, which positively influences the brand image and awareness. Practical implications: From a RBV perspective, businesses can develop their employer branding practices through engaging ways of learning and brand knowledge management supported by digital tools along with boundary-less workplaces, communication efforts, and change management enabling them to enhance brand performance and sustain a competitive advantage. Originality/value: The evidence on marketing knowledge management is still limited. This case study research makes an empirical contribution by analyzing how serious games and digital technologies could foster the learning in organizations for building strong employer brand knowledge. It answers the call for providing more insights on the relationship between knowledge management and employer brand management.",Employer branding; Organizational learning; Serious games,2023,8,10.1108/DLO-10-2022-0203,Kaoud M.,Development and Learning in Organizations,2-s2.0-85141487745
WTG (Way to go)! How to take gamification research in marketing to the next level,"Gamification, a new trend in marketing and business practice, is subject to increasing attention by marketers and researchers, but no common ground exists as to what gamification really is and why and when it works. To fill this gap, this paper discusses different perspectives on gamification and offers a revised definition of gamification that provides a clear demarcation of gamification from related but different research areas. Furthermore, the paper offers guidelines to future research to increase our knowledge and understanding of gamification by providing explanations on why and when gamification could influence consumers’ brand evaluations. The research framework proposed in this paper helps to better understand the effects of gamification and to identify open research questions examining what could make gamification successful or not.",Customer experience; Game elements; Gameful experience; Gamification,2018,8,10.15358/0344-1369-2018-4-44,Eppmann R.,Marketing Zeitschrift Fur Forschung Und Praxis,2-s2.0-85047643202
Using game-based principles to empower students in non-STEM academic programmes,"This study describes an intervention carried out in the course on Statistics within the Bachelors’ Degree in Business Administration, and Marketing and Digital Communication. Prior to it, problems related to attention in class and low motivation were identified. A game-based activity was designed aiming at boosting students’ attention and encouraging autonomous study habits, which in turn, positively impact on their grades. To assess the effectiveness of the activity we tracked the grades and satisfaction of 153 students. Critical aspects highlighted by students in a focus group were also analysed. Evidences show the usefulness of the activity in improving students’ grades and, to some extent, in changing their habits.",focus group; gamification; higher education; Motivation,2020,8,10.1080/14703297.2020.1727352,de la Torre R.,Innovations in Education and Teaching International,2-s2.0-85079377408
A comprehensive examination of factors influencing intention to continue usage of health and fitness apps: a two-stage hybrid SEM-ML analysis,"This research developed a theoretical framework based on the uses and gratification theory to investigate the intention to continue usage of Health and Fitness Apps (HFAs). In addition, this study explored how health valuation moderates the relationship between determinants and users’ intention to continue usage. A total of 447 HFA users’ data was collected from Delhi NCR, India through a purposive sampling technique. Partial least square-structure equation modeling was used to test the role of potential predictors influencing users’ behavioral intention to continue. The machine learning algorithms were employed to identify the features of importance. The results revealed that system quality, networkability, recordability, and task technology fit have a positive influence on hedonic motivation and utilitarian motivation. While information quality influences hedonic motivation but does not affect utilitarian motivation. Health valuation positively moderates the relationship between information quality, system quality, and networkability to intention to continue usage. We also observed that hedonic motivation emerged as a key predictor of users’ intention to continue usage of HFAs. The results would possibly offer useful recommendations for HFA developers, marketers, and health policymakers. The quality of fitness apps should be the primary concern of app developers. Furthermore, gamification can be incorporated into HFAs as it may influence the users’ hedonic motivations. The research contributes by developing a uses and gratification theory tailored for the HFAs. Additionally, this research incorporates hedonic and utilitarian motivation as mediating variables and health valuation as a moderator.","Cognitive Psychology; Consumer Behaviour; Health and fitness applications; heath valuation; hedonic motivation; machine learning algorithms; Management of Technology & Innovation; Marketing; Production, Operations & Information Management; smart PLS-SEM; utilitarian motivation",2024,8,10.1080/23311975.2024.2391124,Sharma V.,Cogent Business and Management,2-s2.0-85201943728
Video game-inspired tourism: A synergistic framework,"The intersection of video games and tourism represents a rapidly growing phenomenon in which virtual worlds influence real-world travel behavior. Video games such as the Black Myth: Wukong serve as powerful catalysts for tourism by blending cultural pride, nostalgic storytelling, and immersive experiences. This study explores how the release of the Black Myth: Wukong spurred a surge in domestic tourism in Shanxi province, emphasizing the synergistic role of gamer experience, social media dynamics, and destination marketing initiatives. We employ a large language model (LLM)-assisted content analysis to reach the goals the study. We propose a comprehensive framework and provide insights into how cultural narratives, digital amplification, and strategic tourism initiatives converge to shape travel behavior. This synergistic framework highlights the broader sociocultural and technological contexts underpinning video game-inspired tourism, offering valuable implications for tourism scholars and practitioners.",Gamification; Large language model (LLM)-Assisted content analysis; Real-world tourism; Social media; Video game-inspired tourism,2026,8,10.1016/j.tourman.2025.105282,Luong V.H.,Tourism Management,2-s2.0-105012919132
Construct development and formation mechanism of customer stickiness in the e-commerce platform,"With the rapid development of the platform economy, several e-commerce platforms have emerged rapidly, and even some manufacturing enterprises have announced the implementation of the strategic layout of e-commerce platforms. In such a fierce homogenization competition, the cost of customer conversion has been reduced unprecedentedly. Many customers′ usage of the ecommerce platform is a one-off and temporary incident, lacking sustained motivation. Therefore, various platforms have tried to attract the attention of existing customers and retain them when facing the choice of multiple platforms through practical activities, such as live broadcasting, mini-games, and personalized product recommendation, to eliminate the competitive dilemma of how to improve customer stickiness faced by the platforms. However, relevant theoretical explanations for this problem in academic circles are scarce. Most of the existing research discusses customer stickiness based on customer loyalty, which leads to the continuing divergence of its concept connotation. At the same time, most of the existing studies focus on system quality, service quality, communication quality, and other factors of e-commerce platforms. Meanwhile, no research on the impact of emerging marketing methods on customer stickiness, such as live broadcasting and mini-games, has been conducted. Moreover, the understanding of the formation mechanism of customer stickiness is based on ISSM, TAM, CTT, and ECT and is used to analyze the slow system thinking process of customers while ignoring the important role of the fast system thinking process. Based on this, the current research combines qualitative and quantitative research methods to explore the concept connotation and formation mechanism of customer stickiness on e-commerce platforms. In Study 1, the qualitative research method was used, the interview transcripts of 15 e-commerce platform customers were taken as qualitative research data, and based on the coding analysis of interview results and relevant research on existing literature, customer stickiness, including purchasing stickiness and accessing stickiness, was mined. Moreover, six factors affecting customer stickiness in the practice of platform marketing are summarized: e-commerce platform reputation, telepresence, functional convenience, KOL recommendation, personalized recommendation, and gamification interaction. Furthermore, the initial measurement scale of customer stickiness and its influencing factors is developed by combining the inductive and deductive methods, and the reliability and validity analyses are used to test the reliability and validity of the initial scale to refine and revise the initial items and form the final scale. In Study 2, the quantitative research method was used to verify the influence of the six influencing factors on customer stickiness. Based on the dual system theory, the formation mechanism of customer stickiness in the e-commerce platform was analyzed using two thinking processes-flow (fast system) and gratification (slow system). Thus, this study determined that all influencing factors of the ecommerce platform have a significant effect on customer access stickiness. The impact of e-commerce platform reputation, gamification interaction, personalized recommendation, and KOL recommendation on customer accessing stickiness has a sequential processing process of flow and gratification, whereas the impact of functional convenience and telepresence has a parallel processing process of flow and gratification. Moreover, the effects of e-commerce platform reputation, gamification interaction, functional convenience, and telepresence on customer purchasing stickiness are significant. The impact of e-commerce platform reputation and gamification interaction on customer purchasing stickiness has a sequential processing process of flow and gratification, whereas the impact of telepresence on customer purchasing stickiness has a parallel processing process of flow and gratification. The research conclusions are as follows: (1) This paper extracts two dimensions of customer stickiness-purchasing stickiness and accessing stickiness-and develops the corresponding measurement scale. At the same time, the differences between the two concepts of customer stickiness and customer loyalty in the three aspects of relationship strength, formation mechanism, and economic value are discriminated. (2) This paper summarizes the six platform factors that affect customer stickiness, namely e-commerce platform reputation, telepresence, functional convenience, KOL recommendation, personalized recommendation, and gamification interaction. Moreover, this paper identifies that gamification interaction is the most important factor affecting customer accessing stickiness, which indicates that the value changes of the new generation of customers who lay more emphasis on meeting the demand of self-actualization through games. Furthermore, e-commerce platform reputation is the most important factor affecting customer purchasing stickiness, which indicates that customers still focus on judging whether the basic material needs can be met through the dual reputation of the platform and businesses. (3) Based on the dual system theory, this paper reveals the formation mechanism of customer stickiness based on the unconscious flow of customers in the e-commerce platform as the fast system path and the conscious pursuit of gratification as the slow system path and finds that, when the explicit demands of customers are met immediately, or the implicit demands of customers are delayed, flow and satisfaction will follow either the parallel or sequential processing mode to promote the formation of customer stickiness.",Customer stickiness; Dual system theory; E-commerce platform; Flow; Uses and gratifications theory,2023,8,10.13587/j.cnki.jieem.2023.04.006,Yuanyuan J.,Journal of Industrial Engineering and Engineering Management,2-s2.0-85166098289
The role of video games in enhancing managers' strategic thinking and cognitive abilities: An experiential survey,"Using gamification and video games is one of the modern approaches to cognitive enhancement and improving the abilities and competencies of managers, including strategic thinking skills. Many organizations use video games in the fields of education, marketing, business, and entrepreneurship. This research aimed to investigate the role of video games in enhancing managers' strategic thinking and their potential contribution to developing cognitive capabilities. The sample included 30 students actively involved in the innovation and entrepreneurship ecosystem. To measure the strategic thinking of the participants, Pisapia's strategic thinking questionnaire was used, and the CANTAB test was employed to measure their cognitive capabilities. To identify the individuals’ game-playing styles, indicators of micro-management, planning, plan recognition, predictions, gathering resources, partial observability, and damage avoidance were designed. The findings indicated that 53.3 percent of the participants had reflective thinking, 30 percent had systems thinking, and the rest had a reframing thinking style as their strategic thinking dominant dimension. On the other hand, given the identified correlation between the damage avoidance criteria with the thinking and reflective style, as well as the inverse and significant correlation of the gathering resources criteria with the results of the PRM test, it seems that strategic games have the potential to change and even develop some cognitive functions such as attention, reaction, and memory, and can be considered as tools to improve cognitive ability. These games can be used to design tasks to enhance managers' cognitive abilities and subsequently promote their strategic thinking and decision-making skills.",Artificial intelligence6; Cognitive enhancement3; Entrepreneurial behavior 5; Management4; Strategic thinking1; Video games2,2024,7,10.1016/j.entcom.2024.100694,Ghasemi O.,Entertainment Computing,2-s2.0-85192493476
Exploring the Role of Immersion-Based Gamification in Enhancing Online Consumer Perceived Value and Behavioral Intentions: A Task-Technology Fit Perspective,"How to effectively implement commercial gamification in digital commerce has become crucial in both academic research and marketing practice, with increasing attention directed towards immersion-based gamification. Drawing upon the task-technology fit framework, we developed a theoretical model to examine the joint influences of immersion-based gamification (technology characteristic), game task modularity (task characteristic), and self-efficacy (individual characteristic) on consumer perceived value, which subsequently affect behavioral intentions. We conducted an experimental study to test the research model and found that (1) immersion-based gamification has a significant dominant impact on consumer perceived value, thus facilitating consumer use intention and purchase intention towards gamified systems; (2) the effectiveness of immersion-based gamification depends on game-task modularity and self-efficacy. This study contributes to the human-computer interaction literature and gamification research by theoretically and empirically explicating the interaction influences of gamification, task characteristics, and user characteristics on consumer perceived value and desired consumer behavioral intentions.",consumer behavioral intentions; consumer perceived value; digital commerce; Gamification; task-technology fit theory,2026,7,10.1080/10447318.2025.2488597,Zhang L.,International Journal of Human Computer Interaction,2-s2.0-105002967358
Gamification in Retail: Enhancing Grocery Customer Experience with Location-Based Strategies,"This study explores how gamification impacts retail customer experience, emphasizing the need for businesses to differentiate in competitive markets. Gamification involves using game design elements in non-game contexts. The research presents a unique gamified shopping system using location-based (Beacon) technologies with a mobile application. This system engages customers through interactive games and challenges in specific store locations. With a sample size of 25, this study aimed to address the following research questions: What gamifying methods could be applied in a real store? What impact does gamification have on customer experience in a real-store shopping context? What role could gamification play in motivating customers to have an eco-friendly purchasing experience? The application includes features like a suggestion page, puzzle, scoreboard, and a points-based reward system. Study findings showed a significant positive correlation between gamification strategies and customer experience, which aligns with the self-determination theory. The app also integrates eco-friendly features and social interaction elements for an innovative and environmentally friendly approach to enhancing the retail customer experience. This study presents a practical example of gamifying methods integrated into a real store environment, which has the potential to boost the shopping experience for customers and shoppers and protect the environment.",Beacon Technologies; Customer experience; Eco-Friendly Purchasing; Gamification; Gamified Shopping System; Location-Based Strategies; Marketing,2024,7,10.17083/ijsg.v11i2.721,Zandi A.,International Journal of Serious Games,2-s2.0-85197487858
On improving the engagement between viewers and TV commercials through gamification,"TV advertisements are less and less watched as most viewers turn their attention to the smartphone during commercial breaks. Therefore, broadcasters are facing a novel challenge: how to improve the engagement between viewers and TV commercials. In this paper, we investigate whether gamification can be a winning strategy. Indeed, despite some strategies that have recently been proposed (e.g., cross-media, use of specific mobile software), an effective approach to improve the engagement between viewers and TV commercials is yet to be found. We designed a game that involves the commercial break and the smartphone: during each TV advertisement, a simple question (e.g., “What was the color of the car?”) appears on-screen and the answer must be given through a special smartphone app. A player earns points if she answers exactly, otherwise she loses points. Results obtained from two different experimental assessment (within-subjects and between-subjects) revealed that a well-designed gamification strategy improves the marketing memorability (i.e., a measure of engagement) from 44% (no game elements) to 75% (with game elements). Therefore, gamification might be exploited by broadcasters and advertisers to improve the engagement between viewers and TV commercials.",Between-subjects; Engagement; Gamification; Second screen; TV commercial; Within-subjects,2020,7,10.1007/s00530-019-00625-9,Furini M.,Multimedia Systems,2-s2.0-85068115370
Purchasing and consumption modification among iranians throughout gamification,"Optimal consumption is known as a nowadays concern which is related to scientific improvement, development of technology, product design, design and development based on standards, proper distribution of resources and, consequently, advancement in other less considered areas. Considering marketing, people are persuaded to purchase and consume the products throughout the gamification principles, even if this is more than the users’ needs. This cross-sectional study focused on consumption patterns and gamification. The main objectives of this research was to provide a modified pattern of purchasing and consuming bread through persuading the families. This study was done by simulated gamification patterns and assessment of participants’ feedback. The data was collected through literature review and interviews from a sample consisting of 25 students in the primary school. The results showed that gamification as a main factor was an appropriate stimulus for persuading purchasing and consumption behavior modification. However, the addition of mechanics in a relationship is not enough per se; reinforcement is required to enhance the quality of the perceived experience.",Behavior modification; Consumption pattern; Gamification; Persuasive design,2021,7,10.22068/ijiepr.32.1.121,Paknejad F.,International Journal of Industrial Engineering and Production Research,2-s2.0-85101635277
Public Perception of the Brain-Computer Interface Based on a Decade of Data on X: Mixed Methods Study,"Background: Given the recent evolution and achievements in brain-computer interface (BCI) technologies, understanding public perception and sentiments toward such novel technologies is important for guiding their communication strategies in marketing and education. Objective: This study aims to explore the public perception of BCI technology by examining posts on X (formerly known as Twitter) using natural language processing (NLP) methods. Methods: A mixed methods study was conducted on BCI-related posts from January 2010 to December 2021. The dataset included 65,340 posts from 38,962 unique users. This dataset was subject to a detailed NLP analysis including VADER, TextBlob, and NRCLex libraries, focusing on quantifying the sentiment (positive, neutral, and negative), the degree of subjectivity, and the range of emotions expressed in the posts. The temporal dynamics of sentiments were examined using the Mann-Kendall trend test to identify significant trends or shifts in public interest over time, based on monthly incidence. We used the Sentiment.ai tool to infer users’ demographics by matching predefined attributes in users’ profile biographies to certain demographic groups. We used the BERTopic tool for semantic understanding of discussions related to BCI. Results: The analysis showed a significant rise in BCI discussions in 2017, coinciding with Elon Musk’s announcement of Neuralink. Sentiment analysis revealed that 59.38% (38,804/65,340) of posts were neutral, 32.75% (21,404/65,340) were positive, and 7.85% (5132/65,340) were negative. The average polarity score demonstrated a generally positive trend over the course of the study (Mann-Kendall Statistic=0.266; τ=0.266; P<.001). Most posts were objective (50,847/65,340, 77.81%), with a smaller proportion being subjective (14,393/65,340, 22.02%). Biographic analysis showed that the “broadcasting” group contributed the most to BCI discussions (17,803/58,030, 30.67%), while the “scientific“group, contributing 27.58% (n=16,005), had the highest overall engagement metrics. The emotional analysis identified anticipation (score = 10,802/52,618, 20.52%), trust (score=9244/52,618, 17.56%), and fear (score=7344/52,618, 13.95%) as the most prominent emotions in BCI discussions. Key topics included Neuralink and Elon Musk, practical applications of BCIs, and the potential for gamification. Conclusions: This NLP-assisted study provides a decade-long analysis of public perception of BCI technology based on data from X. Overall, sentiments were neutral yet cautiously apprehensive, with anticipation, trust, and fear as the dominant emotions. The presence of fear underscores the need to address ethical concerns, particularly around data privacy, safety, and transparency. Transparent communication and ethical considerations are essential for building public trust and reducing apprehension. Influential figures and positive clinical outcomes, such as advancements in neuroprosthetics, could enhance favorable perceptions. The gamification of BCI, particularly in gaming and entertainment, also offers potential for wider public engagement and adoption. However, public perceptions on X may differ from other platforms, affecting the broader interpretation of results. Despite these limitations, the findings provide valuable insights for guiding future BCI developments, policy making, and communication strategies.",BCI; brain-computer interface; brain-machine interface; data; decade; education; innovation; Mann-Kendall; marketing; mixed method; natural language processing; Neuralink; NLP; public perception; public perceptions; semantic; sentiment; sentiment analysis; social media; technology; Twitter,2025,7,10.2196/60859,Almanna M.A.,Jmir Formative Research,2-s2.0-105009361330
How and when does gamification level up mobile app effectiveness? Meta-analytics review,"Purpose: Gamification in mobile apps has emerged as a compelling strategy to foster firm’s relationships with their customers through mobile applications. This study utilizes a meta-analytic review to demonstrate how gamification shapes consumer responses and how moderator variables play a role in this process. Design/methodology/approach: The study employed a meta-analytic review to combine and synthesize data from 62 studies, including 71 independent samples and a sample size of 20,510 to test the research model and examine the role of moderators in this model. Findings: Findings reveal that gamification, through the customer experience components (cognitive, hedonic, pragmatic and social elements), leads to customer engagement, resulting in word-of-mouth and loyalty. However, privacy concerns play a destructive role in this process, deteriorating customer–firm relationships. Moderator analysis indicates that gamification design elements, such as rewards, progression and customization systems, along with product and service benefit, involvement, familiarity and firm type moderate the relationship between gamification and customer response. Research limitations/implications: The meta-analysis main and moderator analysis results provide several insights for marketing managers that assist them in developing an effective gamification in mobile app strategy. Originality/value: The findings reveal novel insights, encompassing both the bright and dark sides of the influence of gamification on customer response, while also examining the moderating roles of gamification, product and service and firm characteristics.",Customer engagement; Customer experience; Gamification; Loyalty; Meta-analysis,2024,7,10.1108/MIP-10-2023-0569,Barari M.,Marketing Intelligence and Planning,2-s2.0-85197299178
Consumer experience and perception in gamification marketing: evidence from the user survey of POPMART,"Background: Brand loyalty is crucial for brand marketing effectiveness. Typically, companies may struggle with user feedback and advertising impact, making it challenging to establish consumer habits and receive positive feedback. Gamification marketing engages consumers actively in brand advertising as players. However, the underlying mechanisms of gamification and its impact on advertising effectiveness remain unclear, especially in new consumer domains lacking targeted experiences. Methods: By introducing the USE model that incorporates utilitarian, social, and experiential purposes, we critically elevate the marketing domain’s game evaluation model. Using a survey component of a new online applet, we survey consumers to examine their perceptions and experiences with gamified marketing, exploring data models related to consumer usage motivations and influence levels. The impact of user habits, membership, recommendations, and usage intentions on brand loyalty is analyzed. Results: Our empirical results demonstrate that gamification marketing can effectively increase consumers’ brand loyalty by satisfying utilitarian, social, and experiential purposes, with utilitarian motives showing the strongest significance. Discussion: This study contributes to enhancing the consumer perception in gamified marketing design, enabling targeted improvements in the experiential effects of gamified marketing for businesses.",brand loyalty; consumer experience; gamification marketing; POPMART; USE model,2025,6,10.3389/fcomm.2025.1388020,Zhang J.,Frontiers in Communication,2-s2.0-105001041824
COMPUTATIONAL BIBLIOMETRIC ANALYSIS ON ADAPTIVE GAMIFICATION USING VOSVIEWER,"The goal of this study is to examine bibliometric literature reviews on the topic of adaptive gamification, utilizing VOSviewer software to unify mapping analyses. Nowadays, games are not just for entertainment, but can also serve as a learning medium, commonly referred to as gamification. In the fields of education and marketing, gamification is increasingly being implemented. This study includes VOSviewer mapping analysis, Publish or Perish tools, and Google Scholar. The data collection method used descriptive and qualitative approach to identify published studies and their findings. The search for data used the keyword ""adaptive gamification"" in Google Scholar through the Publish or Perish software. The results reveal 975 published articles from 2017-2021. The research on adaptive gamification peaked in 2019-2020 but decreased in 2021. Finally, this work stresses the significance of bibliometric analysis, particularly in the field of adaptive gamification, and seeks to serve as a resource for future research.",Adaptive gamification; Bibliometric; Computational; VOSviewer,2023,6,,Hayati E.N.,Journal of Engineering Science and Technology,2-s2.0-85176615603
Evaluating the effect of psychological dimensions of gamification strategy on creation of unplanned purchases,"To use and how to use varied gamification tools is very important from a salesperson perspective. If they use them in a technical way, it may lead to unplanned buying. In this paper data was gathered from 360 customers in Dillards chain stores in Houston by handing out questionnaires. This study first introduces the concept of gamification strategy and unplanned purchases, and then identifies some salesperson's gamification tools based on psychological dimensions which can lead to change in purchase intention or unplanned purchases and consequently trade growth. In this way scholars developed a structural model which is going to illustrate the effect of these psychological dimensions on unintended buying. Results showed that these strategies are effective in marketing.",Gamification strategy; Psychological dimension; Unplanned purchases,2022,6,10.1504/IJPM.2022.119843,Aghdaie S.F.A.,International Journal of Procurement Management,2-s2.0-85122432160
How Does Gamification Improve Purchase Intention? Through the Lens of Perceived Brand Coolness and Time Poverty,"Gamification has been extensively employed in marketing practices to meet the diverse needs of consumers. Previous research suggests that gamification marketing plays a pivotal role in influencing customer purchase intention. However, the precise mechanism through which gamification marketing impacts purchase intention requires further investigation. Drawing on the self-determination theory (SDT), this study explores the relationship between gamification marketing and purchase intention, with customers’ perceived brand coolness as a mediating variable and time poverty as a moderating variable. Using data collected from 184 participants in the experiment, our research demonstrates that, in comparison to non-gamification marketing, gamification marketing significantly influences purchase intention. Furthermore, perceived brand coolness emerges as a mediating factor in this relationship, providing new insights into the gamification mechanism. Customers who are in low time poverty exert more perceived brand coolness and purchase intentions compared with high time poverty in the context of gamification marketing. This study expands the research of gamification by introducing perceived brand coolness to the relationship between gamification marketing and purchase intention. It also contributes to the study of time poverty under the context of gamification marketing.",consumer behavior; gamification marketing; perceived brand coolness; purchase intention; time poverty,2024,6,10.3390/bs14121226,Liao Y.,Behavioral Sciences,2-s2.0-85213360369
Teaching creative careers in the pandemic: A study of digital tools used by university instructors,"During the COVID-19 pandemic, one of the major concerns at the Universidad de Ciencias y Artes de América Latina (UCAL; the University of Sciences and Arts of Latin America) has been to keep offering highquality education with effective teaching methodologies and creativity at its core. This article aims to describe and understand the use of digital tools for class preparation, synchronous encounters, storage, interaction, collaborative work and assessment by UCAL’s instructors in creative careers. It finds that instructors were proactive about learning and using a variety of digital tools. Gamification apps and interactive boards were instructors’ favourites because they tended to motivate their students the most. No statistically significant associations were found between tool selection and course, sex, or age. Based on the evidence, this article will propose general guidelines for a training plan for instructors.",Architecture; communication; creativity; emergency remote teaching; graphic design; higher education; marketing; Pro.Seso Creativo® 3.0,2022,6,10.3167/latiss.2022.150204,Perdomo B.,Learning and Teaching,2-s2.0-85135043793
Confirmatory Factor Analysis: User Behavior M-Commerce Gamification Service in Indonesia,"Gamification of marketing is a fast-growing phenomenon and an innovation for mobile marketing. Gamification is a strategy for increasing the attractiveness of mobile consumers to encourage increased shopping behavior, loyalty, engagement, and product advocacy. Understanding the factors behind the use of gamification services in m-commerce is very interesting, and no one has done any research. This study investigates the theory of self-determination (competence, autonomy, and relatedness) and extrinsic motivation as a predictor of the use of m-commerce gamification services. Data was collected from 400 respondents who had experienced using gamification services on m-commerce. The data was then included in the analysis. Analysis of the data using confirmatory factor analysis to determine the dominant factors of gamification service users. The benefits of factor analysis confirm the dominant factors that motivate users of gamification services in m-commerce. Researchers use AMOS 18 for Windows software to assist in the data processing. The results show that extrinsic motivation is the dominant factor that motivates users of gamification services. This finding provides insight for m-commerce companies and game designers to improve gamification mechanisms based on virtual points to motivate users to be more active and continue using gamification services. For the next research, it is possible to validate the construct by using other theoretical approaches, such as adding flow theory to measure the motivational factors of gamification service users. The research object can use other applications, such as gamification services in health, education, and banking applications.",CFA; Gamification; m-commerce; self-determinant theory,2022,6,10.30630/joiv.6.2.848,Rakhmanita A.,International Journal on Informatics Visualization,2-s2.0-85133683993
Examining gamification affordances for intrinsic needs of satisfaction in tourist engagement activities on digital platforms in Hong Kong,"The effectiveness of gamification elements has been widely examined in different aspects over the past decade. However, recent research showed that not all gamification elements can effectively engage users or consumers in different domains including video games and online shopping activities. To examine these inconsistent results, affordance theory was expanded to propose a new affordance design model in the gamification context. This study included a questionnaire survey of 303 Hong Kong residents, aged 18- 60 years old. SmartPLS4.0 structural equation modelling (PLS-SEM) was employed. The findings indicated that the proposed gamification affordances were largely significant for consumers’ psychological satisfaction needs, except for hedonic-based features. The results also demonstrated that gamification serves as a rewarding tool for consumers to foster social connections and achieve self-fulfillment. This highlights the utilitarian value within the relationship between consumers and activities in tourism. The objective of this research was to identify which gamification affordances most effectively fulfilled consumers’ psychological need of satisfaction by incorporating self-determination theory. This study contributed using a new affordance model to understand consumer actions in the knowledge construction of gamification effectiveness, especially in the tourist markets and its impact on consumers’ psychological satisfaction needs. The effectiveness of gamification of reward-based affordances present that the this research provide valuable insights that can be used by marketers to develop effective online marketing strategies specifically for online tourism activities in Hong Kong.",Affordance Theory; Gamification; Online Tourist Activities; PLS-SEM,2026,6,10.1177/14673584241299565,Chan W.H.,Tourism and Hospitality Research,2-s2.0-85208949154
A theoretical framework for gamified learning,"The term ‘gamified’ has been applied to a large number of processes in the organization. Marketing professionals have attempted to gamify customer experiences, while human resource managers have attempted to gamify employee processes like recruitment and onboarding. Being a powerful driver for goal-oriented behavioural change, gamification has the potential to revolutionise the way people work, collaborate, and develop. However, the application of gamification has met with limited success in the organization. Researchers have attributed this lack of success to incomplete understanding of the concept. The current study reviews literature in the area of Gamification in an attempt to arrive at a conceptual model explaining how gamification drives learning. The model proposed in this study is simple and draws from key theories related to Learning and use of technology. The purpose of the review is to provide a base for future researchers and a basic understanding for practitioners attempting to introduce gamified learning.",Gamification; Learning; Review; Theoretical Framework,2019,5,10.35940/ijitee.L3032.1081219,Nair S.,International Journal of Innovative Technology and Exploring Engineering,2-s2.0-85073783196
Educator's blueprint: A how-to guide for creating analog serious games for learning in medical education,"Serious games are an emerging tool for teaching and learning within medical education. These games can be used to facilitate learning or to demonstrate complex concepts in short bursts of interactive learning. This educator's blueprint will provide 10 strategies for creating a serious game, focusing on card and board games. These strategies include creating a project charter; determining the nature of the game; establishing game mechanics; selecting the best medium; prototyping and playtesting; reviewing sensitivity to equity, diversity, and inclusion; reviewing and refining content; funding game development, manufacture, and distribution; marketing and publicizing the game; and future-proofing the game. This blueprint hopes to help aspiring serious game designers and educators to conceptualize the steps for successfully creating a new serious game for medical education.",game-based learning; gamification; play; serious game,2023,5,10.1002/aet2.10907,Edwards S.,Aem Education and Training,2-s2.0-85177787361
"The surveillance, gamification and datafication of children’s finance: a feature and tagline analysis of child finance apps","Purpose: Children’s finances are increasingly digitised through the emergence and development of a range of finance applications, or apps, for managing chores, saving and spending. This paper aims to offer a preliminary scoping study of these child finance apps in the nascent consumer research area of children’s FinTech. Design/methodology/approach: This paper undertakes a qualitative analysis of the design features and marketing taglines of child finance apps to explore their role in the digitisation of children’s financial literacy, consumer socialisation and economic agency. Findings: The present analysis reveals five key design functions of child finance apps: chore management; child savings; payment and spending systems; parental control features; and banking and finance features. Furthermore, three key child consumer themes emerge from the analysis of these child finance apps: gamification of child household labour; surveillance of children’s consumer participation; and datafication of children’s financial lives. Originality/value: To date, there is little research into the increasingly popular use of child chore, consumption and financial management apps, and thus a research gap or problem is that we do not yet have sufficient understanding of how finance apps operate through their design and marketing to influence the financial conditions of contemporary childhoods. This study is significant in bringing theories of surveillance, gamification and datafication from digital platform studies to the fields of childhood studies, children’s consumer research and child FinTech studies. The findings suggest that child finance apps use gamification features to encourage children’s financial learning, surveillance features to enable parenting care in children’s financial development and datafication to exploit children’s financial data within the finance industry. This study is clearly limited to the app environment, and so future work should investigate the use and perceptions of these apps in more detail using more situated social research methods with families and children.",Childhood studies; Consumer socialisation; Finance apps; Online media; Other media and children; Parenthood; Qualitative methods,2024,5,10.1108/YC-01-2024-1954,Nansen B.,Young Consumers,2-s2.0-85198505439
Reflecting Uses and Gratification 2.0 Perspective into Over-the-Top (OTT) Consumption: Role of Collaboration Design and Cross Platform Navigability,"A discernible trend within Over-the-top (OTT) platforms is the systematic integration of gamification elements into their marketing endeavors. While existing research has established the positive effects of gamification on customer satisfaction and engagement, there remains a significant gap in understanding how GMA contributes to enduring brand associations. Particularly, the role of strategic factors such as collaboration design and cross-platform navigability in amplifying the effectiveness of gamification has yet to be explored. This study utilizes Uses and Gratifications Theory 2.0 and Consumption Value Theory to investigate these nuances of modern media consumption by delineating the role of gamification in facilitating OTT brand stickiness. This combines PLS-SEM and fsQCA to analyze 590 responses from active subscribers of OTT. The study’s findings draw significant boundary conditions for the base model envisaging brand stickiness.",brand engagement; brand stickiness; collaboration design; Gamification; OTT; UGT 2.0,2024,5,10.1080/15332969.2024.2428521,Malik G.,Services Marketing Quarterly,2-s2.0-85210774130
The effect of gamification on brand equity and desirable consumer behaviors in online retail stores: The mediating role of brand engagement,"The use of gamification as a means to engage and retain customers has garnered significant attention in marketing. Despite its widespread usage, little is known about its impact on consumer behavior within online contexts. This paper aims to investigate the influence of gamification on brand equity and desirable consumer behaviors by examining the mediating role of brand engagement. An analytical survey study was conducted, with the statistical population consisting of all customers of Digikala, the most prominent online retail store in Iran. The G-power software was employed to determine the sample size for the partial least square test. Standard questionnaires were employed for data collection, and structural equation modeling (SEM) using Smart PLS software was utilized for data analysis. The findings reveal that gamification significantly impacts brand equity, including brand awareness and loyalty, and desirable consumer behaviors such as word of mouth and resistance to negative information. Moreover, gamification enhanced brand engagement, which mediates its effects on brand equity and desirable consumer behaviors. The incorporation of gamification dimensions, including immersion, achievement, and social interaction, is identified as a promising marketing strategy, and online business managers and marketers should focus on enhancing these dimensions.",Brand engagement; Brand equity; Desirable consumer behaviors; Gamification,2024,5,10.22059/ijms.2023.352786.675544,Ebrahimi E.,Interdisciplinary Journal of Management Studies,2-s2.0-85188170224
Fear of Missing Out (FoMO) and Recommendation Algorithms: Analyzing their Impact on Repurchase Intentions in Online Marketplaces,"The rapid growth of e-commerce has intensified consumers’ Fear of Missing Out (FoMO), influencing their repurchase intentions. This study aims to examine the impact of online FoMO on repurchase intentions in marketplaces, emphasizing the role of personalized recommendations and promotional strategies. A quantitative approach was employed, collecting data from 300 respondents who actively shop on online marketplaces. The study utilized Structural Equation Modelling (SEM) to analyze the relationships between FoMO, trust, perceived value, and repurchase intentions. The findings reveal that FoMO significantly influences repurchase intentions, both directly and indirectly, through trust and perceived value. Additionally, personalized recommendations and time-limited promotions amplify FoMO, further strengthening consumers’ intention to repurchase. These results highlight the necessity for e-commerce platforms to strategically implement AI-driven personalization and gamification elements to optimize customer retention. The study contributes theoretical insights by integrating psychological and technological perspectives in understanding consumer behavior in digital marketplaces. The originality of this research lies in its empirical validation of the FoMO- repurchase intention relationship using SEM, offering novel insights into how marketplace features shape consumer decision-making. Practically, the findings provide actionable strategies for businesses to enhance customer engagement and retention through behavioral-driven marketing approaches.",Component; consumer behavior; FoMO; online marketplace; repurchase intentions; SEM,2025,5,10.14569/IJACSA.2025.0160412,Mustikasari A.,International Journal of Advanced Computer Science and Applications,2-s2.0-105004055598
"Customer inspiration in the metaverse: Antecedents, mechanisms, and outcomes","The metaverse represents a transformative digital environment reshaping consumer-brand interactions, yet the psychological mechanisms driving engagement remain unexplored. This study develops and examines a model of customer inspiration in the metaverse, testing how gameful experience, embodiment, and digital environment benefits drive customer inspiration from and to states. Using data from 1045 metaverse users analyzed via Partial Least Squares-Structural Equation Modelling (PLS-SEM). We find gameful experience, embodiment, and digital benefits significantly enhance inspiration-by, with digital benefits emerging as the strongest driver. The customer inspiration-by to inspiration-to proves more robust than traditional digital context, leading to essential outcomes: brand happiness, brand loyalty, immersive experience, and willingness to pay a premium price. The study profoundly contributes to scholars and offers actionable insights for marketers, highlighting that the metaverse design, particularly gamification and features, outperforms the hedonic approaches. We contribute to emerging research topics on virtual consumer psychology while providing a framework for optimizing metaverse marketing.",Behavioral outcomes; Customer inspiration; Digital benefits; Metaverse gamification; Metaverse marketing,2025,5,10.1016/j.jretconser.2025.104439,Bazi S.,Journal of Retailing and Consumer Services,2-s2.0-105011875359
From virtual to reality: how online gamification applications promote travel intention,"Gamification marketing has become an effective means for destination to attract visitors, but research on its influence on tourists’ travel intention is limited. This paper focuses on online gamification applications for tourism marketing and examines how gamification affordances affect users’ travel intention based on the affordance theory and consumer response system model. Using a mixed-method approach, this study first identified core dimensions of online gamification affordances through qualitative method: aesthetic, narrative, achievement, and social. Then, structural analysis revealed their impact on cognition, emotions, and sensory experiences, uncovering mechanisms driving travelers to transform online gamification experiences into on-site travel intention.",affordance theory; consumer response system; destination cognition; emotional arousal; gamification; mixed-method study; sensory experience; Tourism marketing; travel intention,2025,5,10.1080/10548408.2025.2511659,Zhang Y.,Journal of Travel and Tourism Marketing,2-s2.0-105009836249
EMPIRICAL STUDY ON GAMIFICATION EFFECT ON BRAND ENGAGEMENT,"Gamification is the practice of applying game design aspects to non-gaming contexts, which has grown in popularity over the previous decade. It is a technology used to stimulate the consumers’ psychological motivations towards a service, activity, product, or brand in the business world. Different frameworks have been proposed, with design elements carrying unique characteristics, and have been described as motivating attitudes. However, the rarity of empirical evidence answering the people’s drive to use gamification in the marketing field still represents a gap in the literature. This study proposes a comprehensive gamified framework specially developed for assessing the effect of gamification on brand engagement according to UX designs using different game elements. Materials and an experiment were conducted, where the participants performed the tasks and activities within the gamified framework. Data was collected through a comprehensive survey answered by the customers after experimenting. The data included the evaluation of the relationship between the user experience and the game elements and their effect on utilitarian and hedonic motivations. A holistic evaluation of the whole gameful experience and its influence on customer attitude in regards to more brand-enhanced engagement was further assessed. The results of this study revealed a positive relationship, with a statistically highly significant correlation between the proposed framework and the studied variables, in conjunction with player personality as an important moderating factor. Accordingly, it was concluded that customer attitude towards a brand can be affected during a gameful experience and will eventually result in positive, active, enhanced brand engagement.",Game elements; Gameful experience; Gamification; Hedonic motivation; User experience; Utilitarian motivation,2023,5,10.51847/sAorvxedSs,Elshoubashy H.,Journal of Organizational Behavior Research,2-s2.0-85217513525
Can gamification marketing enhance the digital destination image of cultural heritage sites?,"Digital technology represents a powerful tool for the market competitiveness of cultural heritage sites. However, destination content marketing research has received limited attention from a gamification digital technology perspective. Concerning the tourism advertising effects (AIEDA) model and the four-phase model of interest development, this study investigated the impact of the content marketing form (gamification vs. non-gamification) on destination digital images in two experiments. Study 1 examined and confirmed that gamification (vs. non-gamification) content marketing fosters a better digital image. Moreover, the awakening of interest and perceived attractiveness mediated that relationship. Study 2 further revealed the moderating role of the storyteller image's cultural symbolism. When the storyteller's cultural symbolism is low, the gamification form is more conducive to establishing an excellent digital destination image; however, storytellers with high cultural symbolism do not have significant effects. Our research provides theoretical and practical implications for how tourism practitioners can harness gamification in content marketing.",Content marketing; cultural heritage sites; digital destination image; gamification; tourism advertising effects (AIEDA) model,2025,5,10.1177/13567667251333476,Zhang W.Y.,Journal of Vacation Marketing,2-s2.0-105003996099
Is Trending Social Media Platforms a Newfangled Language of Oral Health Promotion? A Short Communication,"The global oral healthcare system faces significant challenges, including disparities in access to services and facilities along with a widespread lack of awareness about different preventive measures. The phrase ""social media""describes a wide range of online platforms and software that let users interact, share, communicate, and explore. A sizable number of people now use social media applications. It has long been used to increase public awareness of general health issues. It has also gained acceptance in the dental sector in the last few years. It has been widely used as a tool for teledentistry and to disseminate oral health knowledge and information. This study emphasizes different digital media tools that can raise comprehensive oral health knowledge and the benefits and drawbacks of doing so along with discussing the significance of social media in endorsing oral health awareness among the population.",Gamification; Influencer Marketing; Oral Hygiene Awareness; Public Dental Health; Social Media,2024,4,10.4103/jioh.jioh_125_24,Buva K.,Journal of International Oral Health,2-s2.0-85208227029
Data-driven review of customer engagement: key research themes and future directions,"Customer engagement has garnered significant attention in recent years. It is important to synthesize the extant literature on the field to identify key themes and navigate potential future directions. This study introduces a scalable, data-driven review using text mining and Latent Dirichlet Allocation-based topic modeling to analyze full-text documents, addressing limitations of traditional methods like manual coding and bibliographic analysis. We examined 2,419 papers from 2006 to 2024, identifying 11 key research themes: value co-creation, corporate sustainability, loyalty in service contexts, mobile applications, user-generated content, artificial intelligence, experience-intensive industries, tourism destination posts, virtual reality, digital gamification, and online communities. Five future research directions are proposed, focusing on customer engagement integration with emerging technologies, sustainable marketing, digital-X applications, and customer relationship ecosystems.",Customer engagement; Data driven review; Marketing; Text mining; Topic modelling,2026,4,10.1007/s10660-025-09967-1,Zang L.,Electronic Commerce Research,2-s2.0-105002990292
Gamification and Sugar: A School-Based Pilot Study of Social Marketing and Gamification Approaches to Reduce Sugary Drink Intake in Pasifika School Students,"The aim of this study was to investigate a social marketing–gamification intervention to reduce sugary drink intake drawing on popular culture of Pasifika secondary school students in Auckland, New Zealand. Students aged 11 to 14 years from one coeducational high school participated in the 11-week pilot study. The 9-week intervention was undertaken in assemblies and classrooms. Baseline and follow-up measures were completed by 227 and 220 students, respectively, of 298 enrolled students. Retention of the “3-6-9” teaching related to maximum daily sugar intake increased from 9% at baseline to 97% at follow-up (P <.0001). Significant increases were observed of students who correctly answered sugar content of drinks. Overall consumption of sugary drink decreased at follow-up by 0.46 glasses per day. The main conclusion from this study was that this school-based gamification educational package to convey messages about sugar content of drinks using popular modes of engagement is a promising intervention that was acceptable and well supported by school staff and students.",dental caries; diabetes; intervention; obesity; Pacific; school; sugar; sugary drink,2021,4,10.1177/10105395211030133,Sundborn G.,Asia Pacific Journal of Public Health,2-s2.0-85109265051
Gamification and I Immersive Experiences in Museums as Audience Development Strategy – The Case of Croatian Museums,"Technology has always been playing a significant role in interpretation and presentation of cultural heritage, both the objects exhibited in museums and heritage present in situ. Enhancement in the field of extended reality can be seen as the gamechanger for the heritage presentation, with the immersiveness and gamification having the potential of turning nonvisitors into visitors. Cultural institutions, city governments, tourist offices and heritage sites are turning towards the concepts of immersive and gamified heritage, trying to reach new segments of visitors and tourists. The paper brings an extensive contemporary literature review on the immersive technologies in museums and heritage sites, and audience development trends in museums in general. The paper deals with the research problem of immersive technologies as audience development strategies of Croatian museums. The research questions are the following: Is the general population interested in current museums' offerings? Will the interest for the museums' offerings rise if they would offer an immersive and gamified experience? The research has been conducted on the general population as cultural audiences, exploring their attitudes towards museums, video games, immersive realities, and use of gamification and immersiveness in museum offerings.",heritage interpretation; immersive technologies; interactive media; marketing strategies; words: museum management,2023,4,10.5671/ca.47.4.5,Mavrin I.,Collegium Antropologicum,2-s2.0-85191727608
Analyzing Customer Engagement with Gamification Approach in the Banking Sector Using the Rasch Model,"This study investigates the instruments used to measure consumer engagement in mobile banking applications that employ gamification strategies. Customer engagement plays a crucial role in the effectiveness of e-marketing strategies, particularly for relationships, products, services, and brands. Gamification has emerged as a promising approach for promoting content marketing. Primary data from active users of mobile banking applications were collected from various banks and analyzed using the Rasch model to assess the instrument's efficiency. The study involved 451 participants and considered demographics, customer involvement, psychological aspects, game elements, and 26 dimensions. The results indicate that the average Outfit Mean Square (MNSQ) scores for individuals and items obtained from analyzing 49 questions with the Rasch model fall within the desirable range of 0.5-1.5. The mean values of INFIT and OUTFIT MNSQ, as well as INFIT and OUTFIT ZSTD, closely approximate the desired level. Additionally, the instrument demonstrates strong reliability with a coefficient alpha of 0.94. In conclusion, the findings suggest that the respondents understood the instruments employed in this study well and effectively facilitated data collection.",analysis instruments; customer engagement; gamification; mobile banking applications; Rasch models,2024,4,10.18280/isi.290323,Prasetyaningrum P.T.,Ingenierie Des Systemes D Information,2-s2.0-85196480024
Mapping evolving immersive customer experiences (CX) and virtual engagement in the metaverse: insights from bibliometrics-topic modelling synthesis,"This study maps the research landscape of immersive customer experience (CX) in the metaverse by synthesizing bibliometric analysis and topic modelling. Using 1,460 Scopus indexed journal articles (2000–2025), we examined publication trends, prolific authors, journals, and country contributions, and applied Latent Dirichlet Allocation (LDA) topic modelling, uncover thematic structures. Findings show 22.78% in publications, with increasing global contributions from countries like India, Malaysia, and South Korea. Seven core themes emerged: CX enhancement, brand engagement and virtual services, marketing research trends in CX, digital marketing and NFT adoption, AI-driven engagement, immersive business value creation, and consumer behaviour in virtual retail. While the field is developing, metaverse-specific CX models and measurement tools remain underdeveloped. The study advances theory by CX frameworks to immersive, co-created, and avatar-mediated experiences, and offer practical guidance for firms to adopt customer-centric strategies that leverage AI, gamification, and virtual branding. To our knowledge, this is the first work to combine bibliometric and topic modelling to chart CX research in the metaverse, highlighting current research frontiers and future research agenda.",Bibliometrics; Customer experience (CX); Dual analysis; Immersive experiences; Latent Dirichlet Allocation (LDA); Metaverse; Topic modelling,2025,4,10.1007/s41870-025-02954-7,Bashar A.,International Journal of Information Technology Singapore,2-s2.0-105024314394
Identifying the Applications of Gamification for Audience Attraction in Public Libraries,"Gamification has emerged as an engaging approach to motivate participation and enhance experiences in diverse contexts. This study aimed to identify potential applications of gamification for attracting audiences to public libraries. Data was collected through semi-structured interviews with gamification experts, using purposive and snowball sampling, with thematic analysis revealing 16 main themes and 56 sub-themes. Our results show the potential of gamification to increase reading rates, help organize interesting events/challenges, and improve interactivity, the book lending process, library appeals, program awareness, user experience, educational activities, brand loyalty, participatory/volunteer activities, patron guidance, book searching, resource returns, marketing, and scientific/economic outputs in public libraries. This study highlights the fundamental and influential role of gamification in advancing public libraries and improving services in libraries. A dedicated gamification platform and system could enable libraries to engage librarian visitors, with further research needed to continue building knowledge in this emerging area.",game design; gamification; Iran; library services; public libraries,2024,4,10.1515/libri-2023-0123,Khademi Zare S.,Libri,2-s2.0-85196675945
The impact of gamification on academic performance: the case of digital marketing in Lebanon,,Academic performance; Boredom; Gamification; Innovativeness; Perceived enjoyment; Perceived teacher support; Quality education,2025,4,10.1108/EJIM-04-2024-0411,Shatila K.,European Journal of Innovation Management,2-s2.0-85208251120
"It Is Probably Fake but Let Us Share It! Role of Analytical Thinking, Overclaiming and Social Approval in Sharing Fake News","This study investigates whether and how analytical thinking, overclaiming, and social approval are associated with the intention of sharing fake news on social media. To randomize each respondent to a group and treatment and to test of several hypotheses simultaneously, two by two factorial design was used. An online survey (N = 1160) on Iranian social media revealed that overclaiming and social approval are positively related to sharing fake news on social media. Surprisingly, analytical thinking yielded no significance. We believe that in order to show more knowledge users tend to share information with high social approval irrespective of their credibility. Although CRT proved no relation with sharing, significant differences among male and female users were found. The proven relation between sharing more and overclaiming more reveals a marketing opportunity. Gamification of communication which provides a vehicle for users to overclaim their knowledge to their peers on social media might be a suitable strategy on social media to spread the message.",analytical thinking; Fake news; overclaiming; social approval; social networks,2023,4,10.1177/09732586221116464,Rahmanian E.,Journal of Creative Communications,2-s2.0-85138412237
The potential of location-based gamification apps for promoting sofia as a tourist destination,"The main aim of the research is to identify the potential of location-based gamification apps for promoting tourist destinations. The specific goal is to investigate and evaluate the existing gamified apps for Sofia and reveal their potential as a marketing tool for enhancing the capital as a tourist destination. The study is based on a literature review on the topic and desk research of the available location-based gamification apps for promoting Sofia as a tourist destination thus allowing a comparative analysis of the main attributes of the gamified apps to be made. The qualitative research technique of using key informants is also applied, providing an expert source of information and a deeper insight into current and potential practices in the research area and their effec-tiveness. The results indicate that this has the greatest potential for further engagement of users and the co-creation of products and services as well as for raising awareness of the destination. The main limitations are related to the fact that they are a relatively new and little-known marketing tool in the field of tourism, and this predetermines a lack of sufficient knowledge and experience for their use for promotional purposes.",App; Destination; Gamification; Sofia; Tourism,2021,4,10.18778/0867-5856.31.1.13,Mileva S.,Turyzm Tourism,2-s2.0-85137631132
Prediction of Bank Customer Potential Using Creative Marketing Based on Exploratory Data Analysis and Decision Tree Algorithm,"Today's bank marketing uses traditional methods, using standard and boring ads to target prospects. Of course, this can impact the banking process, reducing the number of potential banking customers. Banks need to think outside the box and apply creative marketing ideas to drive their profitable marketing development and marketing success potential. Most consumers consider banking a daily necessity, and it is best to avoid it. If they can take a creative approach to bank marketing, that idea can change. Especially when bank marketing integrates creative bank marketing ideas such as gamification, automation, chatbots, and rewards to encourage potential customers to use banking services, therefore; this study uses a decision tree algorithm with the best trash old decisions to perform a classification process on kaggle.com's bank marketing dataset. The classification process uses Python 3 to find the accuracy value of the decision tree algorithm calculation using K-Fold and scale data. This survey achieved classification results with 82% accuracy, 84% recognition, and 85% accuracy with recommendations and creative marketing solutions.",best trashold determination; classification; creative marketing; decision tree; Python 3,2022,4,10.18280/isi.270409,Basysyar F.M.,Ingenierie Des Systemes D Information,2-s2.0-85139352726
METAVERSE MARKETING: A BUSINESS-TO-BUSINESS ANALYSIS OF BRAND STRATEGIES AND GENERATION Z ENGAGEMENT IN THE SPORTS INDUSTRY,"This research explores the interplay between the services the Metaverse industry provides, including brand gamification, Metaverse marketing factors (novelty, interactivity, Influencer), and their impact on brand advocacy and loyalty among Generation Z within the sports industry. Employing a quantitative approach, the researchers collected data from 384 participants. The findings reveal significant positive relationships between brand gamification and Metaverse novelty and interactivity. The outcomes of Metaverse devices exhibited that consumers developed a strong affinity for specific brands due to the influence of social media influencers. In addition, the vibrant and dynamic realm of the Metaverse has generated a wave of positive brand sentiment among individuals. The research examined the efficiency of transforming brand experiences inside the Metaverse into gamified systems, significantly influencing people and increasing their affection for the brands within the sports industry. Metaverse is a critical tool for Generation Z as this group seeks immersive, active, and engaging experiences, and effective branding in Metaverse can provide a solid appeal to this tech-savvy youth. The findings of this research provide significant managerial implications for both the Metaverse market and the sports industry, highlighting the significance of leveraging the Metaverse for enhanced brand engagement and loyalty among Generation Z.",brand gamification; brand loyalty; Business-to-Business Marketing; Generation Z; L82; M3; metaverse marketing; O33; sports brands; virtual marketing,2025,4,10.24818/EA/2025/70/1091,Hussain S.,Amfiteatru Economic,2-s2.0-105023876416
Sociable Gamification and Social Media Promotions: Personalization of Social Media Promotions Through Strategic Views,"Sociable gamification uses social media and gamification to grow social media promotions strategically. Academic circles lack dialog despite the growing presence of sociable gamification in the strategic applications of social media promotions. This research primarily aims to convey the strategic importance of sociable gamification in social media promotions. The study, guided by the principles of qualitative research, has incorporated the perspectives of 42 practitioners to narrow down the results. The findings revealed the role of such integration in creating personalization, encryption, and minimal invasions. Similarly, competitive gaming through gestural patterns reduces the need for performance marketing and promotes organic visibility across social media. The academic implications introduced a framework to explain the scope of topics within the interdisciplinary research spectrum. The managerial implications highlight the importance of optimization, personification, and channeling in consumer-focused businesses.",digitization; gamification; social media; strategies,2025,4,10.1080/10496491.2025.2466606,Roy G.,Journal of Promotion Management,2-s2.0-105001482965
Factors affecting the acceptance of gamification application in e-banking,"Gamification is a popular trend that is applied in many fields such as marketing, advertising, ed-ucation, administration, and communication. In the field of electronic banking (e-banking), gam-ification uses the available content of businesses, exploits in many different aspects and aims at the ultimate goal of increasing sales, achieving effective marketing. The objective of this paper is to study the factors affecting the adoption of gamification in the field of e-banking. Based on the Technology Acceptance Model (TAM), through a survey of 193 managers, bankers and custom-ers, gamification application has had a positive impact on the acceptance of this new trend in e-banking. The research results show that: ease of use, usefulness, enjoyment, and convenience have an effect on acceptance of gamification. It also shows that clients can manage their investments and buy more mutual funds, thus increasing their chances of winning the game.",e-banking; e-WOM; Gamification,2023,4,10.5267/j.ijdns.2023.3.011,Anh T.L.,International Journal of Data and Network Science,2-s2.0-85152047002
Gamified Customer Experience and Engagement in Amazon Online Retailing Company in The Covid -19 era,"This study aims to fill the gap between gamification features and their impacts on practical marketing activities in The Covid -19 era by providing a comprehensive analysis between gamification features: immersion (storytelling), achievement (reward), and social (competition) on customer experience (CX) and engagement (CE). In this study, a Quasi-experimental design method was used to examine the relationship of the gamification features on CX and engagement. To investigate, an online survey was distributed to 200 students and they were exposed to three different scenarios randomly. Structural equation modeling, Analysis of variance (ANOVA), t-test, regression, path analysis and Sobel test were used to evaluate the impacts of gamification on CX and engagement. The results reveal that gamification has positive effect on CE and CX while, achievement has a more substantial impact than immersion and social on CX, competition has a stronger positive effect than storytelling but weaker positive effect than reward.",Achievement features; Customer engagement (CE); Customer experience (CX); Gamification; The Covid -19,2023,4,10.7903/ijecs.2055,Akbari M.,International Journal of Electronic Commerce Studies,2-s2.0-85148880959
Are Gamification and Consumer Happiness the Links Between Gourmet Food Packaging Design and Mobile Points of Sales?,"Based on the idea of gamified food packaging, the article follows several studies to propose a new integrative framework in gamified gourmet food packaging, lighting a new study area of the interplay of mobile marketing and packaging (as a communication vehicle) in the promotion management literature. We investigate the relationship between the masstige theory perspective on masstige (gourmet) food companies and the effects of gamification, specifically in mobile sales points, in the new extended framework that has been suggested. We propose an integrative framework comprising four key elements. These include consumer engagement with the brand, technological packaging design, consumer happiness, and consumer involvement at mobile point-of-sale. We employ a survey to gather data as part of our research methodology to test nine (9) research hypotheses and the mediating effect of consumer happiness and consumer involvement. The study offers valuable insights into promotions of gamified gourmet food packaging, bringing attention to the intersection of gamification and mobile sales points and how they impact consumer perceptions, intentions, and purchasing decisions.",consumer happiness; food packaging; gourmet brands; mobile points of sales; purchase intention,2024,4,10.1080/10496491.2024.2333481,Moutzala I.,Journal of Promotion Management,2-s2.0-85189532994
Game Over? Assessing the Impact of Gamification Discontinuation on Mobile Banking Behaviors,"Gamification has gained significant attention in marketing. While previous research has primarily focused on the short-term effects of implementing gamification, this study explores the discontinuation of gamification in financial services and how it affects previously incentivized behaviors. We leverage a data set from a prominent Latin Ameri-can bank that had incentivized behaviors in its app through a reward module with prize wheels, raffles, and points. Unexpectedly, the reward module was temporarily stopped due to a lapse in government licensing; a unique natural experiment. Using age-period-cohort models, we examine whether gamification had a causal impact on the behaviors the bank intended to motivate, and whether it was necessary to continue gamification to main-tain these behaviors over time. We find that the reward module incentivized the desired behaviors, and its discontinuation caused these behaviors to decline. This effect was stron-ger for newer customers, and increased over time, further highlighting the need to main-tain these behaviors. We also find that both cash rewards and module engagement played distinct roles in influencing user behavior, and examine the impact of different game-design element outcomes on engagement.",digital transformation; emerging markets; financial services; gamification,2025,3,10.1287/mksc.2023.0345,Blanchard S.J.,Marketing Science,2-s2.0-105007988547
Exploring Enablers of Contagious Content for Dining Blogs: An Integrated Approach by Using Content Analysis and Interpretive Structural Modeling,"Blogs remain a popular and reliable form of online communication. As the number of dining blogs continues to rise, competition is increasingly fierce. Thus, it is important to not only draw the attention of users but to also secure followers. To increase reader loyalty, bloggers must consider blog marketing from a blog reader’s perspective. Although previous studies have explored how blog narratives influence consumer behaviors, few studies have focused on exploring the enablers of contagious content for dining blogs from a blog reader’s perspective. Creating contagious content helps to achieve the maximum benefits from blog marketing. Therefore, this study identifies the enablers of contagious blogs and models their interrelationships to aid dining bloggers in framing a consistently popular blog. Based on Berger’s six principles—social currency (S), triggers (T), emotion (E), public (P), practical value (P), and stories (S) (STEPPS)—13 main factors were first compiled through a literature review. Qualitative content analysis was then applied to extract the 31 enablers related to the main factors within the context of dining blogs. In order to identify the hierarchical relationships among the extracted enablers, this study applied interpretive structural modeling (ISM). Based on the results of ISM, cross-impact matrix multiplication applied to classification (MICMAC) describes the driving and dependence behaviors of the enablers. The results of ISM and MICMAC show areas of priority on which dining bloggers should focus to create contagious content. The most important areas include emotional stimulation, storytelling, and gamification. Finally, the theoretical and managerial implications of the findings were provided.",content analysis; dining blog; interpretive structural modeling (ISM); social media,2023,3,10.3390/jtaer18010034,Chang K.C.,Journal of Theoretical and Applied Electronic Commerce Research,2-s2.0-85150994305
Producers’ views and decision-making related to new management practices and technologies after participating in an experiential farm management competition: A mixed-methods study,"Innovative education and extension programs that engage with agricultural producers to develop, test, implement, and refine solutions have been recommended to increase the adoption of conservation management practices and technologies while maintaining farm profitability. The interactive, real-life farm management competition Testing Ag Performance Solutions (TAPS) was created in response. The TAPS program utilizes theories of adult, experiential, and peer learning and gamification to provide teams of producers an opportunity to experiment with all crop production and marketing decisions on university test plots in friendly competition with their peers. This study evaluated the impact of participating in the TAPS program, specifically considering producers’ views and decision-making related to management practices and new technology. Using a convergent mixed-methods design, we conducted a survey of and interviews with former TAPS program participants to provide insights into the effect of the competition on participants and their farm operations. Extension programs would benefit from replicating the TAPS learning model to effect real change and substantial adoption of state-of-the-art technologies and management strategies.",conservation practice adoption; experiential learning; farm management competition; gamification; peer learning,2025,3,10.1080/00224561.2025.2484975,Burbach M.E.,Journal of Soil and Water Conservation,2-s2.0-105017998992
Co-creating and evaluating social marketing programs: a living lab approach,"Purpose: This paper presents a methodological analysis of the co-creation and evaluation of “Biobot Academy” social marketing program to promote socio-emotional skills and prosocial behaviour in children, using a Living Lab method. This paper aims to identify how using a Living Lab method can enhance the co-creation and evaluation of a gamified social marketing program with users and stakeholders. To the best of the authors’ knowledge, this paper is the first to apply and further develop a Living Lab framework to guide social marketing program design. Design/methodology/approach: Using a case study method, the Living Lab process was applied during the development of the gamified social marketing program for promoting socio-emotional skills and prosocial behaviour in children. In total, 28 online and in-person sessions over a two-year period led to program co-creation. Guided by a mixed method approach, testing was conducted in a non-randomised waitlist control trial, while qualitative data from in-game data capture, classroom observations and recordings were collected. Findings: The application of the Living Lab method warranted improvements, specifically to the front-end and back-end steps of the existing process. While the non-randomised trial indicated effectiveness of the social marketing program across all outcome measures (self-awareness, empathy and prosocial behaviour intentions) compared to control, qualitative findings showed program improvements were needed on three specific aspects, namely, interactivity, user experience and comprehension. Originality/value: This study provides methodological guidance for the application of the Living Lab method in other social marketing settings to help co-create innovative social marketing solutions with diverse stakeholder groups.",Co-creation; Gamification; Living Lab; Social marketing; Stakeholder orientation,2023,3,10.1108/JSOCM-06-2022-0124,Saleme P.,Journal of Social Marketing,2-s2.0-85151924010
Enhancing Element Game Classification: Effective Techniques for Handling Imbalanced Classes,"One strategy for enhancing the promotion of marketing content involves the incorporation of gamification techniques. Existing research that examines the utilization of gamification through the classification approach often overlooks the issue of class imbalance within the dataset. Class imbalance occurs when the number of instances in the minority class differs significantly from those in the dominant class. This discrepancy can cause the classification method to perform worse because most classifiers work best when the class distribution in the dataset is balanced. Multiple studies underscore the significance of addressing class imbalances as a pivotal step toward enhancing the performance of classification algorithms. This study aims to demonstrate the impact of the data imbalance challenge and to identify the superior resampling method for integration into the machine learning process. The dataset employed pertains to users of a mobile banking application in Indonesia and encompasses variables such as gamification elements, demographic information, psychological factors, and customer engagement metrics. The chosen resampling technique for this study is SMOTE-Tomek. The various classification methods utilized include linear regression, K-NN, CART, random forest, SVM, stacking ensemble, and XGBoost. Among these methods, the SMOTE-Tomek resampling approach proves most effective when combined with the stacking ensemble classification. This combination yields a remarkable accuracy rate of 98.7% during 10-fold cross-validation, along with an impressive geometric mean score of 0.99. The thorough evaluation findings demonstrated that the approach presented in this study has a promising practical applicability and effectively identifies unbalanced elementary games.",Classification; Elemen game; Handling imbalance class,2024,3,10.22266/ijies2024.0229.47,Prasetyaningrum P.T.,International Journal of Intelligent Engineering and Systems,2-s2.0-85187310077
Educational Game on Cryptocurrency Investment: Using Microeconomic Decision-Making to Understand Macroeconomics Principles,"Gamification is an effective strategy for motivating and engaging users, which is grounded in business, marketing, and management by designing games in nongame contexts. Gamifying education, which consists of the design and study of educational games, is an emerging trend. However, the existing classroom games for understanding macroeconomics have weak connections to the microfoundations of individual decision-making. We design an educational game on cryptocurrency investment for understanding macroeconomic concepts in microeconomic decisions. We contribute to the literature by designing game-based learning that engages students in understanding macroeconomics in incentivized individual investment decisions. Our game can be widely implemented in online, in-person, and hybrid classrooms. We also reflect on strategies for improving the user experience for future educational game implementations.",Active learning; Crypto-asset investment; Educational games; Gamification; Rule and discretion,2023,3,10.1057/s41302-023-00240-7,Zhu J.,Eastern Economic Journal,2-s2.0-85149236795
Running Towards a Better Brand Attitude: How Gamification in Nike Run Club Can Help?,"The dynamics of the knowledge-based economy are intrinsically linked to the concept of gamification, which has been increasingly discussed in the context of companies’ marketing strategies. It is therefore necessary to understand how gamification can be strategically applied in different contexts to increase the performance and competitiveness of companies. This paper aimed to analyze how gamification impacts customers’ intention to participate in the gamification process and how this strategy influences customers’ attitudes towards the brand. Multiple linear regression analyses were conducted in a sample of 238 Portuguese consumers using the Nike Run Club application. The study revealed that gamification can be an effective tool to increase users’ interaction with brands. Perceived usefulness, perceived social influence, engagement intention and gamification performance were identified as the main predictors of gamification on brand attitude. Furthermore, social interaction is a key factor for the success of game systems, which should promote interaction between communities of players to share functionality and solve task problems. It was observed that attitude towards the brand is positively influenced by factors such as usefulness, perceived ease of use, social influence, intention to get involved, and gamification of performance, especially when these are mediated by the sensation of pleasure. This finding points to the importance of these elements in shaping consumers’ perceptions of brands. To maximize engagement with brands, gamification tools should allow sharing content and tasks, promoting discussions and broadening the connection between the gamers community. It is important to consider technological resources and innovation in the design of gamification tools, as well as to meet the different expectations of consumers, allowing different tasks and high connection between different information-sharing channels. This study contributes to the development of knowledge in gamification on brand attitude. Practical implications have been suggested to guide companies in implementing a successful gamified marketing strategy.",Brand attitude; Customer perceptions; Engagement; Gamification; Marketing; Technology acceptance model,2025,3,10.1007/s13132-024-02398-7,Lopes J.M.,Journal of the Knowledge Economy,2-s2.0-105006591789
Gamification and Marketing of Geotourism Destinations:Aras UNESCO Global Geopark in Iran,"We explore the impact of gamification on the marketing mix of geotourism destinations. This is a form of developmental research and is descriptive-analytical in nature and method. In the first phase, data were collected to develop an initial conceptual model through a semi-structured questionnaire and expert consultations, and the results were analyzed using thematic analysis. In the second phase, the initial conceptual model was tested in the Aras Global Geopark in Iran, the case study for this research, using a structured questionnaire and structural equation modeling. We find that gamification has a positive impact on the marketing mix of Aras Global Geopark, creating a unique experience for visitors by influencing elements such as product, price, promotion, place, people, process, and physical evidence. Moreover, it enhances visitors’ awareness of the significance of geoheritage, contributing to the conservation of this valuable resource.",Advertisement; Aras Geopark; Geoconservation; Geoheritage; Marketing Mix,2025,3,10.57647/j.gcr.2025.0801.03,Ferdowsi S.,Geoconservation Research,2-s2.0-105012291469
Can AI-Driven Nudging Promote Sustainable Product Adoption on E-Commerce Platforms?,"Objective: this study aims to identify effective behavioral interventions and machine learning models that promote eco-friendly purchases. Theoretical approach: the study is grounded in behavioral economics and choice architecture, drawing on Thaler and Sunstein’s nudge theory to explain how subtle digital design elements can guide choices while preserving autonomy. Method: a systematic review was conducted based on the PRISMA framework utilizing multiple academic databases. Studies were analyzed for AI’s role in sustainability marketing, model effectiveness, and ethical considerations. Results: AI-based nudging techniques such as personalization, default green options, social proof, and gamification significantly enhance engagement in sustainable purchasing behavior. Machine learning models like Random Forests, Deep Neural Networks, and Reinforcement Learning play a crucial role in optimizing AI nudging for green consumption. Conclusions: the study highlights the potential of AI nudging in shaping sustainable e-commerce, especially when combined with transparent, bias-aware, and explainable systems. The study contributes by consolidating notable research on AI-driven nudging in sustainable e-commerce, comparing machine learning models for green consumer targeting with explicit attention to performance–explainability trade-offs, and proposing an experimental design to test their effectiveness and ethics. The study also offers actionable implications for businesses and policymakers by linking AI-powered strategies to Sustainable Development Goals 12 and 13. Businesses and policymakers can leverage ethical AI frameworks to improve trust in sustainability efforts on e-commerce platforms. Future research should focus on real-world AI experiments, interdisciplinary AI frameworks, and ethical AI regulations to ensure responsible AI adoption in e-commerce.",artificial intelligence; digital nudging techniques; e-commerce; sustainable consumption; Sustainable Development Goals 12 and 13,2025,3,10.1590/1982-7849rac2025250105.en,Panwar N.,Revista De Administracao Contemporanea,2-s2.0-105025658507
GAMIFICATION AND FIRMS COMPETITIVENESS: AN ANALYSIS OF DEPOSIT MONEY BANKS,"Purpose – This study investigates the influence of gamifi-cation on the competitiveness of financial sector compa-nies. The dimensions of gamification related to financial services are premised on product development, marketing and sales activities, and customer services. Design/Methodology/Approach – Employing the survey research design, 662 bank employees of Nigerian banks forming the sample took part in the research by filling out structured questionnaires. The partial least square structural equations model was utilised in the analysis of data in the study. Findings and Implications – The result reveals that gam-ification dimensions positively affect competitiveness. The findings further indicate that product development, marketing and sales activities, and customer service positively and significantly affect the firm’s competitiveness. The practical implication of this is that deposit money banks should pay attention to gamification to maintain competitiveness. More attention should also be paid to credit sourcing, referrals and lead generation, and self-help application in order for firms to achieve and maintain competitiveness. Limitations – This study examined the gamification impact on competitiveness using the banking sector as a theatre of the study. The study employed non-financial measures of competitiveness in arriving at conclusions. Originality – The study provides an insight into how gamification can be significantly put into practice in re-al-life scenarios and businesses to achieve competitive-ness.",Banking industry; Financial services; Firms’ competitiveness; Gamification; Marketing,2021,3,10.22598/mt/2021.33.2.129,Worimegbe P.M.,Market Trziste,2-s2.0-85122879193
Digital luxury: how avatar marketing drives consumer engagement for luxury brands,"Purpose – This research explores the effectiveness of luxury brand avatar marketing in virtual gaming environments, examining how social presence and avatar anthropomorphism influence consumer engagement. It investigates whether the symbolic appeal of luxury brands translates into virtual settings and enhances brand engagement under varying contextual conditions. Design/methodology/approach – Three experimental studies were conducted using custom-designed video games to test the effects of luxury versus non-luxury avatar marketing. Study 1 examines the interaction between brand type and social presence in solo versus multiplayer gaming. Study 2 introduces avatar anthropomorphism as a moderator in low social presence settings. Study 3 replicates these findings with an alternative game design. Findings – Luxury brand avatar marketing significantly enhances consumer engagement in high social presence environments (e.g. multiplayer games). In low social presence settings (e.g. solo games), luxury brands only outperform non-luxury brands when avatars are anthropomorphic, as human-like avatars simulate social interaction. Game immersion mediates this relationship, highlighting the importance of social dynamics and avatar design in virtual luxury branding. Originality/value – This study advances signaling theory by demonstrating that luxury brand effectiveness in gaming environments depends on social presence and avatar anthropomorphism. It challenges assumptions that luxury branding seamlessly translates to digital spaces and contributes to brand gamification literature by emphasizing the role of virtual product design and multiplayer interaction. The findings provide actionable insights for luxury brands and game developers to strategically integrate avatar marketing and enhance brand engagement in virtual worlds.",Avatar anthropomorphism; Avatar marketing; Brand engagement; Brand gamification; Game immersion; Luxury; Social presence,2025,3,10.1108/APJML-02-2025-0225,Hao Y.,Asia Pacific Journal of Marketing and Logistics,2-s2.0-105024411488
Exploring Gamification in Online Journalism: Perspectives from Media Owners Through Interviews,"The integration of gamification in online journalism and communication is an emerging trend aimed at enhancing user engagement and interactivity. As a digital marketing strategy, gamification involves incorporating game-like elements into non-game contexts, such as news websites, to motivate user participation and increase retention. This study explores the topic of gamification within the context of online journalism, advances in digital journalism, and the impact of technology in media and journalism, focusing on the perspectives of media owners through in-depth interviews. By exploring how media owners perceive and implement gamification elements in online journalism, this research aims to uncover valuable insights into the integration of game mechanics to enhance user engagement and content delivery. The methodology involved conducting interviews and analyzing the data qualitatively to identify key themes and patterns, shedding light on the challenges, opportunities, and best practices associated with gamification in the digital news landscape. Ultimately, this research contributes to a deeper understanding of the role of gamification in shaping the future of online journalism and offers practical recommendations for media organizations looking to leverage gamified strategies for audience interaction and retention.",digital marketing; gamification; journalism; media; online journalism,2025,2,10.3390/journalmedia6030151,Klouvidaki M.I.,Journalism and Media,2-s2.0-105017247923
Green Apps in Action: How Motivational Forces Shape Intention to Use,"As environmental challenges escalate, recycling behavior has become a critical sustainability strategy, with green applications (green apps) gaining prominence as transformative tools in modern markets. Despite their growing relevance, the interaction of intrinsic and extrinsic motivational factors influencing green app adoption remains underexplored. Grounded in self-determination theory, this study examines the direct, indirect, and contingent drivers of green app adoption. Data were collected from 584 participants in China using two complementary research designs: a cross-sectional survey and an experimental study. The findings reveal that users' attitudes are positively shaped by intrinsic motivators, including perceived sense of accomplishment and willingness to sacrifice. Extrinsic factors, including information quality and service quality, also exert significant influence, while the impact of gamified rewards is contingent on users' biospheric values. This study advances theoretical understanding by illuminating the dynamic interplay between intrinsic and extrinsic motivations in environmental technology adoption. For practitioners, the results offer actionable strategies for designing and marketing green apps tailored to user motivations, thereby fostering recycling behaviors and advancing sustainability through innovative digital solutions.",attitude; biospheric value; gamification; green technologies; motivations; pro-environmental behavior; self-determination theory,2026,2,10.1002/bse.70223,Lim X.J.,Business Strategy and the Environment,2-s2.0-105016577223
Learning second language through restaurant menu dish names,"This article follows research carried out by the author on the semiotics and pragmalinguistics of restaurant menus. The context is a training experience about how to teach LSP (Language for Special Purposes) in a CLIL (Content and Language Integrated Learning) environment with teachers in Istituti Alberghieri. The final output is the compilation of a multilingual menu, in the shared conviction that a communicatively effective menu in different languages can enhance the quality of restaurants and make them successful with tourists. The “little texts” composing dish names prove to be interesting under the lexical and the syntactical viewpoints: these are the language levels playing the most significant role in the info-marketing strategies adopted by menus and the ones presenting the greatest difficulties in translating from Italian into French or English. A careful Error Analysis conducted on a corpus of a hundred menus from the Italian region of Lazio proves a successful scaffolding strategy and a practical metalinguistic tool to lead learners—CLIL teachers and students alike—to the production of their own menus, even more when combined with cooperative learning, gamification, graphic facilitators and… lots of fun!",CLIL; Food language and translation; LSP teaching/learning; Restaurant menu pragmatics,2019,2,10.20368/1971-8829/1567,Graziano A.,Journal of E Learning and Knowledge Society,2-s2.0-85063297078
Interactive Mobile Technologies for Consumer Behavior Management: Insights from Digital Marketing Applications,"The rapid proliferation of mobile technologies has transformed digital marketing, yet fragmented evidence limits understanding of how interactive mobile tools shape consumer behavior. Existing studies often isolate technologies such as push notifications, geo-fencing, chatbots, and AR/VR without addressing their synergistic effects, leaving a theoretical and practical gap in consumer behavior management. This study aimed to systematically examine how interactive mobile technologies influence consumer engagement, decision-making, and brand loyalty, while developing an integrative framework to guide mobile-first marketing strategies. A systematic literature review was conducted following PRISMA guidelines, drawing on 125 peer-reviewed articles published between 2015 and 2025. Structural topic modeling (STM) was employed to identify thematic patterns and trace the evolution of research trends across journals and time periods. The analysis revealed five dominant themes: 1) AR/VR and immersive mobile technologies, 2) chatbots and AI interactions, 3) gamification and interactive engagement, 4) consumer behavior and decision-making, and 5) brand loyalty and customer engagement. Findings show that mobile-specific features—personalization, adaptability, and real-time measurement—act as powerful behavioral drivers, enabling tailored interventions and sustained consumer relationships. However, challenges emerged around privacy, consumer fatigue, and ethical use of behavioral data. This study contributes by consolidating fragmented research into a structured framework that explains how mobile technologies operate as behavioral intervention systems. The results provide theoretical insights into mobile consumer behavior models and practical guidance for marketers deploying mobile-first strategies. Future research should extend toward longitudinal, cross-cultural, and hybrid-technology designs to capture sustained and synergistic effects.",AR/VR; consumer behavior management; digital marketing; interactive mobile technologies; personalization; structural topic modeling,2025,2,10.3991/ijim.v19i22.58571,Hao L.,International Journal of Interactive Mobile Technologies,2-s2.0-105024066411
IMPACT OF GAMIFICATION-DRIVEN MOTIVATIONAL AFFORDANCES IN GREEN LOGISTICS ON REUSABLE PACKAGING BEHAVIOR,"Gamification has become a trend in the field of sustainability. To enhance consumers' intention to use and return reusable packaging, this study develops a gamified technology approach to elaborate on the motivations that drive users' engagement in sustainable behaviors. It investigates the impact of green psychological benefits generated during the gamification technology experience on the behavior of using and returning reusable packaging. A PLS-SEM model is developed to examine the influence of external and internal motivations stimulated by gamification design elements on the green psychological benefits, which drive consumers’ behavioral outcomes of using and returning reusable packaging in e-commerce. This study finds that intrinsic and extrinsic motivations have a significant and positive impact on green psychological benefits and, in turn, significantly and positively influence consumers' intentions to use and return reusable packaging. Furthermore, the research confirms that the warm glow effect has a partial mediating effect on the link between intrinsic motivation and intention to use and return reusable packaging. This study contributes to the theory and practice of social sustainability marketing technology by enhancing the understanding of customer motivations and behavioral intentions in e-commerce in the sustainable gamification context.",Green gamification technology; Green psychological benefits; Reusable packaging technology; Social sustainability marketing technology,2026,2,,Chen M.C.,Journal of Electronic Commerce Research,2-s2.0-105020729063
Role of Digital Humanities in Libraries: Mapping Gamification Gimmicks,"Libraries have started incorporating game-like elements into their services, while the latter have added game-based facilities to their collections. Now a days, Gamification is a well-known concept in education and marketing. It entails incorporating game-like features into a certain process. It can serve to attract people’s attention, interest them in a specific activity, and affect their behaviour. Gamification can be used to grab library users’ attention, engage them in game-like library activities, and impact their overall library user behaviour. Ten years of data from 2013 to 2023 was extracted from Web of Science, and R Software (Biblioshiny) has been used for visualising the extracted data. Findings are mainly based on indicators like-most relevant sources, authors, globally cited documents, affiliations, country scientific production, three field plot, word growth, keyword plus and co-occurrence network. This study emphasises the importance of Gamification in library culture as it motivates users and makes learning more engaging.",Biblioshiny; Digital humanities; Game-based learning; Gamification; Gamified e-library servic; RStudio,2023,2,10.14429/djlit.43.04.19233,Moid A.,Desidoc Journal of Library and Information Technology,2-s2.0-85171370019
Employing gamification methods to increase customer engagement in digital marketing,"As “Gamification” quickly becomes a hot topic across industries and academia, it deserves more thorough study through qualitative and quantitative research. There was a definite feeling of infancy of gamification, be it the definition of gamification or the effectiveness of gamification. This document provides a survey of this recent phenomenon of “gamification”: a concept that has been applauded as a “game changing layer” and derided as a “useless buzzword”. It provides a comparative review of different schools of thoughts on the effectiveness of applying game mechanics to non-game contexts. Both industry implementations and academic research is reviewed and analyzed. Most of gamification thought leaders agree that the current state of gamification is mainly focus on extrinsic rewards. While some see the bigger potentials of sustainable gamification with deeper researches in the intrinsic rewards from good game designs.",Digital Marketing; Digitization; Internet; Marketing,2019,2,10.35940/ijrte.B1366.0882S819,Kumar G.A.,International Journal of Recent Technology and Engineering,2-s2.0-85073466076
The role of user participation and psychological distance in consumer brand attitudes in gamified marketing,"With the rapid development of the digital age, in the business field, gamified marketing has been applied to practice by more and more enterprises, and has been studied by many scholars in the field of academic research. However, the existing research mainly focuses on the impact of gamification marketing activities itself on consumer behavior, and lacks the exploration of the design and mechanism of gamification marketing itself. The purpose of this paper is to find out the influence factors of gamification marketing language style on consumers’ brand attitudes, and the empirical results have important theoretical significance and practical implication. In the context of gamification marketing strategy design, consumers’ brand attitudes are measured through situational experiments, and psychological distance is introduced as a moderating variable to explore the boundary conditions. The results show that gamified marketing language styles (ludus and paida) have an impact on consumer brand attitudes by influencing consumer user participation. Meanwhile, consumers’ psychological distance moderates the impact of gamified marketing language styles on consumer user participation.",Brand attitude; Construal level theory; Gamified marketing; Psychological distance; Self-determination theory; User participation,2025,2,10.1038/s41598-024-84268-5,Li X.,Scientific Reports,2-s2.0-85214010557
Gamification Framework for Engagement Design Using Pls-Sem,"The study's goal is to look into the gamification framework. This research focuses on gamification in e-learning, particularly in early childhood education; the 'what' and 'how' gamification can promote e-learning. Gamification has become popular in the past few years of research in education and business marketing. Early childhood is when brain formation can set the foundation for learning later. The most common scenes are the need to develop a complete and generic framework from a new perspective and its application to different environments in areas such as education and training, business, government, health, and life-day. However, the developed gamification for the business process has suggested more work needs to be done in the gamification area. Even their design framework is yet to be tested and aimed to act as a foundation for future research. Thus, this study aims to develop a gamified framework for children’s engagement design. PLS-SEM was used to analyse the proposed framework. Results show that the framework demonstrates that emotional and social factors substantially link children's engagement. Among the emotions noticed in this research are enjoyment, amusement, and satisfaction. Further research is valuable to explore more possibilities in increasing sustainability and the long-term effects of one gamification learning tool.",children; E-learning; education; emotion; social,2023,2,,Jaffar S.,International Journal of Intelligent Systems and Applications in Engineering,2-s2.0-85161408422
Structural trends of international marketing in the conditions of globalization changes,"As a result of rapid technological progress and the emergence of new markets and competitors, companies must adapt their marketing strategies to remain competitive. The primary determinant of international marketing has shifted towards benchmarking, where companies seek to improve their methods and optimize their operations to increase profits, which is a pressing issue. The purpose of the article was to conduct a theoretical analysis of the concept of benchmarking and its meaning in the context of international marketing, as well as to identify new trends in global marketing that have arisen due to globalization. The theoretical and methodological basis of the article was the works of Ukrainian and foreign scientists. Methods of scientific abstraction, critical analysis, and abstract-logical methods were used during the research. The paper investigated how globalization affected the international marketing strategies of companies. It has been proven that companies must adapt to these changes using new approaches and strategies. The article identifies benchmarking as a significant trend for a company’s success in international marketing, which allows for identifying areas for improvement and applying best practices. Other factors influencing international marketing success include market research, product adaptation, branding, distribution channels, and pricing strategies. The article also analyses the challenges and opportunities of international marketing, such as cultural differences and access to new markets. The study highlights the importance of structural trends, such as benchmarking, in determining a company’s success in international marketing. This methodology also provides insight into the factors that influence international marketing success, the challenges and opportunities companies face, and the strategies they can employ to succeed in the global marketplace. The results of this research can be used to develop an international marketing strategy that considers the specifics of different markets and countries, expand the company’s international markets and develop the company’s international cooperation with other enterprises, and also to increase the effectiveness of international marketing campaigns and quick adaptation to changes in the international market.",augmented reality; benchmarking; digitalization; facial coding; gamification; internationalization,2021,2,10.57111/econ.20(3).2021.15-24,Korsunova K.,Economics of Development,2-s2.0-85190463237
"Impact analysis of experience on gamification marketing activities, social media marketing, and other factors toward brand loyalty in online marketplace application","Gamified method or well known as gamification has been adapted to enhance the primary process in many fields, such as improving lecturing processes in higher education, improving information acceptance rates in health therapy, and recently increasing consumer interaction with different brands in the e-commerce market. Online marketplace application as a popular variety of e-commerce, also following this trend to implement gamification elements in their application to create a better buying experience for their users and to increase the brand loyalty of their users towards various online marketplace applications. Aside from gamification, social media is still one of the most chosen media to be a marketing channel of an online marketplace brand by creating official account and use them to interact intimately with their customers. In this research, we assess the impact of experience on gamification marketing activities and social media marketing, mediated brand attitude, consumer brand engagement, and customer satisfaction towards brand loyalty in Indonesian online marketplace using Structural Equations Modeling (SEM) type of analysis. The finding of the study showed that the brand attitude and customer satisfaction fully mediated the impact of gamification marketing practices on brand loyalty, while social media marketing and consumer brand engagement has no significant effect on brand loyalty.",Brand attitude; Brand loyalty; Consumer brand engagement; Gamification marketing activities; Online marketplace; Social media marketing,2020,2,,Viega M.T.,Journal of Theoretical and Applied Information Technology,2-s2.0-85095448614
"TechMark: a framework for the development, engagement, and motivation of software teams in IT organizations based on gamification","In today’s fast-moving world of information technology (IT), software professionals are crucial for a company’s success. However, they frequently experience low motivation as a result of competitive pressures, unclear incentives, and communication gaps. This underscores the critical need to handle these internal marketing challenges such as employee motivation, development, and engagement in IT organizations. Internal marketing practices aiming at attracting, engaging, and inspiring employees to use excellent services have become increasingly important. Internal marketing is attracting, engaging, and motivating employees as internal customers to utilize their quality services. Gamification has emerged as a significant trend over recent years. Despite the expanding use of gamification in the workplace, there is still a lack of focus on internal marketing tactics that incorporate gamification approaches. Thus, addressing the challenges related to employee motivation, development, and engagement is crucial. Therefore, as a principal contribution, this research presents a comprehensive framework designed to implement gamified solutions for software teams of IT organizations. This framework has been tailored to effectively address the challenges posed by internal marketing by optimizing motivation, development, and engagement. Moreover, the framework is applied to design and implement a gamified work portal (GWP) through a systematic process, including the design of low-fidelity and high-fidelity prototypes. Additionally, the GWP is validated through a quasi-experiment involving IT professionals from different IT organizations to authenticate the effectiveness of framework. Finally, the outclass results obtained by the gamification-based GWP highlight the effectiveness of the proposed gamification approach in enhancing development, motivation, and engagement while fostering ongoing knowledge of the employees.",Employee engagement; Employee learning; Employee motivation; Gamification; Internal marketing; IT organizations; Software teams,2024,2,10.7717/peerj-cs.2285,Obaid I.,Peerj Computer Science,2-s2.0-85204809532
On the Application of Gamification Elements in Libraries,"Libraries are still conservative in their approach or practice of providing various services for the unspecified majority of visitors attending these institutions. It is very apparent that libraries are not actively trying to increase the interest and participation of users by applying the various angles or elements associated with gamification. By its very nature, gamification is the application of game-playing elements such as point scoring, peer competition, team work, score tables, and such used to motivate participants and make them more engaged with the subject matter. In areas such as education, marketing, and exercise, the implementation of gamification techniques is actively taking place in order to maximum participation by taking advantage of uncertainties or the competitive nature that many people have with the setting of goals. In this study, four libraries that have applied gamification are analyzed to understand how and to what degree gamification has been applied. Broken down into four different elements, this includes: Point, Reward, Leaderboards & Competition, Self-expression & Achievement. By focusing on the results of this analysis, gamification measures that can be applied to other libraries are specifically proposed. The overall results of this study will provide useful guidance and potential plans for libraries seeking to increase the number of users by using gamification to increase user participation and/or satisfaction with additional library services.",case study; gamification; Korea; library service; playing; United States of America,2023,2,10.1633/JISTaP.2023.11.2.1,Lim S.K.,Journal of Information Science Theory and Practice,2-s2.0-85168578837
Digital Marketing Communications Strategies and Social Media within a Competitive Educational Landscape: Experiences from Europe,"Digital marketing research has become relevant in the European educational space because of heightened competition among universities and a fast-paced digital transformation of the educational process. The purpose of this article is to analyze digital marketing communication strategies that European educational institutions apply amid cut-throat competition and measure the effectiveness of those strategies according to the level of digital literacy of the local populations. The research methodology consists of open statistical data analysis and classification of communication strategies, plus an inquiry into the primacy of adoption of digital technologies into marketing campaigns run by European educational institutions. Altogether, the study shows a predominant trend of the deployment of omnichannel strategies, personalized advertising, video marketing, influencer marketing, and automated CRM systems to attract students and retain their loyalty. The findings confirm the notion that in western countries with high digital literacy the marketing executor would be an automated system, whereas the simpler marketing tools would predominate in Southern and Eastern Europe. Within the article are discussed some issues for European educational institutions working in the field of digital marketing, which relate notably to the adaptation of strategies to appeal to different target audiences and the introduction of innovative technologies into the educational process. The suggested solutions to optimize digital marketing campaigns call for personalizing campaigns, social networks, gamification, and greater opportunities with AI. Practically, this work aids the formulation of effective communication strategies, which may help boost the competitiveness of European universities. Further research should therefore focus on estimating the long-term influence of digital marketing in relation to the development of the educational institutes and attracting international students.",brand; communication strategies; digital marketing; educational environment; manipulative influence; social media; visual content archetypes,2025,2,,Mialkovska L.,Oida International Journal of Sustainable Development,2-s2.0-105008253295
Innovative approach to fitness industry development,"The analysis of Russian fitness industry state and its development trends as well as the working out of recommendations of innovative approach to the activities in this field. Methodology: The methodology of the industry analysis, questioning, consumers' behavior typification, obtained results structuring. Findings: There was effected the analysis of Russian fitness industry state on the basis of statistics, market analytical reviews, experts' publications; worked out the questionnaire and effected questioning in order to obtain the data and to specify consumers' preferences, their expectations and wishes in terms of fitness services development, innovative implementations; defined key trends of Russian fitness industry development, which predetermine the industry evolution for the immediate prospect and for the long-term period; worked out practical recommendations of innovations implementation for fitness industry development (taking into account the obtained results of data analysis). Research/practical implications: The scientific value consists of the systematization of traditional instruments of fitness industry development management and the organization of innovative directions. The suggested recommendations have got practical use in order to improve the processes of interconnection with consumers, activation of work types and cooperation with them. Originality/value: Among the innovative forms of fitness industry development, there are considered the methods of gamification impact on fitness services' consumers, development of game, team, interactive forms of consumers' activity stimulating and fitness industry consumers' behavior guide correction on the basis of marketing and management psychology, the use of demand regulation motivational tools.",Actividad del consumidor; Consumer activity; Federación de Rusia; Fitness industry; Industria del fitness; Innovaciones; Innovations; The Russian Federation,2018,2,,Panasenko S.V.,Espacios,2-s2.0-85055565103
Unveiling factors of gamification platforms for tourism marketing: exploring its impact on tourist inspiration and sustainable tourist engagement,"Purpose – Using the concepts of game design principles such as badges, leaderboards, points and rewards, gamification platforms for tourism marketing make tourists have more fun, which inspires their behavioural changes towards sustainable engagement. Despite the growing interest in gamification in tourism marketing, literature lacks a theoretically grounded and empirically validated framework that unveils the factors of gamification platforms for tourism marketing to explore its impact on tourist inspiration (TI) and sustainable tourist engagement (STE). To address this gap, the study draws on the technology acceptance model (TAM) to conceptualise and validate a structural model to explain the relational dynamics between factors of gamification platforms and STE. Design/methodology/approach – Primary data were collected from 305 domestic and international tourists in India using a two-wave time-lagged survey. Quantitative methodology was employed to analyse the hypothesised relationships. Findings – Findings reveal that factors of gamification platforms for tourism marketing include their usefulness, ease of use, trust, security, effectiveness and enjoyment. Such factors positively influence TI, and subsequently, TI positively influences STE. Practical implications – The findings imply that gamification platforms for TI can offer tourism marketing managers the opportunity to increase motivation, enable behavioural change, enable analysis and enable learning. Originality/value – This study contributes to tourism technology literature by offering a novel theory-driven framework that explicates the mechanism through which key factors of gamification platforms for tourism marketing can promote STE.",Gamification; Sustainable tourist engagement; Tourism marketing; Tourism technology; Tourist inspiration,2026,2,10.1108/JHTI-07-2025-0825,Behera R.K.,Journal of Hospitality and Tourism Insights,2-s2.0-105025114541
Gamification as a marketing strategy for sustainable retail: Effects on consumer purchasing decisions and environmental awareness,"Sustainability is a pressing concern for the global retail industry, yet consumer behavior often reflects an attitude-behavior gap wherein environmental concern does not consistently translate into pro-environmental purchasing. This study investigates gamification as a mechanism to bridge this gap by enhancing environmental awareness and influencing sustainable purchasing decisions. A mixed-methods design integrated a systematic literature review (SLR) with a quantitative survey. The SLR, conducted according to PRISMA guidelines and synthesizing 78 peer-reviewed articles published between 2019 and 2024, identified eight gamification mechanisms—immersion, achievement, social influence, reward, challenge, interactivity, meaningful design, and assessment—as critical design elements. These insights informed a structured questionnaire administered to 405 consumers in Bangkok and five surrounding provinces. Reliability and validity testing confirmed the robustness of the instrument, and statistical analyses, including correlation and hierarchical regression, were conducted using SPSS. Results show that gamification exerted significant effects, explaining 77.3% of the variance in environmental awareness and 64.8% of the variance in purchasing decisions. Mechanism-specific effects differed: social influence, meaningful design, challenge, immersion, and assessment were most influential for awareness, while immersion, achievement, challenge, and assessment predicted purchasing more strongly. These findings highlight dual pathways: cognitive–attitudinal processes drive awareness, while behavioral–transactional processes shape purchasing. Theoretically, the study extends gamification’s application within the Technology Acceptance Model, Theory of Planned Behavior, Self-Determination Theory, and Flow Theory. Managerially, it offers practical guidance for retailers, while policy implications suggest gamification can support Sustainable Development Goal 12 on Responsible Consumption and Production.",consumer behavior; environmental awareness; gamification; purchasing decisions; sustainable retail,2026,1,10.31893/multiscience.2026477,Wittayakom S.,Multidisciplinary Science Journal,2-s2.0-105028894035
What gamification tells us about web communication,"The games that have become a staple on Facebook provide lessons on how to make websites and Internet marketing more successful. We highlight these points that gamers have accomplished: Provide ideological agreement, Create a community, Provide a sense of control or autonomy, Create a way for people to communicate with each other, Recognize gender differences, Provide rewards, and Convince people to commit.",Bunchball; Facebook; Gamification; Silverpop,2015,1,10.15655/mw/2015/v6i2/65665,Goodman M.,Media Watch,2-s2.0-84947270124
"Play, Click, Travel: Unleashing the Role of Smart Booking and Gamification Affordance in Online Travel Agencies","Background: The recent integration of gamification into the Online Travel Agencies (OTA) has divulged an uncharted territory for industry practice and research. Specifically, when it comes to establishing an empirical basis for gamification on OTA platforms and facilitation of cognitive engagement, there is a dearth of comprehensive evidence. This study integrated the technological factors of the UTAUT framework with social cognitive theory, where the proposed research framework was validated by conducting an integrative quantitative approach. Method: We employed PLS-SEM and fsQCA methodologies to assess our research model. PLS-SEM was used to test the hypothesized relationships, while fsQCA was utilized as a complementary approach to identify the combination of antecedent variables that significantly influence the high actual usage of OTAs. This study approached 798 respondents by utilizing snowball sampling method to collect data through a survey questionnaire. Results: The PLS–SEM results indicated that technological factors and enablers of cognitive engagement i.e. gamification affordances and smart booking perception significantly influence actual use of OTAs. Additionally, the boundary condition was established by evincing the positive moderating effect of self-efficacy. The fsQCA results reinforce the PLS-SEM findings and indicate four configurations leading to high actual use of the OTAs. Conclusion: This research extends the UTAUT model by incorporating the latest dimensions of e-commerce shopping in the tourism sector, such as gamification affordances and smart shopping perception. These findings conjecture valuable insights for OTA platform designers and service providers, facilitating fine-tuned marketing strategies to engage consumers and enhance actual OTA usage effectively.",Cognitive Engagement; Gamification; Online Travel Agency; Smart Booking Perception; Social Cognitive Theory,2025,1,10.17705/1pais.17203,Malik G.,Pacific Asia Journal of the Association for Information Systems,2-s2.0-105001800586
Gamification Design for Mobile Marketing Strategy in Food and Beverage Company Application,"Coffee consumption in Indonesia in 2016 reached 250,000 tons per year, this can happen because drinking coffee has become a lifestyle for most Indonesian people. The increase in coffee consumption presents an opportunity for coffee sellers in Indonesia. Moreover, followed by the COVID-19 Pandemic which prompted an increase in the use of mobile devices, triggered a new marketing trend by utilizing mobile devices, namely mobile marketing. To be able to maintain and take advantage of this condition, a local Food and Beverages (F&B) company specialized in coffee continues to make progress, one of which is by utilizing information technology by releasing smartphone applications. Therefore, this paper investigates the impact of gamification as one of the important components in mobile marketing on consumer behavior intention within the context of a local Indonesian F&B company specializing in coffee, particularly in response to the increasing coffee consumption trend and the emergence of mobile marketing during the COVID-19 pandemic. The study utilizes Structural Equation Modeling (SEM) to analyze data collected from 248 users of the company's smartphone application. The findings suggest that game elements, customer engagement, perceived playfulness, and attitude significantly influence consumer behavior intention. Moreover, the study underscores the importance of evaluating the effect of gamification in guiding companies' implementation strategies. Strategy planning and prioritization are discussed using the RICE matrix.",Covariance Based; gamification; Mobile marketing; RICE matrix; Structural Equation Modeling,2024,1,10.5109/7326973,Suzianti A.,Evergreen,2-s2.0-85213877647
A Systematic Review on Agriculture Gamification for Climate Change,"The current climate change conditions create the need to modify agricultural technology, techniques, tools, and methods. With the growth of imminent technology and world modernization, the 21st century faces a threat to agriculture. Gamification practices are adaptable to engage user involvement and bring user satisfaction. Gamification integrated with technology quickly makes it accessible and available for users that can match the user’s needs and preferred goals. Several existing studies have been added to the literature, making it relevant in marketing, e-commerce, and education. This study primarily uses systematic reviews for (Prisma) to explore the effectiveness and contribution of the existing literature through gamification in the agriculture field. The analysis of this study indicates that agricultural practices could quickly adapt to the gamification methods. However, the current state is very limited to the study area, and therefore, future studies can enable gamification, leading to the significant driving of agricultural methods. The challenge of achieving sustainable development goals remains uncertain in the current era, and gamification can facilitate its emerging need and address those gaps. The result opens future research areas to advance with upcoming challenges and new directions to the opportunities as it contributes to the gamified agriculture approach.",agricultural productivity; Agriculture 4.0; climate action; gig economy; SDG 13; sustainable development goal SDG 2; zero hunger,2024,1,10.18421/TEM134-31,Tayal S.,TEM Journal,2-s2.0-85210996872
The effect of gamification on brand awareness: A study of retail industry and healthy-living applications,"Rapid developments in digitisation have resulted in gamification (ie, the use of game elements and game mechanics in non-game areas) becoming more common and easy to apply in digital environments. This study examines the use of gamification in the field of marketing, specifically its effects on brand awareness. As the paper shows, gamification helps to establish important bonds between the brand, the company and the customer. In this context, the paper analyses brand awareness by means of the survey method. Due to the size of the study population, the scope of the study was narrowed to apps promoting healthy living and apps produced by the retail sector. Convenience sampling was used to recruit 400 respondents. The survey found that gamification has a positive effect on brand awareness (r = 0.55) and that attitude to gamified apps has a positive effect on brand awareness (r = 0.58). Certain demographic factors were also found to influence the use of gamified apps.",brand attitude; brand awareness; gamification; gamified applications; gamified marketing practices,2024,1,10.69554/OHMK3521,Alsan H.,Journal of Digital and Social Media Marketing,2-s2.0-85212298700
Introduction of a gamified platform to enhance museum visiting experience,"The application of gamification in the tourism industry is nothing new; nevertheless, it has not been broadly utilised. This paper seeks to propose a mobile platform using gamification with a focus on the pre-visit museum visiting experience. Additionally, this platform deploys a gamified mechanism to make the visit to the museums (in Milan) more effective for the local visitors and more efficient for the providers. That is to say, it strikes a balance between different museum visits in terms of the number of visitors focusing on small and mid-sized venues - the venues that are more susceptible to the financial crisis. Direct communication with museums of interest was picked as the main methodology to gather the required numerical data to calculate museums' financial performance.",information technology; management; marketing & public relations; UN SDG 8: Decent work and economic growth,2022,1,10.1680/jurdp.22.00007,Abbasi V.,Proceedings of the Institution of Civil Engineers Urban Design and Planning,2-s2.0-85138066446
Understanding Customer Readiness for Digital Gamification,"Digital gamification has been studied extensively in different contexts across information systems and digital marketing. Interestingly, scholarly studies in information systems/marketing regarding the benefits of digital gamification are mixed, with several research works reporting negative outcomes. Our study attempts to resolve these contradictions and explain why digital gamification failed in certain instances—the target customers were not ready. The present study, done in the USA covering 446 usable responses, adds to the extant literature in many ways. First, we throw light on gamified engagement programs and the mediating role of customer readiness and consequent outcomes. Our results reveal that simplicity and information quality are other important dimensions of gamified engagement programs, in addition to intrinsic and extrinsic game dynamics, for achieving adequate customer readiness. Additionally, customer participation makes the greatest contribution to company engagement, followed by program loyalty and program satisfaction. We conclude with the study’s implications on different fronts.",customer participation; customer readiness; Digital gamification; extrinsic motivation; information quality; intrinsic motivation,2024,1,10.1080/08874417.2024.2413564,Das K.,Journal of Computer Information Systems,2-s2.0-85206111052
Serious play: evaluating the balance of knowledge and leisure content in environmental games,"In the context of increasing environmental degradation and climate change, promoting environmental awareness through innovative communication approaches is critical. This study examines the role of serious games in enhancing environmental information dissemination and in promoting continued engagement. Through two studies, the research investigates how different game content–knowledge-based versus leisure-focused–can impact user experience, environmental awareness, and continued game use. Study 1 explores the mediating role of customer experience between the interaction with each type of content and game effectiveness, while Study 2 employs an experimental approach to isolate game type effects and assess the role of negative emotions. Findings reveal that the balance between knowledge and leisure-content can be suitable vis-à-vis continued use of the game as long as both informativeness and playfulness are provided. However, when the aim is to promote environmental awareness, an isolated game focused on knowledge-content proves more effective, especially if it provides valuable information and evokes a sense of guilt in the user.",game design; gamification; Serious games; social marketing; user experience,2025,1,10.1080/0144929X.2025.2450606,Vega E.,Behaviour and Information Technology,2-s2.0-85215132148
Authentically exotic: understanding how video games foster cultural adaptation and destination image formation among foreign players,"Purpose – Cultural-specific video games are becoming increasingly popular in recent years. Using “Black Myth: Wukong, ” a Chinese mythology-based game as the research context, this study aims to examine the role of exoticism and cultural authenticity in virtual cultural adaptation, and analyze how these elements collectively influence foreign players’ destination perceptions and travel intentions. Design/methodology/approach – Online survey was conducted through Prolific, collecting data from 514 foreign players. Structural equation modeling (SEM) was used to analyze the relationships between gaming experience, cultural adaptation, destination image and behavioral intentions. Thematic analysis was followed to discover the mechanism of cultural adaptation and visit intentions to China. Findings – The SEM results demonstrate that game-induced cultural adaptation significantly enhances destination images, subsequently influencing players’ behavioral intentions toward the represented culture. Exoticism and authenticity serve as key mediators in this process, facilitating virtual cultural adaptation through gaming experiences. Thematic analysis shows that players actively seek game-related information, learn culture presented in the game and develop specific travel intentions toward destinations prominently featured in their gaming experience. Originality/value – This study extends cross-cultural adaptation theory to virtual environments by integrating it with the stimulus-organism-response (S-O-R) model in gaming contexts. To the best of the authors’ knowledge, it is among the first to examine how culturally-specific video games can function as tools for cross-cultural adaptation and tourism promotion. It offers insights for both game developers and destination marketers in leveraging digital media for destination image and tourism promotion.",Cross-cultural communication; Destination image formation; Digital marketing; Gamification in tourism; Tourist behavior; Virtual cultural experiences; 数字营销; 旅游游戏化; 旅游者行为; 目的地形象形成; 虚拟文化体验; 跨文化交流,2025,1,10.1108/JHTT-01-2025-0007,Duan X.,Journal of Hospitality and Tourism Technology,2-s2.0-105025115167
Effects of bimanual vs unimanual motor actions on consumer behavior intention and attitude,"Purpose: This study aims to understand how unimanual and bimanual motor actions in the form of writing a message (handwriting and typing) influences consumer behavior intention and attitude. Design/methodology/approach: Three studies have been conducted to understand how the method of writing (typing or handwriting) and moderator type of message (moderator: emotional vs. rational) can influence persuasion variables. Findings: This paper shows evidence that bimanual and unimanual motor actions activate contralateral brain hemispheres and influence consumer behavior. Specifically, how the use of these motor actions leads to a change in behavior intention and attitude. Furthermore, how bidirectional behavior and role-reversal occurs when a unimanual vs bimanual motor actions are used to create an emotional or rational message. Research limitations/implications: This research focuses on explaining cognitive implications of unimanual vs bimanual motor actions (typing vs handwriting) on self and specifically on consumers when they are exposed to situations of producing/creating a message. Adding further evidence to persuasion, behavior intention and attitude research in embodied cognition (e.g. Petty and Cacioppo, 1986b; Briñol and Petty, 2008), the role of haptic interfaces in online marketing and consumer behavior (e.g. Brasel and Gips, 2015). The authors did not collect any FMRI data but it can be the future scope of this work. Practical implications: The novel findings of bimanual and unimanual motor actions have a direct application to the current scenario of the online reviews/surveys, which have become a crucial point for e-commerce businesses and retailers that require customers to give feedback. Since, consumer emotions can influence behavioral outcomes and decision making through sensory cues (Abdolmohamad Sagha et. al, 2022; Haase Wiedmann and Labenz, 2022). From this perspective, depending on the mapping/recording of the felt emotionality or rationality by the customer, the feedback method can be oriented in a way to reduce the effect of negative reviews. Further applications are suggested for retailers, increasing prosocial or sustainable behavior and attitudes. Social implications: Marketing and advertising research conducted in different social settings is considered important in neuropsychology and neurophysiology research (Pozharliev et al., 2017). Therefore, this research can be extended to test in different social settings and marketing contexts, for example, in the virtual reality, metaverse and gamification. Thus, this research can serve as an avenue to examine the bimanual and unimanual motor actions in a scenario where the participants can combine several motor actions, for example, talking on the phone or walking while filling consumer reviews online/offline and wearing the VR devices like Apple Vision Pro and performing unimanual or bimanual motor actions. Originality/value: Mapping of human behavior has always been done dependent on the cognition aspect and limited in its scope for embodied cognition. The results can be used for more direct and impactful ways of conducting surveys, feedback and handling communications for major businesses. In addition, it can be a helpful tool for message persuasion for a new brand or increasing awareness about sustainable consumption depending on typed or handwritten inputs by a potential consumer.",Attitude; Behavior intention; Consumer behavior; Embodied cognition; Handwriting; Marketing; Persuasion; Retailing; Sustainable consumption; Typing; Unimanual and bimanual motor actions,2024,1,10.1108/JCM-04-2023-5980,Ramchandani M.,Journal of Consumer Marketing,2-s2.0-85204712156
Examining Consumer Behavior and Brand Awareness through Expectancy Theory: The Moderating Effect of Privacy Concerns,"Gamification is widely applied across various industries to enhance brand awareness and consumer purchase intent, particularly in marketing. This study uses Vroom's Expectancy Theory of Motivation to explore the connection between consumer behavior, brand awareness, and purchase intention, examining the moderating effect of privacy concerns. While previous studies have investigated the connection between motivation and gamification, a significant gap exists in understanding this area. This quantitative research employs SPSS and Smart-PLS software to analyze data collected from a 7-section survey questionnaire with 26 items rated on a 7-point Likert scale. Results indicate that engagement, user experience, rewards giving, and brand awareness significantly influence purchase intention, with the most substantial impact observed between brand awareness and purchase intention. This study provides insight into the increasingly widespread use of gamification in online platforms and offers valuable guidance for designing compelling gamified experiences.",Consumer Behavior; E-commerce; Gamification; Privacy Concerns; Vroom Expectancy Theory of Motivation,2025,1,10.7903/ijecs.2268,Lim J.,International Journal of Electronic Commerce Studies,2-s2.0-105010717792
In-store assortment training to the distribution manpower of dairy companies using gamification,"The aim of this study is to design and implement an e-learning course for distributors of fast-moving consumer goods using gamification. In the first step, the components of the in-store assortment are extracted using a systematic literature review, and customer preferences in each of these factors were determined as users’ opinions of 387 customers. In the next step, the game is designed based on the persuasive game design (PGD) model, and the mechanics, dynamics, and aesthetics (MDA) of the game were determined by an experts’ panel, and a mobile app is designed as a learning tool. In the following step, the designed game was carried out by the distributors and the game prizes are awarded to the winners. Finally, the effects of the gamified e-learning are evaluated using the IMI questionnaire and analyzing the players’ points. Findings show that enjoyment, perceived competence, effort importance, pressure tension, perceived choice, and usefulness of this course are significantly higher than average. Besides, the average of points gets higher during repetition rounds while the dispersion of the points gets lower. As a result, it seems that gamification could be a valuable alternative to learning operational tricks for marketing staff, especially distributors.",Android Game; Assortment; Empowerment; Human Resources; Layout; Retailer,2023,1,10.58459/rptel.2023.18035,Askarifar K.,Research and Practice in Technology Enhanced Learning,2-s2.0-85152937302
Consumer intensity drivers and adaptive marketing agility: Empirical evidence of mediating spillovers and co-evolution with moderating algorithmic amplification,"The consumer intensity drivers, such as co-creation, digital brand passion, zealotry orientation, micro-community evangelism, gamification appeal, narrative identity alignment, and sustainability-related brand love are crucial drivers of marketing in the rapidly changing digital ecosystems. This paper empirically investigates the role of these antecedents in increasing the adaptive marketing agility via the two mediation mechanisms of open innovation spillovers and consumer-brand co-evolution, and further hypothesizes the moderating effect of algorithmic social amplification. It used a survey-based design where the responses were collected among the consumers who were participating in online brand communities. Through structural equation modelling (SEM), the analysis established that consumer intensity drivers have a significant impact on the mediators which in turn have a positive impact on adaptive marketing agility. In addition, the mediated pathways were found to be moderated by algorithmic amplification, which enhanced the process of translation of spillovers and co-evolution into agility outcomes. Theoretically, Service-Dominant Logic and Dynamic Capabilities Theory are extended in the study by showing how the intensity of consumers can be translated into organizational adaptability in the context of algorithmically mediated environments. In practice, the results will give managers a strategy to take advantage of consumer intensity drivers, nurture innovation spill-overs, build co-evolutionary relationships, and be platform-congruent to maintain agility in competitive digital markets.",Consumer advocacy; Digital consumer ecosystems; Dynamic capabilities theory; Innovation diffusion; Participatory value creation; Service-dominant logic; Strategic agility,2026,1,10.1016/j.joitmc.2025.100701,Bansal R.,Journal of Open Innovation Technology Market and Complexity,2-s2.0-105025048476
"From trust to engagement: CSR attributions, brand trust and gamification in virtual CSR","Purpose – Virtual corporate social responsibility (VCSR) facilitates interactive CSR communication and implementation in response to digitalization and rising consumer CSR expectations. However, skepticism towards VCSR motives limits consumer engagement, highlighting the importance of trust mechanisms in driving consumer engagement. Design/methodology/approach – Drawing on attribution theory and association network theory, a between-subjects online experiment (N = 303) tested three gamification feature conditions (i.e. immersion, achievement and social interaction) using structural equation modeling and multigroup comparisons. Findings – The results show that trust in VCSR campaigns significantly enhances brand trust. Additionally, trust in VCSR campaigns can only indirectly affect consumer engagement in VCSR initiatives through intrinsic CSR attribution and brand trust. The moderating effect of gamification features was observed in the relationship between intrinsic CSR motives and consumer engagement. Originality/value – This study contributes to the CSR and digital marketing literature by highlighting how gamification strategies can shape consumer trust and behavioral responses in VCSR campaigns, offering actionable guidance for firms seeking to foster engagement in digital environments.",Consumer engagement; Consumer trust; CSR attribution; Gamification; Virtual CSR (VCSR),2025,1,10.1108/APJML-07-2025-1408,Feng Z.,Asia Pacific Journal of Marketing and Logistics,2-s2.0-105024578161
Questing in city promotion on the example of the city of Częstochowa,"Gamification, storytelling and questing are the latest discoveries of marketing that are used for customers' attraction. The implementation of new methods for promoting the city of Częstochowa is a vital aspect in tourism development. The objective of the paper is to present the assumptions underlying questing and to indicate the opportunities it provides in the case of city promotion. The paper is supplemented with the examples of using this form of promotion in Poland. In the study, the methods of observation and questioning are used. 108 respondents were interviewed. The results show that most people have not come across the concept of questing (68.2%) and only 17.9 % have ever taken part in quest. Despite that, the majority perceive the questing positively. It has been proved that, in the case of Częstochowa, the city dominated by the Monastery of Jasna Góra, questing can be the way to present many other interesting historic, cultural and natural sites. The results of the paper can be used in further research and analysis.",Attraction of tourists; City promotion; Marketing; Questing,2018,1,10.21511/im.14(1).2018.01,Widawska-Stanisz A.,Innovative Marketing,2-s2.0-85061910726
Echoes of Privacy: Deciphering Consumer Voices in the Data Deluge,"As technology evolves, balancing product and service personalization with privacy protection remains a critical challenge for businesses and consumers. So, researchers have raised concerns about the potential negative effects of data-driven marketing. This study embarks on a journey to unravel the intricacies of consumer attitudes toward privacy within data-centric marketing. Our research design is underpinned by a mixed methodology that uses qualitative and quantitative research methods. Initially, we presented text mining of Iranian tweets on X (Twitter). Subsequently, we expounded upon the intricacies of the structural equation model and the clustering process. The research findings highlight cultural disparities in attitudes toward privacy and collectivist countries such as Iran prioritize privacy vigilance, as they are meticulous about information disclosure. Notably, Iranians of varying genders, ages, and educational backgrounds displayed distinct levels of privacy apprehension. Based on the text of Twitter data mining, data confidentiality stands as the paramount pillar of data privacy, and they have expressed dissatisfaction with things like “Leakage of information and sale of users' data” and “Hacking the data of an online business”. Also, four clusters were identified for privacy in data-driven marketing: (1) Privacy Balancers, (2) Privacy Guardians, (3) Privacy Nomads, and (4) Privacy Advocates. Finally, suggestions were presented to businesses and policymakers. Especially, businesses can use gamification techniques such as interactive challenges to engage customers in reading and understanding privacy policies.",big data; clustering; consumer behavior; data privacy; data-driven marketing,2025,1,10.1002/cb.2495,Masteri Farahani M.,Journal of Consumer Behaviour,2-s2.0-105004212607
"Gamified Change: The Transformative Impact of Reflection, Empowerment, and Gamification Motivation","The purpose of this research is to explore how gamification drives transformative change in consumers. Doing so, an empowerment construct is conceptualized and introduced to the concept of transformative gamification, and the efficacy of the concept is evaluated using empirical data. A mixed methodology is used in which a gamified mobile app focusing on interactive stories is co-designed and tested in a quasi-experimental study to evaluate the effectiveness of the app as a transformative gamified service in helping university students replace dysfunctional emotion regulation strategies with functional ones (as the target behavior). The findings indicate that storytelling, reflection, and empowerment are the three key drivers of change in consumers' behaviors in transformative gamification services. In addition, the results of this study led to the introduction of the cycles of change as a practical approach in driving behavior change in gamified services. The results have implications for consumer behavior through understanding the process of behavior change in gamified services as well as providing insight into how to design and implement such services to bring about transformative behavior change.",social marketing; transformative gamification; transformative services research,2026,0,10.1002/cb.70088,Tanouri A.,Journal of Consumer Behaviour,2-s2.0-105024659146
Examining the mediating role of virtual brand experience between metaverse marketing strategies and consumer-based brand equity in the fashion industry,"Purpose – The study aims to investigate the impact of metaverse marketing strategies, specifically branded non-fungible tokens, extended reality (XR) gamification and immersive shopping experiences on consumer-based brand equity (CBBE) in the fashion industry. Additionally, this study examines the mediating role of virtual brand experience (VBE) in the context of fashion marketing in the United Kingdom. Design/methodology/approach – Grounded in online flow theory, mental transportation theory and Aaker's Consumer-based brand equity (CBBE) framework, the study adopts a quantitative approach. Data were obtained from an online survey of 626 UK-based metaverse users who participated in virtual fashion activities. The hypothesized relationships were tested using structural equation modeling (AMOS) and bootstrapped mediation analysis. Findings – The results show that VBE plays an important role in driving CBBE for consumers of metaverse fashion. VBE has a strong positive effect on CBBE and partially/fully mediates the relationship between metaverse marketing strategies and CBBE outcomes. While BNFTs and XR gamification marketing strategies both have significant direct effects on brand awareness/association and perceived quality, there was no support for their relationship with brand loyalty. XR-based immersive shopping shows no significant direct effects on any CBBE dimension but exerts a significant indirect effect through VBE, indicating full mediation. Overall, the results suggest that metaverse strategies enhance brand equity only when they generate meaningful sensory, affective, behavioral, intellectual and social brand experiences. Practical implications – The results offer actionable insights for fashion marketers to design immersive and interactive metaverse experiences that increase perceived brand equity and brand experience. Originality/value – This study is a pioneering study to empirically confirm the mediating role of the VBE in linking metaverse marketing strategies with CBBE in the fashion industry. It addresses gaps in brand management theory and highlights experiential processes driving brand value in the metaverse.",Branded non-fungible tokens (BNFT); Consumer-based brand equity (CBBE); Fashion marketing; Metaverse marketing; United Kingdom; Virtual brand experience (VBE),2026,0,10.1108/JBSED-10-2025-0471,Zaki Y.E.,Journal of Business and Socio Economic Development,2-s2.0-105040940044
The impact of gamification features on customer brand engagement: a study in entertainment mobile apps,"This study aims to develop a conceptual model to investigate the influence of the main features of gamification (entertainment, interactivity, innovation, and sociability) on customers’ brand engagement in terms of emotional, cognitive, and behavioural dimensions on SnappQ as the online social and entertaining application. A survey employing researcher-developed-questionnaire was conducted by collecting data from 233 customers using SnappQ in Iran. The structural equation modelling method was employed to investigate research hypotheses. The findings of this study revealed that gamification features have a significant relationship with customer brand engagement. Following the findings, employing gamified services and gamification features in online social and entertaining platforms help managers to satisfy customers’ psychological needs, and this leads them to have to learn the manner of managing their customers to engage them profitably. The findings help marketing managers/practitioners to understand how to enhance customers’ motivation to engage with the desired brand by designing different gamification features.",behavioural engagement; cognitive engagement; customer engagement; emotional engagement; gamification feature,2025,0,10.1504/IJMC.2025.149384,Monfared A.R.K.,International Journal of Mobile Communications,2-s2.0-105020463731
Metaverse-supported pedagogy for bridging theory and practice in marketing education,"This study tests whether metaverse-supported pedagogy bridges the theory–practice gap in undergraduate marketing education. Using a quantitative experimental design (*N* = 302) in Saudi higher education, students were assigned to either a metaverse condition integrating experiential simulations, gamified tasks, and collaborative projects, or a lecture-based condition covering identical concepts. Activities addressed segment selection, value proposition development, campaign communication, and customer-response analysis. Knowledge retention referred to post-intervention accuracy in recalling and applying taught concepts, not long-term retention beyond the course. Post-test comparisons showed that the metaverse group achieved greater engagement, knowledge retention, satisfaction, and communication skills. ANCOVA, controlling for pre-test scores, confirmed significant advantages with moderate-to-large effects (partial η<sup>2</sup> =.18–.25). Regression analysis identified experiential learning as the strongest predictor of engagement and retention, while gamification and collaboration contributed additionally. Findings support immersive learning environments that are pedagogically structured, assessed with transparent rubrics, and aligned with practical marketing competencies within contemporary Saudi university marketing curricula.",collaborative learning; experiential learning; gamification; marketing education; Metaverse,2026,0,10.1080/14703297.2026.2726897,Fazel H.,Innovations in Education and Teaching International,2-s2.0-105048873690
