Title,Abstract,Author Keywords,Year,Cited by,DOI,Authors,Source title,EID
Building dynamic capabilities for digital transformation: An ongoing process of strategic renewal,"In this qualitative study, we explore how incumbent firms in traditional industries build dynamic capabilities for digital transformation. Digital transformation has been defined as the use of new digital technologies, such as mobile, artificial intelligence, cloud, blockchain, and the Internet of things (IoT) technologies, to enable major business improvements to augment customer experience, streamline operations, or create new business models. In making sense of digital transformation, we discovered that leaders in various industry circles use the term inconsistently to describe various strategizing and organizing activities; in addition, the term has gained limited scholarly attention as a context for study of strategic change. Drawing on senior executives' experiences with leading digitalization projects at incumbent firms, we propose a process model comprising of nine microfoundations to reveal the generic contingency factors that trigger, enable, and hinder the building of dynamic capabilities for digital transformation. Our findings reveal that digital transformation is an ongoing process of using new digital technologies in everyday organizational life, which recognizes agility as the core mechanism for the strategic renewal of an organization's (1) business model, (2) collaborative approach, and eventually the (3) culture.",Digital transformation; Digitalization; Dynamic capabilities; Microfoundations; Qualitative interpretive research; Strategic agility; Strategic renewal; Technology and innovation management,2019,2820,10.1016/j.lrp.2018.12.001,Warner K.S.R.,Long Range Planning,2-s2.0-85067622891
Digital transformation and customer value creation in Made in Italy SMEs: A dynamic capabilities perspective,"This study examines the impact of digital transformation on customer value creation in the context of small and medium-sized firms (SMEs) operating in the Made in Italy sectors, with the aim of understanding how dynamic capabilities, as enabling mechanisms, may foster digital transformation. We use multi-case study research on the digital transformation of six Made in Italy SMEs, belonging to the food, fashion, and furniture design industries. The results show that, for the selected SMEs, digital instruments contribute to innovation of their business model, creating new distribution channels and new ways to create and deliver value to customer segments. The results highlight the relevance of sensing and learning capabilities as triggers of digital transformation. In addition to the theoretical contribution to the existing literature on digital transformation and organizational capability, this study provides some managerial implications for digital transformation in SMEs operating in the Made in Italy sectors.",Customer value creation; Digital transformation; Dynamic capabilities; Made in Italy; SME,2021,1040,10.1016/j.jbusres.2020.10.033,Matarazzo M.,Journal of Business Research,2-s2.0-85093678965
The role of dynamic capabilities in responding to digital disruption: A factor-based study of the newspaper industry,"Internet and digitization are fundamentally changing and disrupting newspaper companies' traditional operating models. Disruptive innovation theory offers explanations for why companies succeed or fail to respond to disruptive innovations. This study builds on disruptive innovation theory by ascertaining the role of dynamic capabilities in the performance of response to digital disruption. Empirical results suggest that first-order dynamic capabilities that are created by changing, extending, or adapting a firm's existing resources, processes, and values are positively associated with building digital platform capabilities, and that these capabilities impact the performance of response to digital disruption. For information systems (IS) researchers, this study clarifies the role of first-order dynamic capabilities in responding to digital disruption. For IS practice, it helps managers to focus on the most promising factors for creating first-order dynamic capabilities, for building digital platform capabilities, and for reinventing their core functions to accelerate digitization.",Autonomous growth group; Common language; Digital disruption; Digital platforms; Digital transformation; Digitization; Disruptive innovation; Innovative culture; Multimedia mindset; Organizational capabilities; Resources-processes-values (RPV) framework; Response performance; Staged resource allocation,2015,791,10.1080/07421222.2015.1029380,Karimi J.,Journal of Management Information Systems,2-s2.0-84943371154
Digital transformation of industrial businesses: A dynamic capability approach,"Industrial firms are under severe pressure to undertake digital transformation and leverage the Industrial Internet of Things (IIoT) and emerging technologies for the integration of industrial machines to share information on a real-time or near real-time basis. Though in recent years researchers have focused their attention on digital transformation, there is limited scholarly guidance for developing capabilities for such transformation. Drawing on dynamic capability theory and exploratory qualitative interviews with senior ‘elite’ executives from five of the world's largest multinational firms, the study outlines a new conceptual framework for digital transformative capability development. The integrative framework demonstrates how the three core capabilities of digital sensing, digital seizing, and digital reconfiguring manifest through associated capabilities of Strategic Sensing, Rapid Prototyping, Organization Structure, Business Model Transformation, and Cultural/Mindset Transformation. Internal and external contingencies are proposed as moderators of the relationship between IIoT and emerging technologies, and digital transformative capability development. Collectively, the article makes the case for Digital Transformation Capability and sheds new light on the digital transformation process. Implications for theory and practice are highlighted, and limitations are discussed.",Digital transformation; Dynamic capability; Emerging technologies; IIoT,2022,523,10.1016/j.technovation.2021.102414,Ghosh S.,Technovation,2-s2.0-85119018010
Strategies for Digitalization in Manufacturing Firms,"This article discusses the digitalization efforts of 26 leading manufacturing firms, the difficulties encountered, and how they can be handled. It shows that many firms are far from ready to benefit from digitalization and are mainly focused on achieving greater efficiency through digitalization rather than pursuing a growth agenda. This imbalance is because of the difficulties related to identifying profitable configurations of competencies, assets, and data generated from digital technologies, orchestrating them, and exploiting them in an agile organization. Practical implications of digitalization are highlighted, specifically in terms of strategies for supporting the current business and embracing long-term digital transformation.",agility; business model innovation; digital transformation; digitalization; dynamic capabilities; ecosystems; services; strategy; value capture; value creation,2020,515,10.1177/0008125620920349,Björkdahl J.,California Management Review,2-s2.0-85084516279
Identifying digital transformation paths in the business model of smes during the covid-19 pandemic,"The objective of this study was to analyze how small and medium enterprises (SMEs) cope with environmental changes due to the COVID-19 pandemic by pursuing the business model transformation with the support of digital technologies. To achieve the objective, this study used a multiple case study design with qualitative analysis to examine the data obtained from interviews, observation, and field visits. Seven manufacturing SMEs from Indonesia were selected using a theoretical sampling technique, with the purpose of achieving some degree of variation to allow us to undertake replication logic. Our analysis demonstrates that SMEs adopt a different degree of digital transformations, which can be summarized into three paths, depending on the firms’ contextual factors. First, SMEs with a high level of digital maturity who respond to the challenges by accelerating the transition toward digitalized firms; second, SMEs experiencing liquidity issues but a low level of digital maturity who decide to digitalize the sales function only; and, third, the SMEs that have very limited digital literacy but are supported by a high level of social capital. This last group of firms solves the challenges by finding partners who possess excellent digital capabilities. The qualitative case study method allows us to conduct in-depth and detailed analysis, but has thin generalizability. To address this limitation, future research can use a survey covering various industries to test the proposed theory that has resulted from this study, so that the generalizability can be assured.",Business model innovation; Digital technology; Digital transformation; Dynamic capability; Learning organization; Open innovation; Organizational agility,2020,497,10.3390/joitmc6040104,Priyono A.,Journal of Open Innovation Technology Market and Complexity,2-s2.0-85093687964
Digital transformation and sustainable performance: The moderating role of market turbulence,"As digital technologies disrupt one sector after another, many companies are actively embracing digital transformation. However, the relationship between digital transformation and sustainable performance remains unclear. To fill this gap, based on an integrated perspective of dynamic capability and organizational inertia, this study examines the curvilinear relationships between digital transformation and economic and environmental dimensions of sustainable performance. Survey data from 223 Chinese companies articulate that although digital transformation fosters economic performance at an accelerating rate, it depicts an inverse U-shaped relationship with environmental performance. More interestingly, the accelerating rate of digital transformation on economic performance is quicker under low market turbulence. In contrast, when market turbulence is high, higher digital transformation is associated with worse environmental performance. This study contributes to the literature by providing new theoretical explanations for the inconsistent relationship between digital transformation and sustainable performance. This study also assists companies in re-evaluating their digital strategies.",China; Digital transformation; Economic performance; Environmental performance; Market turbulence,2022,470,10.1016/j.indmarman.2022.04.007,Li L.,Industrial Marketing Management,2-s2.0-85129242547
"Exploring the impact of digital transformation on technology entrepreneurship and technological market expansion: The role of technology readiness, exploration and exploitation","The objective of this research is to addresses the effects of digital transformation on value creation through the study of technology entrepreneurship and technological market expansion. This is particularly important since both of these concepts are part of the dynamic capabilities that help in embracing digital innovation at a national level. Relevant data from 28 European countries representing development indicators and ease of doing business over a timeframe of 7 years from 2009 to 2015 were analysed to formulate and investigate a new perspective of digital entrepreneurship driven by the concepts of digital transformation and entrepreneurship. To do this, digital transformation has been broken into three categories, namely technology readiness (e.g. ICT investments), digital technology exploration (e.g. research and development) and digital technology exploitation (e.g. patents and trademarks). This research identifies several significant relationships between such constructs, which contribute to the literature and provide key implications for business management and practitioners.",Digital transformation; Market expansion; Technology entrepreneurship; Technology exploitation; Technology exploration; Technology readiness,2021,417,10.1016/j.jbusres.2020.11.020,Jafari-Sadeghi V.,Journal of Business Research,2-s2.0-85097415517
Digital transforming capability and performance: a microfoundational perspective,"Purpose: Drawing on the literature on dynamic capabilities and digital transformation, this paper conceptualises and investigates the relevant antecedents of an essential capability for digital transformation – the digital transforming capability – and its effect on the competitive advantage of firms. Design/methodology/approach: A framework with individual and organisational microfoundations of the digital transforming capability is proposed based on previous research. The digital transforming capability is conceptualised as a second-order construct. The model is tested using data from a broad spectrum of large US companies. Structural equation modelling (SEM) is applied to test the proposed framework. Findings: The study identifies three main microfoundations that, when combined, build a digital transforming capability (digital-savvy skills, digital intensity and context for action and interaction); in addition, the study tests the relationship between digital transforming capability and firm performance. The results validate the proposed theoretical framework. In addition to proposing relevant microfoundations of the digital transforming capability, we advance knowledge on the performance effects of those microfoundations. Originality/value: The paper contributes to advancing the understanding of the digital transformation phenomenon by revealing the role of the primary components underlying the digital transforming capability. Yet the mechanisms by which the micro-level aspects are important for digital transformation and organisational outcomes are only suggested by anecdotal evidence. The paper also contributes to ongoing calls for further investigation to extend the understanding of the microfoundations of dynamic capabilities. Finally, by drawing on archival data, this study also contributes to calls to broaden the toolkit used in dynamic capabilities research.",Digital transformation; Dynamic capabilities; Firm performance,2020,389,10.1108/IJOPM-06-2019-0444,Sousa-Zomer T.T.,International Journal of Operations and Production Management,2-s2.0-85085469906
"Artificial intelligence enabling circular business model innovation in digital servitization: Conceptualizing dynamic capabilities, AI capacities, business models and effects","This study explores the potential of AI to enable circular business model innovation (CBMI) for industrial manufacturers and the corresponding AI capacities and dynamic capabilities required for their commercialization. Employing an analysis of six leading B2B firms engaged in digital servitization, we conceptualize the perceptive, predictive, and prescriptive capacities of AI, which enhance resource efficiency by automating and augmenting data-driven analysis and decision making. We further identify two innovative classes of AI-enabled CBMs – augmentation (e.g., optimization solutions) and automation (e.g., autonomous solutions) business models – and their main circular value drivers. Finally, our research reveals novel dynamic capabilities underpinning the innovation of AI-enabled business models – value discovery, value realization, and value optimization capabilities – which enable manufacturers to make economic and sustainable values come to life in collaborating with customers and ecosystem partners. This study represents an important step in our understanding of how AI can drive circularity and sustainable innovation in industrial digital servitization. Overall, our study contributes to practice and the academic literature on AI, circular business models, and digital servitization by highlighting the potential of AI to empower CBMs for industrial manufacturers and the underlying processes of this digital transformation.",Artificial intelligence; Circular business models; Circular economy; Digital servitization; Digital transformation; Ecosystem; Platform; Sustainability; Twin transition,2023,374,10.1016/j.techfore.2023.122903,Sjödin D.,Technological Forecasting and Social Change,2-s2.0-85173884486
SMEs and digital transformation during a crisis: The emergence of resilience as a second-order dynamic capability in an entrepreneurial ecosystem,"In this research, we examine how small and medium enterprises (SMEs) build their resilience capability during a crisis, through the adoption of digital technologies. Utilizing a qualitative approach grounded in case studies of eight entrepreneurs from India who had to radically change their business models and operations during the COVID-19 pandemic, we develop a multilevel model of resilience capability: at the micro (entrepreneur), meso (organizational), and macro (entrepreneurial ecosystem) levels. In developing resilience, the SMEs alternate their focus: from concentrating on the core to moving toward the periphery of their organizational boundaries, highlighting a shifting play of the three first-order dynamic capabilities of sensing, seizing, and transforming. By affording SMEs an opportunity to transform themselves by embracing digital technologies, the crisis leads to the emergence of resilience capability as a second-order dynamic capability.",Crisis; Digital technologies; Dynamic capabilities; Entrepreneurial ecosystem; Resilience,2022,373,10.1016/j.jbusres.2022.06.048,Khurana I.,Journal of Business Research,2-s2.0-85132873603
Digital transformation in family-owned Mittelstand firms: A dynamic capabilities perspective,"Digital technologies are increasingly affecting industries worldwide in many ways. Although the adoption of digital technologies by firms has been studied extensively from a technical point of view, previous research lacks insight into the managerial aspects of digital transformation, which, given the transformation’s interdisciplinarity, might have substantial implications for information systems research. In particular, it is unclear how small and medium-sized family-controlled firms (known as family-owned Mittelstand firms) with resource constraints handle digital transformation. This paper addresses this gap by drawing on rich data from 127 semi-structured interviews in a multiple case study of 15 family-owned Mittelstand firms from Germany, Austria, and Switzerland. All of these firms are active in the manufacturing industry but vary in terms of their digital transformation progress. Based on within-case and cross-case pattern analysis, we propose that the digital transformation of Mittelstand firms is a process consisting of three stages, namely, process digitalisation, product and service digitalisation, and business model digitalisation, and we reveal triggers for each stage and the dynamic capabilities needed throughout this process. Moreover, we identify three combinations of enablers and barriers that support or hinder the development of dynamic capabilities and thus accelerate or impede the advancement of the digital transformation process.",digital innovation; Digital transformation; dynamic capabilities; family business; Mittelstand firms; Pär Ågerfalk; Ryad Titah; SMEs; technology adoption,2021,372,10.1080/0960085X.2020.1857666,Soluk J.,European Journal of Information Systems,2-s2.0-85099577908
"Literature review on digitalization capabilities: Co-citation analysis of antecedents, conceptualization and consequences","Recent decades have witnessed increased number of studies focusing on digitalization and related capabilities. Across disciplines digitalization capability is viewed as a sources of sustained competiveness. Nonetheless, several issues related to conceptualizing digitalization capabilities remain ambivalent. The present study, uses co-citation analysis to clarify concept of digitalization capability and identify three underlining capabilities, namely digital integration capabilities, digital platform capabilities, and digital innovation capabilities, that represents micro-foundation of digitalization capabilities. Further, a capability-based model is developed which includes antecedents and consequences of digitalization capabilities in an integrated conceptual model. Suggestions for future research, theoretical contributions and managerial contributions are also presented.",Capabilities; Digital transformation; Digitalization; Dynamic capabilities; Industry 4.0,2021,365,10.1016/j.techfore.2021.120635,Annarelli A.,Technological Forecasting and Social Change,2-s2.0-85100665923
Dynamic capabilities for digital transformation,"Purpose: The purpose of this paper is to identify sensing, seizing and reconfiguring routines of dynamic capabilities that enable digital transformation in firms. Design/methodology/approach: A qualitative approach is used. Representatives from a firm going through digital transformations are interviewed, and focus groups have been carried out with a consultancy firm experienced in giving advice to firms going through digital transformation. Findings: Six routines identified as relevant specifically for digital transformation are identified. These are cross-industrial digital sensing, inside-out digital infrastructure sensing, digital strategy development, determination of enterprise boundaries, decomposition of digital transformation into specified projects and creation of a unified digital infrastructure. Practical implications: The authors provide direction for managers on how to approach digital transformation. In relation to previous research, the authors provide more specific guidance regarding how to reconfigure the organization in digital transformation. Originality/value: The paper uses a novel context for digital transformation and complements the very few studies available using dynamic capabilities to understand digital transformation.",Digital transformation; Digitalization; Dynamic capabilities; Innovation; Qualitative research; Routines; Technology,2022,338,10.1108/JSMA-04-2021-0089,Ellström D.,Journal of Strategy and Management,2-s2.0-85115102396
Digital transformation and European small and medium enterprises (SMEs): A comparative study using digital economy and society index data,"Digital transformation is profoundly transforming SMEs' business activities, bringing about comparative advantages and associated risks. Previous studies on digital transformation and SMEs focus on technology adoption, innovation, new value creation, and dynamic capabilities. However, it is unclear how digital technology affects SMEs' specific business activities. We study SMEs' customer access, increasing competition, external funding or access to finance, rising input costs, skilled labor shortages, exogenous shocks, global crises, and regulatory issues. This study aims to fill the literature gap by exploring the impact of digital technology, using digital economy and society index (DESI) as proxies for the SME issues. We use DESI and SME data from a survey on European enterprises’ access to finance. We find that digital transformation strengthens SMEs' ability and flexibility to address main business issues. Furthermore, findings reveal that digitally transformed SMEs have fewer concerns about access to new and traditional customers, competition changes, access to finance, increasing input costs, external shocks, and regulatory changes. However, digital transformation also brings risks, such as the shortage of skilled labor and experienced managers and loss of inherent competitiveness. The novelty of our work lies in supplying quantitative knowledge on the link between digital transformation and European SMEs' critical business concerns. These findings substantially increase our understanding of the impact of digital change on European SMEs' business activities.",Digital economy and society index; Digital transformation; European survey on access to finance of enterprises; European Union; Panel random-effect model; SMEs,2023,331,10.1016/j.ijinfomgt.2022.102594,Skare M.,International Journal of Information Management,2-s2.0-85141926403
Procurement 4.0 and its implications on business process performance in a circular economy,"The purpose of this study is to identify how Procurement 4.0 and digital transformations are related and how digital transformation impacts the intention to optimize the procurement process in the circular economy. The moderating effect of information processing capability is also investigated. We survey South African manufacturers and analyze survey results using the Partial Least Squares Structural Equation Modelling (PLS-SEM) approach to test the research hypotheses and our theoretical framework. Finally, a sample business process is simulated to evaluate how Industry 4.0 automation can influence organizational procurement process optimization and circular economy performance. The findings of this empirical study indicate that Procurement 4.0 strategy positively influences buyers’ intention to optimize business processes. Second, Procurement 4.0 performance review positively influences buyers’ intention to optimize business processes. Third, information processing capability moderates the effect of Procurement 4.0 performance review on buyers’ intention to optimize business processes. Finally, buyers’ intention to optimize business processes plays a key role in enhancing circular economy performance. The simulation results demonstrate the potential benefits from industry 4.0 applications in the procurement function in a circular economy.",Business process; Circular economy; Dynamic capability view theory; Optimization; Procurement 4.0,2020,302,10.1016/j.resconrec.2019.104502,Bag S.,Resources Conservation and Recycling,2-s2.0-85072694673
Building digitally-enabled process innovation in the process industries: A dynamic capabilities approach,"Digitalization and industry 4.0 technologies promise to provide many novel opportunities and benefits to industrial firms, such as increased product quality, process reliability, and improved flexibility and productivity. Although digitalization shows great potential from a technological perspective, many process industry firms still face challenges in utilizing it for process innovations. Hence, this study aims to understand how process industry firms develop and implement new process innovations today and identify improvement opportunities through the better adoption and implementation of digitalization. The study adopted a multiple case study design in two steel manufacturing firms and developed a framework for building digitally-enabled process innovation using dynamic capabilities. The framework consists of 19 dynamic capabilities in total: 8 related to traditional process innovation and 11 related to digitally enabled process innovation. The study found four key challenges in process innovation (i.e., poor data strategy and readiness, lack of standardisation practices for change, competence and culture gaps, and ad-hoc problem solving) and four key enablers for digitally-enabled process innovation (i.e., infrastructure and methodological definition, preparation for predictive and analytical readiness, proactive management practices, and plan for a digital matureness for each function and department). The study's detailed empirical insights provide new understandings regarding required dynamic capabilities for the smoother transformation of a firm from the traditional process innovation to the digitally enabled process innovation. The dynamic capabilities are limitedly explored in the research of the process industries in the context of process innovation and digitalization. Thus, this study makes essential contributions to the theory of process innovation in process industries and strategic management by providing rich empirical insights from the steel sector.",Digital process innovation; Digital transformation; Digitalization; Industry 4.0; Microfoundations; Process development; Production system development; Smart factory; Steel industry,2021,277,10.1016/j.technovation.2021.102256,Chirumalla K.,Technovation,2-s2.0-85103963512
Analyzing the mediating role of organizational ambidexterity and digital business transformation on industry 4.0 capabilities and sustainable supply chain performance,"Purpose: Despite the growing awareness of supply chains on industry 4.0 (I4.0) capabilities as the enabler of sustainable performance, little is known about what accelerates this interaction. Prior studies have focused on the ambidexterity dilemma and the need to adopt sustainable inter-organizational governance to drive I4.0 capabilities while achieving sustainable performance. To address these issues, this paper aims to explore the distinct and combined effects of several approaches such as digital business transformation (DBT), organizational ambidexterity (OA) and circular business models (CBMs) on the relationship between I4.0 capabilities and sustainable performance. Design/methodology/approach: Drawing upon a hybrid methodology including structural equation modeling and fuzzy set qualitative comparative analysis, this paper develops and tests a hypothetical model using data collected from 306 organizations in Europe, Asia and Africa. Findings: The study findings lead to several important implications concerning the potential paths linking I4.0 and sustainable performance. Notably, the DBT was found to mediate this relationship by integrating circular principles to devise business models. Moreover, OA was found to substitute the CBMs in developing new sustainable business models and reconcile sustainability. Originality/value: The study is among the first to analyze the combined effects of OA, DBT and CBMs on the relationship between I4.0 capabilities and sustainable performance at the supply chain level. Moreover, the findings propose several solutions to resolve the sustainability dilemma through I4.0 capabilities, DBT, OA and CBMs.",Circular economy; Digital transformation; Dynamic capabilities; Fuzzy set qualitative comparative analysis; Industry 4.0; Innovation; Organizational ambidexterity; SCM performance; Structural equation modeling; Supply chain sustainable performance; Supply-chain management; Sustainability; Technology,2022,252,10.1108/SCM-04-2021-0152,Belhadi A.,Supply Chain Management,2-s2.0-85109400497
Digital workplace and organization performance: Moderating role of digital leadership capability,"Since the onset of the COVID-19 pandemic, many organizations have permitted their employees to work from anywhere, giving rise to the phenomenon of the digital workplace, which enables employees to do their work by connecting, communicating, and collaborating with other employees. Organizations’ dynamic capabilities play a major role in enabling this transformation of the workplace. As the situation is so recent, there is considerable interest amongst researchers, practitioners, academicians, and policymakers to understand the role of organizations’ dynamic capability in digital transformation of the workplace, as well as the role of digital leadership in improving organization performance and enabling the digital transformation process to happen. Therefore, this study investigates the influence of digital workplace on organization performance and the moderating role of digital leadership capability in digitally transforming the workplace. We developed a research model from our review of the literature review and dynamic capability view (DCV) theory, and then we validated it using the PLS-SEM technique on a sample of 335 respondents from different types of organizations that have embarked on the digital transformation journey. The study finds that the dynamic capabilities of organizations have a significant and positive influence on the digital transformation of the workplace, which in turn improves the employees’ work-life balance resulting better employee performance and superior organization performance. The study also highlights the significant role that digital leadership plays in the digital transformation of the workplace.",Digital leadership; Digital workplace; Dynamic capability; Innovation; IT capability; Organization performance; Policy; Work-life balance,2023,251,10.1016/j.jik.2023.100334,Chatterjee S.,Journal of Innovation and Knowledge,2-s2.0-85147268764
Mastering the digital transformation through organizational capabilities: A conceptual framework,"As digital transformation is changing entire industries, organizations are struggling to keep up with these changes. Scholars are viewing organizational capabilities as a central mean for organizations to master digital transformation. Based on a comprehensive literature review, this study identifies a broad set of relevant organizational capabilities and introduces a conceptual framework in which organizational capabilities are clustered into seven relevant themes for managing digital transformation. These capabilities are then embedded in the logic of the dynamic capability theory, highlighting the development of organizational capabilities throughout the digital transformation process. The results reveal that a differentiated perspective on the digital transformation process is beneficial to account for changing needs of organizational capabilities during the transformation process. Just as organizations themselves change during the process, various capabilities at different time points are needed to support and enable organizations during digital transformation. The developed conceptual framework gives organizations guidance for the development of organizational capabilities throughout the digital transformation process.",Conceptual framework; Digital transformation; Dynamic capabilities; Organizational capabilities,2022,245,10.1016/j.digbus.2021.100019,Konopik J.,Digital Business,2-s2.0-85155450906
Digital transformation and low-carbon technology innovation in manufacturing firms: The mediating role of dynamic capabilities,"Green challenges such as global warming call for deeper low-carbon technology changes in manufacturing firms, and digital transformation (DT) may play a major role. Most existing studies have investigated the impact of DT as a whole on green technology innovation but lack a dynamic mechanism analysis from a process perspective. Therefore, this article proposes a theoretical framework for multistage DT to drive low-carbon technology innovation (LCTI) in manufacturing firms, which is closely linked to three dynamic capabilities (DCs). Based on the panel data of A-share manufacturing firms in China from 2011 to 2019, this article finds the following. First, DT effectively promotes LCTI, and this effect is a “leverage effect” superimposed on existing innovation. Second, the theoretical mechanism shows that the data analysis, data operation, and data empowerment stages of DT enhance the absorptive capacity, innovation capacity, and adaptive capacity of enterprises, respectively, which in turn promote LCTI. Empirical tests support the mediating effects of the first two capabilities; however, adaptive capacity is validated to be effective only for low-tech firms due to the limited increase in strategic flexibility of high-tech firms by marginal DT enhancement. Third, the heterogeneity analysis shows that the promotion effect of DT on LCTI is stronger for carbon reduction and decarbonization technologies, more significant for low-emission firms, and stronger for firms in the cohort network. These conclusions add new microevidence of the environmental benefits of the digital economy and provide new explanations for opening the “black box” of DT and LCTI based on a process perspective. At the same time, this work can help manufacturing firms in developing countries follow the low-carbon transformation path by independent innovation and, moreover, reduce the originally enormous amounts of energy consumption and carbon emissions of these countries and contribute to the response to global warming and the energy crisis.",Digital transformation; Dynamic capabilities; Low-carbon technology innovation; Manufacturing firms,2023,223,10.1016/j.ijpe.2023.108969,Yang G.,International Journal of Production Economics,2-s2.0-85164242062
The impact of Industry 4.0 on the reconciliation of dynamic capabilities: evidence from the European manufacturing industries,"Industry 4.0 offers massive potential for implementing sustainability, which is a growing concern for global manufacturing industries. This paper investigates the impact of the implementation of Industry 4.0 with specific emphasis on digital transformation on the sustainability dimensions of European manufacturing industries. In doing so, we propose a framework to identify the implications of Industry 4.0 on the reconciliation of the firm’s existing and new dynamic capabilities, competencies, and market requirements to achieve sustainable competitive advantage. Using a multiple case research design, we study six European manufacturing companies, including aerospace manufacturing (AM) and electronic component and systems (ECS) manufacturing. The novelty of our study lies in developing a set of theoretical propositions that reveals interrelations between Industry 4.0, the dynamic capabilities of the firm and distinct dimensions of sustainability. Our findings show that the reconciliation of dynamic capabilities mediates the impact of Industry 4.0 on economic, environmental, and social aspects. The study provides insights to practitioners to strengthen their dynamic capabilities in order to achieve sustainability while implementing Industry 4.0. Moreover, the findings also facilitate investment decisions in Industry 4.0 projects.",case study research; dynamic capabilities; Industry 4.0; manufacturing industry; operations management,2022,209,10.1080/09537287.2020.1810765,Felsberger A.,Production Planning and Control,2-s2.0-85090196242
A study of human resource digital transformation (HRDT): A phenomenon of innovation capability led by digital and individual factors,"Surviving in a digitally disrupted world required organizations to continuously innovate and digitally transform their work practices, especially HR processes. Scholarly failure to define and conceptualize the construct of human resource digital transformation (HRDT) suggests the lack of an integrated approach to understanding HRDT as a discipline. This study presents an overarching and integrated conceptual framework of HRDT, grounded in robust qualitative research, to describe factors in successfully implementing HRDT. Drawing insights from 20 senior HR professionals in multinational organizations, this study defines HRDT as a multidimensional construct resulting from successful integration of digital and individual factors into the innovation capability of organizations. Expanding the dynamic-capabilities perspective, this study proposes that in uncertain and turbulent times, such as COVID-19, businesses must constantly upgrade organizational capabilities, manifested in the innovation capability with enablers such as- digital infrastructure, architecture, and individual capability and creativity. This research further elaborates on HRDT indicators.",COVID-19; Digital architecture; Digital infrastructure; Human resource digital transformation (HRDT); Individual capability and creativity; Innovation capability,2023,142,10.1016/j.jbusres.2022.113611,Bansal A.,Journal of Business Research,2-s2.0-85145367106
Towards SMEs’ digital transformation: The role of agile leadership and strategic flexibility,"Digital transformation in SMEs has become a necessity in the Industrial Revolution 4.0 era. The ASEAN Economic Community will be more established if SMEs are able to take the benefit of information technology advancement in its business process. This research aims to test the role of agile leadership and strategic flexibility to improve digital transformation in SMEs among ASEAN countries. The data from this research were from 539 SMEs in Indonesia and Malaysia as representatives of ASEAN community and tested using Smart PLS 3. A total of 519 usable surveys were collected. Data testing results showed that agile leadership be-comes the key to success in implementing digital transformation. Moreover the strategic flexibility, which comes from workforce transformation and dynamic capability, is also the determining factor in the creation of digital transformation in SMEs. The fast response of the leader followed by strategy flexibility, play a significant role to the success of digital transformation implementation.",Agile leadership; Digital transformation; SMEs; Strategic flexibility; Workforce transformation,2020,142,,Fachrunnisa O.,Journal of Small Business Strategy,2-s2.0-85097440280
"Digital information in maritime supply chains with blockchain and cloud platforms: Supply chain capabilities, barriers, and research opportunities","Digital transformation plays a key role in improving information sharing and information processing in supply chains. Specifically, maritime supply chains require numerous data and document exchanges and can significantly benefit from digital information sharing (DIS). This notable potential has attracted attention and has resulted in a growing number of studies on blockchain platforms, cloud-based platforms, and other digital technology platforms. However, DIS adoption and execution is a complex process as it depends on various success factors and barriers and affects numerous capabilities and performance outcomes. Moreover, various information systems and management theories can be utilised to underpin these relationships. Our study aims to conduct a systematic literature review that uncovers dynamic capabilities, barriers, enablers and outcomes of DIS with blockchain and cloud-based platforms, illustrates the relationship between them, and discloses methods and theories applied in supply chains. We discuss different use cases of blockchain and cloud-based platforms for DIS in various business functions in supply chains. Particularly, we reveal six DIS-powered capabilities, five performance outcomes improved by the DIS, eight main barriers, and nine enablers of DIS implementation. The lack of theoretical underpinning and causal empirical studies is identified as an important gap in the literature. This study also presents precise future research directions that can help address these gaps.",Blockchain technology adoption; Digital platforms; Digital transformation in maritime; Dynamic capabilities; Supply chain 4.0; Systematic literature review,2024,142,10.1016/j.techfore.2023.122978,Surucu-Balci E.,Technological Forecasting and Social Change,2-s2.0-85177587536
‘I digitize so I exist’. Searching for critical capabilities affecting firms’ digital innovation,"Taking into account the increasing importance of digitalization to characterize companies’ competitive advantages, and the contextual growing research interest in digital transformation, this paper focuses on dynamic capabilities affecting firms’ digital innovation in terms of creation of new offerings, processes or solutions by using a wide range of digital technologies. By means of quantitative research on a sample of managers of 210 firms in Italy, the study performs an ordinary least squares regression to investigate whether and how different knowledge-based capabilities support the process to develop digital innovation, taking into consideration the moderating effect of social media. Despite some limitations, essentially due to the geographical focus of the analysis, the paper contributes to better understand the effect of digitalization in the distinguishing context of the Italian companies, providing useful insights to rethink firms’ innovation models.",Digitalization; Innovation; Knowledge; Market-sensing; Social media,2021,141,10.1016/j.jbusres.2021.02.048,Tortora D.,Journal of Business Research,2-s2.0-85102234795
Enlightening the dynamic capabilities of design thinking in fostering digital transformation,"Digital transformation describes the deep-seated changes in organizational activities, processes, and capabilities induced by the advent of digital technologies. Digital transformation requires sensing, seizing, and reconfiguring the digital technological challenges into opportunities. Academic literature acknowledges the central role of design as a driver of innovation. Furthermore, recent research discloses the value that design, especially design thinking, can have in leading digital transformations. In this understanding, design thinking has been proven to be an approach based on dynamic capabilities. What seems to lack in the current understanding is how the dynamic capabilities of design thinking can facilitate digital transformation. Thus, the paper aims to shed light on how dynamic capabilities of design thinking foster discovering the opportunities digital technologies provide to enact the transformation. This paper investigates four different cases of consulting projects where the adoption of design thinking dynamic capabilities enhance the value of digital technologies towards a more human centric digital transformation. By being a business-to-business market, the consulting environment might inform readers how design thinking dynamic capabilities are salient for digital transformation. Examining them, the paper proposes five design thinking dynamic capabilities that managers should cultivate: extending, debating, cropping, interpreting, and recombining. Concerning academic debate, the paper enriches the understanding of digital transformation by unshadowing the value that design thinking dynamic capabilities might play in it.",Design capabilities; Design thinking; Digital technologies; Digital transformation; Dynamic capabilities; Innovation,2021,140,10.1016/j.indmarman.2021.06.014,Magistretti S.,Industrial Marketing Management,2-s2.0-85109153903
"The co-evolutionary relationship between digitalization and organizational agility: Ongoing debates, theoretical developments and future research perspectives","This study is the first to provide a systematic review of the literature focused on the relationship between digitalization and organizational agility (OA). It applies the bibliographic coupling method to 171 peer-reviewed contributions published by 30 June 2021. It uses the digitalization perspective to investigate the enablers, barriers and benefits of processes aimed at providing firms with the agility required to effectively face increasingly turbulent environments. Three different, though interconnected, thematic clusters are discovered and analysed, respectively focusing on big-data analytic capabilities as crucial drivers of OA, the relationship between digitalization and agility at a supply chain level, and the role of information technology capabilities in improving OA. By adopting a dynamic capabilities perspective, this study overcomes the traditional view, which mainly considers digital capabilities enablers of OA, rather than as possible outcomes. Our findings reveal that, in addition to being complex, the relationship between digitalization and OA has a bidirectional character. This study also identifies extant research gaps and develops 13 original research propositions on possible future research pathways and new managerial solutions.","Digital transformation; Digitalization; Information and communications technology, Digital technologies; Literature review; Organizational agility",2022,139,10.1016/j.techfore.2021.121383,Ciampi F.,Technological Forecasting and Social Change,2-s2.0-85121716829
Exploring digital transformation and dynamic capabilities in agrifood SMEs,"The study explores digital transformation in agrifood small and medium enterprises (SMEs) through a framework of dynamic capabilities. The research question is addressed to identify unique firms’ capabilities to face the change in agrifood environments. The study adopts a qualitative approach and is based on in-depth interviews of 21 key respondents such as CEOs, owners, and managers of both public bodies and agrofirms in Sardinia (Italy). As new concepts, the study finds that distinctive dynamic capabilities are led by a sense of belonging in territorial value-oriented enterprises and collaboration among firms’ stakeholders, who feel as members of an extended family. It also shows that personal capabilities are associated with a gender domain and that digitalization reshapes not only organizational structures but also societal ones. The study aims to contribute theoretically and empirically through novel meanings of dynamic capabilities for digital transformation in the context of small and medium-sized agrofirms.",agrifood businesses; Digital transformation; dynamic capabilities; SMEs,2023,131,10.1080/00472778.2020.1844494,Cannas R.,Journal of Small Business Management,2-s2.0-85100854001
Managerial capabilities as facilitators of digital transformation? Dynamic managerial capabilities as antecedents to digital business model transformation and firm performance,"Digital business model transformation (DBMT) necessitates new managerial capabilities, yet the existing literature lacks an empirical understanding of managerial capabilities as antecedents to strategic change and firm performance. This paper builds on dynamic managerial capabilities theory to argue that managerial human capital—composed of leadership and entrepreneurial skills—is a critical facilitator of DBMT and resultant firm performance. Further, the research model proposes that managers' social capital and cognition positively moderate the relationship between human capital and DBMT. The study's findings from a sample of German Industry 4.0 firms provide new insights into the significance of managerial capabilities in a digital economy. This study advances management literature by demonstrating that the benefits of managers' human capital for DBMT are contingent on its form: entrepreneurial skills facilitate digital transformation integral for firm performance, while leadership skills have no impact on firm performance—neither directly nor indirectly through DBMT. Thus, this study provides strong evidence of the importance of entrepreneurial skills in driving DBMT to increase firm performance. Further, the findings offer a nuanced account of the interrelationships between dynamic managerial capabilities, revealing that higher levels of social capital and lower levels of cognition increase the positive effect of entrepreneurial skills on DBMT. This study altogether reaffirms the significance of managers' dynamic capabilities for strategic change enabled by DBMT and their performance benefits, yet it reveals that the effect mechanisms differ from those found in nondigital research settings.",Business model; Digital transformation; Dynamic managerial capabilities; Entrepreneurship; Firm performance,2023,123,10.1016/j.digbus.2023.100053,Heubeck T.,Digital Business,2-s2.0-85150862577
Alliances and digital transformation are crucial for benefiting from dynamic supply chain capabilities during times of crisis: A multi-method study,"During times of crisis, businesses need strategic partnerships and digital transformation to survive. Understanding how digital transformation and alliance management capability can work together to enhance supply chain capabilities during a crisis is important. We have developed a theoretical framework that explains how the alliance management capability, under the mediating influence of digital transformation, helps build supply chain capabilities for unprecedented crises. This framework highlights key enablers such as alliance management capability, digital transformation, supply chain agility, and supply chain adaptability that are essential for organisational performance. We tested our theoretical model using a survey of 157 individuals working in the manufacturing industry in India. Our findings suggest that combining alliance management capability and digital transformation enhances supply chain capabilities, which improves an organisation's ability to respond to crises. Moreover, digital transformation, supply chain agility, and adaptability are critical determinants of organisational performance during crises. Therefore, companies that use digital technologies to increase their agility and adaptability are more likely to perform well during times of crisis. To collect qualitative data, we interviewed key participants (n = 27) and identified four key enablers for a digital transformation strategy for supply chains: coordination, digital leadership, digital culture, and digital talent management. Our study offers a detailed understanding of the dynamic capability view in digital transformation, highlighting key drivers for competitive advantage.",Alliance management capability; Digital transformation; Dynamic capability view theory; Organisational performance; Supply chain adaptability; Supply chain agility,2024,121,10.1016/j.ijpe.2024.109166,Dubey R.,International Journal of Production Economics,2-s2.0-85183452075
A look at the future of work: The digital transformation of teams from conventional to virtual,"This study addresses the challenges of digitally transforming teams from conventional to virtual environments in response to the unique conditions of a global pandemic lock-down and the need for business survival, rather than as a proactive strategic move initiated and encouraged by senior management. Based on dynamic capabilities theory, we use 18 in-depth interviews to identify the skills and capabilities required for successful transition at the individual and organizational levels. First, at the individual level, communication differences (i.e., informal vs. formal, spontaneous vs. structured, and synchronous vs. sequential) were identified when comparing conventional and virtual teams. Second, at the organizational level, this study identified several challenges related to the digital transformation of teams (e.g., onboarding challenges, barriers in the virtual environment, structural challenges, new team roles such as change manager, chief officer of happiness, etc.). Finally, seven different digital dynamic capabilities are proposed for teams transforming to a virtual environment.",Digital capabilities; Digital transformation; Dynamic capabilities; Global virtual teams; Knowledge transfer; Organizational adaptation,2023,118,10.1016/j.jbusres.2023.113912,Vuchkovski D.,Journal of Business Research,2-s2.0-85152679738
Effects of digital orientation on organizational resilience: a dynamic capabilities perspective,"Purpose: This study aims to investigate the impact of digital orientation (DO) on organizational resilience (OR) and explore the contingency effects of human resource slack and nature of enterprise ownership. Design/methodology/approach: The model hypotheses were tested using fixed effects regression on panel data collected from Chinese A-share listed manufacturing firms spanning from 2007 to 2020. Findings: DO has a positive effect on OR. Human resource slack positively moderates the relationship between DO and OR. Additionally, DO enhances OR more effectively in non-state-owned firms than in state-owned firms. Research limitations/implications: This study relies on data from a single industry from a single country. Practical implications: The study supports that firms facing uncertainty, risk and pressure should promptly develop their DO strategy. Firms can derive greater resilience from implementing a DO strategy when they have a high-level human resource pool. State-owned enterprises will benefit from a DO strategy if they make some adaptive changes in leadership, structure, culture and mindset aspects. Originality/value: This study is the first to examine the relationship between DO and OR, contributing to the existing literature on digital transformation and organizational resilience. It offers valuable insights for practitioners and policymakers seeking to adapt their organizations for the digital era and foster predictive, defensive and growth responses strategies in a dynamic business environment.",Digital orientation; Digitalization; Dynamic capabilities theory; Human resource slack; Nature of enterprise ownership; Organizational resilience,2024,117,10.1108/JMTM-06-2023-0224,Liu Y.,Journal of Manufacturing Technology Management,2-s2.0-85179925147
Leveraging big data for strategic marketing: A dynamic capabilities model for incumbent firms,"Big data can improve the profitability and competitiveness of organisations by extending market knowledge and strategic marketing insight. However, there is a disconnect between the opportunities presented and the readiness of incumbent firms to engage with big data, with consequences for their ability to benefit from it. With many organisations overwhelmed by how to manage and use big data, the paper identifies the dynamic capabilities required to exploit big data for strategic marketing and to improve market responsiveness. Data gathered from in-depth, semi-structured interviews with senior managers from four case study organisations, reveals the five interconnected dynamic capabilities required to leverage value from big data. These capabilities are shown to be part of a sequential ‘sensing-reconfiguring-seizing’ process, in which the reconfiguring capabilities play a vital role. The findings contribute to dynamic capabilities theory by identifying and mapping the configuration of big data capabilities required to support strategic marketing initiatives. A new Big Data Capabilities Model is developed, which can be used by organisations to guide how they can leverage value from big data.",Big data; Big data capabilities; Case study; Digital transformation; Dynamic capabilities; Strategic marketing,2023,107,10.1016/j.techfore.2023.122402,Brewis C.,Technological Forecasting and Social Change,2-s2.0-85149857672
Toward a dynamic capability perspective of digital transformation in SMEs: A study of the mobility sector,"Digital Transformation (DT) has been considered a critical structural change for SMEs to be responsive and agile in today's dynamic and turbulent business environments. This significance is more evident in mobility and transport systems in which the sector is undergoing radical technological changes in the context of smart cities. However, SMEs must possess some capabilities to successfully leverage DT toward better performance and gain a competitive advantage. The current research is a step forward toward achieving this goal. Using a multiple case study of mobility sector SMEs in Australia, the authors explore the nature of Dynamic Capabilities (DC) in SMEs and discover digital transformation's enablers, barriers, and performance outcomes.",Case study; Competitive advantage; Digital transformation; Dynamic capabilities; Innovation; Performance; Qualitative study,2024,105,10.1016/j.jclepro.2024.140718,Saeedikiya M.,Journal of Cleaner Production,2-s2.0-85184146640
Impact of dynamic capabilities on digital transformation and innovation to improve banking performance: A TOE framework study,"The focus of this research revolves around applying the dynamic capabilities (DC) considering technological, organizational, and environmental dimensions (TOE framework) to explore the digital transformation (DT) and innovation. The current literature has shown a limited focus on integrating DC with the TOE framework, inspiring this research to address this gap. This research adopts a quantitative approach employing partial least square structural equation modeling (PLS-SEM), leveraging a survey with 325 respondents from 48 banks in Indonesia. The study identifies the necessary organizational capabilities for DT and innovation, encompassing technological capabilities representing technology, strategic and organizational capabilities representing the organizational dimension, as well as ecosystem and governance-risk-compliance (GRC) capabilities representing the environmental dimension. The findings unveil that technology and ecosystem capabilities have a positive and significant impact on DT and innovation. Organizational capabilities positively influence innovation but exhibit a negative impact on DT. Strategic capabilities positively affect DT and negatively impact innovation, while GRC capability enhances its role in DT, contributing to improved company performance. This research adds to the theoretical understanding of DC within the TOE framework and offers managerial insights to assist the banking sector in effectively managing capabilities for successful DT and innovation.",Ecosystem capability; GRC capability; Organization capability; Strategy capability; Technology capability,2024,99,10.1016/j.joitmc.2024.100215,Abdurrahman A.,Journal of Open Innovation Technology Market and Complexity,2-s2.0-85184226193
The impact of digitalisation vision and information technology on organisations' innovation,"Purpose: Based on the dynamic capability theory (DCT), this study examines the role of digitalisation vision and the impact of key information technology (IT) strategies, such as IT flexibility, IT integration and IT agility, on organisations' process innovation capability and the subsequent impact these may have on innovation performance. Design/methodology/approach: Data for this study were collected from 153 public listed organisations in Malaysia. The survey questionnaire method was used to collect the data from the organisations' representatives. Findings: Results showed that it is important for organisation to have a strategic digitalisation vision to improve their process innovation capabilities. IT agility and IT integration also had a significant positive relationship with the process innovation capabilities of the organisations, which in turn had a positive impact on innovation performance. Originality/value: Digital transformation and innovation are crucial for organisations to survive in the era of Industry 4.0. However previous studies have not captured the role of digitalisation vision, strategic IT components and its impact on process innovation capabilities. The current study filled up the gap and examined these relationships. The outcome of this study provides valuable insights for managers to understand the importance of digitalisation and the need to focus on key IT strategies. Such insights can be used to improve organisations' process capability which is critical for innovation and performance.",Digitalisation; Information technology; Innovation performance; IT agility; IT integration; Process innovation capability,2022,97,10.1108/EJIM-10-2020-0423,Tajudeen F.P.,European Journal of Innovation Management,2-s2.0-85100547148
Dynamic capabilities in Italian leading SMEs adopting industry 4.0,"Purpose: This paper aims to focus on how Industry 4.0 technology transfer has been implemented by leading Italian innovative small, and medium-size companies (SMEs). Design/methodology/approach: This exploratory-descriptive study uses qualitative methods for collecting primary data (interviews and ethnographic observation) and secondary data (surveys, press news and websites). Findings: The paper contributes to the understanding of what building dynamic capabilities (DC) is, and to clarify pivotal roles, functions and dynamics of the entrepreneur and the executive team. Research limitations/implications: The results that emerged from the present research unveil a great potential for further development. The study can be confirmed and/or extended by replicating it within other economic contexts such as the European Union allowing then comparative studies amongst regions and countries. Practical implications: In Italian leading SMEs an “augmented management” emerged. The study shows that digital technologies are enriching not only “what” and “how” management performs its duties but also its role: “orchestration” – a key term in DC theory – has been enhanced by new meanings. Social implications: The study points out the relevance of an inclusive approach to Industry 4.0 to leverage the collective intelligence of the company. Originality/value: Implementing Industry 4.0 has required a renewal of the leadership executive team: new young executives coming from other companies and sons/daughters of the entrepreneurs have provided methodologies and commitment to foster the digital transformation.",Dynamic Capabilities; Industry 4.0; Innovation; SME,2019,96,10.1108/MBE-06-2019-0058,Garbellano S.,Measuring Business Excellence,2-s2.0-85075563088
"Organisational resilience, ambidexterity and performance: the roles of information technology competencies, digital transformation policies and paradoxical leadership","Purpose: In the current highly volatile and uncertain economic environment, recovery strategies that emphasise attributes and skills are essential for an enterprise to recover and adapt to disruptions. Based on the resource-based view (RBV), this study aims to understand how organisational resilience functions and its outcomes. Specifically, this study establishes links between organisational resilience and internal capabilities in information technology (IT) applications, exploitation-exploration activities and organisational leadership, which are represented by IT competencies, organisational ambidexterity and paradoxical leadership, respectively. The study also analyses the role of government digital transformation policies after the COVID-19 pandemic as an external resource. Design/methodology/approach: This study provides empirical evidence of the dynamic relationships between organisational resilience, ambidexterity and performance under the interactions IT competencies, digital transformation policies and paradoxical leadership by using data collected from 336 small- and medium-sized enterprises (SMEs) in Vietnam and the partial least squares-structural equation modelling technique. Findings: IT competencies and organisational ambidexterity strengthen organisational resilience, reduce missed opportunities and increase organisations’ responsiveness to market volatility. Increasing organisational ambidexterity and resilience enhances the business performance of SMEs. Paradoxical leadership favours organisational ambidexterity and resilience and their outcomes. Digital transformation policies from the government can support SMEs’ IT competencies and resilience. Originality/value: To the best of the authors’ knowledge, this study based on the RBV is the first to show how integrating external resources with dynamic capabilities such as organisational ambidexterity and resilience can help SMEs build and maintain a sustainable competitive advantage in highly uncertain environments. This research emphasises the vital role of organisational resilience in improvising changes in working processes in response to unexpected events and the importance of a strategy for developing the capability to anticipate a wide variety of situations and seize opportunities quickly.",Business performance; Digital transformation policies; IT competencies; Organisational ambidexterity; Organisational resilience; Paradoxical leadership,2024,93,10.1108/IJOA-05-2023-3750,Trieu H.D.X.,International Journal of Organizational Analysis,2-s2.0-85166397979
Is digitalization a source of innovation? Exploring the role of digital diffusion in SME innovation performance,"Drawing on strategic management theory, this study examines the relationship between digitalization and innovation performance in small and medium-sized enterprises (SMEs). We hypothesize that SMEs with higher levels of digital diffusion have higher innovation performance, and that absorptive capacity moderates this relationship. To test this relationship, we use a sample of 1100 German SMEs from the Mannheim Innovation Panel of the Centre for European Economic Research. The results of the multinomial and multivariate probit estimations show that digital diffusion is a significant positive trigger of innovation in SMEs. We also find that absorptive capacity moderates the relationship between digital diffusion and innovation only in the case of product innovation and not for any other type of innovation. Finally, we discuss the implications of our study for research and practice.",032; 033; Digital transformation; Digitalization; Dynamic capabilities; Innovation; L25; M10; O31; SMEs,2024,91,10.1007/s11187-023-00826-7,Hassan S.S.,Small Business Economics,2-s2.0-85175876271
The role of digital business transformation in frugal innovation and SMEs’ resilience in emerging markets,"Purpose: The present study aims to examine the relationships between digital business transformation, organizational learning, frugal innovation and Small and Medium Enterprises (SMEs) resilience in emerging markets. Design/methodology/approach: Empirical data collection has been implemented using a questionnaire method from 214 owners and managers of SMEs. The partial least squares structural equation modeling (PLS-SEM) approach was used to examine the measurement model and test hypotheses. Findings: The results show that digital business transformation significantly impacts frugal innovation and SMEs' resilience in emerging markets. They also confirm the significant impact of frugal innovation on SMEs' resilience. Furthermore, the results revealed that organizational learning significantly impacts digital business transformation, frugal innovation and SMEs' resilience. Originality/value: This study provides novel insights into the existing theories and literature regarding the determinants of SMEs' resilience in emerging markets. It also provides practical contributions, confirming the SMEs' need to develop their dynamic capabilities, including digital transformation, frugal innovation and organizational learning to maintain their resilience.",Digital business transformation; Emerging markets; Frugal innovation; Organizational learning; Organizational resilience; SMEs,2025,88,10.1108/IJOEM-12-2022-1937,Al Omoush K.,International Journal of Emerging Markets,2-s2.0-85153386497
"Digitalisation, data-driven dynamic capabilities and responsible innovation: An empirical study of SMEs in China","Research on responsible innovation (RI) is essential and effective for developed countries to achieve sustainable development goals; however, RI is still relatively undiscussed in the emerging Asia–Pacific markets. With the rapid development of big data-related technologies and their application, digital platforms have become a dominant organisational form in the current industrial practice; SMEs have had to conduct digital transformation and realise value creation by embedding the platform ecosystem. However, this has given rise to irresponsible innovation practices. Few studies have investigated the implementation or realisation of RI in emerging market platforms. As the core of RI for the SMEs embedded in the platform is the ecosystem view, which contemplates multiple actors engaging in value co-creation, different from a single actor in existing studies, the sustainable development performance of SMEs is one of the best evidence of the overall RI realisation of the whole platform ecosystem. On the basis of these discussions, we construct a core theoretical model and combine it with existing literature and theories, mainly with RI, dynamic capabilities theory, and neo-institutional theory. We empirically analyse 268 Chinese SMEs embedded in the platform. The results reveal that the data-driven dynamic capabilities of SMEs can become the key driving force in improving their sustainable development performance, thus guiding the platform enterprises’ RI quality. In addition, digital regulatory pressure and digital customer pressure exert a significant positive moderating effect on the association between RI quality and sustainable development performance, which may be closely related to the infantile stage of SMEs’ digital transformation in emerging Asia–Pacific markets.",Data-driven dynamic capabilities; Institutional pressure; Platform ecosystem; Responsible innovation in emerging markets; Sustainable development performance,2024,83,10.1007/s10490-022-09845-6,Chen Y.,Asia Pacific Journal of Management,2-s2.0-85137188731
The niche evolution of cross-boundary innovation for Chinese SMEs in the context of digital transformation——Case study based on dynamic capability,"In the era of the digital economy, the cross-boundary innovation activities of many SMEs across industries and fields have become the focus of academic attention. However, existing studies have neglected to explore the evolutionary and development of cross-boundary innovation models from a process perspective. In particular, the induction and summary of the enterprise digital cross-boundary innovation path will provide guidance for the innovation and development of SEMs, which has become the core problem to be solved in this study. This study embeds dynamic capabilities into the evolution process of enterprise ecological niche. Through a qualitative study on the three cross-boundary processes of the digital publishing projects of traditional publishing enterprises under the background of digital transformation, it reveals the growth mechanism and evolution path of dynamic capability affecting enterprise niche change in the process of cross-boundary innovation of SMEs. The results show that:(1) Under the background of digital transformation, the niche structure of SMEs is influenced by technology factor, resource factor, demand factor, and network factor; (2) In the process of cross-boundary innovation, the coupling of enterprise multi-dimensional dynamic capability and niche factors drive the migration of enterprise niche; (3) The development path of cross-boundary innovation of SMEs is the process of niche dynamic adjustment, such as niche expansion, niche dislocation and niche construction. This research conclusion reveals the development law of cross-boundary innovation of SMEs, further enriches the research system of cross-boundary innovation and provides theoretical guidance for the digital transformation of SMEs and the implementation of cross-boundary development strategy.",Case study; Cross-boundary innovation; Dynamic capability; Ecological factors; Enterprise niche,2022,80,10.1016/j.techsoc.2022.101870,Zhang X.,Technology in Society,2-s2.0-85122526424
The impacts of dynamic capabilities on SMEs’ digital transformation process: The resource-based view perspective,"Research background:SMEs’ concern for the digital literacy of their workforce, their interest in increasing digital literacy among employees, and securing their digital platforms, have been major issues in their digital transformation process. To reduce those obstacles, the dynamic capabilities of SMEs included in the Resource-based View (RBV) might be an effective solution since they help companies be more competitive and proactive against the threats they face in the digitalization process. Purpose of the article: This research aims to investigate whether SMEs' dynamic capabilities positively contribute to their digital transformation process. Methods: In line with the proposed relationships, this paper analyzes SMEs from Czechia by running Ordinal Logistic Regression analyses. The research sample is created by stratified random sampling and purposive sampling methods. The research data is collected via telephone surveys. Findings & value added: This research does not find a positive relationship between the dynamic capabilities of SMEs and the digital transformation process. While the results related to digital literacy are negatively associated with digital transformation, no significant relationship exists between security actions and the digital transformation of SMEs. This paper extends the scope of RBV on the digital transformation of SMEs by analyzing various dynamic capabilities of SMEs that have not been included in a sole study. Moreover, the perceptions of SME executives are considered by this research to provide effective solutions for the problems they face in digital transformation. Having a joint venture agreement with well-experienced IT companies, having a network with partner firms, looking for funding opportunities in the EU, participating in some practical training, and providing internships for bachelor students might enable SMEs to hit their targets in digital transformation.",cyber-security; digital literacy; digital transformation; dynamic capabilities of the resourcebased view; SMEs,2023,79,10.24136/oc.2023.019,Civelek M.,Oeconomia Copernicana,2-s2.0-85174970684
Leadership succession planning for today's digital transformation economy: Key factors to build for competency and innovation,"Digital transformation is rapidly changing the competitive landscape and the war on talent for today's organizations. As part of this economy, organizations and their HR units must continuously reevaluate leadership structures and practices that exploit core competencies while allowing for innovation (i.e., leadership ambidexterity) and incorporate big data with predictive analytics. In this vein, understanding how HR executives can create better solutions around this problem remains sparse. Specifically, what frameworks can HR executives apply to identify potential alignment failures in leadership succession planning in light of newer emerging markets? What internal decision-making traps need to be recognized? Finally, what specific forms of data and evidence must test these plans for relevance and recharge and renew the talent-to-strategy pipeline? In this article, we examine these questions by reviewing the gaps in the literature and identifying through our four-step model how organizations can incorporate ambidexterity-building as a leadership succession planning practice.",Digital economy; Dynamic capabilities; HR predictive analytics; Leadership succession planning; Organizational ambidexterity,2021,78,10.1016/j.bushor.2020.11.008,Jackson N.C.,Business Horizons,2-s2.0-85099132809
Artificial intelligence and machine learning in purchasing and supply management: A mixed-methods review of the state-of-the-art in literature and practice,"Artificial intelligence and machine learning are key technologies for purchasing organizations worldwide and their usage is still in a nascent stage. This systematic review offers an overview of the state-of-the-art literature and practice, where 46 works meeting the inclusion criteria were interactively classified in 11 use case clusters. The work follows the content analysis approach where the material evaluation was empirically enriched with 20 interviews to assess the cluster's business value and ease of implementation through triangulation. This is the first systematic review in the area of operations and supply chain management utilizing the Computer Classification System as the de facto standard in computer science for clarity in the terminology of these emerging technologies. In matching the literature search with the interview results, a mismatch was found between the reviewed literature and the expert's assessments. For instance, the cluster cost analysis deserves higher research attention as well as supplier sustainability. Moreover, there seems to be a gap in the operational area, which many believe to be first considered due to data availability. The insights may guide researchers and executives to better understand the dynamic capabilities needed to successfully steer the organization in the transformation toward procurement 4.0.",Artificial intelligence; Digital transformation; Literature review; Machine learning; Mixed-method research method; Procurement,2024,77,10.1016/j.pursup.2024.100896,Spreitzenbarth J.M.,Journal of Purchasing and Supply Management,2-s2.0-85186240391
Digitalization and network capability as enablers of business model innovation and sustainability performance: The moderating effect of environmental dynamism,"In the face of relentless global competition and regulatory pressures, the imperative for firms to digitally transform has become critical. This is particularly salient for Chinese manufacturing firms as they strive for sustainability, a multidimensional construct comprising both economic and environmental performance. Leveraging dynamic capabilities theory, this study aims to unravel the intricate interplay between digitalization, network capability, business model innovation (BMI), and environmental dynamism in shaping a firm’s sustainability performance. Our research is driven by a compelling question: How do digitalization and network capabilities impact firms’ sustainability performance, and what roles do BMI and environmental dynamism play in this relationship? To answer this question, we employed a robust survey-based methodology encompassing 1600 Chinese manufacturing firms, yielding 255 completed and validated responses. The findings reveal that network capability mediates the influence of digitalization on two types of BMI—novelty-centered and efficiency-centered. Further, these forms of BMI act as mediators between digitalization and network capability, and the two dimensions of sustainability: economic and environmental performance. Notably, environmental dynamism serves as a double-edged sword. It negatively moderates the impact of digitalization on efficiency-centered BMI, but positively moderates the influence of network capability on the same. Our study offers nuanced theoretical and practical implications. It extends dynamic capabilities theory by elucidating how digital and network capabilities can be leveraged for sustainable outcomes via business model innovation. Moreover, the research provides managerial insights, particularly for Chinese manufacturing firms, on navigating the complex landscape of digital transformation toward sustainability. Considering these insights, we recommend that firms prioritize network capabilities and strategically innovate their business models to harness the full potential of digital transformation. Simultaneously, organizations should be cognizant of the environmental dynamism within which they operate, as it can both hinder and enable their journey toward sustainability.",business model innovation; Digital transformation; digitalization; dynamic capabilities theory; environmental dynamism; network capability; sustainability performance,2024,77,10.1177/02683962231219513,Li Y.,Journal of Information Technology,2-s2.0-85179371398
Digitally transforming work styles in an era of infectious disease,"As a new perspective in this era of infectious disease confronting humanity (that cannot be avoided), and in light of research done to date, this article identifies the importance of exploratory research on the business and social impacts of “collaboration systems” which include video conferencing tools - important IT applications for companies. The article proposes analysis integrating four research streams on the digital transformation of work styles through collaboration systems.",Community-based view; Dynamic capabilities-view; Information systems-view; IT capabilities; Knowledge-based view,2020,76,10.1016/j.ijinfomgt.2020.102172,Kodama M.,International Journal of Information Management,2-s2.0-85086711975
Data-driven digital transformation for emergency situations: The case of the UK retail sector,"The study explores data-driven Digital Transformation (DT) for emergency situations. By adopting a dynamic capability view, we draw on the predictive practices and Big Data (BD) capabilities applied in the UK retail sector and how such capabilities support and align the supply chain resilience in emergency situations. We explore the views of major stakeholders on the proactive use of BD capabilities of UK grocery retail stores and the associated predictive analytics tools and practices. The contribution lies within the literature streams of data-driven DT by investigating the role of BD capabilities and analytical practices in preparing supply and demand for emergency situations. The study focuses on the predictive way retail firms, such as grocery stores, could proactively prepare for emergency situations (e.g., pandemic crises). The retail industry can adjust the risks of failure to the SC activities and prepare through the insight gained from well-designed predictive data-driven DT strategies. The paper also proposes and ends with future research directions.",Big data capability; Digital transformation; Emergency situations; Predictive analytics; Retail industry; Structural equation modelling,2022,76,10.1016/j.ijpe.2022.108628,Papanagnou C.,International Journal of Production Economics,2-s2.0-85138795920
"Digital Capabilities, Their Role in Business Model Innovativeness, and the Internationalization of SMEs","The issues of fostering internationalization and innovating business models through digital capabilities appear neglected in the research on small and medium enterprises (SMEs). The literature on internationalization theory can be enriched by understanding how SMEs innovate their business models to promote their internationalization in the digital era. We specifically examined the influence of digital capabilities in the form of digital knowledge sharing capability, digital business capability (DBC), and using a digital platform for the internationalization process as part of the mediating role of business model innovativeness (BMI). Based on the empirical data of 213 manufacturing SMEs, we concluded that the digital capabilities we studied do not directly foster internationalization. Instead, digital capabilities (digital knowledge sharing capability, DBC, and digital platform capability) indirectly boost the internationalization of SMEs through BMI. Based on these insights, managers should embrace digitalization activities to innovate their business model, which in turn can help enter more stable and advanced markets in the global economy to maximize profitability.",Business model innovation; digital business strategy; digital capabilities; digital knowledge sharing; digital platform; digital transformation; dynamic capabilities; internationalization; small and medium enterprises (SMEs),2024,74,10.1109/TEM.2022.3229049,Anwar M.,IEEE Transactions on Engineering Management,2-s2.0-85146245613
Big data analytics capabilities: Patchwork or progress? A systematic review of the status quo and implications for future research,"This paper presents a systematic literature review of the research field on big data analytics capabilities (BDACs). With the emergence of big data and digital transformation, a growing number of researchers have highlighted the need for organizations to develop BDACs. Despite valuable efforts to examine determinants and contributions to performance measures, the research field on BDACs remains relatively unexplored. The review reveals a patchwork of studies lacking a theoretical and conceptual foundation and questions arise regarding the reliability and validity of predominantly survey-based empirical studies. Drawing on findings from related capability concepts, this paper suggests the use of clearer definitions and items and a greater variety of methods to facilitate further exploration of BDACs. Finally, future research areas and implications are outlined.",Big data; Big data analytics capabilities; Dynamic capabilities; IT capabilities; IT strategy,2023,74,10.1016/j.techfore.2023.122884,Huynh M.T.,Technological Forecasting and Social Change,2-s2.0-85173153587
Identifying organizations’ dynamic capabilities for sustainable digital transformation: A mixed methods study,"Digital transformation has become a top priority for organizations. As more and more organizations undergo digital transformation, sustainability alignment is gaining attention as it is considered the next big challenge. However, little is currently known about the nexus between digital transformation and environmental sustainability. This study is designed to fill this gap by employing mixed methods to develop a framework for environmentally sustainable digital transformation and explore dynamic capabilities for organizations. To begin with, we review extant literature and adopt the grounded theory approach to define and develop a framework for environmentally sustainable digital transformation (SDT). The framework identifies sustainable digital transformation as a reconfiguration process of an organization's core strategy to align novel digital technologies with sustainability goals. Using a qualitative meta-synthesis procedure (195 full-length articles screened) and a survey questionnaire (n = 63), we identify dynamic capabilities for SDT. Finally, we employ the modified Delphi method to build a consensus of experts (n = 52) on the identified capabilities. This study initially identified 28 capabilities based on the mixed method. However, consensus (>70% agreement) was achieved for 19 capabilities, classified into sustainable seizing, sensing, and transforming capabilities for organizations. The dynamic capabilities outlined in this paper provide insights for organizations seeking sustainable digital transformation. This study contributes to the literature by defining the novel concept of SDT through a conceptual framework and has many practical and theoretical implications.",Delphi; Dynamic capabilities; Mixed methods; Sustainability; Sustainable digital transformation,2023,72,10.1016/j.techsoc.2023.102257,Feroz A.K.,Technology in Society,2-s2.0-85154030648
Navigating a net-zero economy future: Antecedents and consequences of net-zero economy-based green innovation,"The pursuit of net-zero economy goals and government emphasis on sustainable performance has compelled numerous firms to focus on sustainable production through the adoption of net-zero economy-based green innovation. The digital transformation of manufacturing systems and supply chains, supported by the utilization of big data and the adoption of net-zero economy-oriented lean practices in the presence of net-zero economy-based green practices, can converge to enhance net-zero economy-based green innovation in manufacturing firms. This convergence leads to an improvement in green competitive advantage and net zero-based green performance. To examine the aforementioned linkages using a framework based on the dynamic capabilities view paradigm, a time-lagged design was employed to collect data from 594 manufacturing firms. The empirical findings indicate that big data analytics capabilities and net-zero economy-oriented lean practices of firms significantly influence net-zero economy-based green innovation. Green organizational identity strengthens the effect of net zero-based green innovation on green competitive advantage and net zero-based green performance.",big data analytics capabilities; net zero-based green performance; net-zero economy-based green innovation; net-zero economy-oriented green practices; net-zero economy-oriented lean practices,2024,70,10.1002/bse.3685,Mehmood K.,Business Strategy and the Environment,2-s2.0-85184153803
The effect of process digitalization initiative on firm performance: A dynamic capability development perspective,"Digitalization has been increasingly adopted to transform the manufacturing process and considered as effective to achieve product customization, process efficiency, and firm performance for companies. Nevertheless, misalignment among digital initiative and existing operational routines are found in some companies, making the effectiveness of process digitalization initiative (PDI) uncertain. This research empirically investigates the effect of PDI on firm performance. Taking the perspective of dynamic operational capability, this study considers three key organizational factors, i.e., differentiation strategy, absorptive capability and lean production mechanism, that can facilitate firms to align their existing operational processes with digital technology and examine how they affect the implementation of PDI. We employ the long-horizon event study approach using the panel data collected from 168 firms adopting PDI in China during the period between 2006 and 2018. The findings of this study demonstrate that PDI implementation enhances firm performance. The results also show that differentiation strategy and absorptive capacity can enhance the effect of PDI implementation, but lean production has a substitution role in the effect of PDI. This research contributes to the literature on digital transformation and dynamic capability by investigating the actual effects of PDI implementation and exploring the key elements for its success from a novel perspective (i.e., dynamic capability development). This research also provides practical guidelines to enterprises how to conduct effective process digitalization and valuable insights to governments how to support enterprises for digitalization.",Absorptive capacity; Differentiation strategy; Dynamic operational capability; Lean production mechanism; Process digitalization initiative,2022,70,10.1016/j.ijpe.2022.108654,Yang Y.,International Journal of Production Economics,2-s2.0-85139320509
Digital transformation and industry 4.0 employees: Empirical evidence from top digital nations,"As the central part of Industry 4.0 (I4.0), Digital Transformation (DT) is being enthusiastically implemented in business organisations. Current DT literature has focused on business and strategy, but little attention has been paid to the organisation's human side. According to the resource-based view (RBV), employees are valuable resources in the DT process, and there is a need to understand how DT affects employee attitudes, psychology, and jobs. Taking a sample (n = 320) of employees working in I4.0, we empirically test our model linking DT with different aspects of employee attitude (job satisfaction, affective commitment), psychology (self-efficacy, resilience), and job-related factors (job engagement and autonomy). The findings reveal that DT significantly affects the attitude, psychology, and job-related factors of employees in I4.0. This study contributes to the dynamic capability theory by discussing the effect of DT on employees' attitudes, psychology, and jobs. This study presents critical implications from both theoretical and practical perspectives along with future research directions.",Digital transformation; Employee resilience; Industry 4.0; Job autonomy; Job engagement; Job satisfaction; Self-efficacy,2024,67,10.1016/j.techsoc.2023.102434,Nadeem K.,Technology in Society,2-s2.0-85178156131
"Digital Transformation in SMEs: Enablers, Interconnections, and a Framework for Sustainable Competitive Advantage","This study identifies critical success factors contributing to the digital transformation of SMEs. Despite their crucial role in the economy, limited research explores how they navigate digitalization challenges. This study addresses this gap by proposing the DASAT framework with four cyclically interrelated elements: Digital Awareness, Digital Strategy and Roadmap, Digital Adoption and Implementation, and Digital Transformation Continuous Improvement. Using a Total Interpretive Structural Modeling (TISM) approach, we construct a hierarchical model analyzing the interconnections among key factors. The findings align with the dynamic capability framework and digital transformation theory, emphasizing digital literacy, digital inclusion, and organizational flexibility for SMEs’ successful digital transformation. This study contributes theoretically by extending the digital transformation literature with a structured capability-building framework. It provides a practical roadmap for SMEs to strengthen their competitive advantage in an increasingly digital business environment.",adaptation strategies; digital awareness; digital inclusion; digital literacy; digital transformation; digitalization strategy; SMEs,2025,67,10.3390/admsci15030107,Kahveci E.,Administrative Sciences,2-s2.0-105001420242
Digital Literacy and Digital Transformation Activities of Service and Manufacturing SMEs,"Digital literacy of the workforce, firms' digital literacy activities for their employees, and firms' stages in the digitalization process are some of the major concerns of SMEs in their digitalization process. Firms that take effective actions for those issues can reduce their concerns in their digital transformation. However, SMEs' digital transformation and digital literacy activities might differ depending on firm-level characteristics. This paper investigates whether SMEs' dynamic capabilities differ depending on their firm-level characteristics, such as firm size and sector. This paper considers digital transformation, digital literacy of workers, and digital literacy activities of SMEs as dynamic capabilities since those activities are included and identified in Resource-Based View (RBV) as dynamic capabilities. The research team employs a telephone survey to collect data. Moreover, the researchers apply purposive sampling techniques to generate research samples. The researchers perform Chi-square test and ANOVA analyses to investigate the differences in 330 small-large, manufacturing, and service SMEs' dynamic capabilities. According to the results, while the digital transformation stages of SMEs do not differ depending on their sector and size, there are significant differences between the digital literacy activities of small-large and manufacturing-service SMEs. They indicate similarities regarding concerns of small-large SMEs for their workers' digital literacy. However, compared to manufacturing SMEs, service firms indicate greater interest in their workers' digital literacy. Country-specific, firm-specific, sector-specific, and executive-specific factors, including market structure, level of financial assets, close interactions with customers, education level, and responsibilities of firm executives, respectively, might explain those results.",digital innovation; digital literacy; digital transformation; digitalization of services; firm size; manufacturing SMEs; service SMEs; SMEs,2023,66,10.29036/jots.v14i26.551,Krajčík V.,Journal of Tourism and Services,2-s2.0-85180474014
Road to digital manufacturing – a longitudinal case-based analysis,"Purpose: The authors’ main objective is to examine the resource alteration underlying the digital manufacturing transformation. The authors rely on the adaptation aspect of dynamic capabilities (DC) theory and their analysis shows how and why a factory adapts its resources and capabilities during digital transformation. Design/methodology/approach: To grasp the change, the authors apply the longitudinal case study method within a revelatory case setting. The digital transformation is detailed from the perspective of a subsidiary that has played a key role in the division's digital transformation. Findings: Analysing the revealed four stages of the transformation through the lenses of the DC components of adaptation (sensing capability, absorptive capacity, integrative capability, relational capability), this study suggests a sequence with unbalanced characteristics. Each stage starts with sensing capability, each component appears during each stage and each stage is dominated by a different component. Relying on the path dependency concept, the authors also present that the interplay between lean as an old resource stock and digital manufacturing as a new resource stock is rather a necessity, especially at the beginning of the transformation (at a corporation that pursues lean for years). Practical implications: Digital strategy development is rather an intermediate element of the transformation, since committed personnel (or maybe their network) start bottom-up and coordinate initiatives as they sense the opportunities in the environment. Top managers should rely on their accumulated knowledge and involve them into the transfer coalition in the top-down phase of digitalization. The authors’ case also underlines that starting to experiment with novel technologies requires a solid (and usually expensive) technological and human basis. Finally, process improvement focussed developments at a high-performing factory might be just enough to deal with ever-demanding customer expectations. Originality/value: This study is among the firsts in operations management that relies on the DC theory to follow up the digital transformation of a factory. A further valuable contribution is that the adaptation process is examined in a longitudinal case study.",Automotive industry; Case study; Digitalization; Industry 4.0,2021,65,10.1108/JMTM-06-2019-0226,Demeter K.,Journal of Manufacturing Technology Management,2-s2.0-85087027090
Unraveling the mystery of the link between digital orientation and innovation performance: The interplay of digital business capability and environmental dynamism,"Although there is contradictory evidence that digital orientation (DO) is strategically significant for obtaining superior innovation performance (IP), extant literature lacks a holistic mechanism through which DO influences IP and fails to explore the boundary conditions that constrain or improve the DO-IP relationship. This study, guided by the Resource-based view and its dynamic capability extension, intends to develop a moderated moderation model that incorporates digital business capability (DBC) as a moderator of the relationship between DO and IP and examines how much of this moderation is affected by the instability of the environment, i.e., environmental dynamism (ED), in which firm operates. The findings from an email-based survey of 324 high-tech small and medium-sized enterprises functioning in India confirm the positive link between DO and IP, and indicate that DBC positively moderates the aforementioned relationship. More interestingly, ED strengthens the positive moderating effect of DBC on the DO-IP link. Overall, these findings contribute to the extant literature by articulating how DBC and ED jointly determine the influence of DO on IP. This research also has practical implications for enterprises looking to change their orientations in order to succeed in the digital transformation.",Digital integration; Digital strategy; Digital transformation; Performance; Resources,2024,64,10.1016/j.technovation.2024.102966,Ranjan P.,Technovation,2-s2.0-85183943779
Dynamic capabilities for smart manufacturing transformation by manufacturing enterprises,"This study develops a dynamic capability-based framework of maturity assessment through combinative capabilities towards smart manufacturing transformation. First, the relationship between existing maturity models and dynamics capability is investigated. The finding indicates that most maturity models cannot identify an organisation’s dynamic capability or examine this capability in a dynamic and competitive environment during the transition. On the basis of the literature and senior executives’ experiences, this study incorporates dynamics capability into the maturity model assessment developed by the Singapore Economic Development Board for empirical analysis and identification of the importance of key capabilities with influencing factors, which are included in a framework to fill the research gap. Primary data obtained from in-depth interviews are systemically examined to determine the industrial maturity level and dynamics capability driving the transformation. Drawing on this investigation, this paper proposes a conceptual framework for smart manufacturing transformation driven by dynamic capabilities that have positive effects on the transformation of manufacturing enterprises. Our main contribution is identification of the four key aspects of dynamic capability–process, technology, organisation, and transformation. Another contribution is that we provide dynamic capability-based guidance for enterprises to re-evaluate their strategies and strengthen the capabilities they require to face a changing environment.",digital transformation; Dynamic capabilities; Industry 4.0; maturity model; smart manufacturing,2020,63,10.1080/19761597.2020.1769486,Lin T.C.,Asian Journal of Technology Innovation,2-s2.0-85086650833
Actionable strategy framework for digital transformation in AECO industry,"Purpose: The Fourth Industrial Revolution (4IR) holds the potential to improve capabilities- and technology-based innovation, which will enable breakout for architectural, engineering, construction and operation and maintenance (AECO) companies, for international competitiveness. Though the top management of such companies is convinced on the utility of the applications, they are unsure on the strategy of implementing the same. The objective of this research is to suggest a strategy framework for digital transformation of the AECO value chain. Design/methodology/approach: The nascent level of research on 4IR in construction necessitated the adoption of the integrative review methodology for the study. Extensive literature review of research on strategy and 4IR has been utilized to establish the validity of the first two pillars, namely “a strategy of simple rules in a complex environment; and deployment of dynamic capabilities.” The validation of a construct for the third pillar of “confluence of change and continuity forces” has been achieved via hypothesis testing of data obtained through a questionnaire survey. Findings: The present study has integrated three diverse ideas of strategy, named as the pillars, to facilitate sustainable digital transformation. Within the third pillar, top three continuity forces which offer resistance to change are organization culture, existing delivery processes and networks, and existing standard operating procedures. On the other hand, the leading drivers of change are needs of competitiveness; global industry trends and the advent of new technologies/innovations. Research limitations/implications: This provides a practical approach to operationalize digital transformation of the AECO at an organization level. The validation relied on opinion and perspectives of a sample frame in the Indian context, which was its limitation. Originality/value: This paper suggests a strategy framework of three pillars to help address specific strategy dilemmas during implementation of digital transformation of particular organizations in AECO. The study contributes to both theory and practice by helping leaders of AECO companies, associations, policymakers and the academia to strategize transformations successfully.",4IR; AECO competitiveness; Comprehensive/integrating framework; Continuity and change; Digital transformation strategy; Strategy as process and practice (SAPP),2021,62,10.1108/ECAM-07-2020-0587,Bhattacharya S.,Engineering Construction and Architectural Management,2-s2.0-85106331953
"Leadership agility in a VUCA world: a systematic review, conceptual insights, and research directions","This study explores leadership responsiveness within the VUCA framework through a systematic review of 116 Scopus-indexed research papers using the PRISMA technique. Unlike previous studies, this research incorporates bibliometric analysis and thematic synthesis to provide a structured understanding of leadership agility. Additionally, it examines the transition from VUCA to BANI, offering a more contemporary perspective. This study develops a conceptual model linking agile leadership with its contextual, organizational, and individual drivers. Findings indicate that digital transformation, globalization, and post-pandemic shifts significantly shape leadership agility. Mediating factors such as dynamic capabilities, systems thinking, and change management enhance agility, driving sustainable performance, organizational resilience, and employee adaptability. Bibliometric analysis highlights emerging research trends, while thematic synthesis structures leadership agility’s strategic adaptability. While this study is constrained to literature cataloged in Scopus, potential selection bias may arise due to excluding non-open-access articles. Nevertheless, the findings offer practical insights for organizations seeking to enhance leadership agility in uncertain environments. This study provides actionable strategies for business leaders and HR professionals, including leveraging technology, fostering a learning-oriented culture, and improving cognitive flexibility. This study bridges theoretical gaps and outlines future research directions, emphasizing empirical validation across various sectors and cultures.","Administration and Management; Behavioral Management; conceptual insights; dynamic capabilities; innovation; Leadership agility; organizational resilience; Organizational Theory & Behavior; Personnel Selection, Assessment, and Human Resource Management; PRISMA; Sustainability Education, Training & Leadership; VUCA World",2025,61,10.1080/23311975.2025.2482022,Syamsir S.,Cogent Business and Management,2-s2.0-105001011499
An emergent grounded theory of AI-driven digital transformation: Canadian SMEs’ perspectives,"Artificial intelligence (AI) empowers traditional firms to transform into Industry 4.0, enabling them to compete in an era of rapid technological advancements. However, AI adoption remains limited among Canadian firms. This research aims to identify the key dimensions of AI-driven digital transformation (AIDT) and develop a grounded theory that provides a rich and nuanced understanding of how the AIDT process unfolds within Canadian SMEs. The study reveals that the AIDT process is shaped by the interplay of five core dimensions: evaluating transformation context, auditing organisational readiness, piloting the AI integration, scaling the implementation, and leading the transformation. The first four dimensions follow a sequential, stage-like progression, while the fifth dimension is recurring and omnipresent, exerting a continuous impact on the other phases. AIDT is characterised as a path-dependent, slow evolutionary change spectrum that demands firms adapt by developing their sensing, seizing and reconfiguration capacities to evolve and sustain their evolutionary fitness. The study explores several theoretical and managerial implications that arise from the findings.",Artificial intelligence; digital transformation; dynamic capability; grounded theory; industry 4.0; technological innovation,2023,60,10.1080/13662716.2023.2242285,Taherizadeh A.,Industry and Innovation,2-s2.0-85168899023
Integrated knowledge visualization and the enterprise digital twin system for supporting strategic management decision,"Purpose: This paper proposes an integrated knowledge visualization and digital twin system for supporting strategic management decisions. The concepts and applications of strategic architecture have been illustrated with a concrete real-world case study and decision rules of using the strategic digital twin management decision system (SDMDS) as a more visualized, adaptive and effective model for decision-making. Design/methodology/approach: This paper integrates the concepts of mental and computer models and examines a real case's business operations by applying system dynamics modelling and digital technologies. The enterprise digital twin system with displaying real-world data and simulations for future scenarios demonstrates an improved process of strategic decision-making in the digital age. Findings: The findings reveal that data analytics and the visualized enterprise digital twin system offer better practices for strategic management decisions in the dynamic and constantly changing business world by providing a constant and frequent adjustment on every decision that affects how the business performs over both operational and strategic timescales. Originality/value: In the digital age and dynamic business environment, the proposed strategic architecture and managerial digital twin system converts the existing conceptual models into an advanced operational model. It can facilitate the development of knowledge visualization and become a more adaptive and effective model for supporting real-time management decision-making by dealing with the complicated dependence of constant flow of data input, output and the feedback loop across business units and boundaries.",Data analytics; Decision support; Digital transformation; Digital twin; Dynamic capability; Innovation; Knowledge visualization; Performance management; Strategy; System dynamics (SD),2022,58,10.1108/MD-02-2021-0182,Yan M.R.,Management Decision,2-s2.0-85114819839
Small steps for the big hit: A dynamic capabilities perspective on business networks and non-disruptive digital technologies in SMEs,"This study explores how small and medium-sized enterprises (SMEs) build on business networks to develop dynamic capabilities that ultimately foster the adoption of non-disruptive digital technologies (DT). Multiple mediation analysis is used to test this relationship, drawing on cross-industry secondary data from 1470 British SMEs. The results reveal that SMEs rely on business networks to support non-disruptive DT adoption. This relationship is mediated by the parallel effects of three dynamic capabilities (HR, strategic planning, and marketing capabilities). However, the results do not hold for each domain-specific dynamic capability. The mediating effect is particularly driven by marketing capabilities, while HR capabilities negatively affect DT adoption. These findings highlight the underlying mechanisms by which SMEs can enhance their adoption of non-disruptive DT in their daily operations and processes, which have the potential to strengthen their value proposition.",Business networks; Digital innovation; Digital technology adoption; Digital transformation; Dynamic capabilities; Non-disruptive digital technologies; SMEs,2023,58,10.1016/j.techfore.2023.122490,Soluk J.,Technological Forecasting and Social Change,2-s2.0-85151271798
Toward SME digital transformation in the supply chain context: the role of structural social and human capital,"Purpose: Digital transformation (DT) and supply chain resilience have received increasing attention. Structural social capital (SSC) and human capital (HC) have recently been identified as strategic resources for small and medium-sized enterprises (SMEs). While the significant role of entrepreneurial competencies (ECs), SME innovativeness (SMI) and technology adoption (TA) in driving business performance have been partially researched, no studies have simultaneously examined the effect of these resources and capabilities on SME business performance growth (BPG) under the lenses of a resource-based view (RBV) and dynamic capabilities (DCs) as well as in the context of DT. This study aims to clarify these unclear relationships. Design/methodology/approach: This study adopts established theoretical lenses, a mixed-methods approach and structural equation modeling (SEM) using a sample of 371 respondents who are top and middle SME managers in Vietnam. Findings: The study discovers the significant and insignificant relationships between HC, SSC, ECs, SMI, TA and BPG besides providing a new measurement and reconciling existing measurements for the DT context. Some implications for driving SMEs' DT are also suggested. Originality/value: This study is the first to thoroughly examine the effect of HC and SSC on SMEs' BPG through the mediating role of ECs, SMI and TA under RBV and DCs lenses in the DT context. The investigation is conducted in an emerging market, where DT implementation is in the process of being learned and experimented upon.",Business performance; Digital transformation; Entrepreneurial competencies; Human capital; Innovativeness; SMEs; Structural social capital; Technology adoption,2023,57,10.1108/IJPDLM-12-2021-0525,Lang L.D.,International Journal of Physical Distribution and Logistics Management,2-s2.0-85143442984
"More capable, more innovative? An empirical inquiry into the effects of dynamic managerial capabilities on digital firms' innovativeness","Purpose: Managers play a critical role in shaping the development of firms due to the risky and long-term nature of innovation. Although the managerial effect on strategic change has long been factored into organizational theories, scholars still lack a complete understanding of the specific managerial capabilities that drive innovation in today's digital economy. The present study builds on dynamic managerial capabilities theory to close this research gap. The paper proposes managers' dynamic capabilities and their three underlying drivers – managerial human capital, social capital, and cognition – as a direct antecedent to digital firms' innovativeness. Design/methodology/approach: The study draws on survey data from German Industry 4.0 manufacturing firms, which were analyzed using regression analysis. Findings: The results confirm managers' dynamic capabilities as facilitators of innovation. In contrast to previous research on nondigital industries, the findings demonstrate that only the complete portfolio of managers' dynamic capabilities promotes innovativeness in digital firms. The study provides evidence for the importance of dynamic managerial capabilities in the digital economy yet contradicts previous research on nondigital industries related to the advantageousness of managers' human capital, social capital, and cognition for innovation. Originality/value: The study contributes to the literature by being the first to holistically test the effects of dynamic managerial capabilities on innovation in digital firms. The results offer a nuanced account of managers' dynamic capabilities, thereby expanding dynamic managerial capabilities theory to the digital economy.",Digital transformation; Dynamic managerial capabilities; Human capital; Innovation; Managerial cognition; Social capital,2022,57,10.1108/EJIM-02-2022-0099,Heubeck T.,European Journal of Innovation Management,2-s2.0-85135471311
"Environmental, social and governance performance: dynamic capabilities through digital transformation","Purpose: While prior studies predominantly focus on the overall impact of digital transformation on environmental, social and governance (ESG) performance, this study employs dynamic capability theory to examine two different dimensions of digital transformation, namely digital transformation quantity and digital transformation structure, and how they influence the ESG performance of enterprises. The mediating roles of social attention and green innovation are investigated to further explore the underlying mechanisms. Design/methodology/approach: The authors apply fixed effects models and empirically test the hypotheses using samples of Chinese A-share listed companies from 2011 to 2020. In addition, difference-in-differences and instrumental variable methods are used in the robustness test. Findings: When digital transformation is categorized into quantity and structure, the impact mechanisms are found to be distinct. Externally, digital transformation quantity attracts social attention, aiding enterprises in evolutionary adaptability and acquiring resources to support ESG practices. Internally, digital transformation structure fosters green innovation, enabling enterprises to overcome technical obstacles and harness technology’s potential to enhance their ESG performance. Originality/value: This study contributes to the current knowledge by differentiating digital transformation into quantity and structure, which helps to further explore the mechanism of digital transformation on ESG and address the research gap. Meanwhile, the concept of adaptability in the dynamic capability theory is employed to construct the model, offering a deeper perspective and expanding the theory. This nuanced investigation of the mediating effects of social attention and green innovation elucidates how different dimensions of digital transformation contribute to the development and utilization of dynamic capabilities, thereby enhancing enterprises’ ESG performance.",Digital transformation; Dynamic capability theory; ESG performance; Green innovation; Social attention,2024,57,10.1108/MD-10-2023-2028,Wei J.,Management Decision,2-s2.0-85198095024
"Digital transformation and innovation, dynamic capabilities to strengthen the financial performance of Mexican SMEs: a sustainable approach","The main purpose of the research is to analyze the effect that digital transformation has on technological and non-technological innovation as key factors that increase financial performance in SMEs. The study focuses on a sample of 4121 SMEs from the services, trade and manufacturing sectors, located in Mexico. The data was collected through an online questionnaire addressed to the SMEs manager through the LimeSurvey platform. The field work will be carried out from January to July 2022. The PLS-SEM statistical technique was used to test the hypotheses of the proposed theoretical model. The data show that digital transformation plays an important role in a more decisive way in technological innovation and non-technological innovation; In addition, it is also proven that innovation in its two modalities has significant effects on the financial performance results of Mexican SMEs. However, we have found that digital transformation has a small effect on the financial performance of these companies. On the other hand, the study shows that the sustainability strategy plays the role of a moderating variable, positively affecting technological innovation and non-technological innovation. Furthermore, the study explains that the male gender is the one that has had the best results in innovation and financial performance. The study contributes to the development of the theory of dynamic capabilities supported by the innovation model (DUI and STI).","Digital transformation; Innovation Models Business; Jeffrey Muldoon, Emporia State University, United States; SMEs; technological/non-technological innovation",2024,56,10.1080/23311975.2024.2318635,Valdez-Juárez L.E.,Cogent Business and Management,2-s2.0-85186949086
Digital transformation in Malaysian manufacturing: a study of change sensing and seizing capabilities,"Purpose: This study aims to explore the interplay between organizational culture, available resources, change management competency, and employee attitudes towards digital transformation readiness in Malaysia’s manufacturing sector. It seeks to address a research gap by providing empirical evidence and theoretical insights into the specific readiness for digital transformation within this context. Design/methodology/approach: A mixed-methods design was employed to collect and analyze data, offering a comprehensive view of digital transformation readiness. The quantitative phase involved a structured survey distributed to 357 participants from the manufacturing sector, while the qualitative phase consisted of semi-structured interviews with 20 key informants from selected manufacturing companies. This approach facilitated the exploration of dynamic capabilities, resource availability, change management competencies, and the influence of organizational culture and employee attitudes on digital transformation readiness. Findings: The findings indicate that organizational culture, resource availability, change management capabilities, and employee attitudes towards innovation and change significantly impact an organization’s readiness for digital transformation. The study underscores the critical role of effective change management and the positive influence of a supportive organizational culture and employee attitudes in enhancing digital transformation efforts. Originality/value: This research contributes significantly to the digital transformation literature by analyzing factors affecting digital readiness within the Malaysian manufacturing sector, an area previously underexplored. Integrating Dynamic Capabilities Theory, the Resource-Based View, and Change Management Theories, and using a mixed-methods approach, the study offers valuable insights for industry leaders, managers, and policymakers on effectively driving digital transformation. It highlights the importance of resource allocation, supportive organizational culture, and effective change management practices, addressing a critical gap in existing research.","Business, Management, and Accounting; change management competency; Digital transformation; employee attitudes; Industry and Industrial Studies; Information Technology Industries; Manufacturing Industries; manufacturing sector; organizational culture; resource availability",2024,55,10.1080/23311975.2024.2392046,Ahmed S.,Cogent Business and Management,2-s2.0-85201546072
"Digital transformation in the SME context: The nexus between leadership, digital capabilities and digital strategy","Digital transformation (DT) fundamentally disrupts enterprise operations presenting both unprecedented opportunities and complex challenges for organisational leadership. Drawing upon dynamic capability theory, we develop a model exploring the dynamics of digital transformational leadership (DTL) and its effects on DT within small- and medium-sized enterprises (SMEs). Specifically, we investigate the mediating roles of digital capabilities and digital strategies. Data from 256 SMEs in Ghana were analysed using structural equation modelling techniques to test hypotheses. The findings reveal a positive relationship between DTL and DT, demonstrating that the former positively influences digital IT capabilities (ITDC), employee digital capabilities, and digital strategies. ITDC and employee digital capabilities partially mediate the relationship between leadership and DT, while digital strategy shows a weaker mediating effect. The findings enhance understanding of how transformational leadership influences DT in SMEs, emphasising the role of digital capabilities and the nuanced impact of digital strategies.",digital capabilities; digital strategy; digital transformation; digital transformational leadership; SMEs,2025,55,10.1177/02662426251314108,Gyamerah S.,International Small Business Journal Researching Entrepreneurship,2-s2.0-85217179370
Microfoundations of dynamic capabilities for digital transformation,,Digital innovation management; Digital transformation; Dynamic capabilities; Microfoundations,2025,54,10.1108/EJIM-12-2023-1074,Kowalski M.,European Journal of Innovation Management,2-s2.0-85195492127
Digital Transformation of SMEs: The Role of Entrepreneurial Persistence and Market Sensing Dynamic Capability,"New digital technologies, combined with the challenges faced by the pandemic, have prompted several organizations, including small and medium sized enterprises (SMEs), to innovate their business models. We extent this article by studying the impact of strategic leaders' entrepreneurial persistence on digital transformation and business model innovation (BMI). We also examine the role of market-sensing dynamic capability in these relationships. To test our hypotheses, we use survey data from 229 owners/CEOs and senior managers of SMEs based in United Arab Emirates. The results show that entrepreneurial persistence positively influences the adoption of digital technologies and BMI. Moreover, the adoption of digital technologies has a positive effect on BMI and mediates the direct effects of entrepreneurial persistence on BMI. The mediating influence is positively moderated by market sensing dynamic capability.",Business model innovation; digital transformation; dynamic capabilities; entrepreneurial persistence; market sensing; SMEs,2024,54,10.1109/TEM.2022.3230248,Christofi M.,IEEE Transactions on Engineering Management,2-s2.0-85147276729
"Enterprise Digital Transformation, Dynamic Capabilities, and ESG Performance: Based on Data From Listed Chinese Companies","Digital transformation improves the operational efficiency and perceptual capabilities of businesses and creates a foundation for fulfilling ESG responsibilities. The authors use the theories of technological innovation and dynamic capabilities and select a sample of 4054 listed companies with commercial integration of ESG rating data to explore the mechanisms through which digital transformation affects ESG performance. Dynamic capabilities are further divided into innovation changeability (IT), coordination integration capability (CI), and learning absorption capability (LA) to investigate the mediating effects and summarize the causal path of “digital transformation - dynamic capabilities - ESG performance.” The research focuses on the impact of digital technology on ESG performance with the aim of helping businesses utilize technology more effectively to build dual competitive advantages in digitization and ESG.",Digital Transformation; Dynamic Capabilities; ESG,2024,53,10.4018/JGIM.335905,Zhang L.,Journal of Global Information Management,2-s2.0-85182887827
"Digital maturity, dynamic capabilities and innovation performance in high-tech SMEs","The rapid advancement of digital technologies has positioned digital transformation as a strategic imperative for firms seeking to enhance innovation and competitiveness. However, existing research predominantly focuses on large corporations, overlooking how high-tech small and medium-sized enterprises (SMEs) navigate digitalization to drive innovation performance. Addressing this gap, this study examines the role of digital maturity in fostering innovation within high-tech SMEs, with a particular emphasis on the mediating effect of dynamic capabilities. Using survey data from 587 high-tech SMEs in China, analyzed through Partial Least Squares Structural Equation Modeling (PLS-SEM), the findings reveal that digital maturity positively influences both dynamic capabilities and innovation performance. Additionally, dynamic capabilities serve as a crucial mediating mechanism between digital maturity and innovation performance, reinforcing the importance of organizational agility and resource reconfiguration in digital transformation. However, the moderating effect of digital maturity on the relationship between dynamic capabilities and innovation performance was not supported, indicating that achieving higher digital maturity alone does not necessarily strengthen this linkage. These insights contribute to the broader discourse on digital transformation by demonstrating that a strategic alignment between digital maturity and dynamic capabilities is essential for high-tech SMEs to achieve sustainable innovation. The findings provide actionable implications for managers and policymakers seeking to optimize digital strategies and enhance competitiveness in rapidly evolving technological landscapes.",Digital maturity; Digital transformation; Dynamic capabilities; Innovation performance,2025,53,10.1016/j.iref.2025.103971,Jie H.,International Review of Economics and Finance,2-s2.0-86000347758
Data in design: How big data and thick data inform design thinking projects,"Scholars and practitioners have recognized that making innovation happen today requires renewed approaches focused on agility, dynamicity, and other organizational capabilities that enable firms to cope with uncertainty and complexity. In turn, the literature has shown that design thinking is a useful methodology to cope with ill-defined and wicked problems. In this study, we address the question of the little-known role of different types of data in innovation projects characterized by ill-defined problems requiring creativity to be solved. Rooted in qualitative observation (thick data) and quantitative analyses (big data), we investigate the role of data in eight design thinking projects dealing with ill-defined and wicked problems. Our findings highlight the practical and theoretical implications of eight practices that differently make use of big and thick data, informing academics and practitioners on how different types of data are utilized in design thinking projects and the related principles and practices.",Big data; Design; Design thinking; Digital technology; Digital transformation; Dynamic capabilities; Innovation; Thick data,2023,53,10.1016/j.technovation.2022.102688,Mortati M.,Technovation,2-s2.0-85146003579
Digital transformation and export performance: a process mechanism of firm digital capabilities,"Purpose: This study aims to investigate the logic between digital transformation and export performance by analysing a large sample of Vietnamese exporters. The theoretical model is further extended by investigating the driving role of digital transformational leadership and mediating effects of firm digital capabilities and employee exploration and exploitation innovation. Design/methodology/approach: The study sample comprised 364 middle managers at 107 export firms in Ho Chi Minh City, Vietnam. The data are analysed using a partial least square-structural equation model (PLS-SEM). Findings: Digital transformation may be an indispensable tool for enhancing the export performance of businesses. Moreover, digital transformational leadership may drive digital transformation through the mediating mechanisms of firm digital capabilities and employee exploration and exploitation innovations to achieve high export performance. Originality/value: This initial study contributes significantly to international business theory through the lens of dynamic capabilities theory, which reveals the role of digital transformation in export performance via mechanisms of digital transformational leadership, firm digital capabilities and employee exploration and exploitation innovation.",Digital capabilities; Digital transformation; Digital transformational leadership; Employee exploitation innovation; Employee exploration innovation; Export performance,2023,52,10.1108/BPMJ-01-2023-0024,Luu T.D.,Business Process Management Journal,2-s2.0-85161506350
"Digital literacy, digital accessibility, human capital, and entrepreneurial resilience: a case for dynamic business ecosystems","This study examines the role of digital literacy, digital accessibility, and human capital in fostering entrepreneurial resilience among entrepreneurs in Qatar and the United Arab Emirates (UAE). These countries serve as exemplary models in digital transformation, particularly in navigating crises such as the COVID-19 pandemic. Grounded in the resource-based view and the theory of dynamic capabilities, this research investigates how these factors contribute to entrepreneurial resilience. This study employs structural equation modeling to analyze survey data from 317 individuals with entrepreneurial experience. According to the findings, digital literacy, accessibility, and human capital significantly enhance innovation, strengthening entrepreneurial resilience. Agility is identified as a key moderator, amplifying the positive impact of these competencies on resilience. Although the success of entrepreneurial ecosystems has often been attributed to entrepreneurial actors, resource providers, connectors, or entrepreneurial intentions, this study underscores the importance of fostering digital competencies and agility to build resilient entrepreneurial ecosystems. It offers policymakers and business leaders insights into the mechanisms that enhance resilience in dynamic and crisis-affected environments where the digital landscape is rapidly evolving.",Agility; Digital accessibility; Digital literacy; Entrepreneurial resilience; Human capital; Innovation,2025,52,10.1016/j.jik.2025.100709,Shatila K.,Journal of Innovation and Knowledge,2-s2.0-105002773554
Unraveling the paradoxical effects of digital transformation on organizational Resilience: The role of customer and supplier concentrations,"Digital transformation brings new opportunities but also presents challenges for firms aiming to enhance organizational resilience. This study delves into the paradoxical effects of digital transformation by focusing on two critical dimensions of organizational resilience: resistance capacity and recovery capacity. By integrating Dynamic Capability Theory (DCT) and Resource Dependence Theory (RDT), we explore how opportunities for dynamic learning and adaptability, afforded by utilizing both internal resources from digital transformation and external resources from outside partners, may affect organizational resilience in the manufacturing sector. Analyzing a panel dataset of 15,845 firm-year observations from 2,002 organizations listed on China's Shanghai and Shenzhen Stock Exchanges (2011–2021), we uncover a digital transformation paradox: it negatively impacts resistance capacity but positively influences recovery capacity. Interestingly, customer and supplier concentrations mitigate the negative effect of digital transformation on resistance capacity, but they do not significantly affect the relationship between digital transformation and recovery capacity. This study provides valuable insights by integrating perspectives from dynamic capability and external resource dependence. It offers both theoretical and practical implications for effectively managing digital transformation and enhancing organizational resilience within supply chain networks.",Customer Concentration; Digital Transformation; Dynamic Capability Theory; Organizational Resilience; Resource Dependence Theory; Supplier Concentration,2025,52,10.1016/j.jbusres.2025.115268,Chi M.,Journal of Business Research,2-s2.0-85219125541
Decoding digital transformational outsourcing: The role of service providers’ capabilities,"The business process outsourcing industry has got disrupted, first by the significant shift in value creation activities from the clients to the service providers, and second by pervasive digital penetration, resulting in the emergence of Digital Transformational Outsourcing (DTO). Service providers now play a more significant role, making their capabilities important. In the new context, service providers require a uniquely different set of dynamic capabilities to handle end-to-end business functions on behalf of their clients while delivering digital value propositions. We study 26 of the largest global business process outsourcing providers to conceptualise and identify six dynamic capabilities of service providers salient in the new context, i.e., consultative, orchestration, insights, network management, knowledge access, and standardisation. Interviews conducted with industry experts provided evidence in support of the identified dynamic capabilities. A novel firm capability dataset was created using secondary data, and using fuzzy-set Qualitative Comparative Analysis (fsQCA), we identify configurations for high and low performance and find them to vary by the firm's broad/narrow scope.",Digital transformation; Dynamic capabilities; fsQCA; Outsourcing; Service providers,2021,52,10.1016/j.ijinfomgt.2020.102295,Mazumder S.,International Journal of Information Management,2-s2.0-85100665879
Avoiding crisis-driven business failure through digital dynamic capabilities. B2B distribution firms during the COVID-19 and beyond,"Previous research has proposed different determinants of the success and failure of technological innovation in industrial networks. However, following the recent COVID-19 pandemic crisis, distributors have been seeking to become more agile in identifying and transforming business processes to avoid failures. Although industrial practitioners have been broadly motivated to understand the effects of pandemics on business failure, the contingency factors that affect organizations in their responses to such sudden exogenous shocks remain unclear. Inspired by a burgeoning academic interest in viewing the COVID-19 pandemic as a digital accelerator, this paper examines how B2B distribution firms have been avoiding business failure by using their dynamic capabilities (DCs) in response to the sudden exogenous shocks caused by the pandemic. Based on data drawn from interviews conducted with a sample of B2B distribution firms, we argue that capitalizing on digital DCs—digital sensing (i.e., digital mindset crafting and digital scenario planning), digital seizing (i.e., engaging in strategic agility and balancing a digital portfolio), and digital transformation (i.e., navigating the innovation ecosystem, redesigning the internal structure, and improving digital maturity), —helps to prevent business failure during a pandemic.",B2B distributor; Business failure; Digital dynamic capabilities; Industrial networks; Post-COVID-19 pandemic,2023,52,10.1016/j.indmarman.2023.05.015,Zia N.U.,Industrial Marketing Management,2-s2.0-85161011596
Innovating for a Greener Future: Do Digital Transformation and Innovation Capacity Drive Enterprise Green Total Factor Productivity in the Knowledge Economy?,"In an era where sustainability is imperative, green innovation has become a transformative strategy for firms striving to balance productivity with environmental responsibility. This study examines the impact of green innovation on green total factor productivity (GTFP) among firms in the MENA region, with a focus on the mediating role of innovation capacity and the moderating role of digital transformation. Grounded in the Resource-Based View and Dynamic Capability theory, the research establishes a comprehensive framework for understanding how green innovation drives sustainable productivity. Using data from 786 listed manufacturing firms in the MENA region between 2010 and 2022, the study employs advanced econometric methods, including the generalized method of moments (GMM), to address endogeneity concerns and ensure robust findings. The results confirm that green innovation significantly enhances GTFP, with innovation capacity enabling firms to effectively integrate green technologies and digital transformation amplifying their scalability and efficiency. Heterogeneity analysis reveals significant variations across ownership structures and industry sectors. Non-state enterprises outperform state-owned enterprises due to their operational flexibility, while sector-specific dynamics highlight stronger impacts of green innovation in energy and electronics compared to chemicals and textiles. This study contributes novel insights into the mechanisms and contextual factors that drive sustainable productivity, offering targeted recommendations for policymakers to promote green innovation, foster digital transformation, and implement tailored strategies for ownership structures and industry contexts to align economic growth with sustainability objectives.",Comparative Insight; Digital transformation; Firm-level green total factor productivity; Green innovation; Innovation capacity; MENA,2026,51,10.1007/s13132-025-02673-1,Cobbinah J.,Journal of the Knowledge Economy,2-s2.0-105024118294
Making obsolescence obsolete: Execution of digital transformation in a high-tech manufacturing SME,"Digitally transformed firms show resilience against environmental volatility by regularly developing adaptive capabilities and transforming their processes to mitigate the effects of obsolescence. However, there is a lack of conceptual clarity on the obsolescence notion and means of avoiding it. This paper aims to investigate how firms’ empirical sensitivities to evolving environmental changes emerge and materialize into the ongoing management of obsolescence. We undertook an interpretive longitudinal study between 2009 and 20, capturing both the transformation journey and the habitus of a high-tech SME, which is a family business and located in the UK. In doing so, we develop an integrative framework to explain the interplay between the noncognitive dynamic capabilities, obsolescence, and digital transformation. This study has important implications to boost SMEs’ capacity to counter obsolescence. We suggest managers pay attention to the development of noncognitive dynamic capabilities. This, in turn, inadvertently leads to successful digital transformation for obsolescence trap avoidance.",Consumer electronics; Digital transformation; Noncognitive dynamic capabilities; Obsolescence; Small and medium-sized enterprises-SME; Technology strategy,2022,51,10.1016/j.jbusres.2022.07.052,Ates A.,Journal of Business Research,2-s2.0-85135891546
Keeping pace with the digital transformation — exploring the digital orientation of SMEs,"In the digital era, organizations strategically adopt digital transformation to thrive and prosper. In particular, they allocate substantial resources to cultivate digital orientation. However, limited research has explored how digital orientation impacts the performance of small and medium-sized enterprises (SMEs). Our study sheds light on this relationship, examining it through the lens of a resource-based view (RBV) and dynamic capability (DC) perspective. We empirically quantify digital orientation and its subdimensions using textual data extracted from SME websites. Our findings unveil a U-shaped relationship: while high performance is observable at both extremes of the spectrum, an initial increase in digital orientation is associated with performance setbacks until a specific threshold of digital orientation is reached, after which performance once again begins to improve. As a result, SMEs should consider a strategic allocation of resources while pursuing digital orientation to build capabilities during their digital transformation journey.",Digital orientation; Dynamic capabilities; Performance; Resource-based view; SMEs,2025,50,10.1007/s11187-024-00947-7,Escoz Barragan K.,Small Business Economics,2-s2.0-105001553742
Unraveling the role of digital leadership in developing digital dynamic capabilities for the digital transformation of firms,,Digital dynamic capabilities; Digital leadership; Digital transformation; Dynamic capability,2025,50,10.1108/BIJ-10-2023-0756,Albannai N.A.,Benchmarking,2-s2.0-85198507678
Dynamic capabilities that matter for business failure versus survival,"Due to the severity and length of the COVID-19 pandemic, some businesses have failed whereas others, including those in the same industry, have survived. Drawing on dynamic capability theory, we explored the dynamic capabilities, whose presence or absence are conditions for business failure or survival. We conducted 16 in-depth semi-structured interviews with owners/executives of firms from the travel and tourism, catering and hospitality, and agricultural export industries in India. Using fuzzy set qualitative comparative analysis (fsQCA) technique, we found three causal configurations for the business failure phenomenon, and two causal configurations for business survival phenomenon. The absence of collaborative capability with key stakeholders was observed as key to business failure, and the absence of leadership adaptive capability and the ability to leverage government support were found in two of the three causal configurations. In contrast, leadership adaptive capability and collaborative capability were present in the two causal configurations for business survival. Contrary to common viewpoints, digital transformation capability was neither sufficient to prevent failure nor necessary to ensure survival. By focusing on firms' dynamic capabilities as the conditions that differentiate business failure from survival, this study advances scholarship, and offers guidance to managers on navigating through a crisis.",B2B; Business failure; Business survival; Dynamic capability; fsQCA; Qualitative comparative analysis,2024,49,10.1016/j.indmarman.2023.11.004,Gupta N.,Industrial Marketing Management,2-s2.0-85178621900
Digital transformation and business model innovation: the relevance of strategic orientations under varying conditions of competitive intensity,"Purpose: The COVID-19 pandemic disrupted existing business models, forcing managers in the manufacturing industry to look for new strategies that could help their firms bounce forward. The situation calls for a rethink, redesign, and development of new business models (BMs) using digital capabilities. Drawing from the dynamic capability theory, this paper investigates how digital transformation (DT) influences business model innovation (BMI) through technology orientation (TO). The paper further examined the moderating role of competitive intensity (CI) in the DT-TO link. Design/methodology/approach: The model was tested using survey data from 208 senior managers in manufacturing firms in Ghana. SPSS 23 and structural equation modeling (SEM) were used for the analyses. Findings: The results revealed that both DT and technology orientation directly influence all four dimensions of BMI. The result further showed that technology orientation indirectly mediates the relationship between DT and all four dimensions of BMI. The findings further showed that the DT-BMI link is amplified at varying levels of competitive intensity. Originality/value: Although recent research has highlighted the pertinence of embracing DT to foster innovation, to the best of the authors’ knowledge, this study among the first few attempts to shed light on the role of DT for sensing, seizing, and (re) configuring firms’ resources to renovate manufacturing business models to stay competitive. In addition, to date, to the best of the authors’ knowledge, no study exists that has examined the conditions and mechanism through which optimal BMI can be achieved through DT. The paper offer practical guidance to managers of manufacturing firms by developing an actionable framework to effectively leverage digital transformation for business model innovation through enhanced technology orientation, offering clear guidelines for assessing and aligning organizational capabilities with digital strategies.",Business model innovation; Competitive intensity; Digital transformation; Technology orientation,2025,49,10.1108/JMTM-07-2024-0394,Tetteh F.K.,Journal of Manufacturing Technology Management,2-s2.0-105001088328
Developing dynamic capabilities for successful digital transformation projects: the mediating role of change management,"Digital transformation is a growth strategy that has attracted a significant amount investment and is projected to boost the global economy by 2030. However, organizations face challenges in their efforts to develop effective approaches to digital transformation because of the constant need for new strategic choices. Dynamic capabilities and change management are vital with respect to organizations’ ability to maintain competitiveness in the changing environment established by digital technologies. The effective management of these changes is crucial, and failure is often the result of the absence of a suitable change management model. This study examines the significance of dynamic capabilities in digital transformation and explores the mediating role of a well-defined approach to change management in the context of digital projects. A quantitative research approach is used to investigate a population of 902 managers and team leaders working in the telecommunications sector in Yemen. A questionnaire is developed and administered to a sample of 350 participants, and the data collected were analyzed via SmartPLS. The findings reveal a positive relationship between dynamic capabilities and the successful implementation of digital transformation initiatives. Effective change management techniques facilitate digital transformation by playing a mediating role in the abovementioned relationship. The results of this research provide valuable insights into the theoretical framework underlying this topic by integrating dynamic capabilities, change management, and digital transformation. This information can help decision-makers in the telecommunications sector develop a roadmap for successful digital transformation projects in their organizations.",Change management; Digital transformation; Dynamic capabilities; Telecom; Yemen,2024,49,10.1186/s13731-024-00446-9,Al-Moaid N.A.A.,Journal of Innovation and Entrepreneurship,2-s2.0-85209406348
The role of absorptive capacity in the adoption of Smart Manufacturing,"Purpose: Smart Manufacturing (SM) lies at the core of Industry 4.0. Operations management research has identified several factors influencing firms’ ability to adopt SM. However, a clear understanding of capabilities needed to progress in SM is still missing. This paper aims to investigate how absorptive capacity (AC) allows firms to advance in SM and explore how managerial antecedents support the capacity to absorb SM-related knowledge at different stages of SM adoption. Design/methodology/approach: This study adopts an exploratory approach through multiple case studies. Twelve firms, operating as part of the automotive supply chain and exhibiting different stages of SM adoption, constitute the sample. Findings: The results suggest that advancement in SM requires firms to progressively reinforce their AC. Firms’ ability to acquire and assimilate SM knowledge is supported by managerial antecedents encompassing integrative capacities to bridge old and SM technologies, managerial cognition through the clear alignment of SM technologies with strategic goals and knowledge development capabilities through practices oriented to provide senior managers with SM competences. Originality/value: The findings contribute to SM research by suggesting that AC is a crucial dynamic capability for SM adoption. The results also provide evidence-grounded recommendations to firms engaged in the digital transformation on the managerial capabilities needed to support AC and to progress from lower to higher stages of SM.",Absorptive capacity; Industry 4.0; Multiple case study; Smart Manufacturing,2022,49,10.1108/IJOPM-09-2021-0615,Arcidiacono F.,International Journal of Operations and Production Management,2-s2.0-85129165932
Business model theory-based prediction of digital technology use: An empirical assessment,"Firms invest heavily in their future use of digital technology to create and appropriate value and thereby survive and prosper. Such decisions regarding the future are part of a firm's foresight, which is a core element of a firm's dynamic capabilities. The contemporary toolbox for generating foresight is dominated by procedural methods, thus ignoring theory-based predictions of the future uses of digital technology. This paper presents the first empirical assessment of business model theory's ability to predict the future uses of digital technology by a given firm. Predictions for a specific niche of hemophilia firms are investigated. Outcomes related to these predictions are then observed. The results show the power of business model theory for deriving such predictions, implying that the managerial toolbox for foresight generation should be extended to include this theory. This study also provides several directions for further development of business model theory to increase its ability to account for value creation and appropriation from the use of digital technology.",Digital transformation; Social change from technology use; Technology use forecasting; Theory evaluation; Value creation from technology use,2021,49,10.1016/j.techfore.2021.121174,Costa Climent R.,Technological Forecasting and Social Change,2-s2.0-85114828990
Assessing the relationship between digital transformation and sustainable business excellence in a turbulent scenario,"The Covid-19 pandemic has globally affected most of the industrial sectors, pushing public and private institutions to invest in digital transformation at a pace never experienced before. In such a turbulent scenario, companies, and especially small and medium-sized enterprise, must dynamically respond to this environment by undertaking a strategic transformation which involves changes in the organisation structure through the right digital interface and mechanisms to creating qualitative customer relationships and capturing value. Business success over time is built on leadership, people-based management, continuous improvements, management based on facts and constant customer focus. The evolutionary path of a firm’s business model driven by digitalisation describes its maturity. This paper aims at assessing the relationship between digital business model maturity and the sustainability of business performance over time. The results of an online survey involving the executives of 162 small and medium-sized enterprise operating in the tourism sector of five different continents have been analysed to test this relationship. Through a Structural Equations Modelling approach, the study found statistical evidence of the positive effect of digital business model maturity on sustainable business success. In this manner, this study contributes to academic literature by linking the concepts of digital transformation, digital business model maturity and sustainable business excellence.",business performance; digital business model maturity; digital business models; digital transformation; dynamic capabilities; expected future performance; SMEs; sustainable business excellence,2022,49,10.1080/14783363.2022.2063717,Savastano M.,Total Quality Management and Business Excellence,2-s2.0-85130018695
Transform Me If You Can: Leveraging Dynamic Capabilities to Manage Digital Transformation,"This study sheds light on the relationships between digital transformation, business model, and process efficiency capabilities, and new product development (NPD) performance by employing a sequential explanatory approach, combining quantitative and qualitative research methodologies, utilizing structural equation modeling based on 430 questionnaire respondents, and a multiple case study design using four cases. The derived framework highlights that digital transformation does not directly lead to NPD performance but that organizations use idiosyncratic higher order (e.g., business model and process efficiency) capabilities that mediate this relationship to strategically cope with change. When assessing, reconfiguring, and integrating, organizations tap into internal and external value, individual, technological, and organizational (VITO) dimensions to transform operational capabilities and resources. Thus, higher order capabilities enable organizations to leverage firm-external opportunities to adjust intrafirm operational capabilities, resources, and competencies, emphasizing a complex hierarchical and contextual interplay. The contributions of the study are twofold: 1) we provide statistical evidence that the business model and process efficiency capabilities are coping mechanisms to master digital transformation and 2) the successful orchestration of VITO dimensions is essential for assessing, reconfiguring, and integrating resources, competencies, and operational capabilities to derive NPD performance.",Digital transformation (DT); dynamic capabilities; mixed method; multiple case study; new product development (NPD); sequential explanatory approach; structural equation model,2024,49,10.1109/TEM.2023.3319406,Schneider M.H.G.,IEEE Transactions on Engineering Management,2-s2.0-85174823448
Value Impedance and Dynamic Capabilities: The Case of MedTech Incumbent-Born Digital Healthcare Platforms,"During the last decade, MedTech companies started to invest in building digital healthcare platforms to maintain their competitiveness in the Digital Economy. However, launching a new digital platform business revealed several challenges that MedTech incumbents must overcome, including value impedance. This is caused by digital transformation gaps, which, when left unmanaged, can stall digital healthcare platforms’ growth and even lead to their demise. This article distills four dynamic capabilities: sensing the internal environment, value-capturing through connectedness, orchestrating silos, and transforming organizational boundaries. These mitigate value impedance and bestow competitive advantage to MedTech incumbents’ digital platform business.",digital healthcare platforms; digital transformation gaps; dynamic capabilities; incumbent MedTech companies; incumbent upstream platform; value impedance,2022,47,10.1177/00081256221099326,Pundziene A.,California Management Review,2-s2.0-85132859323
The interplay between digital manufacturing and dynamic capabilities: an empirical examination of direct and indirect effects on firm performance,"Purpose: The purpose of this paper is to identify and empirically examine the dynamic capabilities (DC) that drive the development of digital manufacturing capabilities (DMC) and the role of DMC in mediating their influence on firm performance. Design/methodology/approach: Based on the dynamic capabilities view (DCV) of the firm, the authors develop a set of hypotheses that are tested through a survey of 110 managers in the manufacturing sector. The hypothesized model is tested through structural equation modeling. Findings: The results indicate that although higher-order DC (HODC) have a strong influence on firm performance, their effects are partially mediated by the DMC that they generate, by positively affecting the extended production process. Practical implications: The analysis contributes to a better understanding of the interplay between levels of the DC hierarchy by finding that DMC play an important role in translating HODC into enhanced firm performance. Originality/value: By complementing the DCV with the disruptive innovation theory in a specific fast changing context, this study introduces a new construct (DMC) providing an original and considerable contribution to the literature. To the best of the authors’ knowledge, it is the first empirical study that includes and assesses all these elements together in the context of the manufacturing industry.",Digital manufacturing; Digital transformation; Dynamic capabilities; Environmental dynamism; Firm performance; Industry 4.0,2022,47,10.1108/JMTM-07-2021-0267,Savastano M.,Journal of Manufacturing Technology Management,2-s2.0-85116335116
Chief Digital Officer and Organizational Creativity Toward Digitalization,"Through the microfoundation lens, this article explores how dynamic capabilities (DCs) of Chief Digital Officers (CDOs) trigger digitalization and organizational creativity of 2124 small to medium enterprises (SMEs) across 39 different European countries. As a result, the significant DCs are substantive and adaptive capabilities, which are offering new solutions, seizing new opportunities, and coping with changes. Besides, those two DCs also assume a mediator role in triggering organizational creativity within SMEs. In terms of theoretical and managerial implications, threefold contributions are provided: the first one offers a fresh study on the digital transformation context of SMEs through a microfoundation perspective; the second emphasizes the crucial role of CDOs as supported and remarked upon previous studies; and, then, the third one stresses out the importance of the individual leverage to generate creativity by the moderating role of DCs. By highlighting the originality of the research, since CDOs are seen to be the spark of unique ideas and innovations in the organization, further insights are proposed to position the need for conceptualizing new paths for developing technologies toward organizational creativity and humanity.",Chief Digital Officer (CDO) organizational creativity; digital transformation (DT); dynamic capabilities (DCs); microfoundation,2024,45,10.1109/TEM.2022.3153395,Scuotto V.,IEEE Transactions on Engineering Management,2-s2.0-85128276252
Gliding from regenerative unlearning toward digital transformation via collaboration with customers and organisational agility,"The digital evolution that businesses are facing highlights the need for organisations to be agile, to collaborate with customers and to change the mindset of employees and managers to achieve effective digital transformation. This study explores the role of regenerative unlearning, defined as a dynamic capability that enables organisations to adapt by systematically renewing knowledge structures, in customer collaboration, organisational agility and digital transformation. Using PLS-SEM, a sample of medium-sized Spanish manufacturing companies was analysed. The results show that regenerative unlearning improves customer collaboration, organisational agility, and digital transformation. Findings also show the influence of customer collaboration on organisational agility and of organisational agility on digital transformation. This research contributes to the literature by providing a better understanding of the importance of regenerative unlearning, collaboration with customers and agility in the digital context of the Spanish manufacturing industry.",Collaboration with customers; Digital transformation; Organizational agility; Regenerative unlearning,2024,45,10.1016/j.jbusres.2024.114637,Cubillas-Para C.,Journal of Business Research,2-s2.0-85189028260
The Paradoxical Effect of Digital Transformation on Innovation Performance: Does Risk-Taking Matter?,"The impact of enterprises' digital transformation on innovation performance has attracted the attention of enterprises and scholars. The positive effects of digital transformation are well described in the literature, but the dark side of digital transformation and the digitalization paradox have been less explored. Meanwhile, the role of risk-taking seems to have been ignored. From the perspectives of dynamic capability theory and organizational inertia theory, this study explores the double-edged sword effect of enterprise digital transformation on innovation performance and the moderating role of the risk-taking level. Based on data from computer, communication, and other electronic equipment manufacturing sector companies listed in the Shanghai and Shenzhen stock markets from 2007 to 2020, the empirical results indicate that there is an inverted U-shaped relationship between digital transformation and innovation performance, and the corporate risk-taking level positively moderates the relationship such that the inverted-U shape becomes steeper (more positive for low degrees of digital transformation and more negative for high degrees of digital transformation) in enterprises with a high risk-taking level compared to enterprises with a low risk-taking level. This study enriches the current theoretical explanation of the digitalization paradox and provides practical inspiration for enterprises to implement digital transformation.",Digital transformation; digitalization paradox; dynamic capability theory; innovation performance; organizational inertia; risk-taking,2024,44,10.1109/TEM.2023.3339341,Li R.,IEEE Transactions on Engineering Management,2-s2.0-85179793443
A relational view of how social capital contributes to effective digital transformation outcomes,"The specifics of why and how network relationships influence digital transformations have not yet been fully understood. We address this gap by drawing on the relational view of organisations to conceptualise network relationships as the source of requisite external non-generic complementarities for the development of dynamic capabilities (absorptive capacity, integration effort and big data analytics) essential for effective digital transformation outcomes. We follow a positivist research design to test the proposed hypotheses by collecting survey responses from informants from 183 Australian healthcare organisations. The statistical findings indicate that social capital affects the digital transformation outcomes through full individual mediations of absorptive capacity (0.13*), integration effort (0.13*) and big data analytics capability (0.05*) and a full serial mediation (0.01*). This empirical evidence provides two significant advancements to both theory and practice: a) by linking development of dynamic capabilities required for digital transformations to external non-generic complementarities embedded in network relationships; and b) by delineating specific pathways through which the dynamic capabilities of absorptive capacity, integration effort and big data analytics influence digital transformation outcomes.",Absorptive capacity; Big data analytics; Digital transformation; Dynamic Capabilities; Integration effort; Social capital,2024,44,10.1016/j.jsis.2024.101837,Malik M.,Journal of Strategic Information Systems,2-s2.0-85193860161
Boosting SMEs’ digital transformation: the role of dynamic capabilities in cultivating digital leadership and digital culture,"Digital transformation is crucial for the competitiveness of small and medium-sized enterprises (SMEs), yet many SMEs struggle with its implementation. Although digital leadership and digital culture are two established facilitators of digital transformation, their antecedents remain highly understudied. Drawing on the dynamic capabilities framework, we hypothesize that dynamic capabilities promote digital leadership and digital culture in SMEs. Our empirical study builds on questionnaire data from 98 SMEs located in Southern Germany. The findings support the enabling role of dynamic capabilities, indicating that dynamic capabilities enhance digital leadership and digital culture. Contrary to our expectations, the hypothesized mediation effects between dynamic capabilities, digital leadership, and digital culture were not supported, indicating that the translation mechanisms between digital leadership and digital culture might be less direct and straightforward than previously presumed. Thus, dynamic capabilities emerge as critical, yet separate, enablers of digital leadership and digital culture. By positioning dynamic capabilities as antecedents rather than outcomes, this study provides a novel perspective on central enablers of digital transformation, extending dynamic capabilities theory into this context. Overall, our findings offer important implications for facilitating SMEs’ digital transformation, highlighting dynamic capabilities as essential for fostering digital leadership and digital culture. Despite its significance, our study faces some limitations that hinder the generalizability of our findings, including relatively small sample size or specific sample context. Future research should replicate and extend our analyses using larger and more diverse samples.",Digital culture; Digital leadership; Digital transformation; Dynamic capabilities; Small and medium-sized enterprises,2026,44,10.1007/s11846-025-00919-5,Held P.,Review of Managerial Science,2-s2.0-105010905406
Linking the types of market knowledge sourcing with sensing capability and revenue growth: Evidence from industrial firms,"In today's fast-changing digital world, it is more important than ever before to understand the drivers of a firm's continuous change and renewal. Although concepts such as dynamic capabilities help to address this challenge, managerial instructions for achieving a sustainable competitiveness do not often reach beyond the surface. Therefore some researchers suggest investigating the sensing capability, or the capability to recognize market opportunities and threats, which is one dimension of the dynamic capabilities. In this paper, we derive the key market knowledge sourcing determinants of the sensing capability of industrial firms in general, and under high, medium, and low levels of market dynamism and link them to revenue growth. Our results provide industrial (marketing) managers new insights on how to effectively use various sources of market knowledge to sense market opportunities and threats. We use second respondent-validated survey data from top managers at 483 internationally operating industrial firms to test hypotheses and complement it with objective revenue growth data. Surprisingly, while competitor sourcing negatively affects sensing capabilities under low and medium dynamic markets, research institution sourcing positively affects it, particularly under high dynamic markets.",Digital transformation; Dynamic capabilities; Market knowledge sourcing; Market opportunity; Market orientation; Market threat; Open innovation; Revenue growth; Sensing capability,2020,44,10.1016/j.indmarman.2020.06.004,Endres H.,Industrial Marketing Management,2-s2.0-85087413642
Impact of value co-creation in the artificial intelligence innovation ecosystem on competitive advantage and innovation intelligibility,"Artificial intelligence has been widely adopted for digital transformation and value creation for enterprises. However, studies about how participants can co-create value in the AI innovation ecosystem are needed. Thus, this research proposed a comprehensive research model to examine the impact of value co-creation in the AI innovation ecosystem for competitive advantage and innovation intelligibility with the mediating effect of dynamic capabilities and innovation capabilities. We collected data from 234 AI-related manufacturers for the structural equation modelling analysis. Results show that (1) the AI innovation ecosystem can bring economic value and relationship value to enterprises; (2) impacts of economic value and relationship value on competitive advantage and innovation intelligibility are not significant; and (3) value co-creation does not have a significant impact on competitive advantage and innovation intelligibility, and dynamic capabilities and innovation capabilities play the mediating role. Theoretical contribution, practical implication, limitation, and future research are presented.",AI innovation ecosystem; competitive advantage; innovation intelligibility; value co-creation,2022,44,10.1002/sres.2860,Sun Y.,Systems Research and Behavioral Science,2-s2.0-85131009081
Antecedents of Effective Digital Leadership of Enterprises in Asia Pacific,"Increasing awareness of digital transformation across Asia Pacific is putting a strong spotlight on how enterprises think of leadership and related key practices. The pace of transition to the new digital organisation creates even larger leadership gaps as most organisations have not moved rapidly enough to develop relevant leadership practices. With the support of literature, an analysis of related theories of transformational leadership, ambidexterity and dynamic capabilities are examined and the most suitable leadership attributes and practices for a digital enterprise is proposed. We test the proposed research model via a sample of leaders and senior managers from the Asia Pacific region. The results highlight the significant roles of leadership attributes, strategic priorities, organisational focus areas for exploration and digital governance practices for exploitation, in influencing effective digital leadership. The article reports valuable insights and relevant implications for leaders, enterprises, and researchers.",Ambidexterity; Digital governance; Digital leadership; Digital transformation; Dynamic capabilities; Transformational leadership,2022,43,10.3127/ajis.v26i0.2525,Karippur N.K.,Australasian Journal of Information Systems,2-s2.0-85126817921
"Digital transformation anxiety: absorptive capacity, dynamic capability, and digital innovation performance","Purpose: This study proposes the novel construct of digital transformation anxiety and investigates its effect, which is mediated by absorptive capacity and dynamic capability, on digital innovation performance. Design/methodology/approach: This study conducted a questionnaire survey among Taiwanese manufacturing and service companies to verify the research framework. A total of 130 valid responses were collected and analyzed using partial least squares structural equation modeling (PLS-SEM) and bootstrapping to test direct and mediation effects, respectively. Findings: Digital transformation anxiety negatively affects absorptive capacity and dynamic capability, whereas absorptive capacity and dynamic capability positively affect digital innovation performance. Dynamic capability more strongly mediates the association between digital transformation anxiety and digital innovation performance than absorptive capacity. Additionally, digital transformation anxiety does not negatively affect digital innovation performance. Finally, manufacturing companies had significantly higher levels of digital transformation anxiety than service companies. Research limitations/implications: This study proposes the novel construct of digital transformation anxiety to address a gap in the literature. Digital transformation anxiety leads companies to adopt unnecessarily conservative practices, preventing them from flexibly responding to technological advances. This insight highlights the negative effect of such anxiety on absorptive capacity and dynamic capability, extending the application of path dependency theory to companies. The findings underscore the value of enhancing dynamic capability and reallocating resources to foster digital innovation. The study identified and explored the concept of digital transformation anxiety and extended the perspective of dynamic capability to include digital transformation and digital innovation. Practical implications: The current findings indicate that digital transformation anxiety does not substantially affect digital innovation performance in Taiwanese companies. Consequently, Taiwanese companies should focus on developing their absorptive capacity and dynamic capability to enhance digital innovation. Originality/value: The study proposes the novel construct of digital transformation anxiety and explores its effect on business units. It presents a pioneering framework derived from path dependence theory and the perspective of dynamic capability.",Absorptive capacity; Digital innovation performance; Digital transformation anxiety; Dynamic capability,2025,42,10.1108/MD-08-2023-1363,Chang C.H.,Management Decision,2-s2.0-105001065084
The Effects of Transformational and Adaptive Leadership on Dynamic Capabilities: Digital Transformation Projects,"Leadership must be leveraged at the management level to develop the capabilities needed to succeed in digital transformation projects, where complications arise due to technological novelty and environmental dynamics. Transformational leadership (TRL) and adaptive leadership (ADL) are proposed as successful approaches for managing changing behaviors and faster adaptation to new circumstances. Survey results demonstrate the positive influence of TRL on the three project dynamic capabilities. However, its impact on adaptive capability is weak. An interview study was conducted to explore the link between ADL and adaptive capability, providing an additional understanding of insignificant effects on innovative and absorptive capabilities.",adaptive leadership; digital transformation; project dynamic capabilities; transformational leadership,2023,41,10.1177/87569728231165896,Huang J.Y.H.,Project Management Journal,2-s2.0-85159125376
Beyond digital transformation: a multi-mixed methods study on big data analytics capabilities and innovation in enhancing organizational performance,"Digital transformation (DT) and Big Data Analytics Capabilities (BDAC) enable SMEs to adapt to rapidly changing markets, innovate, and maintain relevance in the digital age. This research explores the impact of DT on SME performance through the lens of BDAC and innovation, from a multi-methods approach and applying the dynamic capabilities view. It asserts that simply investing in DT doesn't ensure enhanced performance. Analyzing 183 Spanish SMEs from various sectors, the study highlights the need for creating specific conditions that enable DT to positively impact performance. The integration of PLS-SEM and fsQCA methodologies provides a comprehensive analysis of BDAC as pivotal in optimizing SME performance through DT, emphasizing the necessity of strategic alignment with innovation. This nuanced approach, combining the predictive power of PLS-SEM and the configurational insights of fsQCA, demonstrates that investment in DT alone is insufficient without fostering conditions conducive to innovation. Our empirical insights offer actionable guidance for managers utilizing BDA or contemplating technological investments to elevate firm performance which go in the direction of increasing their innovation capabilities. Additionally, these findings equip policymakers with a nuanced understanding, enabling the design of tailored measures promoting DT in SMEs anchored in the nuances of BDAC and innovation capabilities.",Big data analytics capabilities; Digital transformation; fsQCA; Innovation; Performance; PLS-SEM,2025,41,10.1007/s11846-024-00768-8,Orero-Blat M.,Review of Managerial Science,2-s2.0-85196305872
Artificial intelligence for information-driven resilience: Enhancing strategic adaptation and entrepreneurial success,"This study investigates how artificial intelligence (AI) innovation capability—the systematic integration, management, and application of AI-driven information—enhances strategic resilience and entrepreneurial success under conditions of market volatility and resource constraints. We conceptualize information-driven resilience as the organizational capacity to convert AI-enabled information flows into adaptive responses that sustain competitive functioning. Drawing on dynamic capability theory, we examine how early-stage ventures transform AI capabilities into adaptive capacity and competitive advantage. Using a multi-method approach, we collected two-wave survey data from 357 early-stage ventures in China and Europe, complemented by importance-performance map analysis (IPMA), fuzzy-set qualitative comparative analysis (fsQCA), and semi-structured interviews. Our convergent multi-method design provides complementary evidence: PLS-SEM establishes the mediation hypothesis, IPMA identifies actionable managerial priorities, fsQCA reveals equifinal configurational pathways to high performance, and interviews illuminate the underlying mechanisms. Specifically, AI innovation capability is significantly associated with strategic resilience, which is positively related to entrepreneurial success. The mediating effect of strategic resilience is robust and fully accounts for the AI capability–success relationship, indicating that the mechanism through which AI investments generate performance returns is fundamentally organizational rather than technological in nature. The value derived from AI is unlocked by first building organizational capacity for adaptive learning and agile decision-making. The study contributes to information management literature by clarifying how AI-enabled information processing capabilities enhance adaptive responses in uncertain environments, while providing practitioners with an actionable framework for developing information-driven resilience through strategic AI implementation.",Artificial intelligence; Digital transformation; Entrepreneurial performance; Information management; Knowledge management; Strategic resilience,2026,41,10.1016/j.ijinfomgt.2026.103057,Wang S.,International Journal of Information Management,2-s2.0-105032363062
Enhancing digital transformation in SMEs: The dynamic capabilities of innovation intermediaries within ecosystems,"While the dynamic capabilities framework discusses the sensing, seizing, and transformation capabilities of organisations, we lack knowledge of the specific dynamic capabilities of intermediaries that support collaborations leading to the digital transformation of small and medium enterprises (SMEs). The specific role of intermediaries supporting collaboration between SMEs and the ecosystem, the unique barriers confronted by SMEs, and the long-term focus required for digital transformation suggest that intermediaries should deploy specific dynamic capabilities. By conducting in-depth interviews with innovation intermediaries, SMEs, and other ecosystem actors in the Ostrobothnia region of Finland, we make three original contributions to the dynamic capability framework. First, while the literature has discussed spotting opportunities and bringing partners together as sensing dynamic capability, we make an original contribution by demonstrating the ‘ancillary opportunity spotting capability’ of intermediaries. This includes intermediaries spotting opportunities to develop digital technologies to address business, environmental, or social challenges of ecosystem actors (e.g. developing carbon-neutral solutions) where SME digital transformation is only indirectly achieved: hence, this is described as an ancillary opportunity. Second, while the literature has discussed that the seizing capability involves exploiting opportunities by using resources, we identified that intermediaries leverage ‘business model co-creation capability’ for seizing. This predominantly consists of them co-creating – with the stakeholders of SMEs (i.e. customers, suppliers, and competitors) – the business models of SMEs for digital transformation. Third, as a transformation capability, intermediaries leverage ‘ecosystem revamping capability’ for continued and scaled-up SME digital transformation, the capabilities associated with which include altering opportunity and ecosystem structures, bridging inter-ecosystem collaborations, and deploying international best practices. Our finding has implications for intermediaries, SMEs, and policymakers keen to enhance SME digital transformation by enabling intermediaries to develop required dynamic capabilities.",Co-creation; Digital transformation; Dynamic capabilities; Intermediaries; SMEs,2025,41,10.1016/j.lrp.2025.102525,Hafeez S.,Long Range Planning,2-s2.0-86000605770
The Role of IT and Organizational Capabilities on Digital Business Value,"The opportunities and threats that digital technologies like SMACIT (Social, Mobile, Analytics, Cloud and Internet of Things) bring to organizations are increasingly being explored by the academia and industry. Organizations face the challenge not only to use new technologies but to gain competitive advantage from such embracement in order to stay relevant in the market. This study aims to provide practical insights on how Small and Medium Enterprises (SMEs) can prepare to embrace Digital Technologies. For this, it proposes that a combination of both IT and Organizational capabilities can be the foundation for achieving Business Value with Digital Technologies or “Digital Business Value”. IT capabilities are evaluated by the IT capability maturity framework (IT-CMF) and Organizational Intelligence Quotient (Mendelson and Pillai, 1999) is used to evaluate organizational capabilities. Digital Business Value is defined as the achievement of business objectives using Digital Technologies (Riera & Iijima, 2017). The target population was one hundred Japanese SMEs which were awarded by The Ministry of Economy, Trade and Industry due to their effective utilization of IT supporting business performance in the list of “Competitive IT Strategy SME Selection 100” over the years 2015, 2016 and 2017. Data collection was done with questionnaires sent to all the awarded organizations and collected 34 responses. A quantitative approach was used and the data analysis was done with correlation and regression analysis. Empirical evidence demonstrated that IT and Organizational capabilities are linked to Digital Business Value. A subset of IT capabilities like Risk Management, Business Planning among others was indeed related to Digital Business Value. In addition, Internal Knowledge Dissemination and Continuous Innovation dimensions from Organizational IQ showed relationship with Digital Business Value. This study unveiled that the combination of IT and Organizational capabilities leverage the value from Digital technologies. The outcomes from this study may be of reference to SMEs that look to embrace Digital Technologies as it shows which particular capabilities may be of interest for developing. This study extends the Digital Transformation literature in particular how dynamic capabilities work together in order to enable Digital Business Value.",Digital Business Value; Dynamic Capabilities; IT Capabilities; Organization IQ; SME IT-CMF,2019,41,10.17705/1pais.11204,Riera C.,Pacific Asia Journal of the Association for Information Systems,2-s2.0-85089272435
Exploring digital transformation strategy to achieve SMEs resilience and antifragility: a systematic literature review,"Nowadays, the business environment has become more dynamic, making survival issues more challenging for small and medium enterprises (SMEs). Academic literature proposes digital transformation as a facilitator for SMEs to generate resilience and antifragility to overcome this challenge. However, SMEs need appropriate strategies to be successful in their digital transformation journey. This study aims to construct a digital transformation strategy framework for SMEs to generate resilience and antifragility. We use systematic literature review (SLR) to capture critical knowledge from the published literature. The primary articles were analyzed using thematic analysis with Wolcott’s (1994) procedure to construct the framework based on the primary studies. We found the critical values SMEs need to achieve successful digital transformation, including dynamic capabilities, digital capability, digital inclusion, leadership orientation, learning and knowledge management, and collaboration. However, SMEs need a deeper level of learning, higher digital capability, flexibility, and agility to be antifragile. Furthermore, we found that dynamic capabilities are the leading theory used to describe and investigate how a firm generates successful transformation. Finally, this study proposes a conceptual framework for digital transformation strategies to generate SME resilience and antifragile by connecting theory and practical concepts. It also suggests future research agendas.",antifragility; D81; digital strategy; digital transformation; information systems; L26; M15; resilience; small business; SME,2025,40,10.1080/08276331.2024.2392080,Sagala G.H.,Journal of Small Business and Entrepreneurship,2-s2.0-105002266482
Dynamic capabilities for digital transformation in an enterprise business,"Purpose: Digital transformation is a process in which organizations use technology as an essential resource to improve performance and increase market reach and results. Design/methodology/approach: This research aims to verify how dynamic capabilities are configured for the development of strategies and processes necessary for digital transformation. To this end, qualitative research of an exploratory nature was carried out, operationalized through in-depth individual interviews with a semi-structured approach with managers who occupy leadership positions, in addition to a documentary survey of the internal records of the analyzed organization. In data analysis, the content analysis technique was used. Findings: The main results of the research showed that the dynamic capabilities configured in sensing, seizing and reconfiguring contribute to leveraging digital transformation in the business studied through the reformulation of strategies to integrate and coordinate the implementation of new routines, investments in technological and human resources and actions to change culture with a focus on digital transformation considering the company’s stakeholders. Originality/value: This transformation affects business models, products, services and processes, as well as the review of strategies, organizational structures and management concepts.",Digital transformation; Dynamic capabilities; Reconfiguring; Seizing; Sensing,2025,40,10.1108/BIJ-12-2023-0864,Froehlich C.,Benchmarking,2-s2.0-85192247753
Capability building for digital transformation through design thinking,"Design Thinking has been used to tackle complex problems and guide innovation across several industries. Most studies have relied on recounting experiences of the application of design thinking at the project level rather than the organizational level. The relationships among design thinking, digital transformation, and dynamic capabilities have received attention in recent times. We conduct a longitudinal analysis for a hospital's innovation department that has been implementing design thinking as a comprehensive organizational approach for digital transformation and innovation for six years. We analyze design thinking adoption, its relation to other innovation initiatives, and its contribution in developing dynamic capabilities for digital transformation. The data collection comprises interviews, document analysis, and participant observations. We show that design thinking supports the development of digital transformation and innovation capabilities. Additionally, we elaborate on how design thinking has positively contributed to capability development for digital transformation and analyze how this process has evolved over time. We contribute to the limited literature on the impacts of the adoption of design thinking at an organizational level by establishing its foundation in theories of dynamic capabilities and digital transformation. For practitioners, this study elucidates how to lead an incumbent down the path of digital disruption.",Capabilities; Design thinking; Digital transformation; Digitalization; Dynamic capabilities; Healthcare,2024,40,10.1016/j.techfore.2023.122947,Oliveira M.,Technological Forecasting and Social Change,2-s2.0-85176220756
Digital twin implementation for performance improvement in process industries- A case study of food processing company,"In recent years, the emerging Digital Twin (DT) paradigm under Industry 4.0 has been attracting more attention from both practitioners and academia due to its dynamic capabilities. Most DT studies are theoretical and deal with hypothetical analysis, whereas fewer studies are available on real-life empirical cases. Due to dynamic problem-solving capabilities, DT technologies are widely used in performance improvement analysis in food processing companies (FPC) despite limited implication’s for business strategies. Our study incorporates the DT technologies with an implementation case study on FPC and accomplishes the real-life problem of the food processing company (FPC). Moreover, the proposed DT research framework demonstrates the various DT implementation stages, such as strategic mapping and physical-virtual space replica, with rigorous analysis. The results show that DT enhances the existing system’s machine availability, allocation efficiency, technical efficiency, worker efficiency, utilization rate, effectiveness, step ratio, and throughput rate. The proposed physical-virtual interface model is executed using AnyLogic software with JAVA-enabled programming.",data-driven design; digital transformation; Digital twin; Industrial internet of things; physical-virtual interface; simulation,2023,40,10.1080/00207543.2022.2104181,Maheshwari P.,International Journal of Production Research,2-s2.0-85175677049
How and when does digital transformation promote technological innovation performance? A study of Chinese high-tech firms,"Digital transformation and technological innovations are crucial responses of firms to external competitive dynamics; however, the complex relationship between them remains underexplored and contentious. Drawing on the dynamic capability view, we postulate that digital transformation influences technological innovations by alleviating internal information asymmetry and altering organizational resource distribution, thereby addressing routine and resource rigidities in the transformation process. To further explore the potential crowding-out effect of digital transformation on technological innovation, we designed a set of heterogeneity analyses based on contextual conditions surrounding resources accessible to firms. We examined these relationships using double fixed-effects and mediation models, based on a comprehensive panel dataset of 19 high-tech industries in China, spanning the years 2010–2021. Our results indicate that digital transformation promotes the quantity, quality, and efficiency of technological innovations, with a comparatively greater influence on the former two. These effects are mediated by internal information asymmetry and R&D intensity. Furthermore, the positive and significant effect of digital transformation is evident among firms located in the Eastern region of China and those that are profitable, but becomes negligible among loss-making firms. We conducted a series of robustness checks to validate the results and discussed their theoretical and practical implications.",Digital transformation; Dynamic capability view; High-tech firms; Internal information asymmetry; R&D intensity; Technological innovation performance,2025,40,10.1016/j.technovation.2025.103294,Xu Y.,Technovation,2-s2.0-105008128273
“Better together”: Right blend of business strategy and digital transformation strategies,"Despite the growth of digital transformation (DT) research, exactly how business strategy relationships lead to the successful implementation of digital transformation strategy (DTS) is not yet clearly understood. Although interest in investigating DT strategy in a broader manner is evident, little attention has been given to the dimensions needed to build DTS. To address this knowledge gap, our study offers a theoretical framework that explores how firms having different business strategies develop and successfully implement their own DTS. We position our proposed framework through the lens of strategic choice and dynamic capability theories and investigate how the four dimensions of DTS (the use of technologies, changes in value creation, structural changes and financial aspect) lead to open innovation, firm performance, and competitive advantage. The study validates our theoretical model using 215 responses from a survey with Bangladeshi organizations and tests the research hypotheses using structural equation modelling. Our results reveal that business strategy is a very important determinant of implementing DTS. Specifically, prospectors are associated with better use of technologies, changes in value creation, structural changes, and financial aspects, than defenders. Also, prospectors are associated with better implementation of DT than defenders. Lastly, DT implementation positively influences open innovation, firm performance, and competitive advantage. This study contributes to both theory and practice by carving out the dimensions of DTS that lead to enhanced performance outcomes.",Business strategy; Digital transformation implementation; Digital transformation strategy; Dynamic capability view; Structural equation modelling,2023,38,10.1016/j.ijpe.2023.109040,Mishra D.B.,International Journal of Production Economics,2-s2.0-85171695918
"Influence of supply chain digitalization on supply chain agility, resilience and performance: environmental dynamism as a moderator","Purpose: This study aims to examine the impact of supply chain digitalization (SCD) on supply chain performance (SCP) with the integration of supply chain agility (SCA) and supply chain resilience (SCR) in manufacturing firms. Additionally, it investigates the moderating role of environmental dynamism (ED) in these relationships in the context of manufacturing firms. Design/methodology/approach: A quantitative research design was employed, utilizing a structured questionnaire to collect data. The sample consisted of 374 valid responses from various managerial levels within manufacturing firms in Jordan. A purposive sampling technique was used to ensure that participants had relevant expertise in supply chain management. The data were analyzed using structural equation modeling (SEM) through Smart PLS software to test the proposed hypotheses. Findings: The study found that SCD positively impacts SCP by enhancing both SCA and SCR. Digital technologies were shown to improve supply chain visibility, speed of decision-making and resource efficiency, which are essential for maintaining performance under uncertain conditions. Furthermore, ED significantly moderates the relationship between digitalization and SCP, indicating that the benefits of digitalization on SCA and SCR are more pronounced in highly dynamic environments. Originality/value: This study contributes to the literature by offering an investigation on the role of SCD in influencing SCA, SCR and ultimately SCP in manufacturing firms. It also sheds light on the moderating effect of ED, providing a deeper understanding of the conditions under which digital transformation in supply chains is most beneficial. The study was based on three theoretical foundations: the resource-based view (RBV), the dynamic capabilities theory (DCT) and the contingency theory (CT).",Digitalization; Environmental dynamism; Supply chain agility; Supply chain management; Supply chain performance; Supply chain resilience,2025,38,10.1108/JMTM-08-2024-0423,Jum'a L.,Journal of Manufacturing Technology Management,2-s2.0-85219030204
Role of digital transformation for sustainable competitive advantage of SMEs: a systematic literature review,"The digital revolution has fundamentally changed how businesses create value. Small and medium enterprises (SMEs), with their limited resources, must adapt to this new landscape to maintain a competitive edge through digital transformation (DT). This paper explores how SMEs can build sustainable competitive advantage (SCA) via DT. Using the WOS Core Collection database, we conducted a comprehensive review and bibliometric analysis, examining 1,856 articles on SCA, with a detailed focus on 57 that specifically address DT. The findings show that DT enhances SMEs’ innovation and dynamic capabilities, helping them overcome resource constraints and better respond to market shifts. Key digital technologies such as big data, artificial intelligence, and digital platforms are crucial in driving these results. Practical insights are also offered for SMEs managers to tailor digital strategies, optimize operations, and build SCA.",Digital strategy; Digital transformation; Management of technology & innovation; Small and medium enterprises (SMEs); Small business management; Strategic management; Sustainable competitive advantage; Systematic literature review,2024,37,10.1080/23311975.2024.2419489,Lu H.,Cogent Business and Management,2-s2.0-85207506520
"Ambidextrous knowledge accumulation, dynamic capability and manufacturing digital transformation in China","Purpose: Existing studies have paid less attention to the impact of knowledge accumulation on digital transformation and its boundary conditions. Hence, this study aims to investigate the effects of ambidextrous knowledge accumulation on manufacturing digital transformation under the moderation of dynamic capability. Design/methodology/approach: This study divides knowledge accumulation into exploratory and exploitative knowledge accumulation and divides dynamic capability into alliance management capability and new product development capability. To clarify the relationship among ambidextrous knowledge accumulation, dynamic capability and manufacturing digital transformation, the authors collect data from 421 Chinese listed manufacturing enterprises from 2016 to 2020 and perform analysis by multiple hierarchical regression method, heterogeneity test and robustness analysis. Findings: The empirical results show that both exploratory and exploitative knowledge accumulation can significantly promote manufacturing digital transformation. Keeping ambidextrous knowledge accumulation in parallel is more conducive than keeping single-dimensional knowledge accumulation. Besides, dynamic capability positively moderates the relationship between ambidextrous knowledge accumulation and manufacturing digital transformation. Moreover, the heterogeneity test shows that the impact of ambidextrous knowledge accumulation and dynamic capabilities on manufacturing digital transformation varies widely across different industry segments or different regions. Originality/value: First, this paper shifts attention to the role of ambidextrous knowledge accumulation in manufacturing digital transformation and expands the connotation and extension of knowledge accumulation. Second, this study reveals that dynamic capability is a vital driver of digital transformation, which corroborates the previous findings of dynamic capability as an important driver and contributes to enriching the knowledge management literature. Third, this paper provides a comprehensive micro measurement of ambidextrous knowledge accumulation and digital transformation based on the development characteristics of the digital economy era, which provides a theoretical basis for subsequent research.",Dynamic capability; Exploitative knowledge accumulation; Exploratory knowledge accumulation; Manufacturing digital transformation,2024,37,10.1108/JKM-09-2022-0717,Qi Y.,Journal of Knowledge Management,2-s2.0-85189632616
Digital sustainable business model innovation: applying dynamic capabilities approach (DSBMI-DC),"Purpose: How to respond to social and environmental concerns while pursuing economic goals remained a dilemma for today’s businesses. Besides, the digital revolution has profoundly changed people's lifestyles, turning out the challenge of how to present products and services to the new generations of consumers through emerging digital channels. To overcome these challenges, a business needs to rely on its internal capabilities but must make them dynamic and modify them, when necessary, in response to or anticipation of external changes. This study aims to propose a model for business model innovation (BMI) with the goal of pursuing sustainability and adapting to the changes of the digital age pursuing dynamic capabilities principles. Design/methodology/approach: This study followed a mixed-method design, using meta-synthesis in its first phase (qualitative) and interpretive structural modelling in its second phase (quantitative). Findings: The proposed model consists of four layers including approach, aspect, dimension and component. Based on quantitative results, the 16 dimensions were categorised in four main levels of “sustainable computing”, “sustainable execution”, “sustainable engagement” and “sustainable results”. Considering sustainability and digital transformation as main change drivers for contemporary businesses, this paper proposes a novel framework in the field of BMI. Originality/value: The results of this study suggest that BMI requires not only proper business design based on social and environmental sustainability and digital transformation requirements but also attention to a new component called sustainable engagement, which represents the need for engaging with social and environmental issues in addition to customers.",Business model innovation; Digital transformation; Dynamic capabilities; Sustainability,2023,36,10.1108/FS-02-2022-0012,Hajiheydari N.,Foresight,2-s2.0-85129842459
Pathway towards SME competitiveness: Digital capability and digital business model innovation,"Digital transformation has irrevocably redefined the landscape of contemporary business operations, heralding a new era in which DBMI has emerged as a critical strategic lever for competitive survival. Anchored on the dynamic capabilities theory, present study aims to meticulously investigates the influence of digital capability (antecedent) on DBMI and a keen focus on how DBMI, in turn, influences SME competitiveness (outcome). By adopting purposive sampling approach, data were collected from 132 SMEs representatives holding management positions in Malaysia using Google Form. The PLS-SEM analysis was rigorously carried out to verify the proposed hypotheses. The empirical findings illustrate that digital capability positively affects all components of DBMI. Of these, value creation, value proposition, and value capture innovation significantly bolster SME competitiveness, whereas value delivery innovation does not exhibit a similar effect. Considering the scarcity of empirical research on the antecedents and outcomes of DBMI, this study contributes to the theory of dynamic capabilities and improves the current literature on DBMI by providing empirical insights from Malaysian SMEs context. By affirming the role of digital capability and elucidating how DBMI can enhance competitiveness, the findings offer actionable guidance for SMEs navigating the complexities of a volatile business environment. Since this study focuses specifically on Malaysian SMEs within emerging economies, it paves the way for future investigations in developed economies and diverse regional contexts to further validate and expand upon the relationships identified between DBMI antecedents and outcomes.",Business model change; Competitive advantage; Digital transformation; Digitization; Dynamic capability,2024,36,10.1016/j.techsoc.2024.102728,Fang T.M.,Technology in Society,2-s2.0-85205595350
Organizational Strategic Intuition for High Performance: The Role of Knowledge-Based Dynamic Capabilities and Digital Transformation,"This study investigated the role of organizational strategic intuition (OSI) and relationships with knowledge-based dynamic capabilities (KBDCs), digital transformation (DT), and high-performance organizations (HPOs). This quantitative study used a questionnaire to collect data from chief executive officers (CEOs) and engineers of various companies in the auto parts industry, a crucial income-generator for Thailand. Partial least squares structural equation modeling, which assesses reflective and structural models, was adopted to test the hypotheses. The findings revealed significant influences among the six pairs of constructed relationships. Indeed, investigations found in this study indicated that (1) KBDCs had a positive effect on DT; (2) KBDCs and DT had a positive effect on OSI; and (3) KBDCs, DT, and OSI had a positive effect on HPOs. The analytical results of this empirical study also provided information to expand the knowledge of strategic intuition (SI). The practical contribution of this study is a consolidated comprehensive framework of OSI that contained vital insights for CEOs, policymakers, and practitioners to support the creation of OSI, leading to better strategic decisions.",digital transformation; high-performance organization; knowledge-based dynamic capabilities; open innovation; organizational strategic intuition; strategic intuition,2022,35,10.3390/joitmc8030117,Songkajorn Y.,Journal of Open Innovation Technology Market and Complexity,2-s2.0-85138708914
Reconfiguration of Technological and Innovation Capabilities in Mexican SMEs: Effective Strategies for Corporate Performance in Emerging Economies,"Latin American SMEs currently have serious financial and technological limitations. These problems have generated poor progress in technological digitization, innovation management, and corporate performance. The purpose of this research is to first analyze the direct effect that digitalization has on the management of innovation and corporate performance of Mexican SMEs. Secondly, the moderating effect that technological barriers have on the digitization, innovation, and results of the corporate performances of Mexican SMEs is examined. This study compiles information from a sample of 4121 managers of SMEs in the service trade and manufacturing sector. The information collection technique was through a personal interview (online questionnaire) addressed to the owner and/or manager of the SMEs through the LimeSurvey Professional platform. The fieldwork was carried out during the months of January to July of the year 2022. The structural equations model (SEM) was used for data analysis, specifically with the statistical technique of analysis of variance through the partial least square (PLS). The findings revealed that digitization has positive and significant effects on innovation management and corporate performance. In addition, the results indicate that the barriers to digitalization as a moderating variable have been impeding development and digital transformation and reducing the results of innovation and corporate performance of Mexican SMEs. This study contributes to the development of dynamic capabilities theory.",digital; innovation; performance; SMEs,2023,35,10.3390/admsci13010015,Valdez-Juárez L.E.,Administrative Sciences,2-s2.0-85146819851
Key CDO functions for successful digital transformation: Insights from a Delphi study,"Given that the Chief Digital Office (CDO) is a new business position, it is not yet clear what the key functions they must develop to successfully undertake the company digital transformation process. Although previous literature has tentatively covered this issue, there are still gaps in knowledge about which functions are truly relevant. The aim of this paper is to fill this gap by (1) clarifying the key CDO functions through a Delphi study, validated by a digital dynamic capabilities (DDC) framework (Warner and Wäger 2019), and (2) presenting a measurement instrument useful for assessing the degree of the key CDO functions performance. The findings highlight that key CDO functions are those mainly related to the ability to scan the external environment for unexpected digital trends. In contrast, there is an interesting agreement not to consider CDO responsible for maintaining and advancing the current IT infrastructure and architecture. Our study contributes to understanding the role of a new emergent Csuite position that strategically integrates business and technological knowledge in successfully managing the digital transformation process.",Chief digital officer; Delphi study; Digital transformation; Measurement instrument,2022,35,10.1016/j.techfore.2022.121773,Berbel-Vera J.,Technological Forecasting and Social Change,2-s2.0-85131461423
Digital transformation by enabling strategic capabilities in the context of “BRICS”,"Purpose: This study characterizes the scenario of emerging countries (ECs) – “Brazil, Russia, India, China and South Africa (BRICS)” concerning digital transformation and its association with the Industry 4.0 (I4.0) value creation system. For such, the authors developed a discussion paper based on content analysis of 857 journals in business administration, describing in a proposed framework the institutionalization “BRICS” policies that nurture global competitiveness among ECs and development needs to catching up. Design/methodology/approach: Data from 16 official documents of government, ministries and economic studies were analyzed by applying Atlas TI contrasting theory of 875 papers to develop and discuss the framework. Content analysis showed research gaps, technological needs and governance to enable firms to sustain competitive advantages applying I4.0 value creation system. Results converged into a microfoundation of the agile journey of a digital transformation to global organizations in between BRICS. Findings: This paper's central question is to understand: How can organizations achieve a sustainable I4.0 value creation system adopting digital transformation in “BRICS”? The reduced transaction costs driven by platforms and ecosystems orchestration and the related or integrated multiple level sources of knowledge could speed benefits of domestic firms and subsidiaries of global organizations. Research gaps could be understood by a new combination of resources and knowledge, exploiting technologies and, also, the discussion of social economic relevance of I4.0. Research limitations/implications: Because of the complexity and the novelty of the framework, further studies could be discussed by its elements. New structures and paths for alternative strategic factors may be proposed in the future with the inclusion of new relationships in the adoption of platform business models and ecosystems. Future studies should consider digital knowledge-based assets attained to economic activities across national boundaries; data analytics or data-driven technology adoption and their effects on global attractiveness. Practical implications: The paper implicates in evaluating whether dynamic capabilities subsidize performance propitiating the catching up with a focus on the I4.0 system and digital transformation management journey. The proposed framework demonstrates the benefits of digital transformation by enabling strategic capabilities, making efforts to reduce a lack of research paths concerning the policy attributes that define the platform use strategy from an architectural standpoint and its benefits. Social implications: The particularities of turning either an I4.0 global organization or a digital organization operate in various environments, allowing access to the activities' digital context. Social implications concerning digital resources as strategic accelerators are determined by the BRICS peculiarities, such as social behavior, consumerism or communication pattern, leadership and workforce skills. Finally, political aspects and interference in the economy are deployed in society what must be considered. Originality/value: This paper proposes a conceptual framework to better understand whether the heterogeneity of resources could explain I4.0 and digital configurations, while new platforms have driven features in global industrial environments and ecosystems. The seizing opportunities in these countries and sense-making use of platforms and orchestration of ecosystems are found as the critical topics being the main value of this important discussion.",4.0 industry; Digital transformation; Emerging countries; Strategic capabilities,2021,34,10.1108/REGE-12-2020-0154,Andrade C.R.D.,Revista De Gestao,2-s2.0-85122157457
"The interplay of digital transformation, agility, environmental volatility, and innovation to spur enterprise performance: Evidence from Chinese electric vehicle firms","Given the rapid growth of China's electric vehicle (EV) industry, with sales expected to reach over 10 million units annually by 2025, there is an urgent need to understand how digital logistics, supply chain agility, and innovation can drive sustainable performance amidst increasing environmental volatility. This study utilises the dynamic capability theory and proposes a framework that examines the interplay between digital transformation, agility, dual innovation, environmental volatility, and enterprise performance. A survey was circulated among the managers working in the EV industry. We received 197 responses. The data was analysed using Smart PLS software using structural equation modelling (SEM). The findings reveal that digital transformation has significant positive relationships with enterprise performance, agile capability, and innovation capability. Additionally, agile and innovation capabilities have positive effects on enterprise performance. The study recommends investment in digital transformation programs and fostering an agile, innovative culture in the EV industry.",Agile Capability; Digital transformation; Enterprise Performance; Innovation Capability,2024,34,10.1016/j.joitmc.2024.100408,Panichakarn B.,Journal of Open Innovation Technology Market and Complexity,2-s2.0-85207715570
Implementing Vital Dynamic Capabilities to Succeed in Digital Transformation: A Multiple-Case Study in Maritime Container Shipping,"Dynamic capabilities (DCs) were found to be a success factor in maritime container shipping (MCS) regarding the volatile future, leading to competitive advantages in digital transformation (DT) efforts. Despite its relevance, it remains unclear which DCs are vital for incumbent maritime organizations to succeed in DT and how DCs need to be implemented to enable DT. Referring to this research gap, this article is the first to empirically classify digital sensing, seizing, and transforming capabilities and uncover antecedents relevant to these capabilities. Thereby, we initially combine the DCs view with DT efforts in MCS, providing valuable insights for decision-makers in port authorities, carriers, and freight forwarders. Answers were sought through a cross-case analysis involving 26 experts along the maritime supply chain. The findings highlight strategic agility, innovation ecosystems, and the redesign of organizational structures the most vital second-order concepts for succeeding in DT in MCS. Implementing the identified DCs in MCS is of considerable strategic relevance, advancing the transformation of MCS into a digitalized, efficient, and sustainable industry that preliminary provides service-based offers to its customers. Consequently, this article presents a strategic basis for adapting DT roadmaps and investments in MCS, preparing incumbent MCS organizations for the digital future.",Container; digital seizing; digital sensing; digital transforming (DT); digitalization; dynamic capabilities (DCs); freight transportation; maritime,2024,34,10.1109/TEM.2022.3201770,Wohlleber A.J.,IEEE Transactions on Engineering Management,2-s2.0-85139439107
The impact of dynamic capabilities on enterprise agility: The intervening roles of digital transformation and IT alignment,"The purpose of this study is to investigate the impact of dynamic capabilities on enterprise agility through the mediating effect of IT alignment and the moderating influence of digital transformation. Using a quantitative survey strategy, data were collected from 236 respondents from UAE firms and analysed through a non-linear structural equation modelling approach, partial least squares (PLS-SEM). The study ’s findings indicate that firms’ transforming, sensing and seizing capabilities enhance enterprise agility, respectively. However, only transforming and seizing increase IT alignment, which in turn improved agility. Also, digital transformation was found to moderate the link between transforming and enterprise agility, while IT allignment acted as a mediator. The study offers novel evidence uncovering the mechanism whereby sub-dimensional dynamic capabilities impact enterprise agility. Precisely, it provides fresh evidence on the critical intervening roles of digital transformation and IT alignment in the UAE context.",Digital transformation; Dynamic capability; Enterprise agility; IT alignment,2024,34,10.1016/j.joitmc.2024.100266,Al Jabri M.A.,Journal of Open Innovation Technology Market and Complexity,2-s2.0-85190338150
Digital transformation enablers in high-tech and low-tech companies: A comparative analysis,"Digital transformation (DT) is a complex, socio-technical, strategic, and often radical change influenced by various aspects, among which non-technological, organizational factors play significant roles. The literature on DT enablers suggests sensitivity to the organizational context, especially to the technology intensity of companies. This article analyzes the variations in non-technological DT enablers in high-tech and low-tech manufacturing companies. Through a systematic literature review, using coding techniques and cluster analysis, we created 20 aggregated enabler categories. With the Decision Making Trial and Evaluation Laboratory (DEMATEL) method, clustered DT enablers in high-tech and low-tech companies were compared. High-tech companies enable DT with the factors related primarily to organizational flexibility and dynamism. In contrast, low-tech firms propel DT with the enablers connected to more stable, traditional, managerial practices. JEL Classification: 031 and 032",Cluster analysis; DEMATEL; digital transformation; dynamic capability; manufacturing transformation; organizational flexibility; technology intensity; transformation enablers,2023,34,10.1177/03128962231157102,Sergei T.,Australian Journal of Management,2-s2.0-85150915978
Strategic human resource management in the digital economy era: an empirical study of challenges and opportunities among MSMEs and startups in Indonesia,"This study investigates the impact of digital Human Resource Management (HRM) strategies on workforce productivity and organizational performance within Micro, Small, and Medium Enterprises (MSMEs) and startups in Indonesia. Anchored in the Resource-Based View (RBV) and Dynamic Capabilities Theory, the research conceptualizes digital HRM as a strategic asset that enhances organizational performance by enabling firms to develop, deploy, and reconfigure human capital capabilities in response to digital transformation. The conceptual model includes five constructs: Digital Technology Adoption in HRM, Digital Training and Development, Work Flexibility and Hybrid Management, Innovation in Recruitment and Retention, and Utilization of HR Analytics and Artificial Intelligence (AI). Data were collected through structured questionnaires distributed to MSME and startup leaders and analyzed using Structural Equation Modeling (SEM) with Smart PLS. The results indicate that Digital Technology Adoption, Digital Training and Development, and Work Flexibility do not significantly influence workforce productivity or organizational performance (p > 0.05). However, Innovation in Recruitment and Retention and the Utilization of HR Analytics and AI have a significant and positive impact on both workforce productivity and performance outcomes (p = 0.000). These findings highlight that while not all digital HR strategies yield immediate benefits, the ability to build dynamic capabilities through innovative talent practices and data-driven HR systems is essential to achieving competitive advantage and organizational success in the digital economy.","Business, Management and Accounting; digital economy; Digital human resource management; digital technology; Economics; Education Studies; HR analytics; Human Resource Management; MSMEs; organizational performance; startups; workforce productivity",2025,33,10.1080/23311975.2025.2528436,Alexandro R.,Cogent Business and Management,2-s2.0-105010070120
Industry 4.0-driven business model innovation for supply chain sustainability: An exploratory case study,"In the rapidly evolving landscape of the automotive industry, firms are increasingly turning to advanced Industry 4.0 (I4.0) technologies to drive innovation and sustainability. While I4.0 technologies hold immense potential for Business Model Innovation (BMI) and supply chain (SC) sustainability, a gap exists in understanding how firms can leverage BMI and SCS effectively. This study addresses this gap and explores the impact of implementing I4.0 on BMI and its effects on SC sustainability. Utilizing an exploratory case study approach, the research investigates an Indian automobile SC and highlights how I4.0 technologies such as IoT, cloud computing, additive manufacturing, analytics, and automation contribute to BMI, enhancing operational efficiency and SC sustainability. Additionally, the study emphasizes the importance of fostering collaboration among SC entities and the need for support from large-scale manufacturers for the initial adoption of I4.0 technologies at the small-scale supplier level. Based on these findings, the study develops the ‘I4.0-enabled BMI for SC Sustainability’ framework, providing a structured approach for integrating I4.0 and BMI to enhance SC sustainability. This research investigates and applies Dynamic Capability (DC) theory to examine I4.0 transformations and contributes to DC theory by demonstrating how I4.0 facilitates BMI across the value chain, leading to improved sustainability performance.",business model innovation; digital transformation; dynamic capability; Indian automotive industry; industry 4.0; sustainability,2025,33,10.1002/bse.3970,Krishnan R.,Business Strategy and the Environment,2-s2.0-85205664175
Using dynamic capabilities to cope with digital transformation and boost innovation in traditional banks,"Financial institutions operate in a competitive, complex, and uncertain environment. A series of changes—many accelerated by the COVID-19 pandemic—demand innovative movements from the organizations that operate in the sector. The emergence of new business models (e.g., fintecs) requires a realignment of the capabilities of traditional organizations, such as banks. Indeed, internal adaptations and the formulation of market strategies focused on a digital user are part of the current narrative. But how can it be executed? This article explores the relationship between dynamic capabilities and digital transformation. In summary, we present insights about how dynamic capabilities can drive innovation in traditional financial institutions based on the challenges brought by digital transformation. Starting from a Brazilian case study, we identified that external and internal contextual factors—especially the political-legal environment and cultural and governance issues—are necessary for stimulating the dynamic capabilities that should be addressed for digital transformation. Finally, we propose a framework that summarizes how dynamic capabilities enable the guidance of traditional banks amid challenges caused by digital transformation.",Digital transformation; Dynamic capabilities; Organizational resilience; Technology disruption,2024,32,10.1016/j.bushor.2024.03.006,de Paula Pereira G.,Business Horizons,2-s2.0-85190732601
"Managing Technological Innovation: Dynamic Capabilities, Collaborative Innovation, and Born-Digital SMEs' Performance","In contrast to the digital transformation of the incumbents, born-digital small- and medium-sized enterprises (SMEs) embrace digital logic in the organization's design, processes, and governance from the very start. So far, scholars have focused on the digital transformation of the incumbents; thus, little is known about how dynamic capabilities, collaborative innovation, and firm performance interact in the context of born-digital SMEs - a new generation of digital firms with no legacy of the incumbent firm. Therefore, the study's research question is how dynamic capabilities and collaborative innovation affect the performance of born-digital SMEs. We aim to investigate the impact of the dynamic capabilities of born-digital SMEs on their performance when collaborative innovations mediate it. The empirical research was based on 268 complete viable responses from born-digital SMEs in the U.S., Sweden, and Lithuania. The study results show that dynamic capabilities' effect on born-digital SMEs' performance is more potent when mediated by collaborative innovations. Furthermore, the study highlights that although the impact of dynamic capabilities on partnership networks and relational collaboration is significant, only relational collaboration significantly affects the performance of born-digital SMEs. Our study contributes to the management of technology literature by advancing knowledge on dynamic capabilities and collaborative innovation of born-digital SMEs. In addition, we are exposing the limited role of partnership networks in born-digital SMEs' superior performance and spotlighting the significance of relational collaboration - cocreating innovative products and services and sharing the cocreated value among the relevant partners.",Born-digital; collaborative innovation; dynamic capabilities; performance; relational collaboration; small- and medium-sized enterprise (SME),2024,32,10.1109/TEM.2023.3281722,Pundziene A.,IEEE Transactions on Engineering Management,2-s2.0-85162690230
Scaling organizational agility: key insights from an incumbent firm's agile transformation,"Purpose: This paper aims to examine the key challenges experienced and lessons learned when organizations undergo large-scale agile transformations and seeks to answer the question of how incumbent firms achieve agility at scale. Design/methodology/approach: Building on a case study of a multinational corporation seeking to scale up agility, the authors combined 36 semistructured interviews with secondary data from the organization to analyze its transformation since the early planning period. Findings: The results show how incumbent firms develop and successfully integrate agility-enhancing capabilities to sense, seize and transform in times of digital transformation and rapid change. The findings highlight how agility can be established initially at the divisional level, namely with a key accelerator in the form of a center of competence, and later prepared to be scaled up across the organization. Moreover, the authors abstract and organize the findings according to the dynamic capabilities framework and offer propositions of how companies can achieve organizational agility by scaling up agility from a divisional to an organizational level. Practical implications: Along with in-depth insights into agile transformations, this article provides practitioners with guidance for developing agility-enhancing capabilities within incumbent organizations and creating, scaling and managing agility across them. Originality/value: Examining the case of a multinational corporation's exceptional, pioneering effort to scale agility, this article addresses the strategic importance of agility and explains how organizational agility can serve incumbent firms in industries characterized by uncertainty and intense competition.",Agile scaling; Agile transformation; Case study; Dynamic capability; Organizational agility; Organizational challenge,2025,32,10.1108/MD-05-2022-0650,Hutter K.,Management Decision,2-s2.0-85150395175
Digital Transformation and Firm Sustainable Growth: The Moderating Effects of Cross-border Search Capability and Managerial Digital Concern,"Digital transformation is critical to enhancing the firms’ sustainable growth, but this association is rarely explored, especially in the emerging market literature. Building upon the dynamic capabilities perspective, we address how digital transformation affects firms’ sustainable growth. Particularly, we examine the moderating effects of cross-border search capability and managerial digital concerns on the digital transformation and firms’ sustainable growth link. Using a survey dataset by 289 firms from Chinese manufacturing and service industries, we perform a hierarchical linear model (HLM) analysis to test our hypotheses. Our results reveal that (1) digital transformation positively enhance firms’ sustainable growth; (2) cross-border search capability moderates the effects of digital transformation on firms’ sustainable growth; and (3) managerial digital concerns moderate the effects of digital transformation on firms’ sustainable growth. Our findings illustrate how cross-border search and managerial digital concern matters in firms’ sustainable growth. It further extends the scope of digital transformation research.",Cross-border search capability; Digital transformation; Emerging market; Firm sustainable growth; Managerial digital concern,2023,32,10.1007/s13132-022-01083-x,Yao Q.,Journal of the Knowledge Economy,2-s2.0-85139953091
How does the adoption of digital technologies in supply chain management enhance supply chain performance? A mediated and moderated model,"The industry 4.0 revolution has changed how organizations operate in today's complex business environment. Organizations are increasingly adopting modern digital technologies to improve performance across different functions. The supply chain management (SCM) field has undergone radical transformations in recent years, particularly due to COVID-19, where organizations strive to improve their supply chain (SC) performance by adopting digital technologies in SCM. Using a resource-based view (RBV) and technology-organization-environment (TOE), the current study contributes to the current debate on the adoption of digital technologies to improve SC performance; the study also proposes the mediating roles of supply chain innovation and supply chain dynamic capabilities on the relationship between the adoption of digital technologies in SCM and SC performance. The study also stresses the moderating role of digital innovation capabilities if SC innovation and SC dynamic capabilities are to be improved by adopting digital technologies in SCM. Data is collected from 482 SMEs operating in different sectors of Pakistan, and structural equation modelling (SEM) through SmartPLS software is used to test the proposed hypotheses. The findings suggest that adoption of digital technologies in SCM significantly enhances SC innovation and performance for SMEs. However, the direct impact on dynamic capabilities remains limited, emphasizing the need for additional internal readiness and resources. Mediation analysis confirms the critical role of supply chain innovation in translating technological adoption into performance benefits, while dynamic capabilities show limited mediating effects. The study found that digital innovation capabilities do not significantly moderate the relationships between the adoption of digital technologies and supply chain innovation or dynamic capabilities. The study's practical implications encourage SMEs to leverage cost-effective digital tools for improved efficiency and competitiveness. Policymakers are advised to support SMEs with incentives to facilitate digital transformation, enabling resilience in dynamic market conditions.",Digital innovation capabilities; Digital technologies; Dynamic capabilities; Supply chain innovation; Supply chain management; Supply chain performance,2025,32,10.1016/j.techfore.2025.124225,Jam F.A.,Technological Forecasting and Social Change,2-s2.0-105008509649
Dynamic capability and open-source strategy in the age of digital transformation,"Today, Industry 4.0 technologies, such as Big Data analytics and mobile technologies, are forcing firms to seek new ways to create and deliver customer value. We argue that the Android project, one of the most successful open-source digital platforms, reflects a new business model in the age of digital transformation. In the Android community, application developers create and sell applications for the Android operating system provided by the open-source firm (Google), and share the profit with Google. Such an open-source strategy forces the open-source firm to give up the profits from selling the operating system to customers. A firm generally chooses an open-source strategy to increase its user network size. Using the concept of creative intensity, or the speed of idea generation, we offer a new explanation regarding the benefits of an open-source strategy in the age of digital transformation. We investigate how to enhance creative intensity and profit on the open-source digital platform. Our model suggests that an open-source strategy effectively manages the diminishing value of ideas and, thus, facilitates the dynamic capability of an open-source firm.",Creative intensity; Digital transformation; Dynamic capability; Open innovation; Open-source strategy,2021,31,10.3390/joitmc7030175,Fukawa N.,Journal of Open Innovation Technology Market and Complexity,2-s2.0-85111373249
Impact of entrepreneurial orientation and ESG on environmental performance: moderating impact of digital transformation and technological innovation as a mediating construct using Sobel test,"The purpose of this study is to analyze the impact of dimension of dynamic capabilities such as Entrepreneurial orientation (EO), technological innovation (TIN), and digital transformation (DT) and dimension of Stakeholder environment, society, and governance (ESG) practices on environmental performance (EP) in the handicraft industry. This study also investigates the mediating impact of dynamic capabilities such as Technological innovation (TIN) and Entrepreneurial orientation between ESG and EP and has applied the Sobel test. This study also checks the moderating impact of Digital transformation (DT) on EP through TIN. The Sobel test is most suitable for mediation analysis, whether partial or complete mediation. For this study, exploratory research methods, convenience sampling, and tools used a 5-point Likert scale. Therefore, the study was well suited to this type of experimental research, since it used the PLS–SEM path coefficient algorithm and PCA analysis software to examine several correlations simultaneously. A total of 150 respondents participated in this survey who were artisan’s new entrepreneurs and firm owners in the handicraft industry. Because of their outsized influence on emissions worldwide and consumption of resources, businesses worldwide have a responsibility to ensure environmental stability while also working to improve their practices to improve the craft industry as part of the small industry. These findings prove that by adopting ESG principles and Entrepreneurial orientation, the impact of technological innovation supports the environment's performance. The development of eco-friendly goods and procedures, the enhancement of craft productivity, and the evolution of sustainable development strategies are all greatly aided by digital transformation, technological innovation handicraft business environmental sustainability in the face of the escalating difficulties brought on by climate change. For verification and exploration of entrepreneurial orientation, technological innovation, Environmental performance, and environmental social and governance (ESG), this study is supported by the Dynamic capability theory (DCT), stakeholder theory, and especially ESG criteria. The research shows that firms' environmental performance can be significantly improved by emphasizing ESG factors and embracing technological advancements and entrepreneurial orientation.",Digital transformation; Entrepreneurial orientation; Environmental performance; ESG; Handicraft industry; MSME; Sustainable development; Technology innovation,2024,31,10.1186/s13731-024-00443-y,Yadav U.S.,Journal of Innovation and Entrepreneurship,2-s2.0-85209567100
Digital transformation using industry 4.0 technology by food and beverage companies in post COVID-19 period: from DCV and IDT perspective,"Purpose: This study aims to understand the influence of digital transformation, using Industry 4.0 technology, on food and beverage companies in the post-COVID-19 period. Design/methodology/approach: To achieve the aim of this study, the authors have used innovation diffusion theory (IDT), dynamic capability view (DCV) theory and relevant literature, to develop a conceptual model. For the data, we surveyed 14, different sized food and beverage companies in India and the authors took inputs from 312 respondents at those companies to validate the conceptual model using the PLS-SEM approach. Findings: The results from this study suggest that there is a considerable appetite for food and beverage companies to use Industry 4.0 technologies, as a part of their digital transformation journey in the post-COVID-19 scenario. Practical implications: Food and beverage companies are going through a digital transformation process, which has been accelerated after the COVID-19 pandemic. Managers and leaders of the food and beverage companies need to support activities to adopt Industry 4.0 technologies. Moreover, the leaders should sponsor various readiness and training programs so that their employees successfully adopt these modern technologies. Originality/value: This is a primary study on food and beverage companies that are using Industry 4.0 technologies or are in the process of digital transformation. The usage of both IDT and DCV to develop the unique conceptual model is an important contribution to the body of knowledge. Moreover, the proposed model has a high explanatory power, which makes the model effective.",COVID-19 pandemic; DCV; Digital transformation; Food and beverage companies; IDT; Industry 4.0,2024,31,10.1108/EJIM-07-2022-0374,Chatterjee S.,European Journal of Innovation Management,2-s2.0-85144185858
Dynamic Capabilities and Digital Transformation: Toward Strategic Planning in the Digital Age—Evidence from Palestine,"The concept of digital maturity has gained prominence in the context of digital transformation. It refers to an organization’s ability to effectively adapt to changing environments using digital technologies. At the same time, the dynamic capabilities of an organization play a crucial role in maintaining a competitive advantage. These capabilities allow organizations to integrate, build, and reconfigure competencies in response to market dynamics. Despite empirical evidence supporting the impact of dynamic capabilities on competitive advantage, there remains a need to explore the specific mechanisms driving this relationship. Moreover, in traditional industries experiencing digital disruption, understanding digital maturity as an intermediate outcome becomes essential. This study focuses on the Palestinian financial sector and investigates the significance of digital maturity in the context of dynamic capabilities. Primary data were collected through an online questionnaire survey, and a model was estimated through a SEM-PLS methodology. The results highlight a strong relationship between dynamic capability and competitive advantage. Thus, digital maturity plays a crucial role in enhancing strategic planning efficiency through the implementation of dynamic capabilities.",competitive advantage; digital maturity; digital transformation; dynamic capabilities; strategic planning,2025,31,10.3390/admsci15010021,Alrub Y.A.,Administrative Sciences,2-s2.0-85216001963
Artificial intelligence applications and corporate ESG performance,"This study examines how artificial intelligence (AI) adoption impacts corporate environmental, social, and governance (ESG) performance, using panel data from 22,953 Chinese listed firm-year observations spanning 2011–2023. We find that AI adoption significantly improves overall ESG performance by boosting all three individual environmental, social, and governance pillars. However, this positive effect is heterogeneous, proving most pronounced in large firms and those in non-heavily polluting industries, highlighting important boundary conditions. Further mechanism analysis identifies two pivotal channels—green innovation and supply chain efficiency—through which AI enhances ESG outcomes. Additionally, digital transformation positively moderates this relationship, indicating that firms with greater digital maturity benefit more substantially from AI applications. This research integrates the Resource-Based View, stakeholder theory, and dynamic capabilities theory to deepen the theoretical understanding of technology-driven corporate sustainability. Findings provide nuanced guidance for policymakers and corporate leaders seeking to leverage AI technologies effectively to meet sustainability objectives while considering critical firm-level and industry contexts.",Artificial intelligence; Digital transformation; ESG performance; Green innovation; Supply chain efficiency,2025,31,10.1016/j.iref.2025.104559,Liu Y.,International Review of Economics and Finance,2-s2.0-105015352504
Sustainable competitive advantage under digital transformation: an eco-strategy perspective,"Purpose: This study aims to investigate how a firm’s sustainable competitive advantage is influenced by the combination of entrepreneurial ecological orientation, digital transformation and dynamic capabilities. Design/methodology/approach: Based on the qualitative comparative analysis method, this study systematically explores the significant key conditions and configuration effects that affect the growth of sustainable competitive advantage. This study uncovers the causal relationship and complex mechanisms underlying the sustainable and unsustainable competitive advantages for new ventures, by examining the grouping effects of the above three factors – entrepreneurial ecological orientation, digital transformation and dynamic capabilities on those advantages. Findings: A single factor fails to constitute a necessary condition for sustainable competitive advantage. Three types of configurations are beneficial to sustainable competitive advantage, namely, flexible and responsive type, dynamically adjusted type and type of opportunity resource integration, whereas four types of configurations lead to the unsustainable competitive advantage of new ventures, namely, type of organizational rigidity, informal entrepreneurial type, information-blocking type and technology-deficient type. Originality/value: According to this study, adopting an entrepreneurial ecological orientation is a novel strategic move. This study offers an extensive review of three aspects of entrepreneurial ecological orientation, dynamic capacities and digital transformation and their mutually synergistic cascading effects on the sustainable competitive advantage of new ventures. This study investigates how three dimensions interact to achieve sustainable competitive advantage for firms, ultimately contributing to the study of sustainable competitive advantage strategies from an entrepreneurial ecosystem perspective.",Digital transformation; Dynamic capabilities; Entrepreneurial ecological orientation; Fuzzy set qualitative comparative analysis (fsQCA); Sustainable competitive advantage,2025,30,10.1108/CMS-01-2024-0077,Du X.,Chinese Management Studies,2-s2.0-85197292227
Food supply chain resilience through digital transformation: a mixed-method approach,"Purpose: This study aims to explore the relationship between digital transformation and resilience development in the Australian food supply chain (FSC), and identify the contribution of digital technologies to it using the dynamic capabilities theory as theoretical lens. Design/methodology/approach: For that, a mixed-method approach was used. It combines both quantitative and qualitative data to identify trends and details of the phenomenon, yielding more robust findings. We firstly collected and analyzing quantitative data obtained from food industry practitioners and, then, qualitative data gathered through semi-structured interviews with experts. Findings: The study findings suggest that the relationship between digital transformation and resilience varies among tiers of the FSC and that digital technologies adoption affects resilience development differently across tiers. This highlights the potential cost savings of developing strategies that jointly address digital transformation and resilience development, improving performance outcomes and determining the extent to which digital technologies enhance or inhibit certain aspects of resilience in the FSC. Originality/value: The study frames the relationship between digital technologies and resilience within the dynamic capabilities theory and suggests that digitalization can enhance resilience by enabling organizations to sense, seize, and transform strategies. We also provide insights for managers to develop strategies that simultaneously enhance digitalization and resilience, resulting in improved performance during disruptive events.",Digital transformation; Dynamic capabilities theory; Food supply chain; Industry 4.0; Resilience development; Supply chain management,2025,30,10.1108/IJLM-01-2024-0030,Tortorella G.,International Journal of Logistics Management,2-s2.0-105001081417
Digital Kaizen: An Approach to Digital Transformation,"While digital transformation creates opportunities across all industries, many organisations and practitioners struggle to grasp what conducting digital transformation entails and seek directions for how digital transformation programs, especially large and complex ones, can be executed. In response, recent studies have offered such directions and models for guiding digital transformation and put forward suggestions for steps and phases of digital transformation, as well as drivers, enablers, and inhibitors. Many of these proposals are based on the dynamic capabilities framework as a theoretical foundation and invite more research to develop further and/or to refine existing models for digital transformation, especially investigating how dynamic capabilities contribute to digital transformation. In this case study, we explore Digital Kaizen, a systematic approach to conduct large-scale digital transformation developed and applied at our case organisation FPT Software. This approach integrates the Kaizen philosophy into digital transformation practices that lead to digital improvements and transformation of some of the company’s human resource management processes and its business model. Our analysis and our reflections on our findings lead us to propose a novel Digital Kaizen process model for digital transformation informed by the dynamic capabilities framework.",Digital kaizen; Digital transformation; Digital transformation approach; Digital transformation implementation; Dynamic capabilities framework; Kaizen,2022,30,10.3127/AJIS.V26I0.3851,Dang-Pham D.,Australasian Journal of Information Systems,2-s2.0-85146762233
Why traditional firms from the same industry reject digital transformation: Structural constraints of perception and attention,"We explain why some traditional companies fail to sense new digital technologies when facing an identical scenario of digital transformation. Our objective is to investigate situations where discontinuous changes steaming from digital transformation are actively rejected, in the sense that they are not perceived as a strategic issue, i.e., a threat or opportunity. We draw on a mixed-method research design comprising two sequential studies. The first study is based on Delphi's Technique, which uses a panel of specialists to build the most likely future scenarios in the medium term for the language education industry. The second one is a qualitative comparative study with eleven traditional firms. Their senior executives were first asked for their spontaneous sensing of emerging technologies and later asked to provide their assessment of the most likely future scenarios. Our contribution lies in developing a conceptual model that proposes a structural “schema-driven” explanation of why firm-level structures – concrete, contextual and knowledge – can hinder perception and attention. Active rejection is prompted not by the absence of attentional structures, but by their specific attributes. This expands the dominant ontology of issues, asserting their existence independently of an organization's epistemological experience, and adds to the theoretical understanding regarding the constraints of the sensing dynamic capability in digital transformation.",Attention-based view; Cognition; Digital transformation; Dynamic capabilities; Sensing capability,2024,29,10.1016/j.lrp.2024.102426,Fernandes E.,Long Range Planning,2-s2.0-85185780362
Supply chain capabilities matter: digital transformation and green supply chain management in post-pandemic emerging economies: A case from Egypt,"While COVID-19 has presented significant challenges, it has also facilitated the integration of digital technologies and generated prospects that have revived the emphasis on sustainable and ecologically conscious methodologies. But no effort has so far been made to grasp the interrelationships linking digital transformation technologies, green supply chain management (GSCM), and supply chain capabilities (i.e., SC agility and resilience) using dynamic capability theory in emerging markets like Egypt. The present article, besides attempting this task, explores the moderating role of COVID-19 fear-uncertainty in the link between digital transformation technologies and GSCM. To achieve this, a mixed-methods approach was taken to examine five hypotheses using a sample of 311 managers from industrial companies in Egypt. The theoretical framework was assessed with the partial least squares-based structural equation model (PLS-SEM) using Smart PLS. The outcomes revealed that second-order digital transformation directly impacts on GSCM. GSCM itself also positively affects SC agility and resilience. Furthermore, GSCM plays a mediating role in linking digital transformation technologies with SC agility and resilience. Lastly, it showed that COVID-19 fear-uncertainty moderates the direct influence of digital transformation on GSCM. In this regard, the outcomes are beneficial for decision-makers investing in the digital transformation of their SC processes. Finally, this article reviews the limitations but also assesses the substantial contributions to theory and practice made by the paper.",And emerging markets; Digital transformation; Dynamic capability theory; GSCM; Supply chain agility and resilience,2024,29,10.1007/s12063-024-00481-5,Hamdy A.,Operations Management Research,2-s2.0-85189475561
"Unlocking AI capabilities: exploring strategic fit, innovation ambidexterity and digital entrepreneurial intent in driving digital transformation","Purpose: The insurgence of the COVID-19 pandemic insinuated that family-owned small hotels (F-OSH) should adopt AI capabilities and innovation activities and digitize their operations to survive. This study examines the potential of AI capabilities to digitally transform F-OSHs by leveraging innovation ambidexterity, preparing them for future disasters proactively. Additionally, it sheds light on how the impact of AI capabilities on innovation ambidexterity varies based on strategic fit. In addition, this research explores the influence of digital entrepreneurial intention on fostering innovation ambidexterity, essential for digital transformation in F-OSHs. Design/methodology/approach: The study collected primary data from 318 descendant entrepreneurs designated as chairpersons or managing directors in F-OSH and analyzed the data using the partial least structural equation modeling technique. Findings: This study found a positive association of AI capabilities, and digital entrepreneurial intention with the digital transformation of F-OSHs, while strategic fit does not have an association with innovation ambidexterity. Innovation ambidexterity mediates the relationship between AI capabilities and digital transformation in F-OSHs. Moreover, a strong strategic fit increases the effect of AI capabilities on innovation ambidexterity. Furthermore, a high intention for digital entrepreneurship reduces the impact of innovation ambidexterity on the digital transformation of F-OSHs. Practical implications: The combination of AI capabilities and innovation ambidexterity has transformed F-OSHs' digital transformation. This proactive approach to dealing with economic recessions such as COVID-19 is also influenced by digital entrepreneurial intention and strategic fit. Originality/value: Anchored on the dynamic capability theory, this study provides valuable insights and novel empirical evidence by investigating the mediating mechanism of innovation ambidexterity and boundary condition of strategic fit and digital entrepreneurial intention between AI capabilities and digital transformation in F-OSHs.",AI capability; Digital entrepreneurial intention; Digital transformation; Family-owned small hotels; Innovation ambidexterity; Strategic fit,2025,29,10.1108/JMD-05-2024-0171,Ahmad Z.,Journal of Management Development,2-s2.0-105001072973
Research on antecedent configurations of enterprise digital transformation and enterprise performance from the perspective of dynamic capability,"Based on the dynamic capability theory, this paper integrates the fsQCA and PSM methods to examine the antecedent configuration and subsequent performance of the digital transformation of Chinese listed manufacturing enterprises. The study shows that the following three configurations can lead to high-maturity digital transformation: efficient innovation, robust adaptation, and forward-looking innovation. At the same time, different configurations have different effects on enterprise performance. For instance, “efficient innovation” and “robust adaptation” can significantly improve the financial performance of enterprises but have no significant effect on market performance. While on the other hand, “forward-looking innovation” can negatively affect the market performance of enterprises but has no significant effect on the financial performance.",Digital transformation; Dynamic capability; Financial performance; Market performance,2023,29,10.1016/j.frl.2023.104170,Wang Y.,Finance Research Letters,2-s2.0-85165118375
Leveraging dynamic capabilities for digital transformation: Exploring the moderating role of cost in environmental performance of SMEs,"This research aims to explore how digital dynamic capabilities (digital sensing, digital capturing, and digital transforming capability) enable digital transformation to enhance the environmental performance of SMEs in Oman, focusing on understanding the moderating role of cost in this relationship. Data was collected from 409 SMEs through a survey and analyzed by Structural Equation Modelling (SEM) using SmartPLS 4 software. The results show that digital sensing, digital capturing, and digital transforming capabilities are positively related to digital transformation, where digital capturing capability is the strongest dimension of digital capability. Further, the digital transformation of SMEs has a strong relationship with environmental performance. In addition, the transformation cost weakens the significant relationship between digital transformation and environmental performance. The findings of this study are of paramount significance for policy and decision-makers, SME executives, and researchers interested in digital transformation and environmental performance, particularly in developing countries such as Oman. Deviating from conventional wisdom, this study attempts to develop an inclusive understanding of digital transformation efforts that can serve as a benchmark for SMEs toward more successful and sustainable outcomes.",Cost of transformation; Digital dynamic capability; Digital transformation; Environmental performance; Oman; SMEs,2025,29,10.1016/j.joitmc.2025.100523,Rahman S.A.,Journal of Open Innovation Technology Market and Complexity,2-s2.0-105000858016
Making or breaking the business case of digital transformation initiatives: the key role of learnings,"Purpose: The research aims to investigate how firms can develop their sensing capabilities for Industry 4.0 (I4.0) technology adoption through reframing their opportunity perceptions related to learnings from I4.0 initiatives. Design/methodology/approach: The research follows a design science research approach. Following the case of I4.0 technology introduction at a large food manufacturer, the paper develops a theoretical framework (artefact) and validates the applicability and efficacy of the framework within the case study. Findings: The theoretical framework highlights the different temporal (short-term/long-term) and locational (direct/indirect) value dimensions of I4.0 opportunities. The findings show that the use of the framework can shift managers’ perception regarding the business value of an I4.0 technology implementation. Specifically, the framework reversed initially negative perceptions around a narrowly scoped business case towards an opportunity-oriented attitude exploring further potentials of the technology. Research limitations/implications: The research adds to the debate when and why firms engage in, and sustain their I4.0 initiatives by providing a novel perspective on firms’ sensing capabilities. As a single-case study, the framework requires further validation in practice. Practical implications: The proposed framework provides practitioners with an extended view concerning the potential value of digital transformation projects and serves as a conversational tool. Originality/value: The presented wider frame for evaluating digital transformation projects, taking into account the more “intangible” value of their learnings, tackles the fundamental issue of translating explorative innovation efforts into exploitative value – a key challenge when dealing with innovation and one of the main barriers for the digital transformation.",Dynamic capabilities; Industry 4.0; Innovation; Knowledge mapping; Learning,2022,28,10.1108/JMTM-08-2020-0330,Colli M.,Journal of Manufacturing Technology Management,2-s2.0-85108338067
Digital transformation and organizational readiness: evidence from Chinese construction SMEs with a dynamic managerial capabilities lens,"Purpose – In the digital economy, the adoption and implementation of digital transformation (DX) is essential for small and medium-sized enterprises (SMEs) in the construction industry to secure a competitive advantage and achieve sustainability. This study examines the dynamic managerial capabilities of SME leaders and the organizational readiness required to facilitate DX. Design/methodology/approach – Drawing on insights from 33 managers across six SMEs, the study identifies key dynamic capabilities, organizational readiness factors, and transformation challenges. The framework was further refined and validated through a Delphi process, resulting in a four-layer model that links internal capabilities to specific DX challenges and provides a structured roadmap for SME transformation. Findings – Our findings reveal that DX in construction SMEs is driven by five dynamic capabilities: environmental sensing, strategic agility, resource mobilization, digital ecosystem building and organizational learning. In addition, organizational readiness serves as a critical enabler, shaped by leadership and cultural readiness, policy and stakeholder alignment and technological preparedness. Building on these insights, we propose a four-layer integrative framework that links these capabilities and readiness factors to specific internal and external challenges, providing a structured pathway for overcoming barriers and facilitating effective DX in construction SMEs. Originality/value – This study provides actionable insights by clarifying how construction SMEs strategically organize and leverage DX-related resources and capabilities to drive change and maintain a competitive edge. It contributes to theory by introducing an integrative framework that illuminates the interrelationships among these resources, managerial competencies and readiness factors, offering a detailed roadmap for implementing and sustaining DX.",Digital transformation; Dynamic capabilities; Enterprise innovation; Implementation framework; Readiness; SMEs,2026,28,10.1108/ECAM-01-2025-0069,Wang K.,Engineering Construction and Architectural Management,2-s2.0-105006937718
Business model innovation: harnessing big data analytics and digital transformation in hostile environments,"Purpose: The literature mainly concentrates on the relationships between externally oriented digital transformation (ExtDT), big data analytics capability (BDAC) and business model innovation (BMI) from an intra-organizational perspective. However, it is acknowledged that the external environment shapes the firm's strategy and affects innovation outcomes. Embracing an external environment perspective, the authors aim to fill this gap. The authors develop and test a moderated mediation model linking ExtDT to BMI. Drawing on the dynamic capabilities view, the authors' model posits that the effect of ExtDT on BMI is mediated by BDAC, while environmental hostility (EH) moderates these relationships. Design/methodology/approach: The authors adopt a quantitative approach based on bootstrapped partial least square-path modeling (PLS-PM) to analyze a sample of 200 Italian data-driven SMEs. Findings: The results highlight that ExtDT and BDAC positively affect BMI. The findings also indicate that ExtDT is an antecedent of BMI that is less disruptive than BDAC. The authors also obtain that ExtDT solely does not lead to BDAC. Interestingly, the effect of BDAC on BMI increases when EH moderates the relationship. Originality/value: Analyzing the relationships between ExtDT, BDAC and BMI from an external environment perspective is an underexplored area of research. The authors contribute to this topic by evaluating how EH interacts with ExtDT and BDAC toward BMI.",Big data analytics; Business model innovation; Digital transformation; Dynamic capabilities; Environmental hostility; SME,2023,28,10.1108/JSBED-10-2022-0424,Ciacci A.,Journal of Small Business and Enterprise Development,2-s2.0-85173510210
Towards developing a knowledge base for small business survival techniques during COVID-19 and sustainable growth strategies for the post-pandemic era,"Small and Medium-scale Enterprises (SMEs) often face severe challenges during most global crises. This study utilizes metadata from 694 publications generated through a literature survey on SCOPUS to undertake science mapping, thematic structure analysis, and text analytics to identify, evaluate, and initiate a knowledge base of COVID-19 survival techniques and post-pandemic sustainable growth strategies. The results highlight several streams of strategies. First, the firm’s internal resources and situational leadership abilities, including crisis management techniques and dynamic capabilities, provide the initial resilience against the pandemic challenges, supported by government funding and public policy. Second, adopting digital technologies, modifying business models, and process innovation not only aids survival but enhances internal operations. SMEs can turn challenges into opportunities through product innovation, achieving competitiveness and improved performance. Third, securing funding for SMEs’ digitization or digital transformation can be challenging but offers enormous survival opportunities during crises and sustainable growth in the post-pandemic era. SMEs can explore non-traditional financing options, including crowdsourcing and digital financing. Fourth, readily available virtual technologies (virtual meeting platforms) provide immediate relief to businesses and become a significant part of future business practices in the post-pandemic era. Finally, social entrepreneurship blossomed during COVID-19, ignited particularly by the community lockdown, travel restrictions, self-isolations, and quarantine of entrepreneurs and workers. Although scientists cannot stop the outbreak of pandemics, adequate preparation and understanding of effective strategic responses can cushion negative impacts. Further studies can contribute more survival and sustainable growth strategies against potential crises.",base de connaissances; capacités dynamiques; croissance durable; digital financing; digital transformation; digitalization; dynamic capabilities; financement numérique; knowledge base; numérisation; SME crisis survival strategies; Stratégies de survie des PME en cas de crise; sustainable growth; technologies virtuelles; transformation numérique; virtual technologies,2024,28,10.1080/08276331.2023.2232649,Akpan I.J.,Journal of Small Business and Entrepreneurship,2-s2.0-85165348293
Dynamic Knowledge Management: A dynamic capabilities approach to knowledge management,"This study introduces the concept of Dynamic Knowledge Management (DKM) by integrating Knowledge Management (KM) with the Dynamic Capabilities (DCs) framework to address strategic challenges in the digital economy. While traditional KM emphasizes efficiency and knowledge codification, it often lacks responsiveness to environmental turbulence. DKM reconfigures KM through the lens of DCs—sensing, seizing, and transforming—to keep knowledge processes aligned with evolving strategic objectives. We distinguish DKM from Ordinary KM (OKM) and develop a conceptual model showing how tighter KM—DCs integration enhances competitive advantage. Using a retrospective, longitudinal case study of Haier, we illustrate how KM can evolve from a support function into a strategic capability. Haier's transformation—from standardized knowledge routines to platform-based ecosystem orchestration—demonstrates how DKM enables continuous innovation and adaptation. This study contributes to both KM and DCs literature by identifying DKM as a new microfoundation that supports organizational agility. It also provides practical insights for managers seeking to align knowledge systems with the needs of strategy.",Competitive advantage; Digital transformation; Dynamic Capabilities (DCs); Dynamic Knowledge Management (DKM); Knowledge Management (KM); Strategic alignment,2025,27,10.1016/j.technovation.2025.103316,Li B.,Technovation,2-s2.0-105011042003
Developing the e-commerce competency for entrepreneurship education from a gamified competition,"Fierce competition in the global economy has accelerated the evolution of e-commerce and the emergence of digital transformation. It also challenges both industry and higher education. In particular, e-commerce skills have become a critical capability of entrepreneurship education. Based on the dynamic capability theory, this study explores e-commerce competency on the basis of gamified e-commerce competition – the Yahoo E-commerce Idea Competition (ECIC). This paper aims to develop C2C e-commerce competencies and explore how these competencies relate to e-commerce performance. We invited participants from the Yahoo ECIC to participate in our survey. Exploratory factor analysis identified four C2C e-commerce competencies: e-marketing strategy, live streaming, operational management, and strategic planning. Stepwise regression analysis also showed that four e-commerce competencies contribute to e-commerce performance. Our findings provide theoretical and practical contributions to the analysis of gamified EC competition and creation of C2C EC competencies for entrepreneurship education.",Dynamic capability theory; e-commerce competency; Entrepreneurship education; Gamification design,2023,27,10.1016/j.ijme.2022.100737,Ho S.C.,International Journal of Management Education,2-s2.0-85146217038
"From Crisis to Opportunity: Digital Transformation, Digital Business Models, and Organizational Resilience in the Post-Pandemic Era","This study investigates how digital transformation, digital culture, innovation capabilities, and organizational resilience influence organizational performance in the post-pandemic era. Grounded in Resilience Theory, the Dynamic Capabilities Framework, and Organizational Learning, this research analyzes how digital capabilities—such as innovation, digitalization, telework, and investment strategies—influence organizational performance. Data were collected through a structured online survey with 320 valid responses from decision-makers across various sectors. Using descriptive statistics, Pearson correlations, and multiple linear regression analysis, the results reveal that innovation, organizational resilience, and investment strategies are significant predictors of performance, together explaining over 52% of its variance. Interestingly, while digitalization correlates strongly with innovation and strategic adaptation, its direct effect on performance was not statistically significant in the regression model. These findings underscore the importance of an integrated approach to digital transformation and resilience-building strategies for navigating crises and fostering long-term performance. The study contributes to the literature on digitalization, crisis response, and strategic management, offering practical insights for managers and policymakers committed to strengthening organizational adaptability in the post-pandemic era.",business strategy; crises management; digital transformation; innovation; organizational resilience; post-pandemic era,2025,27,10.3390/admsci15060193,Cardoso A.,Administrative Sciences,2-s2.0-105008907215
A dynamic information technology capability model for fostering innovation in digital transformation,"The advent of the digital era has transformed the way businesses create, compete, and maintain their existence, particularly in the aftermath of the COVID-19 pandemic. To maintain resilience in the ever-changing business landscapes of today, especially in emerging economies, businesses utilize dynamic information technology capabilities (DITC) to cultivate organizational capacities that foster innovation. This article argues that Dynamic Information Technological Capabilities (DITC) allows companies to develop flexible and adaptive skills to foster innovation. The results from 684 Brazilian businesses showed that implementing DITC improved their ability to come up with both new ideas and ways to use existing ones. This was possible because DITC improved the firms' dynamic and improvisational skills. The post hoc analysis of FIMIX PLS and PLS-POS reveals that DITC plays a greater role in fostering innovation through dynamic capabilities (DCs) rather than improvisational capabilities. The research on unobserved heterogeneity showed that a high level of DITC hasBig and strong effects on developing dynamic and improvisational skills for coming up with new ambidexterity ideas. The results indicated that companies should integrate the potential of digital technology and information to establish organizational capacities that can effectively compete within developing economies.","Ambidexterity; Digital era; Dynamic information technology capability, Improvisational capabilities; Explorative innovation",2024,26,10.1016/j.jik.2024.100589,Yoshikuni A.C.,Journal of Innovation and Knowledge,2-s2.0-85208142680
How does digital transformation affect the innovation resilience of manufacturing firms?,"Purpose: Innovation resilience, which refers to firms’ ability to consistently innovate and recover from disruptions, has recently gained increasing attention. Digital transformation plays a crucial role in the innovation of manufacturing firms. This paper aims to investigate the impact mechanisms of manufacturing firms’ innovation resilience in the context of digital transformation. Design/methodology/approach: Using panel data from Chinese A-share listed manufacturing firms spanning from 2017 to 2022 as an example, this research examines the impact of digital transformation on innovation resilience. It also tests the moderating effect of innovation network embeddedness and the mediation effect of absorptive capacity. Findings: It is found that digital transformation can enhance the innovation resilience of manufacturing firms. Furthermore, the structural embeddedness and relational embeddedness of manufacturing firms within innovation networks moderate the relationship between digital transformation and innovation resilience. The absorptive capacity of manufacturing firms acts as a mediator in the relationship between digital transformation and innovation resilience. Originality/value: This paper is one of the first studies that investigates the impact mechanisms of digital transformation on the innovation resilience of manufacturing firms based on network embeddedness theory and dynamic capability theory.",Absorptive capacity; Digital transformation; Innovation resilience; Relational embeddedness; Structural embeddedness,2025,26,10.1108/JMTM-08-2024-0456,Luo T.,Journal of Manufacturing Technology Management,2-s2.0-85215954321
Digital transformation in the global automotive industry,"In the automotive industry, digitalisation is causing discontinuous and thus often disruptive changes that are driving changes in companies’ traditional processes, products/services and business models. However, research has not yet adequately examined the extent of the digital transformation in the automotive industry and options for accelerating it. In this study, an index of digital maturity is theoretically deduced to measure digitalisation in order to examine 167 global automotive companies. The results indicate that digital transformation is primarily a strategic transformation. However, it frequently fails to make proper progress because larger companies have complex structures, often assembled through cooperative ventures and acquisitions, and organisational units test isolated, mostly unconnected pilot applications of digital technologies in processes, products/services and business models at many points in the organisation. Therefore, responding to digital disruption in the automotive industry is a comprehensive transformational task.",Automotive industry; Digital technologies; Digital transformation; Digitalisation; Dynamic capabilities; Maturity index; Ordinary capabilities,2021,26,10.1504/IJATM.2021.119402,Sommer S.,International Journal of Automotive Technology and Management,2-s2.0-85120953994
How Digital Transformation Promotes Disruptive Innovation? Evidence from Chinese Entrepreneurial Firms,"How to enhance disruptive innovation to build sustainable competitive advantage has become an essential issue in strategic management research. However, few studies exist to elucidate the influencing mechanism of disruptive innovation in the context of the digital era. Using multivariate regression analysis and bootstrapping method, we examine the underlying mediating mechanism and contextual condition in the relationship between digital transformation and disruptive innovation. Our results demonstrate that the digital transformation of entrepreneurial firms has a significant positive effect on disruptive innovation. Interorganizational collaboration mediates the relationship between digital transformation and disruptive innovation. Moreover, we demonstrate that dynamic capabilities positively moderate the indirect effect of digital transformation on disruptive innovation through interorganizational collaboration. Our findings contribute to disruptive innovation research by explaining the mediating mechanism of how to utilize digital transformation to promote disruptive innovation vis interorganizational collaboration. Our results also explain how dynamic capabilities interact with interorganizational collaboration and significantly affect disruptive innovation.",Digital transformation; Disruptive innovation; Dynamic capabilities; Entrepreneurial firms; Interorganizational collaboration,2024,26,10.1007/s13132-023-01413-7,Pang C.,Journal of the Knowledge Economy,2-s2.0-85160825803
Leveraging Digital Technology Capability for Circular Economy Innovation in the Food Products Supply Chain: A Mixed-Method Study,"Our study aims to enhance the understanding of how digital technologies function as a dynamic capability in order to improve digital circular economy (CE) innovation and food products supply chain (FSC) performance. In particular, we examine the moderating effect of absorptive capacity (AC), which remains understudied in the sustainable operations management literature. We followed an explanatory sequential mixed-method design in this study with two main phases. In the first phase, we developed a model based on a review of the extant literature review, which was grounded in the dynamic capability view. We then statistically analyzed the model, using data collected from 623 respondents working in the food products and allied industries industry sector. In the second phase, primary data were collected from interviews with ten practitioners working in five companies in that industry sector and secondary data from the company documents. The qualitative data were used to test the relevance and practical applicability of the model developed in the first phase. Using structural equation modeling, our developed model provides empirical evidence to show that digital technology capability in the FSC positively influences digital CE innovation. We further show that AC moderates the relationship between digital technology capability in FSC and digital CE innovation. Thematic analysis of the interview data confirms digital technology capability as a higher order capability, comprising of digital sensing, digital seizing, and digital transformation capabilities, and that digital technology knowledge absorption is a technically focused AC. The analysis further confirms the relationships between digital technology capability, digital CE innovation, and enhanced FSC performance.",Absorptive capacity (AC); digital circular economy innovation (DCEI); digital technology; food products supply chain (FSC),2024,26,10.1109/TEM.2024.3435750,Bag S.,IEEE Transactions on Engineering Management,2-s2.0-85200207722
"Digital transformation, dynamic capability and total factor productivity of manufacturing enterprises","Purpose: Enhancing total factor productivity through digital transformation is a crucial pathway for the high-quality development of manufacturing enterprises. This research aims to investigate the impact mechanisms of manufacturing enterprises’ total factor productivity in the context of digital transformation. Design/methodology/approach: Using the data from 536 Chinese listed manufacturing enterprises from 2018 to 2021, this research divides digital transformation into two dimensions (i.e. digital transformation breadth and digital transformation depth) and examines their impacts on total factor productivity as well as the mediation effects of innovation capability and reconfiguration capacity. Findings: It is found that digital transformation breadth, digital transformation depth and their interaction can positively affect manufacturing enterprises’ total factor productivity. The innovation capability and reconfiguration capacity of manufacturing enterprises act as mediators between digital transformation breadth and total factor productivity, as well as between digital transformation depth and total factor productivity. Originality/value: This study is one of the first attempts to investigate the impact mechanisms of manufacturing enterprises’ total factor productivity from the perspective of digital transformation breadth and depth.",Digital transformation breadth; Digital transformation depth; Innovation capability; Reconfiguration capability; Total factor productivity,2025,26,10.1108/IMDS-09-2024-0907,Luo T.,Industrial Management and Data Systems,2-s2.0-105001086575
Data-driven digital transformation in operations and supply chain management,"Data-driven digital transformation is a dynamic capability that enables organisations to derive actionable insights and achieve a competitive edge. Data-driven technologies have played a pivotal role in evolving operations and supply chains, making them more responsive and efficient. Data-driven technologies now support advanced functions such as supply chain analytics, blockchain for security and transparency, and AI for innovation and efficiency. Research has long stressed the benefits of improved visibility and collaboration in the operations and supply chain management (O&SCM). Despite rigorous research, there remains a disconnect between theoretical frameworks and their real-world application. This gap suggests further research to better align academic insights with practical implementations in OSCM and a more comprehensive and integrated approach to understanding and applying data-driven digital transformation strategies in O&SCM. This special issue (SI) aims to deepen the theoretical understanding of data-driven digital transformation within O&SCM. We believe the 20 accepted papers out of 97 submissions contribute meaningful theoretical insights to O&SCM research and practice. These contributions not only enrich the theoretical discourse in data-driven digital transformation and O&SCM but also provide practical pathways for future research and application in diverse industry settings.",Artificial intelligence; Big data; Blockchain technology; Data analytics; Digital transformation; Industry 4.0; Operations & supply chain management,2025,26,10.1016/j.ijpe.2025.109599,Spanaki K.,International Journal of Production Economics,2-s2.0-105000181549
Disentangling the socio-technical impacts of digitalization: What changes for shop-floor decision-makers?,"With the diffusion of Industry 4.0 technologies, firms can decentralize operational decisions, fostering a data-driven Digital Transformation (DT) across all organizational levels. Digitalized shopfloors can leverage an unprecedented availability of data for better and faster decision-making, resulting in enhanced operational performance. However, limited research has investigated the organizational and individual implications for those who run the manufacturing lines: production managers, supervisors, team leaders, and workers. By adopting a socio-technical framework, this study aims to disentangle the effects that digitalization has on shopfloors’ organizational structures, decision-making processes, and individual competencies, as well as the interdependencies among them. An exploratory approach was adopted, based on an empirical cross-country study involving 34 semi-structured interviews conducted in the Italian and Spanish automotive sectors. Analyzed through the lenses of information-processing, knowledge-based, and dynamic capability theories, our findings reveal through five propositions how digitalization induces a “polarization” of operational decision-making: shopfloors are run by knowledgeable data-empowered production managers and autonomous information-processing team leaders on the front line, with a reduced importance of supervisors. Upskilling needs appear for team leaders but not production workers, whose involvement, however, emerges as a key factor for a successful digitalization and overall performance in initial DT stages. This study contributes to literature on digitalization by exposing managerial tensions and dynamic capabilities, along with a deeper understanding of the micro-foundations of DT in terms of implications for shop-floor decision-makers. Managerial implications are directed at creating awareness about the centrality of production team leaders, and future research avenues are proposed.",Data-driven decision-making; Digitalization; Lean production; Operations management; Socio-technical systems theory,2024,26,10.1016/j.ijpe.2024.109377,Colombari R.,International Journal of Production Economics,2-s2.0-85202147296
Has digital transformation enhanced the resilience of manufacturing enterprises?,"As environmental uncertainty and market competition intensify, the impact of digital transformation on the survival and development of enterprises has garnered increasing attention. This paper empirically examines the influence of digital transformation on the resilience of manufacturing firms, based on data from Chinese-listed manufacturing companies from 2013 to 2022. Additionally, the study also analyzes the role of dynamic capabilities in this process. It is found that digital transformation significantly enhances the resilience of manufacturing enterprises, primarily through improving their stability and growth. Extended regression results indicate that the breadth of digitalization significantly boosts firm resilience, while the impact of the depth of digitalization on resilience varies with the type of technology implemented. Mechanism tests from the perspective of dynamic capabilities reveal that digital transformation enhances organizational resilience by improving adaptive and absorptive capacities. Further analysis shows that in the face of significant unexpected shocks, enterprises that have implemented digital transformation exhibit significantly greater resilience compared to those that have not. These findings provide theoretical insights and practical references for leveraging digital potential, enhancing organizational resilience, and achieving high-quality economic and social development.",Digital transformation; Dynamic capability; Exogenous shock; Organizational resilience,2024,25,10.1016/j.iref.2024.103688,Zhan Y.,International Review of Economics and Finance,2-s2.0-85206931862
Cross-Border Capacity-Building for Port Ecosystems in Small and Medium-Sized Baltic Ports,"One of the key challenges related to the threat posed by the COVID-19 pandemic is preservation of employment and protecting staff who are working in port operations and struggling to keep ports operating for ship calls. These activities performed by port labour are deemed to be crucial for the EU and European ports, since 75% of the EU external trade and 30% of intra-EU transport goods are moved by waterborne transport. As a response to the global lockdown and the vulnerability of global supply chains, the majority of international organisations and maritime ports networks have shortlisted measures necessary to keep the severe effects of the lockdown to a minimum. One of the key measures identified is how to limit physical interaction. As an effect, millions of people and organisations across the globe have had to use and/or increase their deployment of digital technologies, such as digital documentation, tracing information systems and digital group-working platforms. Hence, blockchain and data-enabling systems have become to be recognised as a core element maintaining the uninterrupted flow of goods and services at ports. In pursuing uninterrupted trade and keeping ports open and running, this research paper addresses how the current situation afflicts the small and medium-sized ports located on the Baltic Sea which are argued to be critical actors of the port-centric logistics' ecosystem. Given the topicality of this research and addressing the research gap, the authors suggest a conceptual capacity-building framework for port employees. This suggested framework is based on empirical insights: primary and secondary data collected from the project Connect2SmallPorts, part-financed by the Interreg South Baltic Programme 2014-2020 from the European Regional Development Fund (ERDF). The conceptual framework aims towards a practical training programme dedicated to fill in the missing skills or expand the limited competence of human resources and ports' capacity when adapting or advancing digitalisation in the ports' ecosystems. In particular, specific areas of capacity building are addressed and individual solutions suggested to foster a digital transformation of ports. The conceptual training framework is designed as a training tool indicating opportunities to help ports upgrade their competences with the blockchain technology, and to advance their transportation, environmental and economic performance with improved digitalisation. For this purpose, the conducted research employed mixed methods and applied concepts and approaches based on the field of management. For example, the construct of absorptive capacity, organisational learning, transformation, resource-based view and the concept of dynamic capabilities are included in the ecosystem discourse and are linked with open innovation and service design. The research presented in this article provides both theoretical and practical contributions, in which the affected stakeholders can test and utilise the developed tool as well as transfer it to other regions.",blockchain; capacity building; digital transformation; digitalisation; small ports; the Baltic Sea; training,2021,25,10.2478/bjes-2021-0008,Meyer C.,Taltech Journal of European Studies,2-s2.0-85107558522
Digital Transformation Driving SME Business Model Innovation: A Dynamic Capabilities Perspective,"The purpose of this paper is to propose a research model to investigate the relationships between dynamic capabilities, business model innovation, and business performance. The moderating role of digital transformation in the research model is also examined. A total of 262 managers in Chinese small and medium-sized enterprises (SMEs) were enrolled via an online questionnaire. Data is scrutinized by partial least square structural equation modeling (PLS-SEM) using SmartPLS 3.0. The findings of this study reveal that dynamic capabilities can positively affect business model innovation and business performance. Furthermore, business model innovation partially mediates the relationship between dynamic capabilities and business performance. Meanwhile, digital transformation has a positive moderating role in the aforementioned relationships. These findings bridge the research gaps in extant literature and contribute to theoretical and practical implications for SMEs.",Business Model Innovation; Digital Transformation; Dynamic Capabilities; Medium-Sized Enterprises (SMEs); Small,2024,24,10.4018/JGIM.350191,Chung K.W.,Journal of Global Information Management,2-s2.0-85200633507
A Measuring Tool for the Digital Maturity of Small and Medium-Sized Enterprises,"In digital revolution, the appropriate IT infrastructure, technological knowledge are essential for the success of companies, where the success of the digital transformation depends on digital maturity. The aim of the study is to define the digital maturity, theoretical foundation of the digital maturity model and present a framework for small and medium-sized enterprises (SMEs) understanding where they are in digitalisation (how advanced their digital resource system and digital approach) to respond faster and efficiently to environmental changes. The model construction is based on theory of dynamic capabilities, graduation models, and SMEs management challenges. The model is a dynamic model to support management in strategic, digital and organizational developments, which is divided into IT and organizational dimensions, including 6 components and 28 subcomponents. The ultimate goal of the study is to determine the component weights to create a neurofuzzy model.",Digital maturity model; Digitalization; Fuzzy method; SMEs,2021,24,10.24425/mper.2021.140001,Sándor Á.,Management and Production Engineering Review,2-s2.0-85124841748
Digital technology adoption and radical and incremental innovations: evidence from the Chinese wind power industry,"Purpose: Digital technologies open up unprecedented opportunities for the Chinese wind power industry to make rapid and comprehensive decisions. However, the relationship between digital technology adoption and radical and incremental innovations has not been empirically assessed. In addition, reconfiguration capability is the ability of firms to transform and respond to changes. How such an organizational capability influences the effectiveness of digital technology adoption is a black box. In response, this study aims to assess the relationship between digital technology adoption and radical and incremental innovations in the Chinese wind power industry and elucidate the moderating role of reconfiguration capability. Design/methodology/approach: Based on the data of listed companies in the Chinese wind power industry from 2006 to 2020, this study constructs regression models and validates the hypotheses. Findings: The correlation between digital technology adoption and incremental innovation in the wind power industry in China is significantly positive, but the relationship between digital technology adoption and radical innovation is not significant. In addition, reconfiguration capability significantly enhances the incentive effect of digital technology adoption on incremental innovation. Originality/value: To the best of the authors’ knowledge, this study is one of the earliest to explore the heterogeneous relationships between digital technology adoption and radical and incremental innovations in emerging economies, advancing the theoretical insights into how digital transformation can foster different categories of technological innovations. Moreover, this study embeds dynamic capability theory into digital transformation research by exploring the boundary conditions for the effectiveness of digital technology adoption from the perspective of organizational dynamic capability, thereby expanding the boundaries of existing knowledge.",Digital technology adoption; Incremental innovation; Radical innovation; Reconfiguration capability; Wind power,2024,24,10.1108/JBIM-09-2023-0508,Shi J.,Journal of Business and Industrial Marketing,2-s2.0-85200394966
Digital transformation and organizational resilience,"This study examines how digital transformation (DX) affects organizational resilience through management empowerment and financing efficiency pathways in Chinese listed companies (2010–2022). Our findings reveal distinct patterns across organizational contexts: nonstate enterprises profit more from DX than state-owned enterprises, whereas industry-specific analysis shows pronounced effectiveness in non-heavily polluting and high-tech industries. Heterogeneous effects contribute to theoretical knowledge by establishing critical boundary conditions for DX success, emphasizing how ownership structure, environmental restrictions, and technological capabilities influence organizational resilience outcomes. These findings contribute to the DX literature while offering practical implications for diverse institutional contexts.",Digital transformation; Dynamic capability; Financing efficiency; Management empowerment; Organizational resilience,2025,24,10.1016/j.frl.2025.107165,Wang Z.,Finance Research Letters,2-s2.0-86000545809
"Exploring the linkages among green digital transformation capability, ambidextrous green learning and sustainability performance: a case study of manufacturing firms in Taiwan","Purpose: This study proposes an innovative concept of green digital transformation capability (GDTC) and explores the interrelationships among GDTC, ambidextrous green learning (AGL) and sustainability performance (SP) from multiple perspectives. Design/methodology/approach: Survey questionnaires were distributed to Taiwanese firms engaged in various sectors, including electrical and information, metal and precision machinery, rubber material, chemical, daily necessity and food and beverage manufacturing, resulting in 306 valid responses. Structural equation modeling in SPSS v26 was used to test the hypotheses. Furthermore, we analyzed the mediating effects using SPSS PROCESS. Findings: The results demonstrated that GDTC affected SP both directly and indirectly through exploratory and exploitative green learning. Furthermore, this study revealed the pathways through which GDTC influenced the SP of Taiwanese manufacturing firms. Research limitations/implications: This study is limited to Taiwanese manufacturing firms. Future studies should expand their sample size to explore digital transformation (DT) practices in various regions and industries. Social implications: The DTs in manufacturing have profound social implications, emphasizing that companies should consider economic, social and environmental sustainability during digitalization. Originality/value: This study introduces a novel concept of GDTC and provides important theoretical insights and practical implications for the intersection of DT and sustainability perspective. These findings will offer valuable guidance to companies seeking sustainable development in the digital era.",Ambidextrous green learning (AGL); Dynamic capability view (DCV); Environmental sustainability; Green digital transformation capability (GDTC); Industry 4.0; Sustainability performance (SP),2024,24,10.1108/JMTM-10-2023-0452,Huang C.H.,Journal of Manufacturing Technology Management,2-s2.0-85192385147
"The strategic role of digital transformation, dynamic and agile capabilities for the performance of micro, small, and medium enterprises (MSMEs)","Purpose: This study aims to analyze the effect of digital skills on digital transformation, dynamic capabilities and organizational agility in micro, small and medium enterprises (MSMEs), as well as their collective impact on MSMEs’ performance. Design/methodology/approach: Data was collected from 510 MSMEs registered in six different databases through an online questionnaire distributed via an instant messaging application from May to June 2024. The questionnaire was validated by experts through focus group discussions (FGD). To prevent bias, clear items, detailed instructions and different measurement scales were used. The study area was concentrated in the Java Island region and Jakarta. The collected data were analyzed using partial least squares–structural equation modeling (PLS-SEM). Findings: Strong digital skills enhance the digital transformation and dynamic capabilities of MSMEs, which enables rapid response to change and timely strategic decisions. Furthermore, digital transformation followed by good dynamic capabilities can enhance the MSMEs’ performance. Research limitations/implications: This research is limited by MSME heterogeneity, industry differences, sampling bias, lack of external factor control and narrow performance measures, which may affect the generalizability and comprehensiveness of findings. Practical implications: This study encourages MSMEs and policymakers to adopt structured digital transformation by integrating technology, skills and agility, supported by fiscal incentives and collaboration to boost competitiveness and growth. Originality/value: Digital transformation and dynamic capabilities play a crucial role in enhancing the performance of MSMEs, which use simpler digital technology compared to large enterprises.",Digital skills; Digital transformation; Dynamic capabilities; Entrepreneurial research; MSMEs performance; Organizational agility,2025,24,10.1108/BL-08-2024-0120,Setiawan B.,Bottom Line,2-s2.0-105004857058
Exploring Coupled Open Innovation for Digital Servitization in Grocery Retail: From Digital Dynamic Capabilities Perspective,"Open innovation and digital servitization have been hot topics in existing research. Moreover, the latest research in entrepreneurship and general management justifies that the performance results of specific innovation strategies are usually influenced by dynamic capabilities. However, there is little empirical research on the linkage of open innovation, digital servitization, and micro-foundations of digital dynamic capabilities that affect alliance performance. The emerging literature on open innovation provides partial insight into the micro-foundations of digital dynamic capabilities. Based on it, from a dynamic capability perspective, this paper constructs a conceptual model of research including coupled open innovation of collaborative partners, alliance’s formation phases, and dynamic digital capabilities and their micro-foundations which impact alliance performance in grocery retail. The paper aims to provide an overarching view of the digital servitization process of grocery retailers and unpack the micro-foundations of the digital transformation of their business models to sustain advantages. Thus, the paper contributes to the research on open innovation, blockchain technology, artificial intelligence, and dynamic capabilities and provides two theoretical propositions. Then, having employed two illustrative case studies, this paper empirically tests theoretical propositions and justifies the role of coupled open innovation strategies for digital servitization and its micro-foundations.",artificial intelligence; blockchain; digital servitization; dynamic capabilities; open innovation,2022,24,10.3390/jrfm15090411,Čirjevskis A.,Journal of Risk and Financial Management,2-s2.0-85138617439
Tech revolution unleashed: Navigating the winds of digital transformation in the fast lane,"Building on the dynamic capability perspective, this study investigates effective digitalization and digital transformation strategies in the tech industry by highlighting the relevance of the digital divide among developed and developing economies. Further, the study identifies the key challenges, opportunities, and strategies for digitalization and digital transformation. The study embraced a qualitative approach for in-depth exploration of the phenomenon through a comparative study of two countries, i.e., Hong Kong and Pakistan. Data was collected using interviews and analyzed using content analysis to identify recurring patterns and critical insights for meaningful interpretations to address the study objective. We proposed a framework for effective digitalization and digital transformation in the tech industry from the perspective of developed and developing economies. The strategies identified in this research are categorized in technopreneurship and improved human resource practices to address the challenges faced by both developed and developing countries. The study findings contribute to a deeper understanding of the digital transformation phenomenon in the wake of changing workforce dynamics and technological disruptions, as well as the digital divide between developed and developing countries. Further, the study will help policymakers devise and implement resilient strategies in the tech industry, to help reduce the digital divide.",Digital divide; Digital strategies; Digital transformation; Digitalization; Hong Kong; Pakistan,2024,23,10.1016/j.jik.2024.100551,Sumbal M.S.,Journal of Innovation and Knowledge,2-s2.0-85202971068
Analyzing the impact of government R&D subsidy and digital transformation on supply chain risk dynamics management and firm performance in the China's chip industry,"This study explores the interactions among digital transformation, government R&D subsidy, and supply chain risk dynamics management within the chips industry, spanning from 2013 to 2022. It scrutinizes data derived from annual reports and the China Stock Market & Accounting Research database of 364 listed Chinese chips companies. By integrating natural language processing and machine learning techniques, the paper analyzes textual changes in risk disclosures, providing insights into how firms adapt their risk management strategies in response to evolving market conditions and emerging risks. The study introduces a conceptual model that merges the resource-based view, resource dependence theory and dynamic capabilities with framework of the dynamics of innovation which consists of product innovation and process innovation. The proposed model suggests that strategic use of both R&D subsidies and digital transformation for product/process innovation, thereby enhancing Supply Chain Risk Dynamics Management (SCRDM). Empirical examination of this study reveals that while digital transformation positively influences SCRDM capabilities, enabling better management of supply chain risks, Government R&D subsidy may inadvertently dampen the dynamism essential for effective risk management. Interestingly, the results indicate a negative correlation between SCRDM and firms’ return on assets, highlighting the complexities of aligning risk management with financial outcomes. Focusing on the Chinese chips market, the findings suggest a need for policy refinement to foster rather than hinder flexibility and innovation. This research contributes to scholarly discourse and offers practical guidance for industry leaders and policymakers aiming to strengthen supply chain resilience and boost organizational performance in the chips sector.",Chips industry; Digital transformation; Dynamic capabilities; Government R&D subsidy; Resource-based view; Supply chain risk management,2025,23,10.1016/j.ijpe.2025.109524,Guo H.,International Journal of Production Economics,2-s2.0-85215240797
How does corporate social responsibility contribute to innovation performance? The moderating role of social media strategic capability and big data analytics capability,"Purpose: The purpose of this study is to investigate the impact of corporate social responsibility (CSR) on innovation performance and examine the moderating role of social media strategic capability and big data analytics capability. Specifically, the authors explore the effects of both external and internal CSR on innovation performance. Design/methodology/approach: The authors collected data from 221 senior, middle and research and development (R&D) managers of high-tech firms in China, using a questionnaire survey with a six-month interval. Findings: The empirical results show that both external and internal CSR positively influence innovation performance. Furthermore, social media strategic capability has a positive moderating effect on the relationship between CSR and innovation performance, while big data analytics capability moderates the relationship between external CSR and innovation performance. Research limitations/implications: The data comes from high-tech firms in China, which may limit the generalizability and external validity of the findings. Future studies should replicate this study in other industries and types of organizations. Practical implications: The study suggests that high-tech firms should engage in both external and internal CSR activities to promote innovation performance. Moreover, leveraging social media strategic capability and big data analytics capability can enhance innovation performance. Originality/value: This study contributes to the literature on CSR outcomes by empirically exploring the effects of external and internal CSR on innovation performance, thus extending stakeholder theory. Additionally, by revealing the contingency effects of social media strategic capability and big data analytics capability, this study enriching the research on dynamic capabilities theory in the context of digital transformation.",Big data analytics capability; Corporate social responsibility; Innovation performance; Social media strategic capability,2025,23,10.1108/EJIM-11-2022-0636,Wang C.,European Journal of Innovation Management,2-s2.0-85166963295
How Does Technological Niche Affect Green Collaborative Innovation? The Contingent Role of Digital Transformation and Female Executives,"Faced with sustainable development challenges and a new symbiotic phase in technological innovation, the green collaborative innovation model has emerged as a crucial approach to address environmental issues. Despite widespread consensus on the role of green collaborative innovation, existing research has yet to systematically examine its antecedent and contingent mechanisms. Therefore, this study aims to uncover the drivers of green collaborative innovation from a technological niche perspective and explore why some enterprises exhibit greater advantages and tendencies in engaging in such initiatives compared to others. The results indicate that both technological niche overlap and breadth have a positive effect on green collaborative innovation, and that these two relationships vary depending on different contingent factors. Specifically, digital transformation negatively moderates the relationship between technological niche overlap and green collaborative innovation, while positively moderates the relationship between technological niche breadth and green collaborative innovation. Female executives negatively moderate the relationship between technological niche overlap and green collaborative innovation, but only in high-polluting industries, while positively moderate the relationship between technological niche breadth and green collaborative innovation. Overall, this study contributes to the existing research on sustainable development by analyzing the influence mechanism of green collaborative innovation through the integration of niche theory, upper echelons theory, and dynamic capability theory.",Digital transformation (DTR); female executives; green collaborative innovation (GCI); sustainable development; technological niche,2025,22,10.1109/TEM.2025.3528066,Wang H.,IEEE Transactions on Engineering Management,2-s2.0-85214701286
An organizational sensemaking theorizing of how firms construct digitally enabled strategic agility,"Existing theories on digitally enabled strategic agility have predominantly adopted a dynamic capability perspective, explaining how it fosters competitive advantage. However, such theories provide insufficient clarity on how organizations navigate the “equivocality” that arises from abundant but often unstructured and ambiguous information and signals to formulate an effective response to environmental dynamism. We address this literature gap by developing a novel organizational-sensemaking-based framework where digitally enabled strategic agility emerges from a combination of digital orientation, information governance, and digital transformation. We test the series of hypotheses depicted in the theoretical framework empirically by collecting survey data from the Australian healthcare sector. The statistical findings reveal that digital orientation influences digitally enabled strategic agility through the individual and serial mediation of information governance and digital transformation, with no direct impact observed. Our findings highlight the importance of organizational sensemaking in achieving effective responses to environmental changes, crucial for fully realizing digitally enabled strategic agility.",Digital agility; Digital orientation; Digital transformation; Information governance; Sensemaking; Strategic agility,2025,22,10.1016/j.im.2025.104130,Malik M.,Information and Management,2-s2.0-85219157056
Examining the impact of digital transformation on digital product innovation performance in banking industry through the integration of resource-based view and dynamic capabilities,"This study presents a novel approach by integrating the Resource-Based View (RBV) and Dynamic Capabilities (DC) frameworks to investigate how Digital Transformation (DT) facilitates Digital Product Innovation (DPI) in the banking sector. Unlike prior research that primarily examines DT's impact on financial performance and operational efficiency, this study positions DT as a pivotal mediating mechanism that transforms firm-level resources and capabilities into digital innovation outcomes. This research also addresses the gap in understanding the importance of integrating the RBV and DC within DT, an area where previous studies remain limited. Using Partial Least Squares-Structural Equation Modeling (PLS-SEM), data from 355 banking professionals across 51 Indonesian banks were analyzed. The findings reveal that unique resources and capabilities, IT and digital capabilities, strategic orientation, collaboration and relational resources, complementary resources, and DC positively influence DT, which in turn significantly enhances DPI. Furthermore, DT partially mediates these relationships, demonstrating that firms must not only acquire digital resources but also cultivate dynamic capabilities to effectively adapt and integrate them into their innovation strategies. This study offers substantial theoretical contributions by integrating the RBV and DC frameworks to elucidate the role of DT in driving DPI. From a managerial perspective, it provides practical guidelines for banks on effectively managing resources and capabilities to successfully implement DT and foster DPI.",Banking innovation; Digital product innovation; Digital transformation; Dynamic capabilities; Emerging markets; Resource-based view,2025,22,10.1016/j.jsinno.2025.200540,Abdurrahman A.,Journal of Strategy and Innovation,2-s2.0-105013363401
"Leveraging digital technology to improve environmental, social, and governance performance of infrastructure projects","Purpose: This research explores how digital technologies can improve the environmental (E), social (S) and governance (G) performance of infrastructure projects. Design/methodology/approach: Grounded in the dynamic capability view (DCV), this study adopted an exploratory qualitative approach. Semi-structured interviews were conducted with infrastructure professionals experienced in digital transformation and Environmental, Social, and Governance (ESG). An inductive thematic analysis was applied to derive insights directly from the data. To interpret and refine the emerging themes in relation to DCV, the research employed an abductive logic through a process of systematic combining allowing theory and empirical data to iteratively inform each other. Findings: The results revealed that digital transformation improves ESG performance through informed decision making using real-time data, reduces time consumption in manual data processing, enhances system complexities and facilitates local and global standardization of ESG performance. Furthermore, digital technologies have far-reaching impacts on data collection, structuring, reporting and transparency. Environmental (E), social (S) and governance (G) elements of ESG can significantly be promoted using advanced technologies. The drivers and challenges associated with the adoption of digital technologies to improve ESG performance of infrastructure projects are also highlighted. Practical implications: The findings of this research offer valuable insights to infrastructure professionals aiming to improve ESG performance to achieve net-zero targets, promote sustainable investment and enhance competitive advantages by adopting digital transformation in the era of digital economy. Originality/value: There is dearth of empirical studies focusing on qualitative research methods that explore the use of digital technologies to advance the performance of infrastructure projects within the framework of ESG.",Digitization; ESG; Infrastructure; Projects; Technology,2025,21,10.1108/MD-04-2024-0818,Tumpa R.J.,Management Decision,2-s2.0-105008945076
Building organizational agility through digital transformation: a configurational approach in SMEs,"Purpose: This study adopts a capability-based view to investigate the attainment of organizational agility in manufacturing small and medium-sized enterprises (SMEs). It first explores how these firms mobilize different types of operational and dynamic information technology (IT) capabilities to achieve a high level of agility through their digital transformation. In return, it also reveals opposite paths, i.e. those leading to its absence. Design/methodology/approach: The research method involves a qualitative comparative analysis (QCA) of 65 Canadian manufacturing SMEs. Through necessity and sufficiency condition analysis procedures, this approach emphasizes the complexity of the digital transformation processes by revealing different sets (i.e. configurations) of what enable, or inhibit, organizational agility in these firms. Findings: The findings indicate that manufacturing SMEs need to align at least one dynamic IT capability (sensing, learning, coordinating or integrating) and one operational IT capability (IT management, IT infrastructure or e-business) to be highly agile. In contrast, other findings indicate that there are suboptimal combinations of IT capabilities, which result in an absence of agility. Originality/value: This study offers a deeper understanding of the complex interaction of IT capabilities in SMEs seeking greater agility in their business activities. Its contributions provide insights on the mobilization of a range of capabilities, both complementary and interdependent, to respond to changing conditions in their internal and external environments. These actionable findings can help various actors in the digital development of SMEs to design and implement effective IT strategies and public policies.",Digital transformation; Dynamic capabilities; IT capabilities; Organizational agility; Qualitative comparative analysis (QCA); SME,2025,21,10.1108/IMDS-05-2024-0488,Pelletier C.,Industrial Management and Data Systems,2-s2.0-105001089644
Fostering accountability through digital transformation: leadership’s role in enhancing techno-work engagement in public sector,"This study highlights the crucial role of digital transformation in enhancing accountability within Pakistan's public health sector by examining the influence of digital leadership on employees’ techno-work engagement and organizational digital maturity. Using data from 343 hospital employees, applying structural equation modeling, the findings reveal that digital leadership significantly boosts techno-work engagement, which in turn enhances organizational digital maturity. The study also explores the mediating role of techno-work engagement and the moderating impact of human-artificial intelligence (AI) skills, offering insights into digitalization processes that promote transparency and accountability.",Artificial intelligence; digital leadership; digital maturity; dynamic capability view theory; human-AI skills; techno-work engagement,2024,21,10.1080/09540962.2024.2424384,Khan A.N.,Public Money and Management,2-s2.0-85210599913
Data-driven dynamic capabilities in emerging markets: A grounded theory approach to digital transformation in african retail banking,"This study develops a process model of Data-Driven Dynamic Capabilities (DDDC) in African retail banking, addressing critical gaps in our understanding of how organizations develop and deploy data capabilities in data-rich, resource-constrained environments. Through a qualitative multiple case study of two major African banks, we uncover the specific practices through which banks develop capabilities despite resource constraints, deploy them to address contextual challenges, and generate competitive advantage. Our analysis reveals three interconnected processes: capability development practices (including data-driven culture cultivation, cross-functional integration, and adaptive infrastructure development); core capabilities that emerge through these practices (Data Integration and Synthesis, Real-time Insight Generation, and Agile Marketing Execution); and capability deployment practices (such as contextually adaptive customer engagement and regulatory navigation) that translate capabilities into competitive outcomes. The process model explains how contextual factors—including regulatory complexity, varying digital infrastructure, and skills constraints—shape both capability development and deployment practices. Theoretically, our study extends dynamic capabilities theory by reconceptualizing capability development as an ongoing process enacted through specific organizational practices rather than as a linear sequence of activities. It contributes to the literature on big data analytics by revealing how capabilities emerge through the interplay of organizational practices and contextual factors, challenging traditional assumptions about resource requirements for advanced analytics capabilities. By focusing on practices rather than just capabilities, our process model shows how organizations in resource-constrained environments develop innovative approaches to overcome limitations in specialized analytics talent and infrastructure. This research provides a roadmap for digital transformation in emerging markets, emphasizing the development of contextually appropriate practices rather than simply importing approaches from resource-rich environments. It sets the stage for future research on organizational adaptation in data-rich, resource-constrained environments, exploring the intersection of data analytics, dynamic capabilities, and contextual innovation.",African Banking; Big Data Analytics; Data-Driven Dynamic Capabilities; Digital Transformation; Grounded Theory; Process Model; Resource-Constrained Environments,2025,21,10.1016/j.ijinfomgt.2025.102914,Anning-Dorson T.,International Journal of Information Management,2-s2.0-105004198717
LEADING IN THE DIGITAL AGE: CONCEPTUALISING DIGITAL LEADERSHIP AND ITS INFLUENCE ON SERVICE INNOVATION PERFORMANCE,"Although firms rely on employees' innovative work behaviour and effective leadership to achieve service innovation performance, these relations remain underexplored, especially regarding digital leadership. We conceptualise a digital leader's capabilities and explore influences on innovative work behaviour and service innovation performance, using the dynamic capabilities view as a theoretical lens. Applying a multi-method exploratory research design, our qualitative results, based on 34 expert interviews, deliver a taxonomy of digital leadership capabilities along three dimensions. With 249 survey participants, we quantitatively tested dimensional influences individually (multidimensional view) and collectively (unidimensional view) using structural equation modelling. In line with our mediation results, both views are significantly positively related to innovative work behaviour; still, only the unidimensional view significantly influences service innovation performance. Our results underpin the comprehensive character of digital leadership capabilities contributing to innovation research with a new “antecedal” perspective. We also provide practical relevance by revealing innovation-effective leadership capabilities.",Digital leadership; digital transformation; dynamic capabilities; innovative work behaviour; microfoundations; service innovation performance,2023,20,10.1142/S1363919623500317,Schuster T.,International Journal of Innovation Management,2-s2.0-85176373964
Every cloud has a silver lining: The role of business digitalization and early internationalization strategies to overcome cloudy times,"In this research we explore, building on dynamic capabilities, the influence that certain strategies followed by international new ventures (INVs) have on their responses to the COVID-19 crisis. Specifically, we access the effect of business digitalization, early internationalization and internet international strategy on two possible responses to the crisis. Through the data gathered by a survey of 153 INVs, we were able to test the hypothesized framework using partial least squares structural equation modeling (PLS-SEM) technique. We find that all the hypothesized relationships were confirmed. Therefore, business digitalization strategy, early internationalization strategy and internet international strategy have a positive effect of both responses to the crisis: production recovery (short-term response) and digital transformation (long-term response). This study provides two insightful contributes to the international entrepreneurship field: i) these three strategies (business digitalization, early internationalization and internet international focus) incorporate dynamic capabilities that give INVs advantages in reacting to a crisis; and ii) faced with a crisis situation, INVs simultaneously implement short-term and long-term responses.",Business digitalization strategy; COVID-19 crisis; Crisis responses; Early internationalization strategy; International new ventures; Internet international strategy,2024,20,10.1016/j.techfore.2023.123084,Crespo N.F.,Technological Forecasting and Social Change,2-s2.0-85180414261
Digital strategy for firm performance- mediating role of digital platform capabilities and digital culture in manufacturing SMEs,"Manufacturing businesses worldwide increasingly strive to devise and implement strategies to succeed in digital transformation and improve their performance by developing digital capabilities and competencies. We argue that this process should incorporate a culture and dynamic capabilities that support this transformation. In this vein, we propose and test a model explaining the impact of digital strategy on firm performance and the mediation mechanisms of digital platform capabilities and digital culture in this relationship. Our analysis of time-lagged data, gathered from middle and top managers of small and medium-sized manufacturing enterprises (SMEs), affirms our initial hypotheses: digital strategy positively influences firm performance, and digital platform capabilities and organisational culture mediate this relationship. Our study carries significant implications for manufacturing SMEs, particularly those in developing countries, as it underscores the pivotal role of digital platform capabilities and cultural factors in leveraging digital strategies for competitive advantage.",digital culture; digital platform capabilities; Digital strategy; firm performance,2025,20,10.1080/09537325.2024.2339379,Bhatti S.H.,Technology Analysis and Strategic Management,2-s2.0-85190456230
"Unlocking digital performance: exploring the mediating role of employee competitive attitudes, behaviors, and dynamic capabilities in Chinese SMEs under high-involvement human resource management practice","Digital technology has already permeated the production and operations of organizations, with many incorporating it into employee performance evaluations. However, there remains a research gap in identifying effective approaches to achieving digital performance. Furthermore, while scholars have often mentioned the differences in employee attitudes, and employee dynamic capability (EDC) in the dynamic digital market, empirical evidence supporting this notion is scarce. This paper investigates the influence of high-involvement human resource management practices (HI-HRMPs) on employee digital performance (EDP) within Chinese small and medium-sized enterprises (SMEs), focusing on specific cultural regions in China. Using purposive sampling, four representative regions (Guangzhou, Shanghai, Guizhou, and Anhui) were selected for Survey. Structural equation modeling (AMOS) was employed to examine the relationships between HI-HRMPs as the independent variable and employee competitive attitudes, employee competitive behaviors, and employee dynamic capabilities as mediating variables, with a focus on their impact on employee digital performance. Contrary to direct effects, the study reveals that HI-HRMPs do not directly influence employee digital performance. Instead, employee competitive attitudes and behaviors, along with their dynamic capabilities, emerge as significant mediating variables in this relationship. Specifically, employee competitive attitudes and behaviors, as well as employee dynamic capabilities, play crucial roles in mediating the relationship between HI-HRMPs and employee digital performance. Furthermore, the findings indicate that employee dynamic capabilities exhibit greater influence on employee digital performance compared to employee competitive attitudes and behaviors, particularly in the context of a rapidly evolving digital marketplace. These results underscore the importance of fostering employee dynamic capabilities within SMEs to enhance digital performance in the ever-changing business landscape.",Digital transformation; Employee competitive attitude; Employee competitive behavior; Employee digital performance; Employee dynamic capability; HI-HRMPs,2024,19,10.1186/s13731-024-00395-3,Wang G.,Journal of Innovation and Entrepreneurship,2-s2.0-85196106039
"Empowering Thai SMEs through IT competency, digitalization and digital transformation for new product development","Small and medium-sized enterprises (SMEs) in Thailand’s food industry face challenges in competitiveness due to limited resources, low technological adoption, and workforce constraints. While digitalization and IT competency are recognized as drivers of innovation, their interconnected roles in digital transformation and new product development (NPD), creating unique products or services, remain underexplored. This study examines the mediating role of digitalization between IT competency and digital transformation and explores how digital transformation influences NPD to enhance the competitiveness of Thai food SMEs. Grounded in dynamic capability theory, data were collected through an online questionnaire distributed to representatives of Thai food SMEs listed in the Ministry of Commerce’s warehouse database. Conducted between December 2021 and February 2022, the study obtained 83 valid responses from a sample of 2665 (3.1% response rate). Partial Least Squares Structural Equation Modeling (PLS-SEM) analysis reveals that digitalization fully mediates the relationship between IT competency and digital transformation, which significantly enhances NPD. The findings highlight IT competency, digitalization, and digital transformation as key drivers for innovation, offering strategic insights for policymakers and practitioners. This study also advances dynamic capability theory and emphasizes the need for Thai SMEs to adopt technological capabilities to remain competitive in emerging markets.",digital transformation; digitalization; Entrepreneurship and Small Business Management; food SMEs; IT competency; Management of Technology & Innovation; new product development (NPD); Small Business Management; Thailand,2025,19,10.1080/23311975.2025.2458758,Ueasangkomsate P.,Cogent Business and Management,2-s2.0-85216973520
Does digital transformation foster carbon emissions reduction? Evidence from China’s manufacturing supply chain,"Purpose: Scholars and practitioners have long debated carbon dioxide (CO2) emissions reduction via setting double-carbon goals of peak emissions and carbon neutrality in China. Our study, based on dynamic capability and resource dependence theory (RDT), explores whether digital transformation (DT) affects carbon emissions reduction (CER), and the role of operations and supply chain management (OSCM) factors in this relationship. Design/methodology/approach: The samples are constructed with 454 A-shared listed manufacturing firms with complete financial data from 2010–2021. Regression models with fixed effects are applied to estimate the potential parameters. Findings: We find that DT promotes CER. The performance output of CER is strengthened when supplier concentration and customer concentration are high. In contrast, the performance output of CER is weaker when environmental uncertainty is high. Originality/value: The findings of our study enrich the literature on CER in Chinese manufacturing firms and highlight DT and OSCM factors as important drivers influencing CER practices.",Carbon emissions reduction; Customer concentration; Digital transformation; Environmental uncertainty; Resource dependence theory; Supplier concentration,2024,19,10.1108/IJLM-07-2023-0260,Xu Y.,International Journal of Logistics Management,2-s2.0-85195320065
Organizational Meta Capabilities in the Digital Transformation Era,"When migrating to Industry 4.0, organizations face the need to adapt to a new context characterized by high levels of uncertainty and complexity. The main driving force in this process are the meta-competencies that ensure high competitiveness and innovativeness. However, their content, classification levels, intersections, and development potential under the influence of digitalization are insufficiently covered by the literature. This article attempts to fill this gap by analyzing the impact of new technologies on meta-competences. It presents a conceptual model based on the assumption that the degree of digitalization enhances the effects of the interaction between the top-level meta-competencies-Foresight, strategic flexibility, and ambidextrousness. Additional factors, the inclusion of which in the model will allow for a better study of the nature of the relationship under consideration, are proposed.",digital transformation; dynamic capabilities; futures studies; Industry 4.0; meta-competences; organizational ambidexterity; strategic agility; strategic foresight; strategies,2022,19,10.17323/2500-2597.2022.4.24.31,Razzak M.R.,Foresight and Sti Governance,2-s2.0-85144451210
"Digital economy, dynamic capabilities, and corporate innovation boundary","This study examined how digital economic development impacts corporate innovation boundaries. We investigated the mediating role of dynamic capabilities and the heterogeneous effects across organizational contexts. Analyzing 19,346 firm–year observations from Chinese listed companies (2008–2022), digital economic development significantly expanded innovation boundaries, with this relationship partially mediated by innovative capability, adaptive capability, and absorptive capacity. The impact varies substantially across organizational settings: nonstate-owned enterprises respond more strongly than state-owned ones; regulated industries show greater expansion of innovation boundaries than nonregulated sectors; and traditional sectors reveal substantial potential for innovation driven by digital transformation. These findings indicate that digital economic development broadens innovation horizons directly and through enhanced internal capabilities and that its effects vary according to the organizational context. The findings enhance the understanding of digital innovation and organizational adaptation, offering valuable insights for managers and policymakers navigating the challenges of an increasingly digitalized economy.",Digital economy; Dynamic capability; Firm boundary; Innovation boundary,2025,18,10.1016/j.frl.2024.106675,Zhang X.,Finance Research Letters,2-s2.0-85212875153
Thriving in turbulence: resilience and strategic adaptation in global business,"This research employs a hybrid systematic literature review methodology, combining bibliometric mapping with the Theory-Context-Characteristics-Methodology (TCCM) framework, to critically examine the scholarship on resilience and strategic adaptation in global business under conditions of geopolitical uncertainty. Drawing on 59 high-impact, peer-reviewed articles, the study identifies dynamic capabilities, institutional theory, and organizational agility as the predominant explanatory frameworks for firm-level adaptation. Through the synthesis of these perspectives, we observe the emergence of a conceptual construct termed the Resilience Strategy Engine, which comprises four interrelated components: institutional adaptation mechanisms, organizational agility, digital enablers, and contextual intelligence. These constructs reflect the operationalization of dynamic capabilities in navigating external shocks. Methodologically, the literature reveals a strong reliance on cross-sectional quantitative designs and bibliometric techniques, with limited engagement in longitudinal research, big data analytics, and mixed-methods approaches. The hybrid methodology applied in this study enables a structured, multi-dimensional analysis that captures both theoretical patterns and empirical gaps, offering a comprehensive lens on how resilience has been conceptualized and examined in global business contexts.",Digital transformation; Dynamic capabilities; Geopolitical uncertainty; Resilience; Strategic adaptation; TCCM framework,2026,18,10.1007/s11846-025-00940-8,Malik F.S.,Review of Managerial Science,2-s2.0-105017406949
Developing capabilities underlying to Industry 4.0 design principles within the manufacturing context,"Purpose: Using a dynamic capabilities approach, the present study aims to identify and assess the effects of organizational determinants on capabilities underlying Industry 4.0 design principles, such as integration, virtualization, real-time, automation and servitization. Design/methodology/approach: PLS-SEM enables a two-stage hierarchical latent variable reflective-formative model which was used for assessing the effect of organizational determinants on Industry 4.0 design principles. Five hundred six manufacturing companies constitute the effective sample, representing a population of manufacturing companies in an industrialized country. Findings: The findings reveal that Industry 4.0 design principles extensively depend on digitalization resource availability. At the same time, companies that possess digitalization and change management capabilities tend to devote more resources to digitalization. Finally, the paper reveals that networking and partnership capability is the critical enabler for change management and digitalization capabilities. Practical implications: The paper provides empirical evidence that the successful development of Industry 4.0 design principles and their underlying integration, virtualization, real-time, automation and servitization capabilities are resource dependent, requiring significant upfront investment and continuous resource allocation. Further, the study implies that companies with networking and partnership, change management and digitalization capabilities tend to allocate more resources for Industry 4.0 transformation. Originality/value: Exclusively focusing on empirical research that reported applied insights into determinants of Industry 4.0 design principles, the study offers unique implications for promoting Industry 4.0 digital transformation among manufacturing companies.",Dynamic capabilities; Industry 4.0 design principles; Industry 4.0 readiness,2023,18,10.1108/JMTM-01-2023-0031,Ghobakhloo M.,Journal of Manufacturing Technology Management,2-s2.0-85172705215
"Unveiling knowledge ecosystem dimensions for MSMEs’ digital transformation, toward a location-based brokerage","This study explores how knowledge ecosystems (KEs) led by a knowledge broker (KB) can support the digital transformation of Micro-, Small and Medium-sized Enterprises (MSMEs). By employing an exploratory research design and action research methodology, the paper proposes and applies an analytical framework to investigate the characteristics of KEs and the knowledge managed by the KB as the innovation intermediary acting as leader of the KE The case study selected uncovers the dimensions of a regional KE guided by a digital innovation hub (DIH) supporting MSMEs towards the adoption of the “Digital Artisan platform” deriving from an Industry 4.0 project. The findings highlight the importance of trust, strategic alignment, and dynamic capabilities of KBs in enhancing MSMEs' digital journey and emphasize the location dimension of the regional KE as a means for providing tailored support. This research contributes to the theoretical and practical understanding of regional KEs enabling the digital transformation through KBs who are the innovation intermediaries covering the role of leaders of the ecosystem.",Digital transformation; Knowledge brokers; Knowledge ecosystem; MSMEs,2024,18,10.1016/j.technovation.2024.103086,Marinelli L.,Technovation,2-s2.0-85200475312
"Disentangling the dynamic digital capability, digital transformation, and organizational performance relationships in SMEs: a configurational analysis based on fsQCA","While digitalization has become inevitable for firms of every size, a limited number of studies to date aimed to investigate the impact of digital capabilities and digital transformation on the organizational performance of small businesses. Drawing on the dynamic capabilities view, the current study analyzes the conditions under which the dynamic digital capability of a small and medium-sized enterprise (SME) would lead to higher performance. In this study, a unique fuzzy-set qualitative comparative analysis methodology was used for analyzing the data collected from 136 SMEs for investigating the IT utilization, human capital, digital maturity, and digitalization strategy antecedents of dynamic digital capability. The results reveal that two particular configurations of dynamic digital capability are identified as the main digitalization influencers of organizational performance in SMEs. To the best of our knowledge, this study presents the first empirical findings to the literature about dynamic digital capability and organizational performance relationships in SMEs through the utilization of configurational analysis methodology. Theoretically, the study addresses an acknowledged need for a holistic approach to uncover the underlying mechanisms of dynamic digital capability formation and digital transformation in small firms, with their impact on firm performance. The findings also present vital practical implications for business owners, policy-makers, and bodies responsible for SMEs, by providing new insights about the combination of factors that drive high performance, particularly at times of turbulence, in these units.",Digital transformation; Dynamic digital capability; fsQCA; Organizational innovation; Configurational approach; Small to medium-sized enterprises,2026,17,10.1007/s10799-024-00437-y,Karadağ H.,Information Technology and Management,2-s2.0-85202928660
"A dynamic capability perspective on digital transformation: drivers, the process and consequences","Purpose – Despite wide awareness of the importance of digital transformation (DT) for emerging market firms, we have limited understanding of the drivers, the process or the outcomes of DT in emerging market firms. Design/methodology/approach – We conducted a qualitative study on 24 case companies in Thailand and embraced thematic analysis to generate our research findings. Findings – The framework shows that the DT process in emerging market firms proceeds over three stages—market-opportunity sensing, digital technology acquisition and leading DT—which are driven by technological dynamism, business ties and institutional support. Once DT is successfully implemented, emerging market firms can improve their operational efficiency, customer relationship management, business model innovation and human resources management. Originality/value – This study thus contributes to the DT literature by offering a three-stage model of DT and identifying important antecedents and consequences of DT, which together specify how emerging market firms transform themselves digitally.",Digital transformation; Dynamic capability; Emerging market firms; Qualitative study,2026,17,10.1108/MD-06-2023-1077,Shu C.,Management Decision,2-s2.0-86000476440
Dynamic innovation model for ambidextrous SMEs: Insights from a bibliometrics analysis,"Purpose: Ambidextrous SME innovations and technology models have led to success stories in the past. They face new challenges due to increasing uncertainty in the business environment. Purpose: The study reviews ambidexterity literature to determine trends and themes existing in the body of literature on ambidexterity. Design/methodology/approach: The study employed a bibliometric and Vosviewer analysis of 1808 articles published on Scopus database from 1999–2022. The study used several indicators including data overview (scientific production in the area and three field-plot), conceptual structure (co-occurrence network, thematic map, and evolution), keyword analysis, and thematic mapping. Findings/results: The analysis indicated five main themes on which the ambidexterity literature focuses. The results revealed that the key themes in ambidexterity literature are continuous innovation, knowledge management, dynamic capabilities, entrepreneurial and market orientation, enterprise resource management (ERM), and business performance. Practical implications: The review highlighted that SMEs struggle more in dynamic business environments. Business changes in recent years have proved the importance of innovation, ERM, knowledge management, and dynamic capabilities as beneficial factors for achieving enhanced performance. Originality/value: The analysis reveals several links in literature and valuable insights into possible models that can be scaled up and replicated across different industries. Themes in the domain mainly focussed on knowledge management, firm performance, digital transformation, open innovation, dynamic capabilities as well as entrepreneurial and marketing orientation The proposed business model can assist SMEs owners and managers in swiftly adapting to unpredictability in the changing business climate caused by the recent pattern of events.",ambidexterity; business performance; digital technology; innovation; sustainability,2024,17,10.4102/sajbm.v55i1.4282,Chigori D.T.,South African Journal of Business Management,2-s2.0-85188143739
Leveraging digital transformation and agile slack to integrate team-level I-deals with strategic agility for enhancing international performance,"Purpose: The article aims to trace how small- and medium-sized export enterprises thrive in international performance by leveraging potential human resources from team-level idiosyncratic employment arrangements (I-deals) and organizational capability from strategic agility through digital transformation and agile slack. Design/methodology/approach: The study adopted a partial least squares structural equation modelling (PLS-SEM) and fuzzy-set qualitative comparative analysis (fsQCA) to test the hypotheses based on evidence from 327 teams at 77 export small- and medium-sized enterprises in Vietnam. Findings: The findings provide a novel perspective on the critical role of team-level I-deals and strategic agility for thriving small- and medium-sized exporters' international performance via the buffering and transforming firm capabilities, namely digital transformation and agile slack. Originality/value: This study combines the resource-based view and the dynamic capabilities to examine the impact of firm capabilities with team-level ideals and strategic agility on international performance.",Agile slack; digital transformation; idiosyncratic deals; international performance; strategic agility; team-level,2024,17,10.1002/tie.22365,Luu T.D.,Thunderbird International Business Review,2-s2.0-85170390920
"Mapping the landscape of marketing technology: trends, theories and trajectories in ecosystem research","The marketing technology ecosystem is rapidly evolving, integrating digital tools and platforms to transform marketing practices. This study analyses this dynamic and diverse field, addressing research trends, theoretical foundations and future directions. This research uses a multimethod approach combining bibliometric analysis, systematic literature review and content analysis. The study analyzed 144 articles from 2017 to 2024, using the theory, context, characteristics and method (TCCM) framework to structure the findings. Key research themes include artificial intelligence (AI), blockchain, digital marketing and customer experience. Journals like Industrial Marketing Management dominate the field, with the United States and the United Kingdom (UK) leading in publications; theoretical foundations focus on service-dominant logic (SDL), digital transformation, and ecosystem perspectives. Commonly used theories include technology acceptance models and dynamic capabilities, applied across various industries and digital platforms. Research methods range from quantitative surveys to qualitative case studies and emerging AI-driven analytics. The study highlights the field’s rapid evolution and diverse, interdisciplinary nature, combining various perspectives and expertise. Exciting future research directions include integrating emerging technologies, exploring sustainability and ethical implications, and developing more sophisticated, multimethod approaches to capture the complexity of marketing technology ecosystems.",Artificial intelligence marketing; bibliometric analysis; Business; digital transformation; Management and Accounting; Management of Technology & Innovation; Marketing; Marketing technology ecosystem; service-dominant logic,2025,17,10.1080/23311975.2024.2448608,Chotisarn N.,Cogent Business and Management,2-s2.0-85214204935
Digitization strategy and innovation performance of microfinance institutions: mediating role of innovation capability,"Purpose: This study aims to examine the mediating role of innovation capability in the relationship between digital transformation strategy and innovation performance of microfinance institutions in Ethiopia. Design/methodology/approach: Survey data were collected from 12 microfinance institutions in Ethiopia through self-administered questionnaires. Statistical analysis was conducted using structural equation modeling with AMOS and SPSS. Covariance-based structural equation modeling was used to test the study hypotheses. Findings: Digital transformation strategy indicators such as (digitization vision, information technology integration, information technology agility and flexibility of information technology) directly affect innovation performance. The innovation capability mediates the relationship between digital transformation strategy indicator (information technology agility) and innovation performance. However, innovation capability does not have mediation effect in the relationship between digital transformation strategy remaining indicators (digitization vision, information technology flexibility and information technology integration) and innovation performance. Originality/value: The study affirmed the importance of dynamic capability theory and presents noteworthy conclusions applicable to managers, stakeholders, and policymakers. It illuminates how innovation capability serves as a crucial link between digital transformation strategies and innovation performance within microfinance institutions in Ethiopia. This research enhances the current understanding of innovation capability, digital transformation strategy and innovation performance in the literature.",Digital transformation; Information technology; Innovation capability; Innovation performance,2025,17,10.1108/JAOC-12-2023-0241,Abera M.,Journal of Accounting and Organizational Change,2-s2.0-105001387651
Balancing Priorities: A Configurational Framework to Achieve Strategic Benefits From Sustainable Industry 4.0 Enablers in Operations and Supply Chain,"This study delves into the intricate integration of Industry 4.0 (I4.0) and sustainability within the realm of Operations and Supply Chain Management (OSCM), introducing a pioneering Sustainable I4.0-enabled OSCM (S-OSCM4.0) framework. From the lens of the dynamic capabilities view (DCV) and social exchange theory (SET), this research proposes a configurational framework using the CIMO logic—Context, Intervention, Mechanism and Outcome—to achieve strategic benefits from S-OSCM4.0 enablers, specifically focusing on developing countries. Employing an empirical study with hybrid fuzzy multi-criteria decision-making methods, the study endeavours to delineate the prioritisation sequence for implementing pivotal enablers and subsequently realising the benefits of S-OSCM4.0, aligned with the 2030 agenda. The proposed framework offers a novel, integrative approach by combining DCV and SET within the CIMO logic, providing a robust, context-specific roadmap for Sustainable I4.0-enabled OSCM. It advances theory by bridging I4.0 and sustainability in OSCM for the digital transformation of developing countries.",digital transformation; industry 4.0; multicriteria decision making; supply chain; Sustainable Development Goals,2025,17,10.1002/bse.4099,Caiado R.,Business Strategy and the Environment,2-s2.0-86000434815
"Redefining the Digital Frontier: Digital Leadership, AI, and Innovation Driving Next-Generation Tourism and Hospitality","Despite the recognized importance of digital transformation, there remains a research gap regarding the specific mechanisms through which digital leadership enables organizations to translate digital strategies into sustainable outcomes. This study addresses this gap by examining the role of digital leadership (DL) as a critical driver of digital transformation (DT), while highlighting the mediating effects of artificial intelligence (AI) and digital innovation (DI). Drawing on the Dynamic Capabilities Theory, we conceptualize DL as a sensing and seizing capability that mobilizes organizational resources to foster AI adoption and support DI, thereby achieving transformational resilience. Using a convenience sample of 346 employees from five-star hotels and class-A travel agencies in Greater Cairo, Egypt, data were analyzed through Partial Least Squares Structural Equation Modeling (PLS-SEM). The findings reveal that DL has a strong direct impact on DT and, more importantly, an indirect effect through enhancing AI productivity and enabling DI. This dual pathway advances theoretical understanding of how digital leadership shapes transformation processes and offers practical evidence for tourism and hospitality firms seeking to sustain competitiveness in dynamic market environments.",artificial intelligence; digital innovation; digital leadership; digital transformation,2025,17,10.3390/admsci15090369,Seraj A.H.A.,Administrative Sciences,2-s2.0-105017454573
Research on influencing factors and path of digital transformation of manufacturing enterprises,"Purpose: Under the influence of the digital economy, the digital transformation of manufacturing enterprises has attracted widespread attention from scholars at home and abroad due to its uniqueness and importance. However, the existing literature is still deficient in the inner mechanism of digital transformation and lacks research on the digital transformation process. Through in-depth interviews and rooted theory, this paper focuses on the key factors of digital development of manufacturing enterprises and constructs a model of the digital transformation process. Design/methodology/approach: This paper takes China's manufacturing enterprises as research projects. First, through a literature search, the authors proposed three key factors for constructing sustainable competitiveness from digital transformation, that is, core technology innovation, business model re-engineering and organizational structure optimization. Second, the authors adopted the grounded theory approach to identify three sustainable competitive factors of manufacturing enterprises resulting from digital transformation and constructed a theoretical model. Third, based on Chinese manufacturing enterprises data, the authors used an empirical study to validate the three influencing factors. Finally, the authors identified the inner mechanism of the digital transformation of enterprises and put forward suggestions for enterprises to maintain sustainable competitiveness. Findings: First, based on the existing literature, this paper identified the importance of digital transformation of manufacturing enterprises, and the essence of digital transformation of manufacturing companies was found to lie in the change in the combined effect of technological, market and organizational innovation. Second, based on the grounded theory, through in-depth interviews with manufacturing enterprises on digital transformation and open coding of interview transcripts, it was concluded that the key factors for the digital transformation manufacturing companies are core technology change, business model re-engineering and organizational structure optimization. Third, based on a dynamic perspective, the authors evaluated and validated digital transformation. The study found that manufacturing enterprises can improve their digital transformation capabilities through the trajectory of “core technology change – business model re-engineering – organizational structure optimization” to improve their sustainable competitive advantage. Originality/value: Firstly, this study proposed three key factors for constructing sustainable competitiveness from digital transformation, that is, core technology innovation, business model re-engineering and organizational structure optimization, which enriched the theory of transformation and upgrading. Secondly, this study constructs the structural equation model of digital transformation and discovers the key factors pf digital transformation.",Digital dynamic capability; Digital transformation; Manufacturing enterprises,2024,17,10.1108/K-06-2023-1042,Zhang Y.,Kybernetes,2-s2.0-85172130424
Ecosystem Well-Being and Resilience: Lessons from Crisis Management in Service Organizations,"Purpose: In this paper, we investigate the strategies and approaches adopted by service organizations to navigate a humanitarian crisis and the lessons learnt from the crisis to face a future one. Understanding the effect of a crisis triggered by health pandemic hazards on services delivery and management, organizational strategies for survival and recovery, and the recovery post-crisis, in terms of building organizational and ecosystem resilience, is the focus of this paper. Design/Methodology/Approach: Using a qualitative research design which closely approximates the theory-in-use (TIU) approach (Zeithaml et al. 2020), we interview 47 elite informants from service organizations that were particularly severely impacted by the crisis. We follow Corbin and Strauss’s (2014) procedure for analysis of the interviews (i.e., open, axial and selective coding) and Saldaña (2013) for thematic analysis. Findings: Drawing on Transformative Service Research (TSR) and dynamic capabilities perspective, we develop an empirical framework of crisis management which focuses on dynamic co-creation of service ecosystem well-being and resilience. Service organization responses included 1) retrenchment and balancing supply and demand, 2) service re-design and provision, 3) imposed service innovations, 4) digital servitization and 5) rethinking business models. Aiding with the process of crisis management in the face of uncertainty are dynamic capabilities, including strategic flexibility, market orientation, customer centricity, transformational leadership, and technological/digital capabilities. Originality/Value/Contribution: The study provides a novel applied framework which sheds light on how organizations that co-created value with other firms, suppliers, customers, stakeholders (the focus of B2B marketing) fundamentally transformed their services to fulfill human and ecosystem actors’ needs, by placing well-being right at the center of their crisis management strategies. We combine the TSR lens on service ecosystem well-being and resilience with the dynamic capabilities perspective to explore how service organizations managed the COVID-19 crisis and what lessons can be learnt to face any future crisis. We argue that well-being and resilience are dependent on a service co-creation process that involves multiple ecosystem stakeholders at the individual, organizational, community and societal levels. We have built on Anderson’s et al. (2013) and Chen et al. (2020) work to explore empirically how well-being can be co-created in time of crisis. The process of value co-creation, through the responses identified in our paper (e.g., digital servitization and imposed innovations), were adopted to provide physical, health, financial and social safety to the service ecosystem actors (primarily customers, employees, and managers) during the pandemic. Practical implications: The findings contribute to the service marketing practice by identifying the managerial strategies that blend TSR and dynamic capabilities. The study provides an applied framework which sheds light on how organizations fundamentally transform their services to fulfill human and ecosystem actors’ needs, by placing well-being right at the center of their crisis management strategies. Well-being became a function of fulfilling the most basic human needs (belonging, safety, security and hygiene) of customers, employees, managers and communities. Our research helps managers and decision-makers to identify the right strategies and capabilities needed to manage a crisis. Critically, managers should stress building the skills of market orientation, digitalization and strategic flexibility to manage uncertainty. Service organizations require flexible and integrative decision-makers who elevate service innovation to a core strategic issue to come out from a crisis.",crisis management; digital transformations; dynamic capabilities; ecosystem well-being; Service ecosystem; transormative service research; value co-creation,2023,17,10.1080/1051712X.2023.2289875,Toufaily E.,Journal of Business to Business Marketing,2-s2.0-85179657419
"Harnessing digital transformation and ESG performance for innovation, competitiveness and financial success: insights from European multinationals","Purpose: This study examines how digital transformation amplifies the effect of environmental, social and governance (ESG) performance on innovation, market competitiveness and financial performance in European multinational firms operating in Ghana. Design/methodology/approach: Relying on the resource-based view and dynamic capability theory, we designed a model to assess a serial mediation to explain how ESG performance, innovation and market competitiveness can connect digital transformation to enhance financial performance. Data were collected from 340 senior and middle-level managers from European multinational firms in Ghana and employed structural equation modeling and the Sobel test for data analysis. Findings: The study finds that digital transformation significantly enhances ESG performance. ESG performance positively influences innovation, market competitiveness and financial performance. Additionally, ESG performance has indirect positive effects on financial performance through innovation and market competitiveness, highlighting the importance of digital transformation in driving these outcomes. Practical implications: The findings provide insights for managers, emphasizing the need to integrate digital transformation and ESG strategies to foster innovation and competitiveness, especially in emerging economies. Originality/value: This research contributes to the growing literature on digital transformation and ESG by demonstrating their combined impact on business outcomes in an emerging market context. It offers a new framework for understanding how sustainability-driven strategies, enabled by digital transformation, can generate both economic and societal value.",Digital transformation; ESG performance; Financial performance; Innovation level; Market competitiveness,2025,17,10.1108/BPMJ-12-2024-1215,Korankye B.,Business Process Management Journal,2-s2.0-105004680141
Role of Readiness to Change in the Relationship Between Workforce Agility and Digital Transformation: A Two-Timeframe Study,"This paper uses dynamic capabilities theory to explore the role of readiness to change as mediator in the intricate relationship between workforce agility and digital transformation. A total of 161 usable responses were gathered in two-waves of surveys from Indian organizations. Structural equation modelling was utilized to rigorously test the research hypotheses. The results unearthed a noteworthy positive link between workforce agility and the readiness to change, and this readiness, in turn, significantly influenced digital transformation. Intriguingly, the study also unveiled a direct relationship between workforce agility and digital transformation. The findings contribute a valuable thread to the literature, as it seamlessly weaves the concept of workforce agility into the fabric of digital transformation with Industry 4.0 context. This study would empower HR managers with a deeper understanding of the workforce’s mindset and their preparedness to navigate technological changes. Such insights are indispensable, as effective change implementation hinges on insightful leadership.",Digital Transformation; Industry 4.0; Readiness to Change; Strategic HRM; Workforce Agility,2024,17,10.4018/JGIM.345241,Sharma K.,Journal of Global Information Management,2-s2.0-85195469504
Reimaging Emerging Technologies for Digital Transformation and Growth Trajectory of Organizations in New Normal: The Moderating Role of Organizational Data-Driven Culture,"Emerging technologies, such as artificial intelligence, big data analytics, and blockchain, play a major role in the digitalization of organizations. Data are important for decision-making processes. Organizations need to establish a data-driven culture to support the digital transformation process. However, extant literature is scant to investigate the effects of digitalization on organizational sustainability performance. In this context, this study aims to investigate how data-driven culture and digital transformation could impact organizational sustainability performance by improving some intermediate contextual factors. To investigate the effects of digitalization, this study has developed a theoretical model with the knowledge of literature and theories. Later, the model has been statistically validated. This study claims its uniqueness because no other studies have extensively demonstrated that applications of digital technologies in a data-driven culture could improve the sustainability performance of organizations by improving product and process innovation and the financial and operational performance of organizations. However, the study results suffer from external validity issues, as the analysis of the results depends on the inputs of the respondents who are based out of India. This has been considered as a limitation in this study.",Data-driven culture (DDC); digital transformation (DIT); dynamic capability view (DCV); emerging technology; friction-free diffusion of technologies; growth trajectory; innovation; new normal; risk; sustainability,2024,17,10.1109/TEM.2023.3313349,Chaudhuri R.,IEEE Transactions on Engineering Management,2-s2.0-85173063949
Human and technological actors shaping digital transformation capability: an integrative review,"Purpose: This study aims to clarify and synthesise the fragmented, multidisciplinary digital transformation (DT) literature, addressing three gaps, namely the role of cognitive technologies, the employee mindsets required and the paradoxical tensions firms experience as they transform their firms. Cognitive technologies like AI, IoT and other autonomous systems simulate human cognitive processes, challenging prior firm and employee practices. Design/methodology/approach: A systematic literature review guided by the PRISMA protocol was conducted to thematically analyse 83 peer-reviewed articles, drawing on the micro-foundations of dynamic capabilities. Findings: Our findings reveal cognitive technologies remain overlooked in the bulk of DT literature despite their relevance to knowledge search, knowledge management and transactive memory systems as micro-foundations of DT capabilities. Based on dynamic capabilities’ aggregate dimensions, our thematic analysis suggests managers should navigate a sensing paradox of renewal drivers, a seizing paradox of innovation posture and a reconfiguring paradox of structural malleability. Originality/value: A future research agenda is presented to steer scholarly interest in DT, guide management decision-making related to DT and advance the field beyond its nascent stages considering the emergent role of cognitive technologies.",Cognitive technologies; Digital transformation; Dynamic capabilities; Micro-foundations,2025,16,10.1108/MD-07-2024-1588,Cranney S.,Management Decision,2-s2.0-105001954071
Can the digital economy enhance enterprises' breakthrough innovation?,"Despite the growing recognition of digital transformation's significance, empirical evidence remains limited on how advancements in the digital economy (DE) specifically influence breakthrough innovation (INNOVT), particularly in the presence of organizational moderating factors. This study examines these relationships while exploring the moderating roles of managerial empowerment (MGM) and organizational resilience (OR). Using a comprehensive dataset of Chinese A-share listed firms from 2007 to 2021, we construct a composite digital economy index and employ multiple econometric approaches, including baseline regression, instrumental variable analysis, propensity score matching, and the Heckman correction method. Our empirical findings reveal that the DE significantly enhances INNOVT by improving resource accessibility, reducing constraints, and fostering connectivity. Moreover, MGM amplifies this effect by optimizing resource allocation and cultivating an experimental culture, whereas OR strengthens innovation outcomes by enabling firms to adapt to disruptions and sustain their focus on innovation. Heterogeneity analyses further indicate that ownership structure, technological intensity, and organizational lifecycle significantly influence these relationships. This research contributes to resource-based and dynamic capabilities theoretical frameworks by demonstrating how organizational characteristics convert digital potential into innovation outcomes. The findings provide actionable insights for business leaders seeking to maximize innovation returns from digital investments.",Breakthrough innovation; Digital economy; Dynamic capability; Managerial empowerment; Organizational resilience,2025,16,10.1016/j.irfa.2025.104269,Qin T.,International Review of Financial Analysis,2-s2.0-105003410382
Linking manufacturing digitalization and technological Innovation: The mediating role of dynamic capabilities,"Amid the expanding digital economy and the progression of Industry 4.0 initiatives, both industry professionals and academic researchers are increasingly focused on unraveling the mechanisms by which manufacturing digitalization drives technological innovation. Build upon the resource-based view and dynamic capability theory, this study develops a theoretical framework and proposes research hypotheses to investigate how manufacturing digitalization and dynamic capabilities influence technological innovation, with particular attention to product and process innovation. Analyzing survey data from 276 manufacturing firms located in the first national-level pilot cities for digital transformation in China, structural equation modeling results reveal that: (1) digitalization within manufacturing firms can significantly promote both product and process innovation; (2) dynamic capabilities play a mediating role in linking manufacturing digitalization with technological innovation. Specifically, dynamic capabilities partially mediate the relationship between manufacturing digitalization and process innovation, and serve as a full mediator in its impact on product innovation. These findings provide theoretical insights and practical implications, helping manufacturing firms better recognize the strategic value of digitalization and dynamic capabilities in enhancing technological innovation through digital transformation.",Dynamic capabilities; Manufacturing digitalization; Manufacturing firms; Technological innovation,2025,16,10.1016/j.techsoc.2025.103041,Chen W.,Technology in Society,2-s2.0-105013551391
Renew or die amidst COVID-19: investigating the effect of organizational learning culture on strategic renewal through strategic reconfiguration and digital transformation,"Purpose: Based on the dynamic capabilities view, the current study aims to empirically investigate the effects of organizational learning culture (OLC), strategic reconfiguration (SREC) and digital transformation (DT), altogether, on Egyptian private hospitals' strategic renewal in the face of the COVID-19 pandemic. Design/methodology/approach: This study adopted a cross-sectional design to collect the data used to carry out mediation analysis. A self-administered questionnaire was used to collect data from a sample consisted of 264 Egyptian private hospitals. The smart partial least square structural equation modeling technique (PLS-SEM) was adopted to test the hypotheses. Findings: The results demonstrate that OLC directly and positively affects SR. Besides, SREC and DT partially and serially mediate the OLC-SR relationship. Research limitations/implications: The sample size was small, covering only Egyptian private hospitals. The results may be different in the manufacturing sector and in other countries. The study was cross-sectional which is limited to trace long-term effects of OLC, SREC and DT on SR. Accordingly, a longitudinal study may be undertaken. Practical implications: Private hospitals' managers must actively explore and dig out valuable resources in order to discover potential information and trends endeavor to redesign internal structures, and reconfigure their current resources, structures and strategies to achieve strategic renewal. The findings also provide new insights to mangers of private sectors' institutions and direct their attention toward adopting the strategic renewal option to survive amidst crises instead of retrenchment, persevering, or quitting business. Social implications: The study's results imply that health care providers have sought to improve the capacities of their health care systems to address the patient-level social needs through continuous learning, internal reconfigurations and the transformation toward digitalization to renew their services. Originality/value: This study therefore contributes to SR literature by being the first empirical study to introduce an integrative model for the antecedents of SR amidst the pandemic.",Digital transformation (DT); Egyptian private hospitals; Organizational learning culture (OLC); Strategic reconfiguration (SREC); Strategic renewal (SR),2023,16,10.1108/JOCM-02-2023-0041,YahiaMarzouk Y.,Journal of Organizational Change Management,2-s2.0-85166933782
Shaping the Future of Shared Services Centers: Insights from a Delphi Study About SSC Transformation Towards 2030,"In recent years, shared services centers (SSCs) have been central to organizational transformation strategies of many large firms and governments to reduce costs, improve service quality, and innovate services. SSCs are undergoing significant transformations due to the advancement of technologies. To better understand the technologies’ impact on SSCs in 2030, a Delphi panel with over 30 experts, executives, and researchers was conducted in the first half of 2020. Panelists pointed out six recent technologies potentially impacting SSCs by 2030: AI/ML, internet/package-based automation, BPMS/RPA, business analytics, blockchain, and cloud computing. The experts expect that these technologies will cause a transformation in the SSC business model and disruptive changes in SSC employees’ and managers’ profiles. Managers cannot merely continue their regular efforts and should refocus from automating repetitive functions towards intensifying the use of technology in value-adding services. The outcomes should help public and private sector managers to be ahead of change and prepare their organizations for the future of SSCs.",Delphi; Digital transformation; Disruption by technologies; Dynamic capability; Foresight; Organizational transformation; Shared service centers; Shared services; Systems theory,2023,16,10.1007/s13132-022-01072-0,Ferreira C.,Journal of the Knowledge Economy,2-s2.0-85139694907
Linking digital transformation with supply chain intelligence integration and carbon performance: does business model innovation matter?,"Purpose: Companies are actively pursuing digital transformation to achieve sustainable development; however, how digital transformation can help manufacturing firms improve carbon performance remains unclear. Based on an integrated perspective of dynamic capability theory and practice-based view, this study examines the relationship between digital transformation and carbon performance by exploring the mediating effect of supply chain intelligence integration and the moderating role of business model innovation. Design/methodology/approach: Using data collected from 297 manufacturing firms in China, this study employs hierarchical regression analysis to test the research hypotheses. Findings: The findings demonstrated a significant positive association between digital transformation and carbon performance, and this relationship is mediated by all three dimensions of supply chain intelligence integration. Furthermore, business model innovation negatively moderates the relationships between digital transformation and both supplier intelligence integration and competitor intelligence integration. Originality/value: The study provides empirical evidence that manufacturing firms can achieve greater benefits from digital transformation by aligning it with business model innovation and systematically promoting supply chain intelligence integration.",Business model innovation; Carbon performance; Digital transformation; Supply chain intelligence integration,2025,16,10.1108/BPMJ-09-2023-0682,Kong T.,Business Process Management Journal,2-s2.0-85205677640
"Green innovation, ESG governance, and digital transformation: Evidence from China's high-end manufacturing sector","Research background:Green technological innovation (GTI) is widely regarded as a pathway to reducing corporate carbon emissions; however, its effectiveness remains contested because of rebound effects, governance gaps, and complexities in the digital era. Although existing studies highlight the role of innovation, few investigate how ESG governance and digital transformation (DT) jointly influence firm-level carbon outcomes, particularly in emerging economies. Purpose of the article: This study investigates how GTI, ESG performance, and DT interact to influence firm-level carbon emission intensity in China’s high-end equipment manufacturing sector. The study examines the mediating and moderating mechanisms that determine whether innovation generates sustainable environmental outcomes. Methods: Drawing on Endogenous Growth Theory, Stakeholder Theory, and Dynamic Capabilities Theory, the paper develops an integrated conceptual framework. Drawing on an unbalanced panel dataset of 4,213 firm-year observations (2010–2020) from A-share listed highend manufacturers, the study employs fixed-effects regression models to capture nonlinear innovation effects, mediation analysis to test ESG performance, and moderation analysis to assess the amplifying or constraining role of DT. Findings & value added: The results reveal a U-shaped relationship between GTI (quality and quantity) and carbon emissions: while innovation reduces emissions at lower levels, it may generate rebound effects when excessive or misaligned. ESG performance mediates this relationship, particularly in state-owned enterprises, while DT moderates it as a double-edged capability—enhancing both the benefits and risks of innovation. The study advances strategic environmental management by reconceptualizing ESG and DT as core enablers of innovation, refining growth and innovation theories through the identification of nonlinear dynamics, and offering firm-level insights for carbon-intensive sectors in emerging and advanced economies alike.",carbon emissions; digital transformation; emerging economies; ESG performance; green technological innovation; high-end manufacturing; strategic sustainability,2025,15,10.24136/oc.3755,Yi J.,Oeconomia Copernicana,2-s2.0-105023392912
Unveiling knowledge practices and microfoundations of knowledge-based dynamic capabilities for digital transformation in SMEs through industry–university perspective,"Purpose – This study aims to investigate how knowledge practices adopted within the industry–university collaboration can enhance the development of knowledge-based dynamic capabilities (KBDCs) to foster digital transformation (DT) in small- and medium-sized enterprises (SMEs). Design/methodology/approach – This study adopts a comparative case study methodology, including ethnography, semistructured interviews, direct observations and documental information collection. The research is focused on eight Italian SMEs participating in three editions, from 2021 to 2023, of the “LUM Open Challenge by Enterprise” initiative led by LUM University Giuseppe Degennaro and the Italian Association of Young Entrepreneurs of Confindustria Bari-BAT. Findings – The results offer insights into how SMEs can strengthen the microfoundations of KBDCs for DT through knowledge practices developed in the open innovation (OI) processes occurring between University and Industry. Specifically, the authors found that interactions aiming to embrace OI strategies between University and Industry involve valuable knowledge practices such as inspiration, research and ideation and development and evaluation, able to develop KBDCs for DT categorized in three macro categories: digital sensing capabilities, digital seizing capabilities and digital reconfiguring capabilities. This arrangement gives SMEs the necessary capabilities to initiate a DT journey. Practical implications – This study provides guidelines for SMEs to develop KBDCs for DT. It recommends knowledge practices and OI processes, leveraging young students’ creativity and partnering with local SMEs and institutions. Originality/value – This study explores the integration of dynamic capability theory with the theory of Industry–University collaboration, aiming to expand research horizons.",Digital transformation; Dynamic capabilities; Industry–University collaboration; Knowledge practices; Knowledge-based dynamic capabilities; SMEs,2026,15,10.1108/JKM-02-2024-0244,Secundo G.,Journal of Knowledge Management,2-s2.0-105009325956
Citizen empowerment through smart surveillance: evidence from Indian smart cities,"Purpose: Citizens often perceive surveillance by government authorities as oppressive and, hence, demonstrate reluctance in value co-creation from such services. This study aims to investigate the challenges and benefits of citizen empowerment through technology-driven surveillance or “smart surveillance.” Design/methodology/approach: Guided by Dynamic Capability theory, the authors conduct in-depth interviews with officers in-charge of surveillance in smart cities. Given the contemporary advancements, this approach allows a retrospective and real-time understanding of interviewees’ experiences with smart surveillance. Findings: The authors develop five propositions for citizen empowerment through smart surveillance to summarize the findings of this study. Research limitations/implications: This study advances the relevance of Dynamic Capability in public administration. Practical implications: Smart city authorities and policymakers may leverage the insights provided in this study to design appropriate policies for smart surveillance. Originality/value: The authors find that factors such as digital technology and infrastructure, information management, skill divide and perceived return on investment may influence citizen empowerment through smart surveillance.",Data governance; Digital transformation; Dynamic capability; Public administration; Smart city; Sustainability,2023,15,10.1108/DPRG-11-2022-0141,Khanna P.,Digital Policy Regulation and Governance,2-s2.0-85152424604
Assessing the mediating role of human capital in the relationship between digital transformation and firm performance,"Purpose – This study applies the resource-based view (RBV) and dynamic capability theory (DCT) to investigate the correlation between digital transformation (DT), human capital (HC) and firm performance (FP). Additionally, it employs mediation to analyze the role of HC in the relationship between DT and FP. Design/methodology/approach – A survey-based approach was utilized to gather quantitative data from the owners and managers of small and medium-sized enterprises (SMEs). A total of 867 questionnaires were disseminated to SME owners and/or managers. In conjunction with the bootstrapping method, 356 responses were used to evaluate the framework using the partial least squares (PLS) algorithm. Findings – Based on the findings, digital capabilities (DC) and management support (MS) substantially affect DT. At the same time, DT significantly and positively affected HC. In addition, HC had a significant impact on FP. Furthermore, this study’s findings verify that HC completely mediates the relationship between DT and FP. Originality/value – The findings show how digital transformation improves organizational performance through the intermediary effect of human capital. Furthermore, we experimentally demonstrate that national economic growth moderates the direct and indirect effects of the antecedents of digital transformation on business performance.",Digital transformation; Firm performance; Human capital; India; SMEs,2025,15,10.1108/JMTM-02-2025-0122,Kampoowale I.,Journal of Manufacturing Technology Management,2-s2.0-105017289295
The strategic organization of innovation: State of the art and emerging challenges,"Building on the vast literature on technological innovation and new product development, we propose a “strategic organization” framework to inform future research. The framework focuses on two core constructs: “agents” (external stakeholders and internal members of the firm involved in innovation activities) and “capabilities” (activities, systems, and values that retain and unfold organizational knowledge). It also distinguishes between two levels: the “new product development” process (the strategic and organizational sequences of tasks and decisions that compose product development activities); and the “firm” (the strategic and higher-order activities that shape corporate governance, corporate strategy, competitive strategy, and the organizational configuration of the firm). We draw on the framework to highlight how the strategic and organizational management of innovation has moved from a specialized organizational unit, the Research and Development function, to the C-suite. We discuss the implications of this framework for future research and highlight emerging challenges related to short-term financial pressures, sustainability, and digital transformation.",capabilities; digital strategy; dynamic capabilities; innovation management; organizational change; topics and perspectives,2022,15,10.1177/14761270221119113,Cillo P.,Strategic Organization,2-s2.0-85138290861
Digital transformation and digital dynamic capabilities improvement in low-medium technology sector: evidence from Thai family firms,"With the digital technologies diffusion, low-medium technology firms have been pushed to advance their dynamic capabilities. Through an exploratory multiple-case study, we analyze four Thai family firms assessing their preparedness in pursuing a digital transformation journey and their ability to improve dynamic capabilities. The study shows that LMT firms are in the early stage of their digital transformation, which is led by being part of a global value chain, serving exigent consumers, and imitating startups. Thai firms revitalize business models, while optimizing operations. They build dynamic capabilities through the help of third-party providers prioritizing social media marketing and digital marketing, with a general awareness of environmental, societal, and governance trends. Overall, family firms are still reluctant to pursue strategic agility and rapid prototyping. Thus, in the absence of an innovation ecosystem supporting family firms, it is harder to augment their absorptive capacity and redesign the internal structure of the organization.",Digital transformation; Dynamic capabilities; Family firms; Thailand,2024,15,10.1057/s41291-024-00281-6,Borsano P.,Asian Business and Management,2-s2.0-85204119130
A novel BIM maturity model integrating Industry 4.0 and sustainability: a design science research approach,"Purpose – This study develops an innovative building information modelling (BIM) maturity model integrating Industry 4.0 (I4.0) and sustainability principles. It addresses the need to consider sustainable practices to guide digital transformation in construction. Design/methodology/approach – The research employs design science research (DSR), combining literature analysis with practical model development through an iterative process. This includes semi-structured interviews and focus groups with eight international experts, ensuring theoretical rigour and practical applicability. The study considers the implications of disruption on human interaction with BIM and I4.0 technologies. Findings – The study identifies six key dimensions (processes, technology, people, organization/strategy, policy and sustainability) and six maturity levels for assessing BIM implementation in I4.0 and sustainability contexts. A systematic evaluation framework highlights critical improvement areas, including training needs and strategies to fight resistance to change. Additionally, 42 critical success factors aligned with dynamic capabilities and cumulative capability development theories are identified. Originality/value – This paper presents a novel BIM maturity model uniquely integrating I4.0 and sustainability principles. This comprehensive approach addresses technological advancements and sustainable practices, filling a gap in current BIM maturity assessments. It considers BIM’s future in a disruptive industry, addressing challenges of human-technology interaction and providing a roadmap for evolving organizational capabilities in construction.",BIM maturity models; Building information modelling; Design science research; Dynamic capabilities; Industry 4.0; Sustainability,2026,14,10.1108/ECAM-10-2024-1333,Diaz Schery C.A.,Engineering Construction and Architectural Management,2-s2.0-105003292374
Digital transformation in commercial banks: Unraveling the flow of Industry 4.0,"This study investigates the strategies employed by commercial banks during their digital transformation, particularly regarding the integration of Industry 4.0 technologies. A systematic literature review of 287 articles was conducted to identify strategies at micro, meso, and macro levels. At the micro level, three key strategies emerged: value co-creation, security, and inclusion, aiming to enhance customer experience, secure data, and improve digital accessibility. At the meso level, banks adopt agile organisational structures, automation, and expand digital platforms to optimise internal processes and foster external collaborations. At the macro level, strategies include establishing fully digital banks, incorporating digital features into traditional operations, or collaborating with other stakeholders to innovate business models. A conceptual framework is presented to illustrate the dynamic interaction between these levels, emphasising the importance of a holistic approach for successful digital transformation. The research connects its findings to theories of general-purpose technology and dynamic capabilities. Implications highlight the need for overcoming challenges such as legacy systems, regulatory complexities, and internal resistance. These findings offer valuable insights for banks implementing Industry 4.0 technologies, with a focus on strategic alignment, organisational readiness, and technological innovation.",Banking; Commercial banks; Digital transformation; Dynamic capabilities; FinTechs; General-purpose technology; Industry 4.0,2025,14,10.1016/j.digbus.2025.100129,Felipe T.,Digital Business,2-s2.0-105005077421
Strategic drivers behind the digital transformation of subsidiaries: a longitudinal approach,"This study explores the strategic drivers of digital transformation (DT) at subsidiaries. Our research framework derives strategic drivers from a tripod model that integrates the resource-based, the institution-based, and the industry-based views. We use two longitudinal case studies at global automotive suppliers’ Hungarian subsidiaries. We found that each view highlights a different set of strategic drivers. DT in the subsidiaries is boosted by proactive local management and mature process improvement routines (dynamic capabilities); parent–pull relation (internal institutions) and state support attracting manufacturing FDI (external institutions); as well as buyers’ increasing expectations and supplier-related factors (industry-based view). By combining these views, we claim that drivers related to the external institutional context and the industrial competition are usually filtered by the global management before contributing to resource adjustments at subsidiaries in a coercive top-down manner. Despite this seemingly deterministic DT process, local managements can actively shape DT, even that of the MNE.",case study; digital transformation; dynamic capabilities; institution-based view; strategic drivers; subsidiary,2023,14,10.1080/14631377.2023.2236864,Demeter K.,Post Communist Economies,2-s2.0-85165655107
"Utilizing blockchain to enhance project management information systems: insights into project portfolio success, knowledge management and learning capabilities","Purpose: This paper explores how blockchain technology can enhance information quality within project management information systems (PMIS), thereby positively affecting knowledge management, learning capabilities and project portfolio success. Design/methodology/approach: We employ a literature review and a theory-based approach to develop a conceptual framework and set of propositions that integrate key principles from blockchain technology, project management and dynamic capabilities theory. Subsequently, a focus group is conducted to refine our propositions, providing insights and examples demonstrating the potential value of blockchain in project management. Findings: The findings suggest that blockchain significantly impacts the information quality within PMIS. This improvement in information quality enhances traceability, reliability and security of project data, facilitating better decision-making and governance. The focus group revealed blockchain’s benefits in managing confidential data and streamlining knowledge sharing processes, ultimately contributing to project portfolio success. Originality/value: This research offers a novel conceptual framework and original insights into the application of blockchain in project management, particularly within the context of Industry 4.0, paving the way for future research on digital transformation in project management.",Blockchain; Dynamic capabilities; Focus group; Information systems; Knowledge management; Learning capabilities; Project management,2024,14,10.1108/IJMPB-01-2024-0021,Alkhudary R.,International Journal of Managing Projects in Business,2-s2.0-85204356757
Exploring supply chain managers' complex perceptions of dynamic capabilities for digital transformation,"Although the use of new digital technologies is an increasingly important topic for supply chain managers, existing literature is limited on what specific capabilities are perceived to be important for a successful transition to digital supply chains, in particular from a managerial perspective. In response, this study examines how supply chain managers perceive the importance and interconnections of specific digital capabilities for digital transformation. Based on a digital capability framework, we surveyed supply chain managers in Austria and Germany. The sample consisted of two groups, comprising senior managers from logistics service providers and from manufacturing companies. Decision-Making Trail and Evaluation (DEMATEL) was used to evaluate the managers' perceptions of the importance of the enablers and their relationships between capabilities. Our findings show that senior managers in the supply chain domain perceive interactions between dynamic capabilities as a complex and highly interconnected system, rather than discrete and linear. Digital mindset crafting, digital scenario planning and improving digital maturity were identified as the most relevant capabilities in both subsamples, while digital sensing was considered to be the most relevant capability at the construct level, followed by digital seizing and digital transforming. Furthermore, supply chain managers in manufacturing perceived that digital capabilities were more developed in their industry. We anticipate that our findings will inform and guide capability-building in dynamic corporate settings. This study is one of the first to empirically assess how supply chain managers perceive the importance of specific digital capabilities and their interdependencies for digital transformation.",Digital transformation; Dynamic capabilities; Logistics; Managerial perceptions; Manufacturing; Supply chains,2025,14,10.1016/j.digbus.2024.100098,Dobrovnik M.,Digital Business,2-s2.0-85213251276
"Understanding Blockchain Adoption in SMEs: A Mixed-Method Study of Digital Transformation, Resilience, and Senior Leadership Support","This article investigates the adoption of blockchain technology (BCT) by small- and medium-sized enterprises (SMEs), focusing on the interplay between digital transformation, market volatility, and organizational resilience. The goal of this article is to assess how perceived usefulness and perceived ease of use shape SMEs’ intention to adopt BCT. This article integrates the Technology Acceptance Model with the Dynamic Capabilities Theory and explores how perceived usefulness, ease of use, and resilience influence SMEs’ adoption intentions under the boundary conditions of senior leadership support (SLS). Conducted in India from November 2023 to February 2024, a mixed-method approach combining qualitative insights from interviews and case studies with quantitative analysis from survey data is employed to provide a comprehensive understanding of the factors driving or hindering BCT adoption. The findings also underscore the critical role of SLS in fostering resilience and guiding SMEs through the digital transformation process, highlighting the need for tailored strategies to support BCT integration in resource-constrained environments. This article contributes to bridging the knowledge gap on BCT's impact on SMEs, offering practical implications for entrepreneurs seeking to leverage BCT for competitive advantage amid volatility. This article reveals that SMEs’ successful adoption of BCT hinges not only on perceived usefulness and ease of use but also on the strategic alignment of digital capabilities with resilience-building efforts, particularly under strong SLS.",and ambiguous (VUCA); Blockchain technology (BCT); complex; digital transformation; intention to adopt; small- and medium-sized enterprises (SMEs); uncertain; volatile,2025,14,10.1109/TEM.2025.3556371,Chakraborty D.,IEEE Transactions on Engineering Management,2-s2.0-105002375469
The Digital Platform as Digital Innovation: A Study from the Perspective of Dynamic Capabilities,"The objective of this study is to examine how digital platforms digitally innovate companies and organizations, using the business model for dynamic capacity in three Brazilian companies. To achieve the proposed objective, a case study research method was used, with theoretical models of digital platforms, digital innovation and dynamic capabilities. The empirical research results proved that the three companies have a digital platform for business transactions as their main component, and that this model connects customers and suppliers through services.",Digital innovation; Digital platform; Digital transformation; Dynamic capabilities,2022,14,10.1142/S0219877021400149,Okano M.T.,International Journal of Innovation and Technology Management,2-s2.0-85119652020
Digital transformation with agility: The emerging dynamic capability of complementary services,"Purpose: This study aims to understand how organizations accelerate a digital transformation (DT) and leverage innovations in digital services in the modus operandi of dynamic capabilities (DC) development. DT provides an agile resource mobilization in relation to the operational flexibility and to the technological and informational capabilities. Originality/value: This study contributes with a new theoretical-applied perspective on agility as a necessary competence for DC development, being investigated in an emerging country, in this case, Brazil. The development of DC that are suitable for DT becomes critical for capturing opportunities in the dynamic digital environment. Design/methodology/approach: Forty companies in the Brazilian territory were investigated in order to explore the relation between DC and DT, focusing on agility and based on the logic of literal and theoretical replication of case studies. The theoretical framework was applied to investigate companies from three empirical fields (energy, automotive, and digital services), within the triangulation of secondary sources, management reports and internal documents. Findings: The cases analyzed provide evidence that agility does not presuppose strong DC in sensing, as it depends on services' maturity. We highlight the mediation of the applied use of intangible resources and digitized assets that speed up the seizing and transformation of the business. In the context of digital assets in intensive environments, we propose that DT strategy may be used with analytical intelligence and agility by integrating technological processes.",complementary services; digital transformation; dynamic capabilities; ecosystems; platforms,2022,14,10.1590/1678-6971/ERAMD220063.PT,D'Oliveira Andrade C.R.,Revista De Administracao Mackenzie,2-s2.0-85143127640
"A meta-analytic investigation of digital transformation: Antecedents, consequences, and contingencies","Digital transformation (DT) has become a strategic imperative for enterprises to drive innovation and sustain competitiveness in the digital economy. Despite the vast literature on DT, the empirical findings remain mixed and inconsistent, leading to a lack of consensus regarding the relationships between DT and its factors and outcomes. This study proposes an integrated theoretical framework and conducts a meta-analysis of 74 primary studies, in order to clarify the links of DT with its antecedents and consequences and determine their boundary conditions. The results confirm the significant positive associations of DT with technology-organization-environment (TOE) factors as well as competency and performance outcomes. Particularly, DT is more susceptible to digital technology usage and dynamic capabilities, whereas it exerts greater influence on enterprise resilience and supply chain performance. Furthermore, measurement method, industry type, and national economy function as contingencies that moderate these linkages, with stronger effects observed in subjective measurement, manufacturing industry, and advanced economy. This study resolves the inconsistency and yields a conclusive takeaway on the above relationships, which provides new insights into the DT field and important implications for practitioners and policymakers.",Competency outcomes; Digital transformation; Meta-analysis; Performance outcomes; TOE factors,2025,14,10.1016/j.jbusres.2025.115643,Lin Q.,Journal of Business Research,2-s2.0-105014518543
"Climate-Induced Disasters, Risk Resilience and Firm Performance","Recognizing how climate-induced disasters influence firm performance is crucial for managers to build corporate resilience against climate risks. Using the panel data of 2,112 China’s listed firms from 2007 to 2022 and treating climate-induced natural disasters as a quasi-natural experiment, this article empirically examines the impact of natural disasters on firm performance and explores potential mechanisms through a multi-period difference-in-differences (DID) model. Our findings indicate that climate-induced disasters significantly undermine firm performance. Mechanism analysis further reveals that climate-induced disasters adversely affect firms’ cash holdings and production by restricting financing capabilities and disrupting supply chains, thereby deteriorating their financial performance. Consistent with dynamic capability theory, our results confirm the crucial role of asset liquidity and digital transformation in shaping the resilience of firm performance to natural disasters. Heterogeneity analysis further reveals that the impact of climate-induced disasters is more pronounced for non-manufacturing firms, private firms, and low-tech firms. Additionally, firms located in poorer regions and high-temperature areas exhibit much greater sensitivity to natural disasters. Our findings contribute to enhancing firms’ awareness of disasters prevention and strengthening their management strategies, providing valuable insights for promoting corporate sustainable development.",Climate risk; D22; dynamic capability theory; firm performance; G32; natural disasters; Q54,2025,14,10.1080/1540496X.2025.2476115,Hu G.,Emerging Markets Finance and Trade,2-s2.0-105000400216
"Digital leadership orientation and organizational resilience: strategic foresight, agility, and flexibility","Purpose – With the rapid movements toward digital transformation, the study of organizational resilience has become crucial, particularly in the SME sector. Grounded in Dynamic Capability View (DCV), this paper aims to examine the direct impact of digital leadership orientation on organizational resilience and indirect effect through dynamic capabilities of the organization (strategic foresight, agility, and flexibility). Design/methodology/approach – Data were gathered from 317 SMEs (small and medium enterprises) in Oman who have initiated digitalization by using a structured questionnaire and analyzed with PLS-SEM. Findings – The outcomes reveal that digital leadership orientation positively influences dynamic capabilities of the organization and organizational resilience. The findings also demonstrate that dynamic capabilities mediate the relationship between digital leadership orientation and organizational resilience. Practical implications – The findings of this study have practical implications toward policy makers, owners as well as managers of SMEs. The government can take more initiatives to increase the digital orientation in the leadership of SME through training. The owners and managers of SMEs could benefit from focusing on building dynamic capabilities to tackle the unforeseeable events in their organizations. Moreover, from an institutional standpoint, universities, business incubators, and SME support centers can play a crucial role in building digital leadership capability. Originality/value – Grounded on the DCV, this study advances the resilience literature by confirming that digital leadership orientation plays a vital role in shaping organizational capabilities and resilience.",Digital leadership orientation; Organizational resilience; Strategic agility; Strategic flexibility; Strategic foresight,2025,14,10.1108/MD-01-2025-0241,Alam M.M.D.,Management Decision,2-s2.0-105024418501
Examining the Microfoundations for Digital Business Model Innovation of Developing Markets International New Ventures (2023),"In this article, we explore microfoundations for digital business model innovation. This is pertinent because little is known regarding how decision-makers manage the digitalization processes that require business model innovation. Building on dynamic capability and upper echelon theories, this article sheds light on the dynamic capability-driven antecedents of the digital business model innovation of developing market international new ventures (INVs). Using survey data from 145 Pakistani INV, the study reports that Internet capabilities (platform and web capabilities) positively influence digital business model innovation. The direct influences are mediated by strategic agility and moderated by the functional diversity of the top management team (TMT). The influence of strategic agility on the digital business innovation model is also positively moderated by TMT's functional diversity. The findings contribute to the nascent literature on antecedents for the digital business model innovation in an underexplored context of developing market INVs. Practical and policy related implications are also discussed.",Digital business model innovation (BMI); platform and web capability; strategic agility; top management functional diversity,2024,14,10.1109/TEM.2023.3273028,Zahoor N.,IEEE Transactions on Engineering Management,2-s2.0-85160234295
Implications of the “momentum” theory of digitalization in accounting: Evidence from Ash Cloud,"We aim to demystify digitalization in accounting (DIA) based on the case study of Ash Cloud, a digital factory in Shenzhen, China. From the perspective of dynamic capabilities, we develop the “momentum” theory of DIA to illustrate that firm and executive characteristics drive digital transformation and organizational capabilities. Ash Cloud's CEO values and cultivates an organizational culture of transparency and openness, while the firm is characterized by cost pressures. Organizational capabilities shape digitalization in business processes and different approaches to DIA. Our findings suggest that the core competence of Ash Cloud is its capability for systems integration, which includes knowledge of redesign, reconfiguration and redefinition. Ash Cloud stands out because of its knowledge extending beyond the firm's boundaries.",Digital transformation; Digitalization in accounting; Executive characteristics; Firm characteristics; Organizational capabilities,2022,13,10.1016/j.cjar.2022.100274,Zhang M.,China Journal of Accounting Research,2-s2.0-85142523997
Digital health transformation and innovation behavior: examining the role of technological readiness and dynamic capabilities in public hospitals,"Purpose – This study aims to investigate the relationship between Technological Readiness (TR) and Job Performance (JP), mediated by Digital Health Transformation (DHT) and nurses’ Innovative Work Behavior (IWB). Using Partial Least Squares Structural Equation Modeling (PLS-SEM) with 5, 000 bootstrap resamples, the authors assess direct relationships as well as two sequential mediations. The authors present standardized coefficients (β), explained variance (R²), effect sizes (f²) and mediation strength (variance accounted for [VAF]) to quantify practical significance. Design/methodology/approach – A quantitative, cross-sectional design was used, with data gathered from 300 registered nurses through a structured survey. The research model was analyzed using PLS-SEM. Constructs were grounded in the Technology–Organization–Environment (TOE) framework and Social Cognitive Theory (SCT). Findings – The results substantiate all eight hypothesized relationships. TR is found to significantly predict both DHT and IWB and directly influence JP. Furthermore, DHT positively affects both IWB and JP, while IWB exhibits a robust predictive relationship with JP. Mediation analysis indicates that DHT mediates the relationship between TR and IWB, and IWB mediates the relationship between DHT and JP. These findings validate the proposed integrated model and highlight the importance of behavioral mechanisms in digital transformation. Practical implications – Hospital administrators and policymakers should prioritize the enhancement of technological readiness and the fostering of an innovative culture among nursing staff. Effective digital transformation requires both systemic investment and the empowerment of individual behaviors. For health systems in developing countries, infrastructure deficiencies (e.g. intermittent internet and power supply) may weaken downstream connections (DHT → IWB; IWB → JP). The authors delineate strategies for mitigation – including tiered technology readiness-based training, low-bandwidth and offline-first deployment and workflow-integrated enablement – aimed at transforming digital investments into innovative work behaviors and enhanced performance. Originality/value – This study contributes a novel, empirically validated model that links technological readiness and innovative behavior to job performance within the digital health-care framework. This study examines an empirically grounded behavioral pathway that connects technological readiness, digital health transformation, innovative work behavior and job performance among nurses in public hospitals. By transcending traditional adoption-intention models, such as the Technology Acceptance Model (Davis, 1989), and enhancing implementation frameworks like the Nonadoption, Abandonment, Scale-up, Spread IT Information Technology (NASSS) framework (Greenhalgh et al., 2017), this research addresses the paucity of empirical evidence regarding the integration of digital innovations into routine practice within resource-constrained health systems (Dionisio et al., 2023).",Digital health transformation; Innovative work behavior; Job performance; Nursing innovation; PLS-SEM; Public hospitals; Social cognitive theory; Technological readiness; TOE framework,2025,13,10.1108/IJIS-05-2025-0243,Alwali J.,International Journal of Innovation Science,2-s2.0-105017176682
Driving Toward Sustainable Development Goals (SDGs) in the Ready-Made Garments (RMGs) Sector: The Role of Digital Capabilities and Operational Transparency,"In today's digital transformation era, the importance of developing dynamic capabilities has significantly increased. However, the literature has not fully explored the significance of dynamic capabilities in sustainable development. Hence, in this article, we examine the impact of digital capabilities (DCs) and operational transparency (OT) on achieving sustainable development goals (SDGs). Drawing upon the dynamic capability view (DCV), we analyze the impact of DC on decent work conditions (DWCs), reduced inequalities (RIs), responsible consumption and production (RCP), and reduced carbon footprint (RCF) through the mediating effect of OT. We conduct 14 semistructured interviews to understand how developing dynamic capabilities can drive organizations toward achieving SDGs. Subsequently, we apply a cross-sectional survey to gather data from 257 respondents in the Bangladeshi ready-made garments industry. We use the variance-based structural equation modeling technique to test our research hypotheses. Our findings suggest that DC significantly enhances OT and that OT can positively impact DWC, RI, RCP, and RCF. Additionally, we find that OT partially mediates the link between DC and SDGs. Our study provides valuable insights into the DCV, offering a better theoretical understanding of the role of DC in enhancing OT to achieve SDGs. It can also encourage firms to take advantage of emerging digital technologies and the trend toward digitalization by demonstrating a strong commitment to adopting new advanced technologies, developing dynamic capabilities, and striving to achieve SDGs.",Digital capabilities (DCs); operational transparency (OT); ready-made garments (RMGs) industry; structural equation modeling; sustainable development goals (SDGs),2024,13,10.1109/TEM.2024.3439290,Saha P.,IEEE Transactions on Engineering Management,2-s2.0-85200808635
Dynamic acceleration: Service robots in retail,"Robotics and automation are of the most prominent technologies that will probably define how retail operates in the future. This statement is especially relevant in today’s industry conditions characterized by rising wages, severe increases in energy costs and smaller consumer spending across the world. Digitalization accelerated by the pandemic also forces retailers to turn towards technology to keep pace with their competitors. These businesses build on their dynamic capabilities to succeed. The purpose of this article is to analyse successful implementation of robotics in retail in the context of these dynamic capabilities. A key proposition we lay the foundation upon is that investing in dynamic capabilities has an overall positive impact on the implementation of robotic technologies to sustain the digital competitiveness of retail companies. Our document analysis focuses on 190 retail-based news articles about the application of service robots at retail companies from the complete news archives. Findings highlight the importance of enhancing customer experience, regardless of front-end or back-end activities all work towards this one outcome. The implementation examples also reveal that retailers rely heavily on robots in their effort to harmonize digital and physical environment. Looking at geographical differences, Asia is way ahead in front-end application of robots that contribute more directly to customer experience. Retailers in Europe and the United States follow a more balanced approach with many backend service robot applications. Having adopted a global research view, our findings are not only applicable for the whole sector but can be interpreted in a local context.",digital transformation; digitalization; dynamic capabilities; retail; robots,2023,13,10.1080/23311975.2023.2289204,Pistrui B.,Cogent Business and Management,2-s2.0-85180263907
The importance of ICT adoption on MSMEs performance: the mediating role of distinctive competencies,"Purpose: This study aims to examine and identify how the resource-based view and dynamic capability theory contribute to information and communication technology (ICT) adoption to improve micro, small and medium enterprise (MSME) performance, mediated by distinctive competencies. This research provides insight into how MSMEs can improve performance by strategically adopting ICT tools and developing distinctive competencies. Design/methodology/approach: Data were collected through online questionnaires from creative industry MSMEs (fashion, culinary and crafts) in Indonesia. The results were analyzed using the partial least squares-structural equation method technique (Fornell and Cha, 1994) with Smart PLS 3.0 (Ringle et al., 2015). Findings: The results show that ICT adoption significantly impacts the MSMEs marketing performance in the creative industry sector. In addition, adopting ICT tools influences the development of distinctive competencies among MSMEs, improving MSMEs marketing performance. Distinctive competencies were found to mediate the relationship between ICT adoption and MSMEs marketing performance, which underscores the importance of technology skills, organizational skills, environmental skills and entrepreneurial mindset in driving business success. These findings highlight the critical role of distinctive competencies as a key factor in leveraging ICT adoption to improve MSMEs marketing performance. Research limitations/implications: The main limitation is that this research coverage area is less extensive due to the time constraints of this study. Future work could cover different regions and explore other mediators in the ICT–performance relationship. Practical implications: This research assists MSMEs in improving performance by adopting ICT and developing distinctive competencies with targeted training in relevant skills. Social implications: This research highlights the potential to improve MSMEs marketing performance and drive economic growth and resilience through ICT adoption. Originality/value: This study contributes to the existing literature by providing empirical evidence of the relationship between ICT adoption, distinctive competencies and MSME marketing performance in the context of the creative industries sector. This study offers a new perspective on how MSMEs can use ICT tools and develop distinctive competencies to enhance their marketing performance competitive advantage and achieve sustainable growth. By emphasizing the mediating role of distinctive competencies, this study highlights how ICT adoption impacts positively MSME marketing performance, providing valuable insights for practitioners, policymakers and researchers in entrepreneurship and technology adoption.",Competence; Digital transformation; Entrepreneurialism; Information communication technology,2025,13,10.1108/JEC-06-2024-0113,Yuwono T.,Journal of Enterprising Communities,2-s2.0-85216814603
Strategic pathways for innovation and sustainability in digital transformation: Insights from leading global companies,"In today's rapidly evolving digital era, organizations are increasingly challenged to integrate advanced technologies with sustainability and corporate responsibility. Despite extensive literature on digital transformation, a gap remains in understanding how firms strategically align technological innovation with environmental, social, and governance (ESG) principles. This study addresses that gap by proposing a strategic framework that integrates Dynamic Capabilities Theory, the Technology–Organization–Environment (TOE) framework, and ESG considerations to guide sustainable digital transformation. Adopting a comparative multiple case study design, the research analyzes five global industry leaders—Amazon, Tesla, Alibaba, Google, and Unilever—across e-commerce, technology, automotive, and consumer goods sectors. Using secondary data from peer-reviewed literature and corporate disclosures, the study explores how these companies navigate the complex interplay between innovation, organizational resilience, and ESG performance. We apply thematic coding and cross-case pattern matching under a DCT × TOE × ESG lens to structure the analysis. The findings reveal that successful digital transformation strategies are anchored in three core practices: leveraging AI-driven technologies to enhance operational efficiency, embedding ESG values into strategic processes, and adapting organizational structures to dynamic environments. For example, Amazon and Alibaba utilize AI to optimize logistics with sustainability goals; Tesla and Google balance product-centric and platform-centric innovation to advance environmental objectives, while Unilever leads in ESG-driven digitalization in the consumer goods sector. Theoretically, this study contributes an integrated framework for scholars exploring digital sustainability. Practically, it offers decision-makers a roadmap to align innovation with ethical imperatives and long-term value creation. Future research could extend the model through empirical validation, particularly in emerging markets and small-to-medium enterprises (SMEs), addressing scalability and contextual relevance in broader economic settings.",Digital transformation; Dynamic capabilities; Environmental and Social Governance (ESG); Organizational resilience; Strategic innovation; Sustainability; Technological integration; TOE framework,2025,13,10.1016/j.ssaho.2025.101906,Abbes I.,Social Sciences and Humanities Open,2-s2.0-105013633233
Enablers for Digital Transformation of Services to Harness New Business Opportunities,"Digital transformation of services (DTSs) are seen as an opportunity for building dynamic capabilities, strategic renewal, collaborative approach, changing organization culture, entering new markets, and gaining new customers. Understanding users' behavior, preferences, and cultural shifts needed for DTS is challenging. Organizations must develop new skills, infrastructure, and capabilities to effectively design, develop, and implement digital service offerings. To fill such gaps, the research explores various enablers and their inter-relationships that can empower DTS. The study deploys 'Total Interpretive Structural Modelling (TISM)' and MICMAC to analyze complex relationships between different enablers and classify them into clusters based on impact ability. The proposed model can lead to improvements in service delivery, including faster response times, personalized services, greater accessibility, and innovation to increase digital competencies. By leveraging the study findings, organizations can improve their service offerings, respond to changes in demand more quickly, maintain high levels of service quality, drive innovation, foster collaboration, and deliver more effective customer-centric services. The decision-makers, service providers, entrepreneurs, managers, technology developers, marketing professionals, consultants, and academicians would benefit from study outcomes in formulating and implementing strategies for digitally transformed services to exploit public value-creation opportunities.",Customer orientation; digital business opportunities; digital transformation (DT); service offerings; technology shift,2024,13,10.1109/TEM.2024.3437733,Kumar H.,IEEE Transactions on Engineering Management,2-s2.0-85200821862
Harnessing artificial intelligence to strengthen green innovation capacity in pursuit of sustainable development goals: Evidence from Taiwan’s manufacturing sector,"Research background:Artificial Intelligence (AI) is becoming a revolutionary ability that can speed up the shift towards sustainable production through re-source efficiency, optimization of processes, and low-carbon innovations. Consistent with the United Nations Sustainable Development Goals (SDGs), SDG 9 (sustainable industrialization), SDG 12 (responsible consumption and production), and SDG 13 (climate action), AI is becoming a driver of green innovation, as well as a facilitator of the same. Purpose of the article: This paper examines how AI applications affect organizational performance (OPE) in the Taiwanese manufacturing industry with a special emphasis on the mediating effect of GIC. Based on the Dynamic Capabilities Theory (DCT), the paper constructs and empirically validates a structural model that elucidates how AI adoption increases sustainable competitiveness through the development of innovation-oriented capabilities. Methods: The research used a cross-sectional, quantitative study design and gathered data on 270 professionals in the Taiwanese manufacturing sectors. The AI applications, GIC, and OPE were measured using a structured questionnaire to measure them using multi-item Likert scales. Hypotheses were tested using the Partial Least Squares Structural Equation Modeling (PLS-SEM). Findings & value added: The study shows that Artificial Intelligence (AI) adoption plays a significant role in enhancing both green innovation capabilities (GIC) and overall organizational performance (OPE). More importantly, GIC emerges as a key mechanism through which AI applications are translated into measurable sustainability outcomes, underscoring its role as a strategic bridge between digital transformation and environmental performance.",digital trans-formation; dynamic capabilities theory; environmental stewardship; responsible innovation; sustainable industrialization,2025,12,10.24136/eq.3748,Saiyed S.,Equilibrium Quarterly Journal of Economics and Economic Policy,2-s2.0-105022439198
Digitalisation and Firm-Level ESG Performance and Disclosures: A Scientometric Review and Research Agenda,"Digitalisation and sustainability are not just critical business notions; they are also interdependent drivers of future business success. By employing digital tools, firms can improve their environmental, social, and governance (ESG) performance, increase transparency, and maintain stakeholders' accountability. This increasing significance has elevated the value of examining the impact of digitalisation on firm-level ESG performance and disclosures. This study explores this relationship by synthesising 199 relevant research records published during 2019–2024, obtained from Web of Science and Scopus, using a bibliometric and systematic literature review approach. Our descriptive analysis reveals exponential growth in publications on this relationship during the study period, focusing predominantly on quantitative research leveraging secondary data. Regression analysis emerged as the most popular analytical technique, followed by structural equation modelling. The theoretical foundations of this research are based on the resource-based view and dynamic capabilities view. The Co-occurrence analysis identifies China, Italy, and England as the leading contributors, with research hot spots centring around concepts such as ‘Industry 4.0’, ‘sustainability performance’, ‘sustainable development’, and ‘sustainability reporting’. Co-citation analysis highlights the leading journals, authors, and documents, emphasising the scholarly foundations of this field. Further, thematic analysis uncovers the benefits of digitalisation across four dominant dimensions: sustainability performance, supply chain sustainability, sustainability assessment, and sustainability accounting and reporting. Finally, we discuss critical knowledge gaps and propose future research questions to advance understanding of this emerging field.",bibliometric analysis; CiteSpace; digital transformation; ESG disclosure; ESG performance; knowledge domain visualisation,2025,12,10.1002/ijfe.3118,Singhania M.,International Journal of Finance and Economics,2-s2.0-85215589306
A Bibliometric Analysis of Digital Entrepreneurship,"In a digitally driven society, the present research endeavor aims to map the topic of digital entrepreneurship, based on the existent research published in the Web of Science database for providing a systematic and integrative review of the literature, using both quantitative and qualitative approaches. To achieve the set goal, a bibliometric study was undertaken using the VOSviewer software and a systematic review of the academic literature was conducted. Performing the bibliometric analysis on 3366 publications indexed in the Web of Science has returned 178 relevant terms, divided into 6 clusters. In brief, the clusters feature the effects of information and communications technologies adoption on economic activities, with general debates on the reconsideration of traditional business, sharing economy, and performance, with reference to digital entrepreneurship. The focus on digital instruments (i.e., digital platforms, social media, Internet) and the need for dynamic capabilities are seen as promoters of adopting new business models and strategies for increasing firms’ performance. Additionally, the emergence of a digital entrepreneurial ecosystem, having as a starting point elements such as smart city, big data, and artificial intelligence, was analyzed, as well as the creation of new start-ups, in the context of the digital divide. The research limitations relate to the use of a single database, a restrictive Boolean interrogation, the spotlight on a time frame when the debate is still growing, and also, the insufficient space allocated to the measurements of aspects. Thus, the future research directions will expand the analysis to other databases for achieving a more comprehensive bibliometric approach and will include another period, for comparing the results. The value of the article is represented by the up-to-date literature on digital entrepreneurship analyzed using quantitative and qualitative methods. The originality of the topic and the gap discovered in prior research on digital entrepreneurship led us to adopt an integrated approach, using a bibliometric analysis.",Bibliometric analysis; Business; Digital entrepreneurship; Digital transformation; Entrepreneurship,2024,12,10.1007/s13132-024-01885-1,Lungu A.E.,Journal of the Knowledge Economy,2-s2.0-85185922735
Influence of dynamic capabilities and supply chain finance on supply chain effectiveness in environmental dynamism: a conditional process analysis,"Despite the global COVID-19 epidemic, the ""domino effect"" continues to detrimentally impact business operations, with firms unable to adapt and facing the potential for bankruptcy. Dynamic capabilities (DCs) may help firms overcome challenges in constantly changing operational environments, making financial advantages critical for operations. The existing literature hasn’t yet shown an association between DCs, and economic benefits in the supply chain. Drawing on dynamic capabilities view (DCV), this research examines whether DCs can contribute to financing advantages for manufacturing firms and subsequently enhance supply chain effectiveness (SCE). Dynamic capabilities and supply chain finance (SCF) are difficult to capture variables, so we use online questionnaires to collect data from manufacturing companies in the Yangtze River Delta region and then analyze them through advanced structural equation modeling (SEM). The empirical analysis revealed that DCs can effectively enhance financing advantages, with SCF as the most prominent source of financial aid. The empirical findings demonstrate that both DCs and SCF contribute to SCE to varying degrees, and the environmental dynamism (ED) moderates this relationship, filling gaps in existing studies. Such novel insights provide managers with novel ideas to motivate companies to adopt measures such as digital transformation to improve financial and operational performance in response to a range of supply chain uncertainties, including declining customer demand, resource shortages, rising production costs, and cash flow constraints. The current study explores how DCs can promote financing advantages and SCE under ED, enhancing the understanding of DCs development.",Dynamic capabilities; Environmental dynamism; Innovativeness; Supply chain effectiveness; Supply chain finance,2024,12,10.1007/s12063-023-00425-5,Cheng J.,Operations Management Research,2-s2.0-85177649996
Enhancing digital transformation: exploring the role of supply chain diversification and dynamic capabilities in Chinese companies,"Purpose: Drawing upon the extended resource-based view (ERBV), this research aims to examine the effects of supply chain diversification (SCD) on enterprise digital transformation (DT), focusing on the external perspective of the supply chain. Design/methodology/approach: Leveraging panel data from Chinese A-share listed companies from 2015 to 2022, this research employs multiple regression analysis to empirically examine the relationship between SCD and enterprise DT. Findings: The results of analysis indicate that: (1) SCD positively influences enterprise DT, a relationship that persists even after rigorous endogenous and serial robustness testing. (2) SCD fosters enterprise DT by bolstering its absorption, innovation, and adaptive capabilities. (3) Executive risk preferences and Pilot Policies positively mediate the effects of SCD on enterprise DT. Originality/value: This research provides novel empirical insights into the underlying mechanism linking SCD and enterprise DT. The findings offer valuable guidance for enterprises seeking to optimize supply chain management and embrace DT, while also informing policymakers on strategies to facilitate SCD and DT enhancement among enterprises.",Digital transformation; Dynamic capabilities; Listed companies; Supply chain diversification,2024,12,10.1108/IMDS-11-2023-0837,Feng M.,Industrial Management and Data Systems,2-s2.0-85197431414
"Digital economy, customer stability, and organizational resilience","The influence of the digital economy on organizational resilience remains understudied, especially in emerging markets. Thus, this study examines the impact of the digital economy on organizational resilience in China, with specific focus on the moderating role of customer stability. Using panel data from 27,342 Chinese A-share listed companies (2012–2022), we find that the digital economy significantly enhances organizational resilience, and this effect is enhanced by customer stability. Moreover, nonstate-owned enterprises in China's more digitally developed eastern regions tend to experience greater resilience. These findings extend the resource-based view and dynamic capabilities perspective by highlighting the synergistic contribution of external digital resources and stable customer relationships to the concept of organizational resilience. Overall, our research provides valuable insights for managers and policymakers aiming to navigate digital transformation and build resilient organizations.",Customer stability; Digital economy; Dynamic capability; Emerging market; Organizational resilience,2025,12,10.1016/j.frl.2024.106580,Zhang Z.,Finance Research Letters,2-s2.0-85211037914
Elevating the organisational innovation and knowledge sharing capability through soft TQM practices,"The development of human capital skills and expertise is needed to transform the nation’s manufacturing industry into one that is smart, innovative, and resilient. Developing a human capital strategy (soft TQM practices) that places a premium on knowledge sharing (KS) and organisational innovation (OI) is crucial for the manufacturing sector’s digital transformation. The purpose of this study is to provide a comprehensive understanding of the significance and connections between soft TQM practices, KS, and OI among manufacturers. Two hundred twenty two valid responses from manufacturing firms were analysed, the study discovered a significant and positive relationship between these three-dimensional variables using partial least squares-structural equation modelling (PLS-SEM). Meanwhile, KS acts as a mediator between soft TQM practices and OI. By advancing theories of knowledge-based dynamic capabilities (KBDC), this research demonstrates the great influence of soft TQM practices on both KS and OI, which is important for manufacturing firms redesigned pivotal management strategy.",KBDC; knowledge sharing; knowledge-based dynamic capabilities; organisational innovation; partial least squares-structural equation modelling; PLS-SEM; total quality management; TQM,2023,12,10.1504/IJIL.2023.10045589,Lim A.F.,International Journal of Innovation and Learning,2-s2.0-85148719521
"Exploring the governance–digital transformation nexus: empirical evidence on sustainability reporting using 2SLS, LSDV models, heterogeneity effects, and cluster analysis","As businesses face increasing pressure from stakeholders to address environmental challenges, the intersection of corporate governance and digital transformation presents a promising pathway toward sustainable business practices (SBP). This study investigates whether the convergence of these two forces can foster innovation and sustainability, particularly within the complex socio-economic context of the MENA region. Grounded in stakeholder and dynamic capabilities theories, the research examines how CG structures influence SBP, with digital transformation serving as a moderating factor. Using panel data from 462 listed manufacturing firms (2010–2022) and employing advanced econometric techniques, the findings reveal that diversity-related governance variables—such as board expertise, gender, and age diversity—positively influence SBP, while nationality diversity has a negative effect. Structural governance elements, including board interlock, board size, and CEO duality, also enhance SBP, whereas board independence is negatively associated. Digital transformation significantly amplifies the effectiveness of CG mechanisms on SBP, with heterogeneous effects observed across industries and ownership structures. Cluster analysis highlights notable industry-specific differences in governance impacts. These findings support the implementation of context-sensitive, industry-specific policies aimed at strengthening board governance and digital capabilities as strategic levers for sustainable development.",Corporate Governance; corporate governance mechanisms; Corporate Social Responsibility & Business Ethics; digital transformation; Middle East and North Africa (MENA); Sustainable business practices; Sustainable Development; sustainable development goals (SDG),2025,12,10.1080/23311975.2025.2491686,Osei A.,Cogent Business and Management,2-s2.0-105004478153
"The interplay of IT adoption, government support and firm performance: mediating roles of innovation and resilience in Vietnamese SMEs","Purpose – Amid growing competition and global disruptions, organizational resilience and innovation are essential for a firm’s survival and success. This study aims to examine the impact of information technology (IT) adoption and government support on firm performance, with a focus on the mediating roles of innovation and resilience in the Vietnamese context. Design/methodology/approach – This study emphasizes the importance of IT as a vital resource for fostering innovation and resilience while highlighting the essential role of government policies in enabling digital transformation and enhancing firm performance. A cross-sectional data set of 321 small- and medium-sized enterprises (SMEs) from southern Vietnam was analyzed using partial least squares structural equation modeling. Findings – The empirical results indicate that innovation and resilience have a positive impact on firm performance. Furthermore, IT adoption indirectly impacts firm performance by driving innovation and resilience. The study also highlights that government support for digital transformation plays a significant role in creating an enabling environment for innovation and safeguarding firms amid today’s volatile business landscape. Research limitations/implications – The findings highlight that innovation and resilience are crucial for a firm’s success when leaders effectively leverage IT and government support. Focusing on managers’ perspectives, the study is particularly relevant for unlisted companies and SMEs, emphasizing how IT adoption and government support enhance innovation and resilience to drive performance in volatile environments. Future research could include financial data, explore long-term effects and investigate additional factors that influence the outcome. Originality/value – By adopting the dynamic capabilities view, this study aims to explore how firms can integrate internal resources, such as IT adoption, with external enablers, including government support, to enhance their innovation and resilience. This integration is intended not only to drive firm performance but also to strengthen competitive advantage in an increasingly volatile and digitally driven business environment. The research framework emphasizes the interconnected roles of IT, innovation, resilience and government policies, offering a comprehensive perspective on how firms adapt and thrive in the face of challenges. Future implications include guiding policymakers in designing effective support mechanisms and helping businesses align internal strategies with external opportunities to sustain growth.",Firm performance; Government support; Innovation; IT application; Organizational resilience,2025,12,10.1108/JABS-12-2024-0690,Trieu H.D.X.,Journal of Asia Business Studies,2-s2.0-105005794730
"Harnessing Artificial Intelligence, Business Intelligence, and Digital Technologies for achieving supply chain excellence in Oman: Investigating the mediating role of predictive analytics","This study examines the impact of digital technologies, particularly Artificial Intelligence (AI), Business Intelligence (BI), and Digital Transformation (DT), on enhancing supply chain performance in Oman's manufacturing and logistics sectors. Anchored in the Resource-Based View (RBV) and Dynamic Capabilities Theory (DCT), the research examines the mediating role of predictive analytics and the moderating effect of organizational readiness in translating digital adoption into operational outcomes. A quantitative approach was applied using structural equation modeling (PLS-SEM) on data from 340 professionals across Omani firms. Results reveal that AI, BI, and DT significantly improve supply chain efficiency, competitive advantage, and cost reduction, while predictive analytics acts as a critical enabler of these effects. Organizational readiness further amplifies performance outcomes, underscoring the importance of internal capabilities in leveraging digital investments. The findings contribute to the open innovation discourse by highlighting the strategic interplay between technology, analytics, and readiness in shaping adaptive and resilient supply chains in emerging markets.",Artificial Intelligence; Business Intelligence; Digital Transformation; Oman; Open Innovation; Organizational Readiness; Predictive Analytics; Supply Chain Innovation,2025,12,10.1016/j.joitmc.2025.100644,Abdelfattah F.,Journal of Open Innovation Technology Market and Complexity,2-s2.0-105016551458
"Does digital leadership capability, knowledge management capability, and organizational agility foster digital transformation in China? A time-lagged survey-based assessment in digital transformation projects","Digital transformation (DT) initiatives often experience frequent delays and failures worldwide due to nascent insight into the complex interplay of organizational and human capabilities required for success. The paper builds on dynamic capability theory (DCT) to examine the effects of digital leadership capability (DLC) and knowledge management capability (KMC) on DT directly and indirectly through the mediating role of organizational agility. The researchers adopted a cross-sectional research design and purposive sampling method to collect and analyze data from 328 workers in companies that have adopted DT strategies using SPSS 24 and SmartPLS 3.1.9. The findings corroborated the significant and positive impact of DLC and KMC on DT performance while offering evidence for the mediating role of organizational agility between DLC, KMC, and DT performance. The interdisciplinary paper significantly advances the current knowledge base in strategic management and information systems literature by empirically demonstrating the role of DLC and KMC in enhancing DT in China. Specifically, the empirical framework supports the application of DCT in diverse organizational settings, i.e., IT. More so, the findings establish organizational agility as a significant complementary mechanism that enables DT under the framework of DLC and KMC.",Digital leadership capability; Digital transformation; Dynamic capability theory; Information system; Knowledge management capability; Organization agility,2025,11,10.1016/j.jengtecman.2025.101873,Khattak D.S.I.,Journal of Engineering and Technology Management Jet M,2-s2.0-105003394637
Impact of digital transformation on supply chain efficiency: a parallel mediation model,"Purpose: It becomes a strategic option for enterprises to upgrade and improve supply chain efficiency (SCE) by promoting the digital transformation (DT). This study formulated a parallel mediation model to analyze the relationships among DT, supply chain transparency (SCT), supply chain agility (SCA) and SCE to reveal how DT affects SCE through the mediation of SCT and SCA. Design/methodology/approach: Three paradigms, i.e. resource-based view (RBV), dynamic capability view (DCV) and structure-conduct-performance (SCP) were employed to address the parallel mediation effects. A total of 392 questionnaires (samples) from the port-hinterland supply chain in the DT pilot project of New Land-Sea Corridor in western China were collected, which was then applied to formulate a structural equation model (SEM) to verify the proposed hypotheses. Findings: The results confirmed the existences of parallel mediating effects of SCT and SCA between DT and SCE. On one hand, the direct effect of DT on SCE is not significant when SCT and SCE plays jointly impacts on DT and SCE. On the other hand, SCT and SCA play a positive parallel full mediating effect of DT on SCE. Research limitations/implications: This study contributed to the literature on changing activities of SCE in DT processes. Specifically, it highlighted how DT leads to SCE via SCT and SCA activities. In addition, this study specified the conditions that the insignificant direct effect of DT has reflects on SCE, it is the time when SCT and SCE are jointly acting on DT and SCE. Originality/value: By integrating insights from the RBV, DCV and SCP paradigms, this study clarified the mechanisms of DT on SCE, and provided insight on the role of SCT and SCA in the relationship between DT and SCE. The novelty of this study and the results extend the existing literature and provide implications for future research.",Digital transformation; Parallel mediation; Supply chain agility; Supply chain efficiency; Supply chain transparency,2024,11,10.1108/JOCM-10-2023-0411,Wang J.,Journal of Organizational Change Management,2-s2.0-85191703140
Modelling Digital Transformation Within the Financial Sector: A South African Perspective,"Digital transformation is a socioeconomic change across organizations, individuals, societies, and ecosystems formed by the utilization and adoption of digital technologies. This study modeled the factors that drive the degree of digital transformation in the financial services sector in South Africa. Data from 350 participants was modeled in terms of seven factors: organizational IT application portfolios; organizational culture; organizational structure; organizational dynamic capabilities; leadership; employee roles and skills; and ethics. The analysis showed that organizational culture predicted 81.7% of the digital transformation.",Digital Disruption; Digital Innovation; Digital Transformation; Financial Services; Leadership,2023,11,10.4018/irmj.320642,Ajigini O.A.,Information Resources Management Journal,2-s2.0-85153868521
Leveraging blockchain technology and process innovation for green supply chain performance in environmentally sensitive industries,"As environmental concerns escalate globally, there is an urgent need to explore how emerging digital technologies, such as blockchain, can drive improvements in green supply chain performance (GSCP). While blockchain's potential is widely recognised, limited research has unpacked the underlying mechanisms and contextual factors shaping its sustainability impact. Addressing this gap, this study investigates the mediating role of process innovation and the moderating effect of industry environmental sensitivity in the blockchain–GSCP relationship. Drawing on Dynamic Capabilities Theory and the Technology–Organisation–Environment framework, a conceptual model is developed and tested using panel data from 163 firms across environmentally sensitive industries between 2010 and 2023. The findings reveal that blockchain adoption significantly enhances GSCP, primarily by enabling process innovation. This effect is markedly stronger in industries exposed to higher environmental pressures, underscoring the importance of external context. The study contributes to the digital transformation and sustainability literature and provides strategic guidance for firms and policymakers pursuing environmentally responsible supply chain practices through blockchain-enabled innovation.",Blockchain adoption; Digital transformation; Environmental sensitivity; Green supply chain performance; Process innovation,2026,11,10.1016/j.techfore.2025.124505,Shan B.,Technological Forecasting and Social Change,2-s2.0-105025777942
Developing a data breach protection capability framework in retailing,"Protecting data in retail operations is vital in the age of data-driven digital transformation. Businesses face a constant challenge from data breaches due to the unpredictable and dynamic nature of the threats. Although studies in the context of data breaches are gaining momentum, a unified approach to data breach prevention and responsive strategies are required to address the challenge. Drawing on the micro-foundations of dynamic capabilities theory, the study proposes a data breach protection framework for retail operations. The findings of the study highlight the dimensions and sub-dimensions of data breach protection capability using a systematic literature review and a thematic analysis. The outcome of this study can benefit retailers, customers, and society by understanding how to protect data in data-driven digital transformation.",Data breach; Data breach protection capability; Data-driven digital transformation; Retail operations; Systematic literature review; Thematic analysis,2024,11,10.1016/j.ijpe.2024.109202,Uddin M.R.,International Journal of Production Economics,2-s2.0-85189000504
What Takes the Wind out of Their Sails? A Micro-Foundational Perspective of Challenges for Building Dynamic Capabilities Towards Digital Business Model Innovation,"While dynamic capabilities (DCs) are recognized as an important enabler of digital transformation, research lacks knowledge about the underlying challenges and adequate responses of building these capabilities. More specifically, this study aims to shed light into successful digital business model innovation (BMI) by adopting a micro-foundational approach that covers both challenges and successful measures on this path for incumbent industrial firms. Therefore, six case studies building on qualitative empirical research are analyzed that either focus on Internet of Things (IoT)-driven platform BMI or software as a service (SaaS) BMI. The results offer a variety of insights regarding challenges and respective responses. These findings are attributed to DCs and its subdimensions of sensing, seizing and transforming, further revealing the interplay of various factors for specific contexts. Additionally, the study reveals that many challenges and thus required responses are the result of individuals, processes, and structures.","Digital Business Model Innovation; Digital Platforms; Digital transformation; Dynamic capabilities; L00, M10, M19, O32, O33; Micro-foundations; Qualitative Empirical Research",2023,11,10.1007/s41471-023-00163-1,Witschel D.,Schmalenbach Journal of Business Research,2-s2.0-85162250740
Leveraging Cognitive Conflict and Organizational Unlearning for Digital Mastery in SMEs: Insights from Upper Echelons,"In the rapidly evolving digital economy, digital transformation has emerged as a crucial strategy for firms to navigate market crises and improve operational efficiency. However, small- and medium-sized enterprises (SMEs) face significant resource and capability constraints in their digital transformation efforts, presenting unique challenges compared with larger corporations. In this article, we focus on Chinese manufacturing SMEs, integrating upper echelons and dynamic capability theories to explore how top management team (TMT) cognitive conflict influences digital transformation competency (DTC) through organizational unlearning. The study also examines the moderating roles of CEO agile leadership and strategic consensus. An empirical analysis of 139 manufacturing SMEs over one year reveals that TMT cognitive conflict positively impacts DTC and promotes organizational unlearning. Furthermore, organizational unlearning mediates the relationship between TMT cognitive conflict and DTC. The findings also indicate that strategic consensus and CEO agile leadership positively moderate the effect of cognitive conflict on organizational unlearning. These results provide new theoretical and practical insights, highlighting the critical factors influencing SMEs' digital transformation and emphasizing the importance of TMT characteristics in driving this process.",Digital transformation competency (DTC); organizational unlearning; small- and medium-sized enterprises (SMEs); team governance mechanism; top management team (TMT) cognitive conflict,2024,11,10.1109/TEM.2024.3446529,Zhang F.,IEEE Transactions on Engineering Management,2-s2.0-85201757414
A RACE pathway for inventing and sustaining mobile payment innovation - A case study of a leading Bank in Taiwan,"This study aimed to propose a resource framework called RACE to demonstrate how a conventional financial service provider developed a defensive strategy to secure existing assets and dynamically evolved to enter new areas of competition and achieve offensive success. RACE stands for technology resources (R), strategic alliances (A), customers (C), and ecosystems (E), which represent the critical resources of a conventional bank for digital transforming in the mobile payment market. The study adopts an explorative single case study to analyze Inter-firms’ coopetition in the market and to explore how competitive advantages were developed through a critical path of RACE model. The revelatory case is a leading financial institute in Taiwan. A qualitative case analysis was conducted and the results revealed that through dynamic interplays of the proposed RACE model among the internal and external resources, a conventional enterprise can create new competition battleground and develop new types of coopetition. The innovative disruption in advancing mobile payment is not a straightforward process, the journey is full of challenges from defensive resource exploitation to offensive market acceleration. The Implications of the evolving path of the RACE model provide various avenues for further research on the dynamic capabilities, and the results are suggested for academics and practitioners in the era of digital disruption.",Banking-as-a-service (BaaS); Coopetition; Defensive strategy; Digital transformation; Dynamic capabilities; Ecosystems; Fintech innovations; Mobile payment; RACE,2023,11,10.1016/j.apmrv.2022.12.007,Shang S.S.C.,Asia Pacific Management Review,2-s2.0-85149740306
"Integrating SMEs market and technology orientation: an exploration of digital technological opportunism, agility, future focus and performance","Purpose Drawing on the resource-based and dynamic capabilities framework, the study examines the influence of market and technology orientation on digital technological opportunism to understand SMEs' future focus and organizational performance given the digital transformation landscape for international expansion. Design/methodology/approach Partial-least-square structural equation modeling was employed to examine the hypothesized relationships using cross-sectional survey data from 322 senior and middle-level executives. Findings The findings highlight the fact that market and technology orientation capabilities positively influence SMEs’ digital technological opportunism, which is shown to positively influence organizational performance by developing a future focus on digital marketing strategy development in the internationalization process. Originality/value The research provides valuable insights into integrating market and technology orientation with digital technological opportunism in SMEs to develop future focus and achieve organizational performance for international expansion.",Emerging market; Market orientation capability; Organizational performance; SMEs; Technological opportunism; Technology orientation capability,2025,11,10.1108/IMR-03-2024-0073,Kautish P.,International Marketing Review,2-s2.0-105008219879
"Digital transformation, dynamic capabilities, and aggressive corporate strategy","This article explores the intrinsic relationship between the process of digital transformation, the construction of dynamic capabilities, and the tendency for strategic aggressiveness in non-financial listed companies in China based on empirical data from 2010 to 2023. The research confirms that digital transformation and dynamic capabilities significantly promote strategic aggressiveness in enterprises. Dynamic capabilities serve as a mediating factor in the relationship between digital transformation and corporate strategic aggressiveness. Heterogeneity analysis reveals significant differences in the impact of digital transformation and dynamic capabilities on strategic aggressiveness between state-owned enterprises (SOEs) and private enterprises (PEs). Furthermore, the effect of digital transformation on strategic aggressiveness shows notable heterogeneity between firms with high and low levels of chairman shareholding.",Digital transformation; Dynamic capabilities; Strategic aggressiveness,2025,11,10.1016/j.iref.2025.104603,Zhou J.,International Review of Economics and Finance,2-s2.0-105015960233
The Role of Artificial Intelligence (AI) in Enhancing Circular Economy and Strategic Green Marketing for Environmental Performance: A Mixed-Method Study,"As environmental urgency and digital transformation converge, understanding how emerging technologies create sustainable value has become a strategic imperative for businesses. This study investigates how artificial intelligence (AI) enables circular economy (CE) practices and strategic green marketing orientation (SGMO) to improve environmental performance (EP). Anchored in the resource orchestration view (ROV) and supported by the dynamic capability view (DCV) and complementarity theory, the research highlights AI not only as a technological asset but as an orchestrated capability that complements circular and green strategic initiatives. A sequential mixed-method design was employed: a model developed from an extensive literature review was tested using survey data from 310 participants in 115 firms, and a qualitative content analysis of integrated corporate reports provided contextual validation. The model captures the relationships among AI usage, CE capacity, SGMO, and EP, and PLS-SEM was used to assess mediation (SGMO) and moderation (AI) effects. Findings reveal that CE capacity enhances EP directly and through SGMO, while strategically orchestrated AI strengthens these effects. The study contributes to theory by integrating ROV, DCV, and complementarity theory to explain how digital transformation and environmental strategies jointly create long-term environmental values.",artificial intelligence; circular economy; environmental performance; mixed-method research; strategic green marketing orientation,2025,11,10.1002/bsd2.70250,Keskin H.,Business Strategy and Development,2-s2.0-105022644911
Navigating digital transformation: the critical role of knowledge sharing and digital transformational leadership in boosting innovation capability in Sub-Saharan Africa,"Purpose – This study examines the role of digital transformation, knowledge sharing, and digital transformational leadership in enhancing innovation capability in Sub-Saharan Africa. Design/methodology/approach – A survey-based quantitative methodology was employed, targeting senior and middle-level managers in industrial technology, manufacturing and financial services sectors in Ghana and Nigeria. The hypothesized relationships were analyzed using PLS-SEM tools in SmartPLS to assess the relationships between variables. Findings – Results indicate that digital transformation significantly enhances innovation capability and knowledge sharing. Knowledge sharing positively influences innovation capability and mediates the relationship between digital transformation and innovation capability. Additionally, digital transformational leadership moderates the relationships between digital transformation and both innovation capability and knowledge sharing. Research limitations/implications – The study’s findings are based on data from specific sectors in Ghana and Nigeria, limiting generalizability. Future research could explore other regions and industries to broaden the understanding of these relationships. Practical implications – Organizations in Sub-Saharan Africa should focus on fostering digital transformational leadership and encouraging knowledge sharing to maximize their innovation capabilities through digital transformation. Originality/value – This research contributes to the dynamic capability theory by integrating digital transformational leadership and knowledge sharing as critical factors in digital transformation, specifically within the context of Sub-Saharan Africa.",Digital transformation; Digital transformational leadership; Innovation capability; Knowledge sharing,2026,10,10.1108/BPMJ-01-2025-0120,Odai L.A.,Business Process Management Journal,2-s2.0-105003805175
Empirical analysis of the roles of dynamic sustainable capabilities and artificial intelligence in accelerating circular business model innovation: Insights from Chinese manufacturing firms,"Despite increasing managerial focus on Artificial Intelligence (AI) -enhanced environmental strategies, few studies have examined how dynamic sustainable capabilities (DSC) and AI-enabled circular business model innovation (CBMI) affect sustainability-oriented corporate performance (SOCP). Grounded in dynamic capabilities theory and dynamic managerial capabilities theory, this study develops a unified framework to investigate the mechanisms through which DSC fosters AI capabilities and CBMI, ultimately enhancing SOCP, while examining managerial cognition as a key moderator. This study empirically analyzes data from 289 questionnaires from 120 manufacturing companies through the PLS-SEM method. The findings reveal that DSC has a positive effect on AI capabilities, CBMI, and SOCP. AI capabilities and CBMI partially mediate the DSC-SOCP relationship. Managerial cognition positively contributes to the role of CBMI on SOCP, and AI capabilities have a positive effect on CBMI. This study advances the literature by elucidating the sequential pathways from DSC to AI-driven CBMI, highlighting micro-foundations for circular transitions. Moreover, this study extends managerial cognition to CBMI practices, revealing the synergies between managerial cognition and CBMI and its role in accelerating SOCP, contributing to clarifying the sources of performance differences in circular economy practices. This lays the foundation for future research agendas on AI integration in the circular economy.",Artificial intelligence capabilities; Circular business model innovation; Digital transformation; Dynamic sustainable capabilities; Managerial cognition,2026,10,10.1016/j.techsoc.2025.103176,Renfei C.,Technology in Society,2-s2.0-105022851503
Organizational agility unleashed: Tapping intellectual capital for digital transformation effectiveness,"Digital transformation has become a critical and inevitable priority for organizations navigating increasingly dynamic and competitive environments. However, the mechanisms through which intellectual capital drives digital transformation effectiveness remain underexplored. This study examines the mediating role of organizational agility in this relationship, highlighting how its three dimensions—workforce, operational, and network agility—enable organizations to adapt and thrive in the digital era. A quantitative, correlational, and cross-sectional survey design was employed, underpinned by a post-positivist approach. Data were collected through a multi-stage sampling method from 265 respondents across 10 organizations in China and Thailand, representing various industries. The hypothesized mediation model was tested using PLS-SEM. The findings reveal that organizational agility fully mediates the effect of intellectual capital—comprising human, structural, and relational capital—on digital transformation effectiveness. Each dimension of organizational agility plays a distinct yet complementary role in enhancing digital transformation outcomes. This study uniquely contributes to the literature by providing a quantitative analysis of organizational agility's mediating role across its three dimensions. It advances the understanding of organizational agility as a multi-dimensional higher-level dynamic capability, bridging critical gaps in dynamic capabilities and digital transformation research. By elucidating these mechanisms, the study provides practical insights for organizations aiming to leverage intellectual capital and agility to drive transformative success, navigate uncertainty, and sustain a competitive advantage.",Digital transformation effectiveness; Intellectual capital; Mediation; Organizational agility; Partial least squares; Structural equation modeling (PLS-SEM),2025,10,10.1016/j.technovation.2025.103310,Gong C.,Technovation,2-s2.0-105010886786
Digital barriers and capabilities in aspirant emerging-market SMEs: A resource-adaptive dynamic capabilities model of transformation phases,"Digital transformation is disruptive yet invaluable, but existing research tend to depict it as a linear and static progression, paying limited attention to the evolving combinations of resources and capabilities needed to sustain momentum as organisational routines, processes, and culture shift. These limitations are especially evident in resource-constrained SMEs in China's traditional sectors, an aspirant emerging market where digital transformation is promoted as a national priority. Pressed to compete digitally with limited experience, SME managers and employees confront cognitive and micro-foundational barriers that differ substantially from those in advanced economies. However, few studies examine how key SME stakeholders interpret digital change, overcome cognitive bias, and develop the capabilities required for meaningful transformation. Using a multi-case study and in-depth interviews, we investigate the temporal dynamics of digital transformation through the lens of dynamic capabilities. We identify four micro-foundational capabilities that shape SMEs' capacity to sense opportunities, mobilise resources, reconfigure operations, and sustain their transformation trajectory. The findings also reveal that digital transformation unfolds across four cyclical phases: exploring, scaling, optimising, and sustaining. By developing a process-based, resource-adaptive model and a typology of phase-specific triggers, capability requirements, and stakeholder roles, we reconceptualise digital transformation in traditional SMEs in aspirant emerging markets as a fluid and cyclical process in which each phase presents distinct challenges that require synchronised, dynamic, and adaptive micro-foundational capabilities.",Digital barriers; Digital transformation; Dynamic capabilities; Micro-foundations; Process-based perspective; SMEs,2026,10,10.1016/j.technovation.2026.103506,Yao M.X.,Technovation,2-s2.0-105030486071
Beyond technology: The dual role of AI and narratives in driving ESG performance in China's retail industry,"This research explores the dual role of artificial intelligence (AI) and its narratives in shaping environmental, social, and governance (ESG) performance in China's retail industry. Drawing on the dynamic capabilities view and signaling theory, we conceptualize AI as both a substantive technological resource and a symbolic communicative mechanism, with green innovation serving as a mediating process. Using panel data of 2306 A-share listed retail firms from 2020 to 2024 (9710 firm-year observations), we employ system generalized method of moments (GMM) estimations to address dynamic panel bias, endogeneity, and unobserved heterogeneity. The findings reveal that both AI technology and AI narrative have a positive impact on ESG performance, with AI technology exerting a stronger substantive effect and AI narratives functioning as credible signals that enhance legitimacy. Moreover, green innovation significantly improves ESG outcomes and partially mediates the artificial intelligence - ESG performance relationship. Robustness checks using alternative measures, estimators, subsamples, and placebo tests confirm the stability of the findings. This research contributes to the literature by linking digital transformation and sustainability, highlighting the interplay between substantive and symbolic mechanisms, and providing insights from an emerging economy context. The findings offer theoretical, managerial, and policy implications for leveraging AI to advance sustainable development in retailing.",AI narrative; Artificial intelligence; Dynamic capabilities theory; ESG performance; Green innovation,2026,10,10.1016/j.jretconser.2025.104675,Mu T.t.,Journal of Retailing and Consumer Services,2-s2.0-105023664209
How green knowledge-oriented leadership drives green innovation in SMEs: the mediating role of environmental strategy and the moderating role of green AI capability,"This study examines how green knowledge-oriented leadership (GKOL) drives green innovation (GI) in manufacturing SMEs, with a focus on the mediating role of environmental strategy (ES) and the moderating effect of green artificial intelligence capability (GAIC). Drawing on the Natural Resource-Based View (NRBV) and Dynamic Capability Theory (DCT), the study developed and empirically tested an integrated framework that captures the interplay between leadership, strategy, and digital capability in promoting sustainable innovation. Data were collected from 219 Malaysian manufacturing SMEs using a structured questionnaire, and structural equation modeling was employed via SmartPLS to evaluate the proposed relationships, with the reliability and validity of the constructs verified through composite reliability, average variance extracted, and discriminant validity. The findings reveal that GKOL significantly enhances ES, which in turn enhances GI, with ES partially mediating this relationship. Additionally, GAIC strengthens the effect of GKOL on GI, underscoring the role of AI-enabled capabilities in amplifying green leadership outcomes. This study contributes to the literature by offering a unified leadership–strategy–technology framework for understanding sustainability transformation in resource-constrained SME settings and provides actionable insights for managers and policymakers on leveraging GKOL and digital transformation for sustainable development.","Business, Management and Accounting; Environment & Business; Environmental Management; environmental strategy; green artificial intelligence capability; green innovation; Green knowledge-oriented leadership; Manufacturing SMEs",2025,10,10.1080/23311975.2025.2520914,Al Koliby I.S.,Cogent Business and Management,2-s2.0-105008757616
Beyond Compliance: How Disruptive Innovation Unleashes ESG Value Under Digital Institutional Pressure,"Amid intensifying global ESG regulations and the expanding influence of green finance, China’s digital economy policies have emerged as key institutional instruments for promoting corporate sustainability. Leveraging the implementation of the National Big Data Comprehensive Pilot Zone as a quasi-natural experiment, this study utilizes panel data of Chinese listed firms from 2009 to 2023 and applies multi-period Difference-in-Differences (DID) and Spatial DID models to rigorously identify the policy’s effects on corporate ESG performance. Empirical results indicate that the impact of digital economy policy is not exerted through a direct linear pathway but operates via three institutional mechanisms, enhanced information transparency, eased financing constraints, and expanded fiscal support, collectively constructing a logic of “institutional embedding–governance restructuring.” Moreover, disruptive technological innovation significantly amplifies the effects of the transparency and fiscal mechanisms, but exhibits no statistically significant moderating effect on the financing constraint pathway, suggesting a misalignment between innovation heterogeneity and financial responsiveness. Further heterogeneity analysis confirms that the policy effect is concentrated among firms characterized by robust governance structures, high levels of property rights marketization, and greater digital maturity. This study contributes to the literature by developing an integrated moderated mediation framework rooted in institutional theory, agency theory, and dynamic capabilities theory. The findings advance the theoretical understanding of ESG policy transmission by unpacking the micro-foundations of institutional response under digital policy regimes, while offering actionable insights into the strategic alignment of digital transformation and sustainability-oriented governance.",digital economy policy; disruptive innovation; dynamic capabilities; ESG performance; mechanism mediation,2025,10,10.3390/systems13080644,Zhang F.,Systems,2-s2.0-105014323757
Digital transformation and corporate resilience: Evidence from China during the COVID-19 pandemic,"To investigate the relationship between digital transformation and corporate resilience in the face of external shocks, we empirically analyzed the relationship between digital transformation and corporate resilience in the context of COVID-19 by dividing corporate resilience into two dimensions: Resistance and recovery. The data in this paper came from manufacturing companies listed in Shanghai and Shenzhen A-shares from 2017 to 2021. The empirical results showed that there was a significant inverted U-shaped relationship between digitalization and corporate resilience. After rich robustness tests, the major findings of this paper hold. Performance surpluses and external competition positively moderate the inverted U-shaped relationship between digitalization and corporate resilience. Performance deficits negatively moderate the inverted U-shaped relationship between digitalization and corporate resilience.",corporate resilience; digitalization; dynamic capabilities; performance feedback,2024,10,10.3934/QFE.2024030,Aimin Y.,Quantitative Finance and Economics,2-s2.0-85211243584
Does corporate social responsibility influence corporate innovation in China? Combining innovation investment and dynamic capabilities theory,"Purpose: According to reputation theory, enterprises that adopt a proactive approach to corporate social responsibility (CSR) are known to actively invest in corporate innovation. However, this theory does not fully explain the mechanisms through which CSR influences corporate innovation, nor does it address how to effectively amplify CSR’s positive impact on innovation. To overcome these limitations, this research aims to incorporate the theories of innovation investment and dynamic capabilities. Innovation investment theory elucidates how CSR can attract additional financing, which can be directed toward innovation activities. Meanwhile, dynamic capabilities theory highlights how digital transformation in enterprises can enhance the positive effects of CSR on innovation, providing insights from both theoretical and empirical perspectives. Design/methodology/approach: To demonstrate the mediating role of debt financing costs and the moderating role of enterprise digital transformation in the mechanism of CSR on corporate innovation, this research conducts fixes effects models by collecting 27,912 data points from 3,775A-share China-listed enterprises, ranging in period from 2010 to 2020. Empirical research once again proves that the theories of innovation investment and dynamic capabilities effectively compensates for the shortcomings of reputation theory. These three theories effectively explain that what is the effect of CSR on enterprise innovation? How does CSR influence corporate innovation? And through what mechanisms can CSR better enhance corporate innovation? Findings: According to innovation investment theory, the cost of debt financing mediates the positive relationship between CSR and corporate innovation. This occurs because enterprises with robust CSR practices are more likely to secure external funding, thereby reducing their costs associated with external debt financing. Lower debt financing costs provide a stable source of funds for corporate innovation. Additionally, dynamic capability theory suggests that enterprise digital transformation moderates the positive relationship between CSR and corporate innovation. Building on these insights, it is recommended that enterprises, especially state-owned ones, should prioritize technological innovation to enhance their competitiveness. Research limitations/implications: This research aims to address and narrow the knowledge gap regarding the relation between CSR and corporate innovation through theoretical and empirical analyses. With respect to the influence mechanism, this research solely based on innovation investment theory and dynamic capabilities theory, focuses on the influence mechanism of CSR on corporate innovation, with the debt financing costs as the mediating variable and digital transformation as the moderating variable. However, the influence mechanism turns out to be complicated and there is room for further exploring numerous mechanisms. For example, future research can focus on identifying additional channels through which CSR exerts an influence on corporate innovation based on TOE theoretical framework. Practical implications: This research presents several strategies to enhance corporate innovation based on its conclusions: First, enterprises should promptly publish social responsibility reports to build a positive industry reputation. Moreover, by actively participating in CSR activities, they can strengthen their networks and enhance their industry standing. Second, the significant mediating role of debt financing costs should not be ignored. Enterprises are encouraged to seek diverse financing channels to reduce financial pressures, address financing challenges and facilitate the coordinated development of CSR and innovation. Third, enterprise digital transformation significantly affects the impact of CSR on innovation. Therefore, enterprises should advance digital transformation initiatives that incorporate technological innovation, organizational improvements and integration with supply chain partners. Finally, it has been noted that state-owned enterprises are often less responsive to technological innovation than their non-state counterparts. SOEs could redefine the scope and priorities of their social responsibilities to prevent excessive resource consumption that could hinder innovation. For instance, integrating some of their social responsibilities with innovation projects could promote both social and technological innovation objectives. Additionally, the government could ensure fair resource distribution among different types of enterprises and provide an equitable financing platform to mitigate financial challenges for both state-owned and non-state-owned enterprises. Originality/value: Reputation theory does not fully elucidate the mechanisms by which CSR influences corporate innovation or how to effectively enhance CSR’s positive impact on innovation. This research integrates the theories of innovation investment and dynamic capabilities to address these gaps. According to innovation investment theory, debt financing costs mediate the positive relationship between CSR and corporate innovation. Meanwhile, dynamic capabilities theory posits that enterprise digital transformation moderates this positive relationship, further strengthening the impact of CSR on innovation.",Corporate innovation; Corporate social responsibility; Debt financing costs; Digital transformation,2025,10,10.1108/CMS-08-2023-0423,Liu J.,Chinese Management Studies,2-s2.0-85205662186
Business model innovation as a mediator between construction 4.0 and firm performance: Evidence from Turkish construction companies,"The construction industry has a crucial place in any country's economy. However, compared to other sectors, construction companies have been relatively slow to adopt new technologies, while most companies in different sectors have already begun to adopt the latest technologies to renovate their way of doing business and improve their overall performance. Therefore, Construction 4.0, as the digital transformation of construction companies in the era of Industry 4.0, attracts the attention of both practitioners and researchers. This empirical study aims to uncover the complex relations among Construction 4.0, Business Model Innovation (BMI), and firm performance in a developing country context. We propose an original model of relations purporting that BMI mediates the positive effects of Construction 4.0 on firm performance, drawing mainly on the dynamic capabilities view. All statistical analyses were performed by using R statistical language. Data was gathered from 152 managers in the Turkish construction sector via the convenience sampling method. Descriptive statistics, validity, reliability, correlation, and PROCESS mediation analyses were used to test research hypotheses. The results show that both digital and physical layers of Construction 4.0 positively relate to firm performance and that BMI fully mediates this positive relation. Managerial and further research implications are forwarded.",Business model innovation; Construction 4.0; Construction companies; Digital layers; Firm performance; Physical layers,2025,10,10.1016/j.ijis.2024.12.002,Alsaadi O.,International Journal of Innovation Studies,2-s2.0-85214321194
"A meta-analysis of the relationships among digital transformation, innovation and firm performance: the moderating effects of country-specific factors","Purpose: While more companies are embracing new digital technologies in their supply chains, many of these projects fail. The literature studying digital transformation is also not conclusive regarding its relationship to firm performance. Additionally, there is a lack of theoretical explanation of the mechanisms that facilitate firm performance improvement through digital transformation. Therefore, this study advances existing knowledge by providing a better understanding of the impact of digital transformation on firm performance. Innovation is explored as a key dynamic capability that enables positive performance gains, and the moderating effects of country-specific factors are examined to enhance our understanding of these phenomena. Design/methodology/approach: A meta-analysis method is utilized to aggregate the results reported in the literature. We selected and analyzed 69 empirical articles (121 effect sizes) to advance knowledge surrounding the mediating and moderating effects regarding the relationship between digital transformation and firm performance. Findings: The results validated that digital transformation has a significant and positive relationship with firm performance outcomes and that both product and process innovation play a partial mediating role in this relationship. Additionally, this analysis supports the moderating roles of specific elements of national culture and national economic development level. Originality/value: By analyzing existing research, this paper puts forward new insights into the relationships between digital transformation, product and process innovation and firm performance. Particularly, the study highlights the relevance of country-specific factors such as national culture characteristics and national economic development level in the success of digital transformation initiatives. Uncovering these contextual factors relevant to the implementation of digital technologies can significantly benefit future research and practice.",Digital transformation; Firm innovation; Firm performance; Meta-analysis; Structural equation model,2025,10,10.1108/IJPDLM-04-2024-0170,Shen X.,International Journal of Physical Distribution and Logistics Management,2-s2.0-105004679594
Assessing the impact of digital transformation capability for international market growth: the role of leadership support,"Purpose This study aims to examine the impact of an organization’s digital transformation capability (DTC) on its dynamic capabilities and strategic depth, which, in turn, could impact the organization’s international market growth (IMG). This study also investigates the moderating role of leadership support (LES) in using the DTC. Design/methodology/approach The study reviews various kinds of literature related to international marketing, dynamic capabilities, digital transformation, strategic marketing and LES. Following this, a dynamic capability view is adopted to develop a research model. This research model is later tested using partial least squares structure equation modeling with data from 385 respondents from different types of organizations. Findings The study demonstrates that an organization’s DTC significantly enhances its dynamic capabilities and strategic depth. LES is vital for effectively applying and leveraging DTCs since it influences the association between DTCs, competitive advantage and global marketing intelligence. The study also recognizes that strategic depth and dynamic capabilities contribute to IMG. Research limitations/implications The study uncovers the impacts of DTCs, influencing IMG. The study also provides valuable insights regarding the role of leadership in effectively leveraging the organization’s DTCs. It suggests the organization’s management should invest in improving DTC. Originality/value This study contributes to the prevailing literature on DTC, leadership and IMG. The study highlights the importance of DTC and how it impacts more established capabilities and leads to IMG of the organization. Further, this study is also unique as it establishes the importance of LES in leveraging the maximum benefits of the DTC.",Competitive advantage; Digital transformation capability; Dynamic capabilities; International market growth; Leadership support; Strategic depth,2025,10,10.1108/IMR-03-2024-0100,Joshi Y.,International Marketing Review,2-s2.0-85208815867
The impact of artificial intelligence (AI) adoption on operational performance in manufacturing,"Purpose – The purpose of this study is to examine how AI adoption enhances operational performance in manufacturing firms and to investigate how variations in firms’ strategic focus moderate this relationship. Specifically, this study explores how AI adoption functions as a dynamic capability that enhances operational performance in manufacturing firms and investigates how different strategic orientations—exploration, exploitation, or ambidexterity—moderate this effect from the perspective of the Attention-Based View (ABV) of the firm. Design/methodology/approach – This study employs a quantitative research method, using a sample of 426 Chinese manufacturing firms to examine the impact of artificial intelligence (AI) adoption on operational performance and to analyze the moderating role of firms’ strategic focus (exploration, exploitation, and ambidexterity). Data were collected through a structured questionnaire survey. To ensure the robustness of the findings and address potential endogeneity issues, hierarchical regression analysis and the two-stage least squares (2SLS) method were employed. Findings – This study reveals that AI adoption significantly enhances the operational performance of manufacturing enterprises, but this effect is moderated by firms’ strategic focus. A high exploration tendency weakens the performance-enhancing effect of AI adoption due to implementation instability caused by excessive experimentation. A high exploitation tendency also reduces the positive impact of AI adoption, as over-reliance on existing processes constrains AI’s transformative potential. Furthermore, an ambidextrous strategy (coexistence of high exploration and high exploitation) further diminishes the positive effect of AI adoption, indicating that resource dispersion and increased coordination costs may offset its benefits. Originality/value – From the perspective of Dynamic Capabilities Theory, this study empirically examines the impact of AI adoption—as a dynamic capability—on operational performance. Additionally, drawing on the Attention-Based View (ABV) of the firm, it uncovers the moderating role of firms’ strategic focus, addressing an existing research gap concerning strategic-level decision-making in AI adoption. The findings offer theoretical insights that guide enterprise managers in optimizing AI adoption strategies, helping them strike a balance between innovation and efficiency to maximize the benefits of digital transformation.",Ambidexterity; Artificial intelligence (AI) adoption; Attention-based view (ABV); Dynamic capabilities theory; Exploitation; Exploration; Operational performance,2026,9,10.1108/JMTM-03-2025-0227,Hong S.,Journal of Manufacturing Technology Management,2-s2.0-105016737156
Effects of artificial intelligence usage and knowledge-based dynamic capabilities on organizational innovation: A configurational approach,"Many antecedents of organizational innovation have been examined in isolation, overlooking their synergistic and threshold effects. To address this gap, this study draws on resource orchestration theory to investigate how AI usage and knowledge-based dynamic capabilities, i.e., knowledge generation capability, knowledge acquisition capability, and market-sensing capability, jointly drive exploratory and exploitative innovation. Using survey data from 218 Chinese firms, we apply fuzzy-set qualitative comparative analysis (fsQCA) to identify multiple sufficient configurations that generate high innovation, highlighting heterogeneous pathways shaped by firm size and industry context. To complement these findings, we conduct necessary condition analysis (NCA), which reveals critical threshold levels for AI usage and knowledge capabilities that should be met regardless of the chosen configuration. Furthermore, we map fsQCA results with three types of interdependencies among AI usage and knowledge-based capabilities—complementarity, contingency, and substitution—to form configurations that lead to different organizational innovations. This study enriches configurational theory on organizational innovation, expands the theoretical boundaries of AI-enabled innovation, and provides actionable decision support for resource allocation and capability development under digital transformation.",AI; Knowledge acquisition capability; Knowledge generation capability; Knowledge-based dynamic capabilities; Market-sensing capability; Organizational innovation,2026,9,10.1016/j.dss.2025.114573,An M.,Decision Support Systems,2-s2.0-105021078970
Enabling sustainable futures: examining organizational dynamics and technology platforms in digital transformation to achieve firm sustainability,"Purpose Digitalization can likely achieve firm sustainability, which is required for success. Therefore, this study aims to investigate the role of digital enablers in enhancing sustainability among the managers of Pakistan’s small- and medium-sized enterprises (SMEs), using the resource-based view and dynamic capability theories. Design/methodology/approach For this study, the authors used a quantitative method. Cross-sectional data were collected using a questionnaire sent to managers and non-manager employees who were familiar with digital technologies. Finally, this study used 296 valid sample sizes for the study’s results. Findings Using partial least squares-structural equation modeling (PLS-SEM), the findings show that digital technologies positively impact digital platforms and, in turn, firm sustainability. On the one hand, organizational dynamism positively impacts firm sustainability. On the other hand, digital orientation has a negative effect on organizational dynamism and firm sustainability. Digital platforms are also a negative predictor of firm sustainability. Turning to the mediating impacts, on the one hand, organizational dynamism is a positive factor that develops the connection between digital technologies and firm sustainability. On the other hand, organizational dynamism and digital platforms negatively mediate the association between digital orientation and firm sustainability. Finally, digital platform constructs negatively mediate between digital technologies and firm sustainability. Practical implications This study’s findings support policymakers’ and planners’ design policies to boost digitalization among SMEs and enhance their sustainability. By adopting these findings, SMEs may enhance their digital capabilities, technologies and employee orientations to become more successful. Originality/value This study’s findings fill the gaps in the existing literature by contributing an integrated framework that simultaneously confirms the direct and mediating paths among Pakistan’s SME managers.",Digital orientation; Digital platforms; Digital technologies; Firm sustainability; Organizational dynamism; SMEs,2025,9,10.1108/IJIS-05-2024-0117,Abdelwahed N.A.A.,International Journal of Innovation Science,2-s2.0-105000489979
"Human-Centric Generative AI in Circular Supply Chains: Theoretical Insights From Ethics, Dynamic Capabilities, and Resource Conservation","In response to growing calls for ethical, sustainable, and digitally enabled supply chains, this study investigates how the responsible deployment of generative AI (GenAI) enhances circular supply chain performance (CSP). Anchored in ethical theory, the dynamic capability view (DCV), and conservation of resources (COR) theory, we develop a multitheoretic framework examining how firms' digital humanism orientation and procurement innovation mindset shape responsible GenAI use. We further theorize how this responsible GenAI use activates AI-augmented supplier development for circularity (AISD) as a dynamic capability, which mediates the relationship between responsible GenAI use and CSP. Contextual stressors, specifically, polycrisis experience and precarious behavior among supply chain professionals, are introduced as moderators that may undermine these relationships. The model is tested using time-lagged survey data from firms in India and South Africa, analyzed via covariance-based structural equation modeling. Findings support all proposed relationships across both country contexts. The study contributes by (1) extending ethical theory into GenAI-enabled circular supply chains, (2) conceptualizing responsible GenAI use and AISD as firm-level second-order and first-order dynamic capabilities that enhance sustainability outcomes, and (3) revealing how crisis-driven human behavior conditions the efficacy of responsible GenAI in complex supply chain environments. Our results offer actionable insights for building ethically grounded, technologically enabled, and contextually responsive circular supply chains, especially relevant for emerging economies navigating digital transformation under resource constraints.",business strategy; circular supply chain; environment; generative AI; sustainability; technology; value chains,2026,9,10.1002/bse.70280,Bag S.,Business Strategy and the Environment,2-s2.0-105023897989
A Bibliometric Analysis of Research on Big Data and Its Potential to Value Creation and Capture,"The emergence of big data is a radical shift in the business context, leading to a change in value creation and capture. This phenomenon is a newborn concept in the business and management literature confirmed by the growing number of publications over recent years. This paper presents an updating comprehensive bibliometric analysis to describe and assess the scientific landscape of value creation and capture based on leveraging big data in the literature. Bibliometrix and VOSviewer were selected as software tools for descriptive and network bibliometric analysis based on the Web of Science Core Collection database from 2011 until 2020. By implementing bibliometric analysis such as analysis of citations and co-occurrence of keywords, we have recognized the most prominent and influential authors, papers, journals, countries, and four potential clusters of current trends in studies. These four trends of value creation and capture from big data studies are: 1) strengthening the basic knowledge of value creation in the big data era, 2) data-driven business model and value capturing, 3) dynamic capabilities and centrality of knowledge, and 4) digital transformation of the service industry. Finally, by identifying the existing research gaps, future research directions in each cluster are demonstrated.",bibliometric analysis; big data; business model; value capture; value creation,2023,9,10.22059/IJMS.2021.319211.674442,Abdian S.,Iranian Journal of Management Studies,2-s2.0-85146158268
The human element in digital transformation: The role of talent management for SMEs,"The role of digitalization for business performance has attracted significant research interest. While many studies have advanced the literature with insights on digital tools and strategies, what is less well understood is the role of the human factor in this process. The objective of this study is to assess the role of the human element in the digitalization of small and medium-sized enterprises (SMEs). Theoretically, we draw on sociotechnical theory and dynamic capabilities to underline the importance of integrating the technology and human aspects for enhancing SME performance. Empirically, we use a representative dataset of 1,000 Bulgarian SMEs and perform structural equations modeling. Our findings reveal that the existence of digital strategies by themselves may not lead to improved performance unless they are well integrated with the appropriate talent management practices that support organizational agility. The results underscore the importance of considering the pathways through which digital strategy affects organizational performance for SMEs.",agility; Digital strategy; performance; SMEs; talent management,2025,9,10.1080/26437015.2024.2404177,Pergelova A.,Journal of the International Council for Small Business,2-s2.0-105002940573
Dynamic capabilities and family businesses: a perspective article,"Purpose: The individual perspective of dynamic capabilities and family firms could be useful to shed light on the relationship between these topics, considering not only the heterogeneity of family businesses but above all the diversity of their collaborators, highlighting the underlying elements through which these firms are sustained. Design/methodology/approach: This paper is based on systematic research, considering the most relevant literature about dynamic capabilities and family firms. Findings: Findings highlight the individual perspective of dynamic capabilities and family firms, where we identify the main elements that family businesses must be aware of to be more innovative: high knowledge management/social capital, high entrepreneurial mindset/orientation, high tradition (retrospective and prospective), high empowering leadership, high next generation involvement, extended SEW (long-term perspective), risk-neutral, low conservative/inertia/paternalism and low emotionally attached. Originality/value: The paper analyzes relevant studies on dynamic capabilities and family firms, proposing a research agenda with questions for further inquiries that cover inertia, paternalism, digital transformation and the individual perspective of dynamic capabilities and family firms. In addition, the authors provide practical implications for these topics.",Dynamic capabilities; Family business; Innovation,2024,9,10.1108/JFBM-10-2023-0269,Bohorquez-Lopez V.W.,Journal of Family Business Management,2-s2.0-85186189169
Data-driven supply chain orientation and innovation: the role of capabilities and information complexity,"Purpose: Data transformation has prompted enterprises to rethink their strategic development. Scholars have frequently acknowledged the vast potential value of supply chain data and realised that simply owning data resources cannot guarantee excellent innovation performance (IP). Therefore, this study focussed on the mediating and moderating issues between data-driven supply chain orientation (DDSCO) and IP. More specifically, the purpose was to explore (1) whether DDSCO promotes enterprise innovation through dynamic and improvisational capabilities and (2) how information complexity (INC) plays a moderating role between capabilities and performance. Design/methodology/approach: An empirical study was performed using the results of a questionnaire survey, and a literature review was used to build the premises of this study. A sample was conducted on 296 Chinese enterprises, and the data collected were used to test the hypothesis by successive regression. Findings: This research has implications for the theoretical development of DDSCO, as well as the dynamic capabilities (DC) and improvisation capabilities (IC) in innovation strategic literature. The empirical results show that DDSCO has a direct, positive impact on both DC and IC, which thus positively impact IP. Meanwhile, IC has a negative moderating effect on the path joining DC and IP. Conversely, IC has a positive moderating effect on the path joining IC and IP. Research limitations/implications: Although this study has limitations, it also creates opportunities for future research. The survey comes from different industries, so the possibility of unique influences within industries cannot be ruled out. Second, the authors' survey is based on cross-sectional data, which allow for more comprehensive data verification in the future. Third, this study also provides opportunities for future research, because it proves that DC and IC, as partial mediators of DDSCO and IP, can mine other paths of the data-driven supply chain in IP. For example, the perspective of the relationship between supply chain members, knowledge perspective, etc. Practical implications: The research findings offer a novel perspective for enterprise managers. First, enterprises can leverage supply chain data to gain competitive advantages in innovation. Second, it is imperative for enterprises to acknowledge the significance of developing dynamic and IC. This also requires enterprises to acknowledge innovations in DDSCO necessitate a focus on dynamic and IC. Third, it is recommended that managers take into account both sides of IC and encourage enterprises to prioritise the utilisation of IC. Originality/value: Empirical research results revealed how DDSCO improves IP and is an extension of digital transformation in the supply chain field, providing new opportunities and challenges for enterprise innovation. It can also expand the enterprise's understanding of DDSCO. Second, based on resource-based theory, it is possible to develop and test theoretical arguments regarding the importance of dynamic and IC as intermediaries in the DDSCO-IP. Third, the authors conducted simulations of highly dynamic data environments to develop and test theoretical arguments about the importance of IC as a moderator of capabilities-performance relationships.",Data-driven supply chain orientation; Dynamic capabilities; Improvisational capabilities; Information complexity; Innovation performance,2025,9,10.1108/EJIM-01-2023-0045,Liu X.,European Journal of Innovation Management,2-s2.0-105001069549
"Digital Capabilities, Integration into Global Innovation Networks, and Enterprise Innovation Performance","Against the backdrop of accelerated global digital transformation and the shift toward open innovation models, this study examines how enterprises leverage digital capabilities to integrate into global innovation networks (GINs) and enhance innovation performance, while exploring the moderating role of organizational flexibility. Drawing on dynamic capability and social network theories, a multidimensional framework of digital capabilities (perception, operation, and coordination) and organizational flexibility (cultural, resource, and capability) is proposed. The empirical analysis of 343 Chinese multinational corporations using SPSS 27 and AMOS 24 reveals three key findings: (1) all dimensions of digital capabilities significantly improve innovation performance; (2) GIN integration partially mediates this relationship by facilitating resource acquisition and collaboration; and (3) capability flexibility positively moderates the GIN–performance link, while cultural and resource flexibility show no significant effects. This study advances digital capability research by emphasizing dynamic processes over static technology adoption and provides practical insights for balancing technological investments with organizational adaptability.",digital capabilities; innovation performance; integration into global innovation networks; organizational flexibility,2025,9,10.3390/systems13030212,Tian S.,Systems,2-s2.0-105001123300
Supply Chain Capability and Performance Under Environmental Uncertainty: The Mediating Role of Multidimensional Resilience,"Global supply chains face unprecedented challenges from geopolitical conflicts, climate change, economic volatility, and technological disruptions, highlighting the critical role of supply chain resilience as a core strategy for firms to maintain stability and competitive advantage. Grounded in the resource-based view and dynamic capability theory, this study examines how supply chain capability—that is, entrepreneurial leadership, collaborative capability, and digital transformation—enhances resilience, which mediates its impact on performance. Using structural equation modeling on survey data from Chinese firms, we find that resilience, comprising absorptive, reactive, and recovery capability, significantly mediates the relationship between supply chain capability and performance. Environmental uncertainty moderates this relationship, particularly in highly uncertain contexts, where resilience becomes a key driver of competitive advantage. Theoretically, this study extends dynamic capability theory by disaggregating resilience and exploring its mediating role. Practically, it emphasizes strengthening entrepreneurial leadership, collaborative capability, and digital transformation to improve resilience and performance in uncertain environments.",dynamic capability theory; environmental uncertainty; resource-based view; supply chain capability; supply chain performance; supply chain resilience,2025,9,10.3390/systems13080618,Wang J.,Systems,2-s2.0-105014324211
"Smart insights, stronger performance: Leveraging business intelligence and dynamic capabilities in tourism and hospitality","The rapid advancement of artificial intelligence (AI) and business intelligence (BI) compels tourism and hospitality firms to redefine their capabilities. This need stems from the growing imperative to fully leverage these technologies for performance enhancement—an area still underexplored in the tourism and hospitality literature. Drawing on the dynamic capabilities view, this paper investigates the interrelationships among resource orchestration capabilities (ROCs), digital marketing capabilities (DMCs), AI capabilities, and firm performance, with a specific focus on the mediating role of BI adoption and the moderating effect of technology orientation (TO). Using data from 297 tourism and hospitality firms across four major Japanese cities, the findings reveal that BI adoption mediates the relationships among ROCs, DMCs, AI capabilities, and firm performance. As anticipated, TO does not moderate the DMC–BI adoption link, potentially due to firm-specific factors warranting further exploration in different contexts. The study contributes to theory by proposing an integrative framework that conceptualizes ROCs, DMCs, and AI capabilities as distinct yet interrelated dynamic capabilities driving performance in tourism and hospitality firms. Practically, the findings encourage tourism and hospitality managers to refine their strategies to better leverage these capabilities, particularly in pursuing digital transformation.",Artificial intelligence capabilities; Business intelligence adoption; Digital marketing capabilities; Resource orchestration capabilities; Technology orientation; Tourism and hospitality firms,2026,9,10.1016/j.ijhm.2025.104410,Tajeddini O.,International Journal of Hospitality Management,2-s2.0-105015876569
Unpacking the Role of Digital Dynamic Capabilities in ESG Performance: A Social Exchange Perspective on Organizational Trust and Identification,"This study examines the role of digital dynamic capabilities (DDCs) in enhancing ESG performance, integrating insights from social exchange theory (SET). By conceptualizing organizational trust and organizational identification as key antecedents of DDCs, we propose that firms fostering trust-based and identification-driven environments are more effective in leveraging digital transformation to advance sustainability initiatives. Utilizing a two-wave survey of 257 firms, we employ structural equation modeling to test our hypotheses. Findings reveal that organizational trust and identification positively influence DDCs, with DDCs serving as a partial mediator in the relationship between organizational trust and ESG performance. Moreover, organizational identification exhibits a direct effect on ESG performance rather than operating through DDCs. These results underscore the contingent role of digital transformation in sustainability strategies, emphasizing that trust and digital readiness are essential enablers of corporate ESG outcomes. The study contributes to both SET and dynamic capability perspectives by demonstrating how relational capital, when combined with digital adaptation mechanisms, facilitates ESG success.",dynamic capabilities; ESG performance; organizational identification; organizational trust; social exchange theory,2026,9,10.1002/bse.70273,Xiao S.,Business Strategy and the Environment,2-s2.0-105018844894
Sustainable leadership innovation capability (SLIC): Enhancing organizational sustainability performance in the construction industry,"The construction sector is a leading source of global carbon emissions, and its sustainability challenge is especially acute in emerging regions where digital connectivity and supply chains remain fragmented. To uncover actionable levers for change, this study surveyed 60 medium-sized contractors in Eastern Indonesia and complemented the survey with follow-up interviews. To explore how leadership practices, organizational culture, and technology use are related through the application of partial least squares structural equation modeling. Findings highlight Sustainable Leadership Innovation Capability (SLIC)—an organization-level capability that links green human-resource policies, stakeholder expectations, and digital readiness—as the key driver of enhanced superior environmental and economic performance. Three elements prove decisive: (1) human-resource systems that embed measurable sustainability targets and reward employees for eco-oriented problem solving; (2) a collaborative project culture that nurtures experimentation and cross-functional learning; and (3) cost-effective digital solutions such as BIM viewers and low-bandwidth IoT dashboards, which create value only when integrated into continuous-learning routines. Synthesizing insights from the Resource-Based View, Stakeholder Theory, Technology Acceptance Model, Dynamic Capabilities Theory, and Institutional Theory, the study consolidates these findings into a five-phase managerial roadmap that strategically aligns HR interventions with affordable digital solutions. This roadmap enables resource-limited contractors to progress toward SDGs 9, 11, 12, and 13 while maintaining their commercial sustainability. By clarifying the pivotal role of leadership-driven learning in unlocking technology's environmental benefits, the research provides a concise yet transferable template for sustainable innovation in other emerging economy contexts.",Digital transformation; Environmental management systems; Green HRM; Sustainability performance; Sustainable culture; Sustainable leadership innovation capability (SLIC),2025,9,10.1016/j.sftr.2025.101016,Kampilong J.K.,Sustainable Futures,2-s2.0-105010924165
"Digital transformation and flexibility in public services: Knowledge, culture and digital infrastructures","Governments in the Global South face ongoing challenges in digital modernization, ranging from weak technological infrastructure to entrenched bureaucratic cultures. This study draws on the Dynamic Capabilities View (DCV) and Contingency Theory to examine how digital transformation (DT) enhances flexibility in public service delivery when supported by organizational culture (OC) and technological infrastructure (TIF). Using the Cambodian public sector as a case study, survey data from 299 public officials were analyzed using Partial Least Squares Structural Equation Modelling (PLS-SEM) and Necessary Condition Analysis (NCA). The results show that DT improves flexibility in public services both directly and indirectly through OC and TIF, demonstrating that these factors are not merely contextual conditions but critical enablers of adaptive capacity. Importantly, NCA reveals that specific threshold levels of DT (≥2.59), OC (≥2.82–4.00), and TIF (≥3.37) constitute non-compensatory prerequisites for developing flexibility in public services. These findings extend the DCV by demonstrating that public-sector agility depends on the coordinated development of cultural and technological capabilities, and they refine Contingency Theory by highlighting that digital reform outcomes depend on the strategic alignment of institutional conditions. For policymakers, this study highlights the importance of simultaneous and coordinated investment in digital literacy, technological infrastructure, and cultural change to ensure that digital transformation initiatives lead to sustained improvements in public service responsiveness.",Digital transformation; Flexibility in public services; Necessary Condition Analysis (NCA); Organizational culture; PLS-SEM; Technological infrastructure,2026,9,10.1016/j.jik.2026.100947,Ly B.,Journal of Innovation and Knowledge,2-s2.0-105027924587
What is the business value of your data? A multi-perspective empirical study on monetary valuation factors and methods for data governance,"Digitalization has greatly increased the importance of data in recent years, making data an indispensable resource for value creation in our time. There is currently still a lack of theories as well as practicable methods and techniques for the monetary valuation of data, and data is therefore not yet sufficiently managed in terms of business management principles. In this context, this research is intended to design theory ingrained principles for a multidimensional conceptual approach to the monetary valuation of data as assets. We draw on the theory of dynamic capabilities as a further development of resource theory as well as value theory. To this end, the research conducts a qualitative field study followed by a quantitative survey study. Literature analysis is used to explain different dimensions in the qualitative field study. Structural equation modeling is used to analyze empirical data collected in the quantitative study. The results show that data value determination is a multidimensional and hierarchical construct consisting of three primary dimensions. These are the benefit-oriented, cost-oriented, and quality-oriented dimensions. The results also confirm that institutional pressures (coercive, normative, mimetic) that influence organizational behaviors lead to a greater intention for organizations to adapt a monetary data value determination.",Data Governance; Data transformation; Data value; Digital transformation; Empirical study,2024,9,10.1016/j.datak.2023.102242,Bodendorf F.,Data and Knowledge Engineering,2-s2.0-85182196207
The impact of network infrastructure on firm resilience: evidence from a quasi-natural experiment from the “Broadband China” strategy,"Purpose: This paper aims to reveal the pivotal role of network infrastructure in shaping resilience. Design/methodology/approach: From the perspective of dynamic capabilities theory, a multi-period Difference-in-Difference (DID) model was constructed using the “Broadband China” strategy as a proxy for network infrastructure. This study examines the impact of network infrastructure on enterprise resilience from both internal and external dimensions. Findings: The results demonstrate that network infrastructure substantially boosts enterprise resilience, a conclusion supported by various robustness tests. The mechanism of action shows that network infrastructure enhances enterprises’ crisis response capability and, consequently, their resilience through two pathways: facilitating enterprises’ digital transformation and reducing customer concentration. The heterogeneity analysis reveals that the impact of network infrastructure on enterprise resilience varies significantly. It is more pronounced in enterprises with higher industry competitiveness, bankruptcy risk, and high technology, as well as those with lower institutional investor ownership. It suggests substantial heterogeneity in network infrastructure’s effect on enterprise resilience. Finally, this paper delves further into the impact of enterprise resilience on performance, revealing a significant positive correlation between enterprise resilience and performance. Originality/value: This paper reveals the pivotal role of network infrastructure in shaping resilience.",Firm resilience; Multi-period DID; Network infrastructure; “Broadband China” strategy,2025,9,10.1108/CFRI-10-2024-0661,Li X.,China Finance Review International,2-s2.0-105007989861
Small independent retailers: digitalize or disappear? An empirical study based on dynamic capabilities,"Purpose: This study analyzes how small French retailers are adapting their front-office to the digitalization of their business environment. Design/methodology/approach: The qualitative study focuses on dynamic capabilities of 27 independent French retailers, in a wide variety of sectors. Findings: The digitalization of small retailers does not date from the pandemic health crisis. Small retailers are willing, agile and organized to make controlled progress, ranging from the visibility on social networks to online sales with its specific logistical constraints. Even if their presence on marketplaces is trickier to implement, it represents the culmination of the digitalization process, once their online store has been launched. The digital transformation of independent retailers should be less radical than for large retailers. Research limitations/implications: By distinguishing between the concepts of adaptive, absorptive and innovative capabilities, this research highlights strong differences between small retailers, that is SMEs, and larger companies. In terms of adaptive capabilities, it confirms that small retailers are not embracing digitalization as a fad, but because of real changes in the market, and particularly in demand. In contrast to large companies, small retailers drive it more around external objectives linked to their intimate knowledge of changing customer behavior (customer centricity). In terms of absorptive capabilities, the success or failure of digital transformation weighs directly on the entrepreneur's shoulders, but is less hampered by technological legacy. Despite interviews only conducted in the Paris region, it converges with professional studies carried out on a larger scale in France. Its widespread use is certainly easier in countries at the same stage of commercial development. Practical implications: In terms of innovative capabilities, independent retailers need to focus on four key areas: reinventing the in-store experience; increasing visibility on social networks; creating an online store; being present in one or two marketplaces or creating a common platform with other local merchants. Originality/value: This research is one of the first to analyze the digital transformation experienced by small structures. It draws on the concept of dynamic capabilities, well-suited to technologically and commercially dynamic markets. It puts into perspective studies carried out in other countries on less diversified types of shops. Unlike other studies examining the front office, it does not exclude stores and SEO in marketplaces.",Digital retail transformation; Dynamic capabilities; In-store experience; Market-place; Online store; Survival of independent shops,2024,8,10.1108/IJRDM-10-2023-0630,Bezes C.,International Journal of Retail and Distribution Management,2-s2.0-85203299287
Enhancing health-care service delivery through AI-integrated knowledge management systems,"Purpose – This study aims to investigate how embedding Artificial Intelligence (AI) within Knowledge Management Systems (KMS) affects operational resilience in health care. It examines how AI-KMS integration influences disruption mitigation and dynamic resource reconfiguration, and how these effects are shaped by trust in AI and technical complexity. Design/methodology/approach – A structured survey was conducted across 193 public and private hospitals in India. The study uses a three-equation structural modeling approach, estimated via 3SLS, to capture interdependent relationships among AI integration, operational disruption and resource flexibility, while accounting for moderating effects of system complexity and trust. Findings – Results indicate that AI-KMS integration significantly reduces operational disruptions and enhances the organization’s ability to reconfigure resources dynamically. However, this disruption-mitigating effect is weakened when technical complexity is high. Conversely, trust in AI strengthens the positive effect of AI-KMS on resource adaptability. Resource reconfiguration, in turn, plays a mediating role in reducing disruptions, reinforcing its strategic value in digital health systems. Practical implications – The study offers hospital managers the following actionable strategies: piloting low-complexity AI, embedding AI into protocols, enhancing explainability and monitoring usability. From a society perspective, instead, the findings support patient-centred innovation, more resilient health-care delivery and data-informed policy design in digital health ecosystems. Originality/value – This paper bridges the literature on AI-enabled operations and knowledge management by modelling AI as a dynamic, trust-contingent capability. It also contributes a socio-technical contingency perspective to digital transformation in health care, extending existing dynamic capabilities theory to account for the role of trust and complexity in mediating technology outcomes.",Artificial intelligence; Health care; Knowledge management processes; Resource reconfiguration; Technical complexity; Trust in AI,2025,8,10.1108/JKM-01-2025-0119,Mukherjee S.,Journal of Knowledge Management,2-s2.0-105025104160
"Driving Circular Business Strategies for Sustainability Transitions Through Green Innovation, Strategic Environmental Orientation, and Digital Transformation","The transition to sustainability has become an urgent priority for firms in emerging economies, where rapid industrial growth often collides with environmental limits. Against this backdrop, circular business strategy offers a pathway to decouple development from ecological harm, yet the organizational capabilities that enable its adoption remain underexplored, particularly in contexts shaped by institutional constraints and uneven digital readiness. To address this gap, this study examines how green innovation supports the adoption of circular practices, while also assessing the mediating role of strategic environmental orientation and the moderating effect of digital transformation. Drawing on Dynamic Capabilities Theory and the Technology–Organization–Environment framework, the analysis uses panel data from 413 listed manufacturing firms in India, Brazil, South Africa, and Kenya between 2010 and 2023, and applies advanced econometric techniques with instrumental variables to ensure robust estimation. The results show that innovation significantly strengthens circular adoption, especially when firms intensify their innovation efforts. Moreover, strategic environmental orientation provides the alignment needed to embed innovation into long-term sustainability goals, while digital transformation amplifies the influence of both, particularly in digitally advanced firms. Variation across ownership types and industry sectors further underscores the role of context in shaping outcomes. Taken together, the study advances theoretical understanding of how innovation, environmental orientation, and digitalization interact to accelerate circular transitions in emerging markets, while offering practical guidance for managers, policymakers, and development actors.",circular business strategy; comparative analysis; digital transformation; emerging economies; green innovation; strategic environmental orientation,2025,8,10.1002/bsd2.70246,Osei A.,Business Strategy and Development,2-s2.0-105020957340
Robot Built Different: How It Affects Supply Chain Resilience,"Technological evolution has driven the widespread adoption of industrial robots while increasing the resilience requirements of increasingly complex supply chains. However, the relationship between robot adoption and supply chain resilience remains underexplored. This study addresses this gap by empirically examining the impact of robot adoption on supply chain resilience, using a panel dataset of listed manufacturing firms in China from 2013 to 2022. The findings reveal that robot adoption not only significantly enhances a firm's own supply chain resilience but also exerts a positive spillover effect on the resilience of its upstream and downstream partners. Moreover, the study uncovers the moderating roles of enterprise innovation and digital strategies, which amplify the positive effects of robot adoption on supply chain resilience. By integrating technological, strategic, and network perspectives, this research offers novel empirical evidence on the interplay between automation and resilience in supply chains. The study's conclusions have important implications for both managerial practice and policymaking: while state-owned and high-tech enterprises should be encouraged to take the lead in robot adoption, firms more broadly can further enhance supply chain resilience by investing in innovation and digital transformation strategies.",digital transformation; dynamic capability theory; innovation strategy; robot adoption; spillover effects; supply chain resilience,2025,8,10.1111/jbl.70028,Yu Y.,Journal of Business Logistics,2-s2.0-105010096311
Does digital transformation curb the formation of zombie firms? A machine learning approach,"Based on the dynamic capability view theory, we examined the impact of digital transformation (DT) on zombie firm formation using a sample of listed Chinese firms. Through textual analysis of firms’ annual reports, we categorized DT into three dimensions: strategy, technology (i.e. artificial intelligence, blockchain, cloud computing, and big data), and application. Then, we employed 11 machine learning algorithms to detect zombie firms, compared the prediction performance, and calculated the contribution of each DT indicator. The results show that DT can effectively curb the formation of zombie firms. Specifically, big data contributes the most to suppressing the prevalence of zombie firms, followed by artificial intelligence, cloud computing, and DT application. Nevertheless, DT strategy and blockchain cannot reduce zombie likelihood. Finally, our research offers valuable insights for policymakers to address the issues of zombie firms.",Digital transformation; dynamic capability view; machine learning; zombie firms,2025,8,10.1080/09537325.2023.2296007,Wang M.,Technology Analysis and Strategic Management,2-s2.0-85180232895
Investigating corporate entrepreneurship strategy through digital transformation: a dynamic capabilities perspective,"From the perspective of dynamic capabilities, Corporate Entrepreneurship (CE) is regarded as a key mechanism driving corporate growth and sustainable competitiveness. However, in the digital era, how manufacturing enterprises can effectively activate their corporate entrepreneurial capabilities through Digital Transformation (DT) remains insufficiently explored. Based on Teece’s dynamic capabilities framework and utilizing panel data from 1070 A-share listed manufacturing companies in China, this study innovatively employs Python-based automation program to crawl and quantify the degree of digital transformation in manufacturing firms, empirically examining the impact of DT on corporate entrepreneurship strategy (CE strategy). The findings reveal that digital transformation significantly and positively promotes entrepreneurial activities in manufacturing enterprises. This effect demonstrates DT as an important pathway for constructing new dynamic capabilities and enabling CE strategy. Additionally, the findings reveal that the moderating effect of state ownership on the “DT-CE strategy” relationship is not significant overall. However, evidence of regional heterogeneity suggests that this relationship may vary depending on specific institutional and developmental contexts across regions. This study not only enriches digital entrepreneurship theory and mixed-ownership reform research but also deepens the understanding of how dynamic capabilities shape manufacturing enterprises’ sustainable competitiveness through digital transformation.",Corporate entrepreneurship strategy; Digital transformation; Dynamic capabilities,2025,8,10.1186/s13731-025-00570-0,Chen H.,Journal of Innovation and Entrepreneurship,2-s2.0-105013353413
Omni-Channel Retailing and Digital Business: A Case Study in Malaysia,"The COVID-19 pandemic has a great impact in various ways. It changes the normal routine of lives and businesses. Many businesses encounter tremendous financial pressure, some of them lay off workers or choose to close down. According to the statistics, e-commerce experiences a four-fold growth in sales during the pandemic period. There is an urgency for firms to digitalize their businesses to respond to the change in the landscape of purchasing patterns of consumers. The purpose of this study is to understand the success of a few popular apparel brands in digital businesses. This is a qualitative research, and secondary data is collected for the analysis. The findings reveal that all of them engage in omni-channel methods in digitizing their businesses while utilizing other forms of technologies in their product and operational management. All selected firms agree with the importance of digital business, and omni-channel retailing is their choice. In these unprecedented times, the sustainable success of the apparel firms in digital businesses requires a flexible and innovative approach and a commitment to achieving operational excellence. Continuous renewal and digital transformation are needed so that these companies have the capabilities to adapt to changes and reap the benefits of a satisfactory organizational performance.",Apparel Industry; Dynamic Capabilities Theory; Omni-Channel Retailing; Talented Workforce,2021,8,10.13106/jafeb.2021.vol8.no4.0403,Leu J.F.Y.,Journal of Asian Finance Economics and Business,2-s2.0-85104063015
How to Develop Organizational Forms for a Successful Digital Transformation? Findings from Two Case Studies,"Previous research has increased our understanding of individual digital transformation (DT) activities, roles, responsibilities, and related dilemmas, yet a comprehensive insight is missing with respect to the organizational forms that are most appropriate for developing the capabilities needed for successful DT. The purpose of this paper is to identify the main organizational characteristics and organizational forms for a successful DT and to identify influential factors that impact decisions about suitable organizational forms. Drawing on two case studies, we look at how companies can develop digital capabilities through different configurations of organizational forms. Findings show that decisions on organizational forms have to be influenced by digital culture, IT department’s role, and the goals of DT. Moreover, top management leadership is more important than a formal digital strategy, and DT projects must be executed by coordinated interdisciplinary teams. The presented research offers a comprehensive insight on how companies can develop digital capabilities that enable a successful DT by developing their organizational forms, i.e., by combining the different DT actions, actors, their roles and responsibilities, their interplay, implementing DT strategies, and combining the design of digital software solutions with the design of organizational routines and practices.",Case study; Digital transformation; Digital transformation actions; Dynamic capabilities; Influence factors; Organizational form,2024,8,10.1007/s13132-023-01479-3,Erjavec J.,Journal of the Knowledge Economy,2-s2.0-85168576850
KEY COMPETENCES FOR DIGITAL BUSINESS MODEL INNOVATION OF INDUSTRIAL COMPANIES,"Digital transformation is confronting traditional industrial companies with the challenge of not only optimising their internal processes, but also establishing entirely new, digital business models (DBM). In some cases, this requires different competences than in traditional business. In the AgilHybrid research project, a model of 20 key competences that are critical to the success of DBM development was developed. These competences can be bundled into the five areas of entrepreneurial capabilities, adaptability, agile capabilities, collaborative capabilities and digital capabilities. In a CATI survey of 200 German industrial companies, the relevance of the selected competences for DBM development was validated. A multivariate regression model reveals that in particular the equipment of the companies with digital competences as well as the use of agile development methods influence the probability that a company offers digital business models successfully on the market. These competences seem to contribute as important enablers to the dynamic capabilities of seizing and transforming in the context of developing new DBM.",Agile capabilities; business model innovation; CATI survey; digital capabilities; dynamic capabilities; German industrial companies,2023,8,10.1142/S1363919623400029,Kinkel S.,International Journal of Innovation Management,2-s2.0-85180562313
Enabling Innovative Governance: Ethical Leadership and Dynamic Capabilities in Government Digital Transformation,"As governments face unprecedented technological disruption, understanding the enablers of administrative innovation becomes crucial. This study examines how ethical leadership fosters innovative behavior within government institutions across China’s western region, focusing on the interplay between leadership styles and dynamic capabilities. Data were collected through a survey targeting government officials in this region, employing a convenience sampling method. Over two months, two rounds of data collection were conducted, yielding 430 valid responses. Structural equation modeling was employed to analyze the data and test the hypotheses. The analysis reveals that ethical leadership not only directly promotes innovative behavior but also indirectly stimulates innovation by enhancing public service motivation ‒ a psychological mechanism that channels civil servants' intrinsic drive toward creative problem-solving. Moreover, the study identifies knowledge management capability, a specific dynamic capability, as a critical moderating factor. Organizations with higher levels of knowledge management capability exhibit stronger positive effects of ethical leadership on innovation, suggesting that robust digital and intelligent infrastructures amplify the leadership’s impact. By exploring these complex dynamics, the findings provide actionable insights for advancing public sector innovation, emphasizing the importance of ethical leadership and organizational readiness in navigating digital transformation.",digital transformation; dynamic capabilities; ethical leadership; government innovation; knowledge management capability,2024,8,10.61093/bel.8(4).186-200.2024,Bian X.,Business Ethics and Leadership,2-s2.0-105008349508
Dynamic capabilities and value co-creation in higher education,"The increased competition and the digital transformation process have produced significant pressure for universities. To support coping efforts, dynamic capabilities (DCs) and value co-creation capabilities (CCs) are essential. However, the relationship between these constructs is not clear in the literature. What is the relationship between DCs and CCs, and how do they contribute to the university’s value generation? This study’s objective is to analyze the relationship between DCs, CCs, and generated value (GV) in higher education. A survey among 360 university employees was analyzed with structural equation modeling. Our results suggest that the DCs precede the CCs and CCs influence the GV for the university. These results contribute to the understanding of the theoretical relationship between DCs, CCs, and GV in higher education. It also contributes to universities, orienting leaders, and managers to create, develop, and exploit university capabilities to generate value for stakeholders.",Dynamic capabilities; higher education; structural equations modeling; value co-creation,2025,8,10.1080/08841241.2023.2233940,Beier C.G.,Journal of Marketing for Higher Education,2-s2.0-85165340098
Dynamic capability reconstruction of digital transformation for emerging market enterprises: Learning from Chinese experience,"Digital transformation is a high-level transformation based on digital conversion and digital upgrading. The main focus of this paper is the role that dynamic capability plays in shaping digital transformation. Applying a single longitudinal case study design to a Chinese high-tech manufacturing company, this study reveals the ways in which dynamic capability promotes digital transformation. The result shows that six factors, including environmental perception, determination and courage of leaders, organisational remodelling, dual business controlling, strong executive power, and service upgrading, integrate to support the framework of dynamic capability and to promote digital transformation. This study contributes to the existing literature on both dynamic capability and digital transformation clearly illustrating how a firm's digital transformation can be achieved through reconstruction of its dynamic capabilities. The findings also provide some recommendations for management of manufacturing companies in emerging markets to carry out digital transformation more effectively.",Case study; Digital transformation; Dynamic capability; Emerging market; Organisational remodelling,2021,8,10.1504/IJTPM.2021.117780,Lan F.,International Journal of Technology Policy and Management,2-s2.0-85116069459
Does innovative work behavior and digital transformation drive employee performance? A sequential mediation approach,"Purpose – Grounded in transformational leadership (TL) theory and dynamic capability theory, the current study intends to explore the sequential mediating effect within the relationship between TL and job performance (JP). The study endeavors to provide a comprehensive understanding of how TL fosters innovative behavior and drives digital transformation (DT) within organizations, thereby enhancing overall JP. Design/methodology/approach – Utilizing the sample of 303 participants collected from the Indian IT industry, the proposed hypotheses were tested. Final analysis was performed using the partial least squares structural equation modeling (PLS-SEM) approach. Findings – The findings indicate that TL exerts both a direct and indirect significant positive impact on JP. Notably, innovative work behavior and DT emerge as critical mediators, functioning both independently and sequentially in this relationship. Research limitations/implications – The study highlights that transformational leaders enhance employees’ innovation and adaptability, making them more likely to embrace DT. This integration of technology improves employee performance by increasing flexibility, efficiency and task comprehension. Originality/value – The novelty of study lies in addressing complex and interconnected relationships (TL-IWB-DT-JP) in a unified research model, moving beyond studies that have focused on isolated mediation effects, hence opening a black box in leadership and performance literature. Furthermore, the study’s relevance is underscored by its focus on DT and its influence on employee job outcomes, which is critical for the ongoing global digital innovations.",Digital transformation; Dynamic capability; Innovative work behavior; Job performance; Sequential mediation; Transformational leadership,2025,7,10.1108/IJPPM-12-2024-0898,Jain D.,International Journal of Productivity and Performance Management,2-s2.0-105024680434
Leveraging digital technologies for operational excellence in pharmaceutical sourcing: a dynamic capabilities perspective,"Purpose – This study explores the strategic integration of digital technologies in pharmaceutical sourcing to enhance operational excellence. It investigates how digital sourcing, empowered by digital technologies, develops traceability, financial flexibility and security capabilities, addressing the dynamic challenges in the pharmaceutical supply chain. Design/methodology/approach – The study employs a survey approach; a self-made questionnaire was distributed, collecting data from 374 professionals in the Indian pharmaceutical industry. Using structural equation modeling, the study tests hypotheses derived from the dynamic capability view (DCV) framework, focusing on the impact of digital technologies on pharmaceutical sourcing. Findings – The results reveal that digital technologies significantly enhance traceability, financial flexibility and security within pharmaceutical sourcing. These capabilities impact digital sourcing, suggesting that digital technologies facilitate operational excellence by enabling better risk management, cost optimization and supply chain resilience. Industry dynamism moderates the association between these capabilities and digital sourcing, highlighting the importance of adaptability in a rapidly changing market. Originality/value – This research contributes to the supply chain management literature by providing empirical evidence on the role of digital technologies in transforming pharmaceutical sourcing. It extends the DCV by detailing how digitalization acts as a strategic resource. It offers a nuanced understanding of its impact on operational excellence in a highly regulated and complex industry. The study underscores the strategic value of digital sourcing in navigating the challenges of the pharmaceutical supply chain, offering insights for academics, practitioners and policymakers aiming to leverage digital transformation for competitive advantage.",Digital sourcing; Digital technology; Financial flexibility; Indian pharmaceutical industry; Industry dynamism; Security; Traceability,2026,7,10.1108/BIJ-03-2024-0198,Yogeswaran P.,Benchmarking,2-s2.0-86000453053
Digital technology penetration and supply chain resilience improvement: Enterprise innovation strategies in the digital age,"This paper examines how digital technology penetration affects supply chain resilience using panel data from Chinese listed firms between 2010 and 2022. A composite index of digital transformation—covering AI, blockchain, cloud computing, big data, and other tools—is developed to measure firm-level adoption. The results show that digitalization significantly improves supply chain resilience, primarily through enhanced information disclosure, dynamic capabilities, and supply chain efficiency. Mechanism tests further indicate that the impact is more pronounced in firms with more concentrated supply chains. This study not only expands the theoretical framework of how digital transformation affects supply chain resilience but also provides practical and policy insights for emerging economies like China. In the context of global digital transformation, post-pandemic uncertainty, and geopolitical disruptions, strengthening supply chain resilience has become increasingly crucial. Digital transformation serves as a strategic lever to address these risks, and its role is becoming more prominent. By identifying the underlying mechanisms and providing China-based empirical evidence, this study offers significant theoretical and policy implications for enhancing supply chain resilience in the global digital transformation era.",Digital technology; Dynamic capabilities; Information disclosure; Supply chain efficiency; Supply chain resilience,2025,7,10.1016/j.irfa.2025.104722,Fan L.,International Review of Financial Analysis,2-s2.0-105021119875
"Dynamic Capabilities for Circular Economy: Leadership, Eco-Innovation, and the Mediating Role of Digital Transformation","This study looks at how internal capabilities shape the adoption of circular economy (CE) practices in Pakistan's manufacturing sector. The focus is on three main levers: visionary leadership, eco-innovation strategic orientation (EISO), and digital transformation (DT). Using survey data from 262 firms, analyzed through structural equation modeling, the study finds that leadership and strategy both matter, but in different ways. Visionary leaders help drive digital initiatives forward, while EISO has an even stronger pull, showing how much firms gain when sustainability becomes part of their innovation DNA. DT turns out to be the bridge linking leadership and strategy to CE outcomes, and its effectiveness depends heavily on whether an organization is “ready” for it, structurally, technically, and culturally. Drawing on dynamic capabilities theory, the paper highlights how these factors combine to push firms toward more CE practices. Beyond theory, the findings tie directly to the UN's Sustainable Development Goals, particularly those on industry, responsible consumption, and climate action.",digital transformation; eco-innovation strategic orientation; organizational readiness for CE: circular economy; visionary leadership,2026,7,10.1002/bse.70397,Khan A.,Business Strategy and the Environment,2-s2.0-105023290539
"Digital transformation, financial performance and firm valuation: The moderating effect of environmental risk","This study investigates how digital transformation affects firm valuation via financial performance, highlighting the moderating role of environmental risk, namely climate change and air pollution. It employs panel data from companies listed on the Stock Exchange of Thailand and utilizes partial least-squares structural equation modeling (PLS-SEM) for analysis. The results indicate that both core digital technologies and their applications have a positive and direct influence on financial performance and firm value, aligning with the national “Thailand 4.0” agenda. Additionally, the analysis suggests that improved financial performance serves as the primary mechanism by which digital transformation enhances firm value. However, this research presents a significant paradox when compared to existing literature. While previous studies propose that environmental risk can drive corporate digital adoption, the findings demonstrate that these same risks diminish the efficiency of the value-creation process. The study reveals that environmental risk not only directly undermines financial performance and firm value but, more critically, significantly reduces the positive, performance-mediated effect of digital transformation on firm value. This study advances key theoretical perspectives by showing that the value of digital assets is conditional on organizational resilience, reinforcing the resource-based view, contingency theory, and dynamic capabilities theory. It also extends signaling and stakeholder theories by highlighting the critical role of environmental context in shaping investor responses and strategic outcomes. The study suggests that, in an era characterized by increasing environmental risk, dependence solely on technology is insufficient. Firms must integrate environmental resilience to successfully convert digital transformation into sustainable long-term value gains.",Air pollution; Climate change; Digital transformation; Environmental risk; Financial performance; Firm valuation,2025,7,10.1016/j.jclimf.2025.100075,Moolkham M.,Journal of Climate Finance,2-s2.0-105022745705
Mapping digital transformation efforts: lessons from organisations in agribusiness sector,"New innovative business model, changes in wholesale and customers’ needs and behaviour, and food safety issues force businesses in agri-food sector to develop a digital transformation strategy. As many of them are well-established organisations existing resources, capabilities, organisations experience, and financial resources are important parameters that are considered. Based on dynamic capabilities and digital transformation literature we proposed a research model that aligns digital transformation and could be an enabler for a successful digital transformation. To test our research model, we adopt a qualitative approach that is based on in-depth interviews of key respondents such as CEOs, owners, and managers of three incumbent agri-food businesses active in the Thessaloniki surrounding area. We explore how existing resources and capabilities, managerial perception, organisational beliefs, and identity affect the digital transformation process and if the proposed implementation initiatives enable agri-food businesses to easily implement the digital transformation strategy. The paper aims to propose a digital transformation framework that not only empirically helps managers easily implement a digital transformation strategy but also will add theoretical value to the existing literature about digital transformation as it proposes and tests a digital transformation framework that is based on businesses’ capabilities.",agri-food business; digital transformation; operational processes; production processes; sustainability; traceability,2022,7,10.1504/IJSAMI.2022.124578,Pachni-Tsitiridou O.,International Journal of Sustainable Agricultural Management and Informatics,2-s2.0-85135749167
A Dynamic Capability View to Evaluate the Role of FinTech in Green Supply Chain Performance: Moderating Role of Data-Driven Lean and Green Practices,"Global industries are increasingly challenged to bring together digital transformation and sustainable development in response to intensifying climate and resource pressures; however, despite increasing international attention on green transition, many firms, especially in emerging economies, are still struggling to use financial technologies (FinTech) to enhance the performance of sustainable supply chains. This research is based on the Dynamic Capability View (DCV) and investigates how FinTech, which includes big data analytics (BDA), artificial intelligence (AI), blockchain technology utilization (BT), and the industrial internet of things (IIoT) utilization, supports green technological innovation (GTI) and improves green supply chain performance (GSCP) among manufacturing small- and medium-sized enterprises (SMEs). Using a time-lagged design and data collected from 373 manufacturing SMEs across three survey waves, the results showed that BDA, AI, BT, and the IIoT significantly enhance GTI, which in turn improves GSCP. Moreover, data-driven lean and green practices (DLGP) have a positive moderating relationship, indicating that both digital financial tools and analytics-based management practices together have greater environmental and operational benefits. The research builds on the DCV by conceptualizing FinTech as a strategic resource for sustainability-oriented innovation with practical insights for managers and policymakers that facilitate green and digital transformation in supply chains.",artificial intelligence; big data analytics; blockchain technology utilization; green supply chain performance; green technological innovation; industrial internet of things utilization,2026,7,10.1002/bse.70459,Wu Y.,Business Strategy and the Environment,2-s2.0-105024970730
Rethinking Dynamic Capabilities for a Digital World: A Bibliometric Analysis of Emerging Trends and Conceptual Shifts,"This study investigates the intellectual evolution of research at the intersection of dynamic capabilities and digital transformation. A bibliometric analysis (using author keywords as unit of analysis) was performed on 521 SCOPUS-indexed journal articles spanning 2000-2024. Using VOSviewer, the study maps the co-occurrence patterns and temporal development of key concepts in the field. The results show: (1) A structured intellectual evolution from foundational concepts (e.g., resource-based view, competitive advantage) toward more specialized and contemporary themes (e.g., organizational resilience, sustainability, digital platform capabilities). (2) Seven thematic clusters, including rising stars areas (Technology-driven sustainability, SMEs and business model innovation, and Strategic transformation and Industry), core areas (Digital capabilities and competitive advantage and Dynamic capabilities and performance outcomes), and mature areas (Innovation, digitalization, and value and Digital strategy and social media) - illustrating the increasing specialization and diversity within the (new research) field. (3) a shift in how dynamic capabilities are conceptualized: from firm-centric routines to ecosystem-oriented, platform-driven, and socio-technically embedded capabilities. These findings contribute to theory by highlighting the need for updated frameworks - to reflect the complexity of dynamic capabilities in the digital era. The study also offers practical and policy-relevant insights for building adaptive, digitally integrated capabilities.",digital capabilities; digital transformation; dynamic capabilities; ecosystem strategy; socio-technical adaptability,2025,7,10.2478/sbe-2025-0021,Ogrean C.,Studies in Business and Economics,2-s2.0-105005542742
When sustainability thinks: how artificial intelligence translates ESG pillars into risk discipline in ASEAN-5 banking,"Purpose – This study aims to examine how environmental, social and governance (ESG) activities influence bank risk-taking (BRT) in the Association of Southeast Asian Nations (ASEAN)-5 region, emphasizing the mediating role of artificial intelligence (AI) adoption. It explores how ESG engagement and AI integration jointly enhance sustainable banking practices, strengthen risk governance and foster data-driven financial discipline across emerging banking systems. Design/methodology/approach – This study uses a dynamic panel of 62 listed banks from Indonesia, Malaysia, the Philippines, Singapore and Thailand over the period 2015–2024. A novel AI Adoption Score is developed to capture bank-level digital readiness. To address endogeneity, autocorrelation and unobserved heterogeneity, the analysis applies the two-step system generalized method of moments estimator and tests mediation using Baron and Kenny’s (1986) four-step mediation model. The study is theoretically grounded in Stakeholder Theory and Dynamic Capabilities Theory. Findings – The results indicate that ESG activities and their individual pillars significantly reduce BRT among ASEAN-5 banks. AI adoption partially mediates these relationships, amplifying the risk-reducing impact of ESG by enhancing monitoring, credit quality and compliance, while aligning institutional practices with Basel III and other global regulatory frameworks. Overall, the integration of ESG and AI fosters more resilient, transparent and sustainable banking systems across emerging markets. Originality/value – This paper contributes to the sustainable finance literature by conceptualizing AI adoption as a mediating channel through which ESG activities influence BRT. It offers novel insights for policymakers and financial institutions in emerging economies, emphasizing the need to institutionalize AI-enabled ESG frameworks that integrate sustainability into core risk governance. By linking ESG discipline with digital transformation, the paper advances understanding of how banks can align sustainability with regulatory compliance and strengthen long-term financial performance.",Artificial intelligence (AI); ASEAN-5; Bank risk-taking (BRT); Digital transformation; Dynamic panel data; ESG activities; G21; G32; GMM; M14; Mediation analysis; O33; Q56; Risk governance; Sustainability,2026,7,10.1108/JFRC-07-2025-0210,Salem M.R.M.,Journal of Financial Regulation and Compliance,2-s2.0-105031947013
Research on the Relationship Between Digital Marketing and Corporate Performance: The Mediating Role of Information Dynamic Capability,"In the era of the digital economy in which disruptive information technologies such as artificial intelligence, blockchain, big data, and cloud computing prevail, digital marketing is increasingly becoming the focus of common attention in practice and academia. In this paper, companies listed on the GEM from 2019 to 2023 are selected as research samples to empirically test the impact and intrinsic role of digital marketing on enterprise performance. The results show that digital marketing significantly stimulates enterprise performance, and its incentive effect is mainly reflected in strategic innovation rather than substantive innovation. It is still valid after a series of endogeneity and robustness tests such as instrumental variable method and propensity score matching method. Based on the new perspective of information dynamic capability, this study opens the “black box” of digital marketing enabling enterprise performance and providing certain enlightenment for enterprises to effectively realizing the “win-win” of digital transformation and innovation ability improvement.",Digital Marketing; Enterprise Performance; Heterogeneity Analysis; Information Dynamic Capability; Mediating Effect,2025,7,10.4018/JOEUC.369156,Zhang L.,Journal of Organizational and End User Computing,2-s2.0-85219512566
The effects of digital transformation on exploitation and exploration: does technological diversity matter?,"Purpose: For survival and prosperity, enterprises need to simultaneously engage in exploitation and exploration. Digital transformation is of great significance to enterprise innovation. However, the impacts of digital transformation on exploitation and exploration remain unclear. Moreover, the impacts of technological diversity on the relationships between digital transformation and exploitation and exploration are also unknown. Design/methodology/approach: Based on an integrated perspective of dynamic capability theory and organizational inertia theory and using data from Chinese listed enterprises from 2007 to 2020, this study clarifies the effects of digital transformation on exploitation and exploration and assesses the moderating effect of technological diversity. Findings: The results show that digital transformation improves exploitation, but negatively impacts exploration. Technological diversity mitigates the negative effect of digital transformation on exploration, but the moderating effect on the relationship between digital transformation and exploitation is not significant. Originality/value: This study contributes to the existing literature on the digital paradox and provides guidance for enterprises to clarify the direction of digital transformation.",Digital transformation; Exploitation; Exploration; Technological diversity,2024,7,10.1108/BPMJ-05-2024-0337,Fu L.,Business Process Management Journal,2-s2.0-85202712428
Multi-Dimensional Pathways of Digitally-Empowered New-Quality Productive Forces in Enterprises: A Configurational Analysis Based on Resource Orchestration Theory,"In order to cope with the multimodal changes led by the digital era, enterprises urgently need to promote the construction of new-quality productive forces (NQPFs) through digital transformation. NQPFs take digital technology empowerment as the core driving force and emphasize the dynamic matching and synergy between the new-quality elements (digital infrastructure, digital talents, data resources, and diversified ecology) and the new-quality capabilities (digital dynamic capabilities) so as to unleash the innovation potentials of different production modes. Based on resource orchestration theory, this study constructs a “resource-capability-value creation” framework for digital empowerment (D-RCV) and employs fuzzy set qualitative comparative analysis (fsQCA) to examine 205 enterprise samples. Results reveal that enhanced innovation performance stems from digital empowerment at both resource and capability levels, generating three configurational paths: collaborative symbiosis, resource optimization, and data-driven approaches. These paths emerge through the interaction of resources and capabilities under different conditions. This study contributes by proposing a digital empowerment framework and exploring multiple pathway choices for new-quality productivity development. The findings provide theoretical insights for enterprise innovation research and practical guidance for innovation management strategies.",digital empowerment; fuzzy set qualitative comparative analysis (fsQCA); new-quality productive forces; resource orchestration,2025,7,10.3390/systems13080623,Ma Y.,Systems,2-s2.0-105014321421
Leading the digital transformation: a dynamic capability framework proposal,"Digital transformation has been defined as the capacity of organisations to embed digital technologies in their routines, leading to a change in how they create value for their customers, backed by a rethinking of their whole structure and processes, reshaping their business model. Empirical data and cases reported that just a few companies succeed in digital transformation and go beyond the experimentation and piloting steps. We proposed a framework to generically describe the triggers, enablers, barriers, dynamic capabilities, expected outcomes, and strategic renewal that encompass digital transformation in incumbent organisations. By following a design science research approach, we proposed an artefact demonstrated and evaluated by a group of experts. Our findings revealed that digital transformation is a continuous process of adapting technology and strategy, evolving the business model, building a culture of collaboration, supporting people's development, creating smart governance structures, and connecting deeply with customers.",design science research; digital transformation; dynamic capabilities; information system strategy,2023,7,10.1504/ijbis.2023.131354,Albino R.D.,International Journal of Business Information Systems,2-s2.0-85164428343
Analysis of Digital Innovation Sustainable Business Models in the Tourism Business in Indonesia Implementation Dynamic Capabilities (DSBMI-DC),"Tourism business model innovation aims to foster creative and critical thinking, thereby encouraging the tourism industry to identify optimal approaches for generating knowledge and creating added value. This includes leveraging digital technology, executing digital marketing operations, and implementing sustainable strategies. This research methodology utilizes meta-synthesis in the initial stage (qualitative) and employs Interpretive Structural Modelling (ISM) in the subsequent step (quantitative). The proposed model comprises four layers: approaches, aspects, dimensions, and components. Through quantitative analysis, the 16 dimensions are categorized into four primary levels, namely 'continuous computing', 'continuous execution', 'sustainable engagement', and 'sustainable results'. Taking sustainability and digital transformation into account as pivotal catalysts for modern business transformation, this paper presents a novel framework in the realm of tourism business model innovation in Indonesia. Tourism business model innovation necessitates a well-designed business framework that incorporates social and environmental sustainability, as well as the requirements of digital transformation.","Business model innovation; Digital transformation, Dynamic capabilities; Sustainability",2024,7,,Nurjamilah ,Review of Integrative Business and Economics Research,2-s2.0-85179110583
"Digital transformation, innovation and market expansion capabilities: exploring pathways to organizational growth in SMEs across East African countries","Purpose – This study examines the role of digital transformation in fostering innovation, market expansion capabilities and organizational growth among SMEs in Uganda and Tanzania. Grounded in dynamic capabilities theory, the research explores how SMEs leverage digital transformation to enhance capabilities and navigate technological turbulence. Design/methodology/approach – Using a structured questionnaire, responses were obtained from 634 SME owners, senior managers and IT/digital strategy executives in Uganda and Tanzania via online and face-to-face surveys over three months. The study employed the New PROCESS model in SmartPLS v.4 to analyze hypothesized relationships. Findings – The results indicate that digital transformation positively influences innovation capabilities, market expansion and organizational growth. Additionally, innovation and market expansion partially mediate the digital transformation-growth relationship. However, technological turbulence weakens the indirect effects of digital transformation, suggesting that firms in volatile environments face greater challenges in leveraging digital initiatives for growth. Research limitations/implications – The study focuses on SMEs in Uganda and Tanzania, limiting generalizability to other African markets. Future research could examine longitudinal effects and sector-specific digital transformation dynamics. Practical implications – SMEs should strategically align digital transformation with innovation and market expansion efforts, while policymakers must support digital adoption through training programs, infrastructure development and regulatory stability. Originality/value – This study expands DCT by contextualizing digital transformation within African SMEs, demonstrating how firms in resource-constrained environments develop and deploy dynamic capabilities to achieve sustainable growth.",Digital transformation; Innovation capabilities; Market expansion capabilities; Organizational growth; Technology turbulence,2025,7,10.1108/BPMJ-03-2025-0341,Kobusingye L.,Business Process Management Journal,2-s2.0-105011988515
Personality trait and employee performance in digital transformation: the mediating effect of employee dynamic capability,"The nature of the digital age requires organisations to change their model and adapt to the demands to successfully maintain organisational legitimacy. The pressure on public sector organisations to transform at a higher-than-normal rate cannot be overemphasised; therefore, understanding employees’ capabilities is imperative for starting a systemic change. Personality traits are considered to be important determinants for improving individual performance. Employees’ personality traits in handling the digital environment determine the extent of digital transformation implementation in the public sector. Thus, the purpose of this research is to conceptualize approaches towards measuring the performance of public sector employees in Malaysia with particular attention to the Employee Dynamic Capability Model. The research method applied in this study was quantitative, and data were collected using an online questionnaire. SmartPLS software was used for the data analysis. The Big Five personality traits (agreeableness, conscientiousness, openness and neuroticism) were found to have a significant relationship, while extraversion was not. This study further extends the current body of knowledge by examining the dynamic capability of the employee as a mediator in the current research and provides directions for subsequent researchers focusing on employee performance in the context of the digital environment.",digital technology; Digital transformation; employee dynamic capability; employee performance; Human Resource Development; Human Resource Management; Performance Theory; personality trait; public sector,2025,7,10.1080/23311975.2024.2448774,Subramaniam S.N.,Cogent Business and Management,2-s2.0-85215528790
"Big data, bigger ideas: the role of big data analytics management capability in supply chain sustainability","Purpose – Data assume a pivotal role in shaping the trajectory of digital transformation through technological evolution. The ever-expanding volume of generated data presents a significant opportunity for extracting valuable insights. Recent disruptions in the supply chain have highlighted the importance of supply chain sustainability. In this study, we examine the role played by the big data analytics management capability (BDAMC) in attaining the firm’s sustainability goals. Our investigation also scrutinises the intermediary functions of supply chain capabilities, such as supply chain learning (SCL) and adaptability. Design/methodology/approach – The hypothesised model is empirically tested using data from manufacturing firms in a developing country. Findings – Our results affirm general support for posited relationships. Our research findings underscore the significance of digital transformation, urging supply chain managers to develop BDAMCs to realise sustainable supply chain objectives. Originality/value – This study addresses a significant research gap by examining the sequential mediation of SCL and adaptability. It reveals four mechanisms through which BDAMC influences sustainability. Unlike previous studies, this research focuses on the order of capability development, offering new insights into data-driven transformation and dynamic capabilities.",Adaptability; Big data analytics management capability; Structural equation modelling; Supply chain learning; Supply chain sustainability,2025,7,10.1108/IMDS-09-2024-0913,Abdullah F.,Industrial Management and Data Systems,2-s2.0-105016484357
Reluctant Innovators: Dynamic Capabilities and Digital Transformation of Italian Opera Houses in the Pandemic Crisis,"This paper analyzes the impact of COVID-19 pandemic on the process of digitalization of Italian opera houses. Based on a conceptual framework provided by the literature on dynamic capabilities and digital transformation, the evidence collected from six case studies is presented. Results are discussed with reference to two ideal-types of pandemic-induced paths (“back to normal” vs “new normal”) and to the variables that explain differences in strategies: history, digital mindset of human resources staff, dominance, leadership and external integration. Relevant implications for both theory and policy and managerial practice are presented with regard to present and future innovation paths.",COVID-19; digital transformation; dynamic capabilities; opera; pandemic,2023,7,10.3390/admsci13030083,Bellini N.,Administrative Sciences,2-s2.0-85150967328
Impact of digital business transformation on organizational ambidexterity and performance in Indonesian insurance firms,"Purpose: This study aims to investigate the impact of digital business intensity and digital transformation on organizational ambidexterity and sustainable organizational performance in Indonesian insurance firms from a dynamic capability perspective. Design/methodology/approach: Through quantitative approach, purposive sampling is used to select insurance companies with assets exceeding IDR 1 trillion. Primary data was collected through structured questionnaires distributed to 120 top-level executives, including 40 Chief Executive Officers (CEOs), 40 Chief Agency Officers (CAOs), and 40 Chiefs Technology Officers CTOs). Responses from each company were aggregated to form a unified dataset for analysis. Structural Equation Modeling (SEM) was used to analyze the data using SmartPLS software. Findings: The findings reveal that both digital business transformation and government interventions significantly increase organizational ambidexterity. Furthermore, organizational ambidexterity serves as a mediator for the relationship between digital business intensity and government intervention towards sustainable organizational performance. The mediating role of organizational ambidexterity in the relationship for digital business intensity and sustainable organizational performance is positively moderated by digital business intensity. Research limitations/implications: The study applies dynamic capability as a theoretical basis to understand how insurance companies can attain sustainable performance in the digital age. However, it acknowledges limitations, such as the exclusion of external factors like macroeconomic conditions, regulatory changes, and rapid technological advancements. The focus on the insurance sector may also limit the applicability of the findings to other industries with different dynamics. Practical implications: The study provides actionable insights for insurance firms to refine their digital strategies. By developing and validating new metrics to measure digital business intensity and sustainable performance, firms can better assess the effectiveness of their digital transformation. This framework serves as a guide for practitioners to evaluate the impact of digital initiatives on their organizations. Originality/value: This study enriches the organizational literature by demonstrating how digital business intensity and ambidexterity contribute to enhancing sustainable performance in the insurance industry. It also highlights the significance of government policies as external factors influencing organizational dynamics, offering a new perspective on how these elements interact within the context of dynamic capabilities in the financial sector.",Digital business intensity; Digital business transformation; Dynamic capability; Government intervention; Organizational ambidexterity; Sustainable organizational performance,2025,7,10.3926/IC.2930,Nasution H.,Intangible Capital,2-s2.0-85218749877
Digital transformation speed and firms’ ambidextrous green innovation: Do employee stock ownership and education levels matter?,"This study investigates the conditions under which digital transformation speed influences firms' ambidextrous green innovation, which is a dual capability encompassing both exploitative and exploratory dimensions of sustainable practices. Anchored in dynamic capabilities theory, we propose that accelerating digital transformation speed may erode firms’ dynamic capabilities—namely, their ability to sense, seize, and reconfigure resources—thereby exerting a negative effect on ambidextrous green innovation. We further argue that employee stock ownership fosters greater alignment between individual and organizational goals, thus mitigating the disruptive impact of digital transformation speed, whereas higher levels of employee education enhance cognitive and problem-solving capacities, enabling firms to better navigate the complexities arising from faster digital transformation speed. Drawing on panel data from publicly listed Chinese manufacturing firms over the period of 2015–2021, our findings substantiate the majority of our hypotheses. By delineating, for the first time, the intricate logical nexus between digital transformation speed and ambidextrous green innovation, this study makes a substantive contribution to the burgeoning literature on sustainable industrial transformation.",Ambidextrous green innovation; Digital transformation speed; Employee education level; Employee stock ownership,2025,7,10.1016/j.techsoc.2025.103024,Zhong X.,Technology in Society,2-s2.0-105011594789
Sales digitization and sales process optimisation for firm performance: Evidence from European firms,"This study explores how the adoption of sales enablement platforms (SEPs) influences each stage of the business-to-business (B2B) sales process in medium-sized companies. The research addresses a critical issue, as sales digitisation is increasingly recognised as an enabler of firm performance, sales management, and customer engagement. Based on in-depth interviews with 27 chief executive officers and sales directors, along with three case studies of European medium-sized firms, this study explores how SEPs support greater collaboration and performance within firms. The findings demonstrate four dominant pathways (digital skill endowment, marketing ownership in the sales process, strategic implications and value creation), that altogether contribute to firm capabilities and sales performance. One of the key advantages of using SEPs are organisational collaboration optimization, reducing costs, increasing flexibility in implementing digitally oriented solutions and processes. We establish the foundations for future research on the digital transformation of sales and its impact on firm performance.",Digital transformation; Dynamic capabilities; Firm performance; Sales enablement platforms; Sales management,2025,7,10.1016/j.techfore.2025.124172,Oliveira F.,Technological Forecasting and Social Change,2-s2.0-105003758738
Digital transformation and business performance in China,"This study examines digital transformation (DT) in Chinese listed firms through integrating the theories of the resource-based view, dynamic capabilities, and the diffusion of innovations. The results show that DT initially reduces profitability due to upfront costs and organizational friction, while increasing research and development investments without immediate returns. However, market valuations (Tobin's Q) were found to rise immediately, reflecting investor confidence in DT's long-term value. A profitability rebound emerged five years after the adoption, revealing a temporal divergence: Accounting metrics capture short-term strain, whereas market signals anticipate strategic competitiveness. These findings demonstrate that DT's impact depends on implementation quality, time horizons, and external perceptions. By reconciling conflicting perspectives on DT outcomes, this study contributes a nuanced framework for understanding DT as a phased, capability-driven process. It offers practical insights for firms navigating short-term financial pressures while positioning for sustained advantage, and highlights the need for policymakers and investors to account for time-lag effects in evaluating digital strategies.",Diffusion of innovations; Digital transformation; Dynamic capabilities; Resource-based view,2025,7,10.1016/j.apmrv.2025.100400,Huang T.L.,Asia Pacific Management Review,2-s2.0-105017317549
The standalone and integrated value of digital twins and ancillary emerging technologies for enhancing supply chain performance,"Digital twins (DTs) represent a key driver of digital transformation in supply chains (SCs). Yet, limited attention has been paid to their standalone and integrated use with ancillary emerging technologies and their impact on SC performance. This study explores how the integration and configuration of DTs across industries and SC processes create value under contingent contextual conditions. Grounded in the dynamic capabilities theory (DCT) and contingency theory, the research examines how firms combine, reconfigure and align DTs and ancillary emerging technologies to achieve a contextual fit between technology, context and performance. Using association rule analysis on 738 real-world data-driven applications, complemented by contingency analysis and opportunity maps, the study identifies optimal contingent configurations. The five resulting propositions articulate value patterns that link DT, technology integration and SC performance. The findings culminate in a contingency-based framework that theorizes technological integration as a dynamic capability, offering strategic guidance for managers seeking to enhance SC performance.",artificial intelligence; blockchain; Digital twin; FP-Growth algorithm; internet of things; supply chain management,2026,7,10.1080/09537287.2025.2608686,Varriale V.,Production Planning and Control,2-s2.0-105026720346
Building resilience through digital transformation: a systematic literature review and comprehensive framework for large enterprises,"Large enterprises face significant challenges in building organisational resilience (OR) through digital transformation (DT), with 70% of DT initiatives failing to achieve their intended outcomes. This study conducted a systematic literature review following PRISMA guidelines, analysing 49 peer-reviewed articles (2020–2024) from the Scopus database. The review uniquely combined three theoretical lenses – the digital maturity model, Industry 4.0 framework, and dynamic capabilities theory – to understand the DT-OR relationship in large enterprises. The findings reveal three critical pathways through which DT enhances OR: operational flexibility (40–50% improvement), data-driven decision-making (30–35%), and stakeholder engagement (25–30%). Counter to traditional assumptions, knowledge management systems amplify DT’s impact on OR by 1.5–2 times, suggesting organisational learning capabilities are more crucial than technological sophistication. The proposed framework introduces continuous feedback loops and evaluation mechanisms, offering a structured yet flexible approach for navigating DT complexities in large enterprises.",digital transformation; implementation framework; large enterprises; organisational resilience,2025,7,10.1504/IJBIR.2025.145665,Tarigan M.K.,International Journal of Business Innovation and Research,2-s2.0-105002739866
The dual role of blockchain in mediating credence attributes and moderating sensing capabilities in the wine sector,"Purpose – This study aims to investigate the dynamic capabilities of wineries, focusing on sensing and its role in enabling digital innovation. Furthermore, it explores the role of blockchain technology (BCT) in validating credence attributes of wine, emphasising blockchain as a strategic asset that enhances the ability of wineries to innovate and respond to changing market conditions. Design/methodology/approach – The study adopts an exploratory approach based on a longitudinal, single-case study of the Argentinian Costaflores Organic Winery. Findings – Findings reveal that integrating digital disruptive innovations such as blockchain can strategically position wineries to better meet emerging consumer preferences and market trends. Blockchain simultaneously acts as both a mediator and a moderator. As a mediator, it facilitates the validation of credence attributes of wine such as authenticity and sustainability, enhancing customer trust and loyalty. As a moderator, it influences the strength and effectiveness of the relationship between sensing and innovation capabilities. This enables wineries to more effectively respond to changing consumer requirements and market trends and improve operational performance. Research limitations/implications – The study was limited by its focus on a single case study of the Argentinian Costaflores Organic Winery, which may affect the generalisability of the findings. However, the study provides valuable insights into the strategic adaptation and competitive positioning of wineries in response to the continuing market challenges. It significantly contributes to the understanding of integrating digital disruptive innovations as strategic assets in the agri-food sector, particularly in the wine sector. Originality/value – This study addresses a significant research gap by exploring how BCT facilitates the organisation of sensing capabilities. It contributes to the understanding of how the wineries’ sensing capabilities both influence and are influenced by the adoption of BCT, particularly in the context of innovation enabling and improved operational performance.",Blockchain technology; Credence attributes; Digital transformation; Dynamic capabilities; Sensing capabilities; Wine industry,2025,6,10.1108/IJOA-08-2024-4737,Kramer M.P.,International Journal of Organizational Analysis,2-s2.0-85208237340
A Moderated Model of Open Innovation: An Integration of Theories of Constraint and Dynamic Capabilities,"The development of digital technologies, including big data, analytics, blockchain, cloud, and social media, has resulted in a rise in the creation and deployment of digital transformation (DT) strategies by organizations. An organization's value propositions can be improved with the help of DT, creating a new organizational identity. Although DT can help companies develop open innovation as a new value proposition, the external operating constraints of the company may limit the use of this strategy. However, previous studies have not investigated the processes that limit the effects of DT on open innovation. We create a moderated explanatory model that explores the relationships between DT and open innovation. It is based on the theories of constraint and dynamic capability. The results of our study show that, when using DT for open innovation, knowledge acquisition and environmental turbulence possess distinct potentials. The results of our investigation have theoretical and practical ramifications.",Digital transformation (DT); environmental turbulence; knowledge capabilities; open innovation; organizational agility,2024,6,10.1109/TEM.2024.3440070,Hagan M.C.,IEEE Transactions on Engineering Management,2-s2.0-85200808389
"Algorithmic governance in public organizations: socio-technical reconfiguration, paradoxical tensions, and capability development in four ecosystems","Purpose – This study examines how algorithmic governance reshapes workflows, decision rights, accountability boundaries, and professional roles within public organizations. It investigates the socio-technical mechanisms through which algorithmic systems reconfigure organizational processes, generate concurrent bright and dark outcomes, and support the emergence of dynamic capabilities for adaptive governance. Design/methodology/approach – The research adopts an exploratory multiple-case design involving four Italian digital ecosystems: a national chatbot initiative, a civic digital twin, a healthcare artificial intelligence platform, and an educational ecosystem. Data were collected through 20 semi-structured interviews and more than 40 documentary sources, and analyzed abductively following the Gioia methodology. The coding combined inductive analysis with theoretical sensitization to socio-technical systems, paradox theory, and dynamic capabilities. Findings – Algorithmic governance emerges as a process of socio-technical reconfiguration that redistributes decision rights, reshapes accountability boundaries and introduces new hybrid roles. This process produces simultaneous bright outcomes (efficiency, transparency, predictive insight, learning) and dark outcomes (role ambiguity, dependency, accountability gaps). Their coexistence varies according to governance clarity, data and algorithmic maturity, and participatory practices. Over time, organizations develop interpretive, integrative, and adaptive reconfiguration capabilities that enable them to transform tensions into structured learning and enhance organizational resilience. Practical implications – The study provides actionable guidance for policymakers and managers to design clear accountability frameworks, strengthen hybrid analytical-professional skills, and institutionalize reflexive evaluation routines that support responsible algorithmic governance. Originality/value – The paper advances theoretical understanding of algorithmic governance by integrating socio-technical, paradox, and dynamic-capability perspectives, and by identifying the mechanisms through which public organizations learn and adapt within evolving digital ecosystems.",Algorithmic governance; Digital transformation; Dynamic capabilities; Paradox theory; Public organizations; Socio-technical systems,2025,6,10.1108/MD-09-2025-2659,de Gennaro D.,Management Decision,2-s2.0-105029752273
Unpacking the pathways from digital leadership to competitive advantage: mediating insights from digital skills and strategy in tourism and hospitality,"Purpose – This study aims to investigate the impact of digital leadership on competitive advantage in Saudi Arabia's tourism and hospitality sector, examining the mediating roles of digital skills and digital strategy. Design/methodology/approach – A quantitative research design was adopted using a structured questionnaire distributed to 648 managers and supervisors working in travel agencies. Data were analyzed using structural equation modeling (SEM). Findings – Findings confirm that digital leadership significantly influences competitive advantage both directly and indirectly through digital skills and strategy. These mediators were found to play partial roles, strengthening the leadership-advantage link. Practical implications – The results offer actionable guidance for tourism and hospitality managers on how to strengthen competitiveness through effective digital leadership, workforce upskilling and alignment between digital strategy and business goals. Social implications – The study highlights the societal value of digital transformation by fostering innovation-driven employment, improving customer experience and advancing digital inclusion across Saudi Arabia's growing tourism ecosystem. Originality/value – The study contributes by extending the resource-based view (RBV) to digital transformation contexts and integrating it with the dynamic capabilities theory (DCT) to provide a more comprehensive understanding of how digital leadership functions both as a strategic resource and as an adaptive capability. This dual-theoretical perspective offers a novel explanation of how digital leadership, digital skills and digital strategy interact to generate competitive advantage within the tourism and hospitality sector – an area that remains underexplored in emerging economies such as Saudi Arabia. The study also advances empirical knowledge by testing these relationships in a national context undergoing rapid digital transformation, thereby filling a notable gap in tourism and hospitality research.",Competitive advantage; Digital leadership; Digital skills; Digital strategy; Tourism and hospitality businesses,2025,6,10.1108/MD-07-2025-2168,Alhelal A.A.,Management Decision,2-s2.0-105025417529
Tackling Environmental Uncertainties Using Digital Transformation Capabilities and Human Resource Flexibility: The Moderating Effect of Absorptive Capacity,"In the face of uncertainties resulting from trade barriers and global tensions due to wars, economic meltdowns, health crises and climate change, the manufacturing sector faces a Herculean task ahead to stay competitive. The purpose of this study is to explain how the manufacturing sector adopts digital transformation capabilities to tackle environmental uncertainties. The existing literature remains silent on the mediating role of human resource flexibility in translating digital transformation capabilities to enhance organisational agility and adaptability. In addition, the role of absorptive capacity as a moderating construct is not well understood in the context of human resource flexibility and organisational agility/adaptability. To address the existing theoretical gaps in the extant literature, the study proposes research hypotheses anchored in the contingent view of dynamic capability theory. To test the research hypotheses, the study adopts a structured pretested questionnaire to capture the perceptions of the target respondents. The target respondents are senior managers with adequate experience and knowledge in the study topic. One hundred and sixty-seven usable responses were collected through emails sent to the target respondents. The data collected were analysed using WarpPLS 8.0, a PLS-SEM commercial software. The statistical results established the construct validity and further provided support for the proposed research hypotheses. The findings expand the theoretical understanding of the hierarchical view of dynamic capability and further support the absorptive capacity as a contextual variable in amplifying the effect of human resource flexibility on performance outcomes. This study also provides numerous directions for the managers and insights for the policymakers. The study also acknowledges the limitations and future research directions.",Absorptive capacity; Contingency theory; Digital transformation; Environmental uncertainties; Hierarchical dynamic capability view; Human resource flexibility; Organisational adaptability; Organisational agility,2026,6,10.1007/s40171-025-00467-7,Chaubey A.,Global Journal of Flexible Systems Management,2-s2.0-105017445018
Leveraging digital transformation strategy and data-driven decision-making to improve organisational performance in a hostile environment,"Purpose This study aims to examine whether and how a digital transformation strategy (DTS) can improve organisational performance (OP) when confronted with environmental hostility (EH) disruptions. Based on the resource-based view, dynamic capability theories and literature straddling digital transformation (DT) and organisational development, this study developed and tested a conceptual model consisting of key elements and relationships between DTS, business analytic capabilities (BAC), organisational agility (OA), data-driven decision-making (DDM), OP and EH. Design/methodology/approach The study is based on a quantitative cross-sectional design, using a survey sample of 309 respondents, working mainly in information technology (IT) and different industry sectors in North America. Structural equation modelling was used, and five hypotheses have been tested. Findings The results suggest that EH has a negative effect on OP, while DTS via business analytics capability and OA enable DDM to enhance the OP. The specific paths are uncovered – both digital capability and OA drive dynamic capability development. DDM, in the form of decision automation by non-human entities and collective sense-making, leads to superior performance and reduces the impact of EH. Originality/value The study contributes to the theoretical development of the dynamic capability framework from digital capability and OA perspectives. The practical implications will support IT managers in designing IT strategies and agile practices that embed BAC for DDM that increases OP.",Data-driven decision-making; Digital transformation; Dynamic capability; Environmental hostility; Organisational agility,2025,6,10.1108/IMDS-10-2024-1039,Goraya M.A.S.,Industrial Management and Data Systems,2-s2.0-105041533711
"Digital leadership as micro-foundations of digital transformation, technology adaptive capability and financial performance","Purpose – Based on leadership theory and dynamic capabilities, this research investigates the impact of digital leadership on digital transformation, technology adaptive capability and firm financial performance. It also explores the mediation of digital transformation and technology adaptability in the relationship between digital leadership and financial performance. Design/methodology/approach – We collected data from 208 firm managers in Türkiye using a survey, one of the quantitative research techniques and analyzed the data using Smart PLS software and structural equation modeling. Findings – Digital leadership positively influences digital transformation and technology adaptive capability. Additionally, the findings show that digital transformation positively affects technology adaptive capability and that technology adaptive capability positively impacts financial performance. Furthermore, digital transformation mediates the relationship between digital leadership and technology adaptive capability. In addition, technology adaptive capability mediates the relationship between digital leadership and financial performance. Originality/value – To the best of the authors’ knowledge, this research is the first to examine digital leadership, based on leadership theory, within the micro-foundations of digital transformation and technology adaptive capability grounded in dynamic capabilities.",Digital leadership; Digital transformation; Financial performance; Technology adaptive capability,2026,6,10.1108/JOCM-12-2024-0792,Akarsu O.,Journal of Organizational Change Management,2-s2.0-105030515576
Can digital transformation promote the turnaround of declining firms? Empirical evidence from Chinese listed companies,"Purpose: Digital transformation provides a new impetus for the development of declining firms. However, there is currently a lack of sufficient research on whether digital transformation is beneficial for the turnaround of declining firms. This paper aims to explore the relationship between digital transformation and the turnaround of declining firms. Design/methodology/approach: Drawing on the theoretical foundations of the resource-based view and dynamic capabilities theory, this research uses a comprehensive dataset of Chinese A-share listed companies from 2010–2021 to explore the influence of digital transformation on the turnaround of declining firms. Findings: The research findings show that digital transformation contributes to the turnaround of declining firms. Mechanism analyses demonstrate that digital transformation enhances dynamic capabilities and attracts more analysts, thereby facilitating the turnaround process. Moreover, the moderation analysis reveals that CEO equity incentives strengthen the positive correlation between digital transformation and the turnaround of declining firms. Heterogeneity analysis indicates that the association between digital transformation and the turnaround of declining firms is particularly significant for firms with low financing constraints and high-tech firms. Moreover, this research reveals that digital transformation can facilitate the turnaround of firms in deep and long-term decline. Originality/value: This research contributes to the literature on the digital transformation of enterprises and provides important insights for the turnaround of declining firms.",Analyst following; CEO equity incentive; Digital transformation; Dynamic capabilities; Turnaround of declining firms,2025,6,10.1108/BPMJ-01-2024-0050,Fang X.,Business Process Management Journal,2-s2.0-85207382508
Factors Influencing Digital Innovation Strategy in Organizations: An Empirical Analysis,"This study examines the factors influencing digital innovation strategy in organizations. Specifically, drawing on data from 450 respondents, the researchers propose the following variables, organizational IT application portfolio, organizational culture, organizational structure, organizational dynamic capabilities, leadership, and ethics, predict innovation and strategy in organizations. The researchers found that the organizational culture variable contribution was the highest by collectively predicting 78.1% of the digital innovation and strategy in organizations.",Digital Innovation; Digital Technologies; Digital Transformation; Digitalization; Strategy,2022,6,10.4018/IRMJ.287900,Tahirkheli S.K.,Information Resources Management Journal,2-s2.0-105032367946
Building eco-digital advantage: the role of knowledge management in linking digital capabilities to sustainable performance,"Firms achieve sustainable innovation and performance by using their green and digital capabilities. Using dynamic capabilities and knowledge-based perspectives, this study puts forth a conceptual framework linking Big Data Analytics Capability (BDAC), Digital Orientation (DO), and Green IT Practices (GITP) to Knowledge Management Capability (KMC) and innovation outcomes. The study suggests that these digital capabilities enable firms to sense opportunities, combine knowledge from different domains, and reconfigure resources. KMC acts as a mediator that uses digital and green inputs to produce Eco-Design (ED) and Green Process Innovation (GPI), ultimately improving Economic Performance (ECOP). Based on a sample of 293 responses gathered from the supply chain and logistics industries across several countries, our model with paths of serial mediation shows that BDAC, DO, and GITP indirectly improve firm performance by means of knowledge and innovation capabilities. In particular, we verify how knowledge and innovation capabilities invigorate eco-innovation, serving as a driver for firms’ environmental sustainability. The present study contributes to the literature on digital transformation, sustainability, and knowledge management in two significant ways. First, it clarifies the role of dynamic capabilities in eco-digital innovation and value creation. Second, the results of the present study offer guidance to managers on how to align digital transformation and sustainability effectively. In addition, we also highlight that knowledge processes play a key role in securing long-term competitiveness and sustainable value.",Big data analytics capability; Digital orientation; Green it practices; Knowledge management capability; Sustainable innovation,2026,6,10.1016/j.jik.2026.101089,Wang C.,Journal of Innovation and Knowledge,2-s2.0-105043522237
The Alchemy of Digital Transformation: How Computing Power Investment Fuels New Quality Productivity,"Against the backdrop of China’s “East-West Computing Resource Transfer” and “Digital-Real Integration” national strategies, computing power has emerged as a core engine driving the digital economy. However, existing research lacks in-depth exploration of the micro-level mechanisms through which computing power operates as a strategic digital resource at the firm level and transforms into competitive advantages. This study examines a sample of manufacturing firms listed on China’s A-share markets from 2011 to 2022, treating the establishment of intelligent computing centers by firms as a quasi-natural experiment. Employing a staggered difference-in-differences model combined with causal inference strategies such as double machine learning, we empirically test the impact of computing power investment on firms’ new quality productivity. The findings reveal that computing power investment significantly enhances new quality productivity, primarily through enabling dynamic capabilities: it strengthens risk perception capabilities by improving information environments, enabling intelligent risk monitoring, and enhancing decision-making resilience; it elevates innovation opportunity-capturing capabilities by expanding the scope of innovation search, accelerating innovation iteration, and facilitating cross-domain knowledge integration; and it achieves data element reconstruction through constructing data infrastructure capabilities, improving data operational efficiency, and optimizing data ecosystem collaboration. Further analysis demonstrates that this promotional effect is more pronounced in firms with strong executive digital cognition and intense market competition, and is more significant among non-heavily polluting, high-tech firms with high absorptive capacity, those located in eastern regions, and those with superior digital endowments. Extended analysis also reveals that the new quality productivity gains from computing power investment drive optimal allocation of human capital while potentially inducing strategic information concealment behaviors as firms seek to protect competitive advantages. By conceptualizing computing power as a contestable strategic resource at the micro level, this study unveils the micro-mechanisms of digital transformation through a dynamic capability framework, offering important implications for firms and governments in optimizing digital strategies.",computing power investment; dynamic capabilities; IDC license; integration of digital and real economies; new quality productivity,2025,6,10.3390/jtaer20040354,Hu Y.,Journal of Theoretical and Applied Electronic Commerce Research,2-s2.0-105026065820
"Unpacking the micro-foundations of dynamic capabilities in retail banking: the roles of strategic alignment, leadership, and organisational structure","Purpose – This study aims to examine the micro-foundations of dynamic capabilities in the Irish retail banking sector, focusing on strategic alignment, leadership and organisational structure. It investigates how banks navigate regulatory constraints while sustaining competitiveness in a rapidly evolving financial landscape. Using Institution Omicron as a case study, the research identifies structural rigidities, risk-averse leadership and resource gaps that hinder dynamic capability development. To address these challenges, the study introduces two novel frameworks: the Capability Development Framework, which aligns strategic goals with regulatory compliance, and the Capability Implementation Framework, which ensures structured execution and continuous adaptation. Design/methodology/approach – This qualitative case study integrates 14 semi-structured interviews with senior banking executives and financial data analysis to explore the operation of dynamic capabilities within a regulated financial institution. Thematic analysis identifies key constraints, including strategic misalignment, conservative decision-making and digital skills shortages. Findings – The study reveals that regulatory constraints reinforce organisational inertia, limiting banks’ ability to reconfigure resources and enhance adaptability. While dynamic capabilities are often linked to agility, this research demonstrates that in compliance-driven sectors, they require structured adaptation rather than unrestricted flexibility. Practical implications – The proposed frameworks offer actionable insights for financial institutions and other regulated industries, such as healthcare and telecommunications, to enhance strategic adaptability while ensuring compliance. Key recommendations include fostering leadership agility, embedding cross-functional collaboration and developing internal expertise in digital innovation. Originality/value – This study extends dynamic capability theory by demonstrating that in heavily regulated environments, competitive advantage depends not solely on agility but on structured adaptation within institutional constraints. The introduced frameworks provide a novel approach to balancing compliance with innovation, offering transferable insights for strategy execution in regulated industries.",Digital transformation; Dynamic capabilities; Leadership; Organisational structure; Regulatory compliance; Strategic alignment,2026,6,10.1108/IJOA-10-2024-4920,Kiss E.M.,International Journal of Organizational Analysis,2-s2.0-105001135303
The Impacts of Big Data Analytics and Artificial Intelligence on Supply Chain Strategic Performance: An Empirical Study,"The present paper investigates the impacts of Big Data Analytics and Artificial Intelligence (BDA-AI) technologies on the Supply Chain Strategic Performance (SCSP), focusing on reliability, environmental and social performance. It also examines the moderating role of Organizational Culture (OC). Using the Supply Chain Operations Reference (SCOR) model and Dynamic Capabilities Theory (DCT) as theoretical frameworks, the study employed a structured questionnaire distributed to Supply Chain (SC) professionals across various industrial sectors essentially based in Morocco. In fact, a total of 200 professionals were initially targeted using the virtual snowball sampling method. That is, 97 survey responses were effectively collected and then analyzed. Data analysis was conducted using Partial Least Squares Structural Equation Modeling (PLS-SEM). The obtained results demonstrate that BDA-AI technologies positively and significantly influence Supply Chain Reliability (SCRE). However, while a positive impact on Environmental Performance (ENPER) and Social Performance (SOPER) was observed, it was not statistically significant. Moreover, OC significantly moderates the effect of BDA-AI on SCRE. To sum up, this paper contributes to the existing literature by providing empirical evidence of the strategic benefits of BDA powered by AI in Supply Chain Management (SCM). Furthermore, it sheds light on the importance of OC as a critical factor in realizing the full potential of such technologies in digital transformation context.",artificial intelligence; big data analytics; dynamic capabilities theory; organizational culture; PLS-SEM; supply chain strategic performance,2025,6,10.31387/oscm0610464,Es-Satty A.,Operations and Supply Chain Management,2-s2.0-105005510959
Leadership and Digital Transformation Competency as Catalysts for Green Business Performance: The Mediating Role of Business Innovation in Vietnamese SMEs,"This study explored the critical role of leadership and digital transformation competency in enhancing green business performance in small and medium-sized enterprises (SMEs), emphasizing the mediating effect of business innovation. Grounded in Dynamic Capability Theory, the research aimed to address pressing challenges faced by SMEs in aligning sustainability goals with technological advancements and adaptive leadership. A quantitative approach was employed, utilizing data collected from 112 SME managers in Vietnam. The study applied Partial Least Squares Structural Equation Modeling (PLS-SEM) to evaluate the proposed relationships. The findings revealed that leadership and digital transformation competency significantly influence green business performance, with business innovation serving as a substantial mediator. These results provide empirical support for the integration of leadership and technological capabilities into organizational strategies to achieve sustainable growth. The study also highlights the necessity for SMEs to foster innovative practices to bridge the gap between sustainability aspirations and operational realities. This research contributes to the literature on dynamic capabilities and sustainability, offering actionable insights for SME managers and policymakers to enhance business performance through innovation-driven strategies. Future research should expand on these findings by exploring longitudinal designs and cross-industry comparisons.",business innovation; digital transformation competency; green business performance; leadership; SMES,2025,6,10.33168/JLISS.2025.0508,Khanh T.,Journal of Logistics Informatics and Service Science,2-s2.0-105014958875
Orchestrating resources for Big data analytics implementation in manufacturing SMEs: insights into managerial role and engagement,"Big Data Analytics (BDA) offers transformative potential for Small and Medium Enterprises (SMEs), enabling enhanced performance, improved decision-making, innovation and business growth. Yet, manufacturing SMEs often face considerable constraints that hinder effective BDA implementation. This study adopts Resource Orchestration Theory (ROT) to explore how managers in manufacturing SMEs structure, bundle, and leverage resources to overcome these challenges and deploy BDA effectively. Using semi-structured interviews with 17 SMEs managers, we examine BDA deployment across supply chain operations guided by the SCOR model. The findings reveal key managerial roles and strategies, including approaches to selecting, configuring, and operationalising BDA solutions. This study contributes to theory by applying ROT to the underexplored context of BDA implementation in SMEs, highlighting the dynamic capabilities managers must develop to succeed. Practically, it provides actionable insights for SMEs managers navigating digital transformation in resource-constrained settings. The study proposes a roadmap to guide BDA adoption in manufacturing SMEs.",Big data analytics; managers’ role; resource orchestration theory; SMEs,2026,6,10.1080/09537287.2025.2561966,Dehe B.,Production Planning and Control,2-s2.0-105017099717
Impact of Digital Leadership on Employee Performance with Mediation Roles of Digital Self-Efficacy and Employee Motivation,"This study investigates the multiple impacts of digital leadership, including visionary leadership, digital citizenship, and systemic improvement, on employee performance in the Egyptian petrochemicals sector. Furthermore, it investigates the mediating roles of digital self-efficacy and employee motivation within these interactions. A quantitative methodology was employed, gathering data from 391 valid responses out of 700 issued questionnaires to sector employees, resulting in a 55.9% response rate. Data analysis was conducted using Structural Equation Modeling (SEM) with AMOS software. The model exhibited a superior fit (χ<sup>2</sup>/DF = 2.659, RMSEA = 0.059, TLI = 0.925, CFI = 0.934). Research indicates that digital leadership has a substantial impact on employee performance, employee motivation, and digital self-efficacy. Both employee motivation and digital self-efficacy were found to significantly partially mediate the relationships between various dimensions of digital leadership and employee performance. Digital leadership dimensions explained 44.3% of the variance in employee motivation, 24.2% of the variance in digital self-efficacy, and jointly (via mediators) represented 28.5% of the variance in employee performance. These results highlight the essential need to cultivate digital leadership skills and improve employee digital readiness and motivation to optimize performance in digitally evolving sectors such as the Egyptian petrochemicals industry. The study offers both theoretical and practical contributions by integrating digital leadership into the dynamic capabilities framework and providing empirical evidence from the Egyptian petrochemicals sector. The findings highlight digital leadership’s critical role in fostering adaptability, innovation, and employee performance, enabling organizations to thrive during digital transformation.",digital citizenship; digital leadership; digital self-efficacy; Egypt; employee motivation; employee performance; petrochemicals sector; systemic improvement; visionary leadership,2025,6,10.61093/bel.9(3).109-129.2025,Mamdouh A.,Business Ethics and Leadership,2-s2.0-105018934891
Resource-Centered Transformation Paths: The Role of Digital Transformation in Optimizing SME Resources for Sustainable Entrepreneurship,"The critical role of small and medium-sized enterprises (SMEs) in driving economic growth through employment generation and innovation cannot go unseen, especially the efforts of small firms in promoting sustainable entrepreneurship. With more market and consumer focus on sustainability and the shift toward eco-friendly products, SMEs can successfully navigate these changes through digital transformation (DT). Therefore, this study systematically reviews how DT enables SMEs to achieve sustainable entrepreneurship through resource optimization. Grounded in dynamic capability theory (DCT), the review investigates how DT tools and techniques influence SMEs' capability building processes. Technologies such as artificial intelligence, the Internet of things, blockchain technology, big data analytics, and cloud computing reshape how SMEs sense opportunities, seize digital solutions, and reconfigure their resources to pursue sustainability objectives. Using two leading databases, the study synthesizes 80 peer-reviewed articles published between 2010 and 2025. The findings reveal that DT enhances five key resource domains: organizational, human, financial, technological, and social by transforming them into dynamic capabilities (DCs) that drive environmental, social, and economic sustainability. Building on these insights, the paper introduces the Resource-Centered Transformation Path (RCTP) framework. A framework conceptualizes how DT enables SMEs to optimize static resources into adaptive and sustainability-oriented capabilities. The framework extends DCT by integrating digitalization mechanisms within its foundations and by identifying digital technologies as key enablers of resource optimization, leading to transformative sustainable outcomes. Overall, the study contributes to advancing theoretical and practical understanding of how DT empowers SMEs to evolve from resource-constrained enterprises into sustainability-driven organizations.",digital transformation; digitalization; dynamic capabilities; SMEs; sustainability; sustainable development; sustainable entrepreneurship,2026,6,10.1002/bse.70535,Alajmi N.,Business Strategy and the Environment,2-s2.0-105028101793
Digital transformation and the performance of family firms: a dynamic capabilities perspective,"Digital transformation (DT) has become a critical strategy for enhancing a firm’s market competitiveness, yet the relationship between digital transformation and firm performance remains contentious. This study employs a dynamic capabilities perspective to compare the impact of digital transformation on performance between family firms and non-family firms, exploring the effect differences at a micro level. The empirical results reveal that while digital transformation in family firms is less effective in enhancing short-term performance compared to non-family firms, it significantly boosts long-term performance more than in non-family firms. Dynamic capabilities serve as the mediating path between DT and performance. Furthermore, focusing on family control characteristics, the paper examines and explains why the effects of DT on performance differ between family and non-family firms. It finds that family ownership and family management weaken the enhancement effect of DT on dynamic capabilities, but family management strengthens the role of dynamic capabilities in improving long-term performance. By exploring the relationship between DT and performance through the lens of firm characteristics, this study not only expands the research perspective on DT in family firms but also contributes to the ongoing debate on the impact of DT.",digital transformation; dynamic capabilities; Family firms; performance,2026,5,10.1080/14479338.2024.2448486,Canjun C.,Innovation Organization and Management,2-s2.0-85214688964
AI maturity in manufacturing: the role of generative AI in driving organizational performance through exploratory and exploitative innovation,"Purpose – This study examines how Generative AI (GenAI) adoption influences exploratory and exploitative innovation and, in turn, organizational performance, through an AI-maturity lens that evolves from isolated pilots to fully integrated, operations-embedded capabilities. AI maturity is conceptualized as a dynamic, data- and model-centric capability encompassing governance, data infrastructure, human capital and MLOps, distinct from broader digital-transformation readiness. Design/methodology/approach – Survey data from 302 advanced manufacturing firms in China were analyzed using Smart-PLS. Reliability and validity followed established guidelines, and multiple procedural and statistical remedies mitigated common method bias. The model integrates the TOE framework with an AI-maturity model to test stage-contingent relationships among GenAI adoption, innovation ambidexterity and performance. AI maturity was measured across four capability domains and classified into five descriptive stages using transparent, replicable rules. Findings – As firms progress through maturity stages, GenAI adoption becomes more strategic and is linked to greater innovation ambidexterity, balancing efficiency gains with radical AI-enabled breakthroughs. Several classic adoption factors (e.g. compatibility, competitive pressure) weaken at higher maturity. Research limitations/implications – The cross-sectional, single-informant design limits causal inference; future longitudinal, multi-informant studies are encouraged. Practical implications – A benchmarking checklist and predictive-maintenance case guide sequencing of GenAI investments and monitoring of key digital performance metrics. Originality/value – The study advances existing theory by redefining AI maturity as a dynamic, operations-integrated capability linked to measurable digital performance outcomes. It extends the TOE/DOI perspective through a capability-progression lens consistent with dynamic-capability and ambidexterity theories and translates this conceptualization into actionable tools for managerial practice.",AI maturity; Ambidexterity; Benchmarking; China; Generative AI; Industry 4.0; Manufacturing; Smart-PLS,2025,5,10.1108/BIJ-01-2025-0099,Khan S.,Benchmarking,2-s2.0-105025445611
Rooted or expansive? The impact of digital-physical technological integration on corporate knowledge breadth,"Amid the deep transformation of traditional industries driven by the digital economy, firms face a critical challenge in restructuring their knowledge systems to achieve innovation breakthroughs. This study investigates the core question of whether and how digital-physical integration affects corporate knowledge breadth. Using panel data of Chinese listed firms, we construct firm-level indicators for digital-physical integration and knowledge breadth. The analysis is conducted through two-way fixed effects models, instrumental variable methods, and propensity score matching. Furthermore, we examine three mediating mechanisms—dynamic capability, asset novelty, and total factor productivity to uncover the pathways through which integration exerts its influence. The results show that digital-physical integration significantly promotes the expansion of corporate knowledge breadth. This finding remains robust across various endogeneity controls and sensitivity checks. Mechanism analysis reveals that integration indirectly drives the external restructuring of knowledge structures by enhancing firms’ dynamic capabilities, optimizing resource allocation patterns, and improving productivity. Heterogeneity analysis further indicates that the effect is more pronounced among non-technology-intensive firms, non-state-owned enterprises, firms located in regions with higher human capital, and those in areas with weaker intellectual property protection. By shifting the analytical focus to knowledge organization, this study deepens the understanding of the consequences of digital transformation and extends the theoretical boundaries of corporate knowledge evolution and technological integration. The findings also offer practical insights for policymakers designing differentiated digital strategies and for firms aiming to build effective knowledge coordination systems.",Asset novelty; Digital-physical integration; Dynamic capability; Knowledge breadth; Total factor productivity,2025,5,10.1016/j.iref.2025.104602,Li L.,International Review of Economics and Finance,2-s2.0-105016229064
Digital Dynamic Capabilities and Environmental Sustainability: The Role of Circular Supply Chain Practices,"This study explores how digital dynamic capabilities (DDC)—specifically digital absorptive capacity (DAC) and digital transformation capacity (DTC)—contribute to environmental sustainability (ES), both directly and through circular supply chain practices (CSCP). Utilizing dynamic capabilities and resource-orchestration theories, we collected survey data from 252 Chinese manufacturing firms using a two-wave design and employed partial least squares structural equation modeling (PLS-SEM) for hypothesis testing. The results indicate that both DAC and DTC significantly enhance ES, underscoring the strategic importance of digital capabilities in promoting environmentally responsible operations. Open-loop circular initiatives, such as material efficiency and product redesign, partially mediate these effects, suggesting that digitally enabled circular practices bolster sustainability performance. In contrast, closed-loop initiatives—such as recovery and remanufacturing—did not significantly mediate the relationship between DDC and ES. These findings deepen our understanding of how digitalization fosters circularity and provide practical insights for firms aiming to integrate digital capabilities with circular economy strategies for long-term environmental benefits.",circular supply chain practices; digital absorptive capacity; digital dynamic capabilities; digital transformation capacity; environmental responsibility,2026,5,10.1002/csr.70458,Liang Y.,Corporate Social Responsibility and Environmental Management,2-s2.0-105029388269
Driving Supply Chain Agility Through Digitalization: Unpacking the Roles of Innovation Capability and Integration in Chinese Enterprises,"This research examines the effects of digitalization on supply chain agility in dynamic business environments, focusing on the digital supply chain integration’s mediating roles and firm innovative capability. Additionally, it researches the environmental dynamics’ moderating effect on these relationships. A quantitative, cross-sectional research design was employed, using Partial Least Squares Structural Equation Modeling (PLS-SEM) with 5,000 bootstrap samples for analysis. The results confirm that digitalization significantly directly and indirectly enhances supply chain agility through improved integration and innovation capabilities. Moreover, environmental dynamics strengthened these relationships, suggesting that volatile external conditions amplify the digital initiatives’ values. The results contribute to the digital transformation theoretical advancement and supply chain agility. Practically, the study provides actionable insights for managers to build agile and resilient supply chains through digital transformation, particularly under uncertain market conditions.",Digital Supply Chain Integration; Dynamic Capabilities; Environmental Dynamics; Firm Innovative Capability; PLS-SEM; Supply Chain Agility; Supply Chain Digitalization,2025,5,10.4018/JGIM.395354,Ruan Z.,Journal of Global Information Management,2-s2.0-105025531171
Determinant factors of government change capability towards smart cities: A dynamic capability perspective,"This study investigates critical factors shaping government capability for organizational change within smart city initiatives. Despite Indonesia's significant investment in smart city programs, uneven implementation and inconsistent results highlight gaps in understanding how digital and organizational capabilities impact performance. This research addresses these gaps by examining how Information Technology Capability (ITC), Organizational Change Capability (OCC), 21st-century digital skills (DS), and innovativeness (INN) collectively influence organizational performance (OP). The study employs a multilevel quantitative survey design with multisource data collection, involving 1384 middle and lower-level managers from the Surabaya City government in Indonesia. Data was analyzed using multilevel modelling in MPlus 8.3, examining relationships at both individual and organizational levels. ITC has a positive effect on OP but not on OCC. OCC also enhances OP, yet it does not mediate the ITC–OP link. DS strengthens the ITC–OCC path, and INN strengthens the OCC–OP path. This study addresses digital transformation in smart city programs by using an organizational change capabilities perspective, focusing more on the middle manager role rather than IT infrastructure or other technical capabilities.",21st century digital skills; Dynamic capability; Information technology capability; Innovativeness; Organizational change capability; Smart cities,2026,5,10.1016/j.jclepro.2025.147376,Aldhi I.F.,Journal of Cleaner Production,2-s2.0-105028161363
Leveraging big data analytics capability for firm performance: the moderating role of data governance,"Purpose – In the era of digital transformation, leveraging big data has become a strategic imperative for sustaining competitive advantage. However, the impact of Big Data Analytics Capability (BDAC) on firm performance depends on the development of complementary organisational capabilities and governance mechanisms. Grounded in the integrated model, this study aims to investigate how BDAC influences firm performance through the mediating roles of organisational capabilities and the moderating role of data governance. Design/methodology/approach – Survey data from 227 Forbes Global 2000 firms were analysed using partial least squares hierarchical component modelling (HCM). Findings – Dynamic and innovative capabilities significantly mediate the BDAC–performance relationship. Data governance strengthens the effect of BDAC on dynamic and operational capabilities but not on innovative capability. Research limitations/implications – HCM improves model parsimony for complex capability–performance relationships, while cross-validated predictive ability test (CVPAT) confirms strong predictive validity and explains the internal mechanisms linking BDAC to performance. These methodological insights strengthen the theoretical understanding of how data-driven capabilities create value. Practical implications – The findings suggest that managers should leverage BDAC to enhance dynamic and innovative capabilities, supported by robust data governance that reinforces BDAC's influence on dynamic and operational capabilities. Effective governance fosters organisational agility, enabling firms to sustain performance and support broader sustainability objectives. Originality/value – BDAC influences firm performance through dynamic, operational and innovative capabilities, with a contingent effect of data governance. The study advances theory by integrating the resource-based view with the dynamic capabilities perspective and applies rigorous predictive modelling to clarify these mechanisms.",Big data analytics capability; CVPAT; Data governance; Hierarchical component modelling; Innovative capability; Sustainable development,2026,5,10.1108/BPMJ-07-2025-1164,Ooi S.K.,Business Process Management Journal,2-s2.0-105028410272
"GOVERNMENT POLICY, IT INFRASTRUCTURE, BUSINESS MODEL INNOVATION, DIGITAL TRANSFORMATION, AND DYNAMIC CAPABILITY: CATALYSTS FOR FIRM PERFORMANCE ENHANCEMENT","Small and medium‐sized firms (SMEs) encounter substantial obstacles in today’s rapidly changing economic landscape, primarily due to their restricted resources and management capacities. This study utilises the resource‐based view theory to investigate how government policies might assist SMEs in utilising their information technology (IT) infrastructure for digital transformation and enhancing firm performance. In the face of emerging technology and increased competition worldwide, SMEs must give utmost importance to innovation and the ability to adapt to achieve long-term success. The study, utilising data from 658 SME participants in Vietnam, highlights the significant impact of government policies on shaping IT infrastructure and emphasises the significance of innovation in bolstering dynamic capacities and overall business success. These findings provide valuable insights for managers and policymakers, indicating prospective areas for future research that have consequences for SMEs.",Business Model Innovation; Digital Transformation; Dynamic Capability; Firm Performance; Government Policy; SMEs,2024,5,10.17708/DRMJ.2024.v13n02a02,Mai B.T.,Dynamic Relationships Management Journal,2-s2.0-85211470956
"Driving Startup Performance through Digital Transformation, Innovation, and Sustainability: The Mediating Effects of Efficiency and Brand Positioning","Purpose: This study develops an integrated framework to examine the combined impact of digital transformation, innovation capability, and sustainability on startup performance, emphasizing the mediating roles of operational efficiency and sustainable brand positioning. Unlike prior research that examines these factors separately, this study bridges critical gaps by offering a holistic perspective on their interactions in Vietnam, an emerging economy. Design/methodology/approach: A quantitative approach using PLS-SEM was applied to data from 320 startup managers and founders in Vietnam. This method captures direct and mediating effects, revealing how startups optimize digitalization, innovation, and sustainability to enhance performance. Findings: Results indicate that digital transformation and innovation capability enhance operational efficiency, while sustainability practices and social capital strengthen brand positioning. Operational efficiency and brand positioning act as key mediators, magnifying startup performance. The model explains 52.1% of the variance in startup success. Research limitations/implications: This study extends Resource-based view (RBV) and Dynamic capabilities theory by demonstrating how technology and innovation-driven advantages translate into competitive performance gains. However, findings are limited to Vietnam, and the cross-sectional nature of the data restricts long-term causal insights. Additionally, self-reported data may introduce response bias. Policymakers should expand digital infrastructure and regulatory support, while entrepreneurs should integrate innovation, sustainability, and branding strategies to enhance scalability. Originality/value: This study contributes to the literature by empirically examining the interconnected effects of digital transformation, innovation, and sustainability in Vietnam. By identifying operational efficiency and sustainable brand positioning as key mediators, it uncovers previously unexplored pathways driving startup success in emerging markets.",Digital transformation; Mediation model; Operational efficiency; Startup performance; Sustainable brand positioning,2025,5,10.17549/gbfr.2025.30.9.49,Pham D.N.,Global Business and Finance Review,2-s2.0-105017880663
"Smarter Technologies, Innovation, and Managerial Capabilities Driving Hotel Sustainability: The Integration of Resource-Based View and Dynamic Capabilities Perspective","While prior research has examined the role of smart technologies (e.g., IoT and AI) in sustainability, the combined influence of IoT, AI, and organizational capabilities on hotel sustainable performance, particularly through the mediating roles of data-driven decision-making and innovation capability, remains underexplored. This study investigates how the integration of smart technologies, specifically the Internet of Things (IoT) and artificial intelligence (AI), as well as dynamic managerial capabilities focusing on data-driven decision-making (DDM) and innovation capability (IC), enhances hotel sustainable performance (HSP) within the context of Saudi Arabia’s hospitality sector. Grounded in the Resource-Based View (RBV) and Dynamic Capabilities Theory (DCT), the research develops and tests a conceptual model that explores both the mediating roles of DDM and IC in the link between IoT and HSP and the moderating role of AI application in the relationships between IoT and DDM, IC, and HSP. Using data collected from 312 managers of four- and five-star hotels across Saudi Arabia, the study employed Partial Least Squares Structural Equation Modeling (PLS-SEM) to examine the hypothesized relationships. The results reveal that IoT has a significant positive effect on HSP, DDM, and IC. Further, the IoT-HSP relationship is partially mediated by both DDM and IC. Furthermore, AI significantly strengthens the relationships between IoT and DDM, IoT and IC, and IoT and HSP, highlighting AI’s crucial role as an enabler of digital transformation and sustainability. The findings extend the RBV and DCT by demonstrating how technological resources, when combined with dynamic managerial capabilities, lead to superior sustainability outcomes. Practically, the study emphasizes that hotels must pair digital adoption with employee training, innovation culture, and AI-powered analytics to enhance HSP.",artificial intelligence (AI); Dynamic Capabilities Theory; hotel sustainability; innovation; Internet of Things (IoT); resource-based view; Saudi Arabia; sustainable performance,2025,5,10.3390/tourhosp6050252,Abdou A.H.,Tourism and Hospitality,2-s2.0-105025951448
Navigating containment challenges: A quantitative study of Ghanaian SME performance during the COVID-19 pandemic,"This study aims to provide valuable insights into the containment challenges faced by Ghanaian SMEs during the COVID-19 pandemic and how these challenges impacted key performance indicators (KPIs). Utilizing the partial least square approach of structural equation modelling (PLS-SEM), data collected from a sample of 152 Ghanaian SMEs are examined. The findings underscore the adverse influence of pandemic-related containment measures on financial performance, sales performance, employee satisfaction, and customer satisfaction, while revealing an increase in online engagement as SMEs adapted their business models. Thus, this study highlights the significance of bolstering dynamic capabilities, with a particular focus on digital transformation and leveraging online platforms, as a means to enhance resilience and adaptability for SMEs amidst challenging containment conditions. Theoretical implications emphasize the crucial role of dynamic capabilities in navigating uncertainty and volatility during crises, while the practical implications offer valuable guidance for small business owners in developing economies as they strive to mitigate the impacts of containment measures during public health emergencies on their businesses.",COVID-19 containment measures; developing economies; dynamic capabilities; PLS-SEM; SME performance,2023,5,10.26784/sbir.v7i2.587,Amoa-Gyarteng K.,Small Business International Review,2-s2.0-105033909045
"How digital efforts build equity: Moderating role of brand type, familiarity, and consumer green consciousness in the fashion sector","The fashion industry faces mounting pressures from rapid digital transformation and rising consumer expectations for sustainability, yet how these forces jointly influence brand equity remains underexplored. To address this issue, the present study investigates how digitalization intensity contributes to consumer-based brand equity, while examining the moderating influences of brand type (luxury versus fast fashion), brand familiarity, and consumer green consciousness. Building on the dynamic capabilities' perspective, we implemented a 2 (digitalization intensity: high vs. low) × 2 (brand type: luxury vs. fast fashion) between-subjects experiment with U.S. consumers (N = 547) recruited through a commercial online panel. Data were analyzed using structural equation modeling. Results show that greater digitalization intensity strengthens brand equity, with particularly strong effects for fast fashion brands and brands with low consumer familiarity. Although consumer green consciousness did not significantly moderate the focal relationship, it still demonstrated a positive tendency, suggesting a reinforcing role. Overall, the study advances understanding of the boundary conditions of digitalization's value creation and offers practical guidance.",Brand equity; Brand familiarity; Brand type; Consumer green consciousness; Digitalization intensity,2026,5,10.1016/j.jretconser.2025.104687,Lo F.Y.,Journal of Retailing and Consumer Services,2-s2.0-105025005589
Navigating MSMEs' performance through innovation and digital IT capabilities in business strategy,"The rapid advancement of digital transformation has significantly reshaped the business environment, presenting both opportunities and challenges for Micro, Small, and Medium Enterprises (MSMEs). In Indonesia, where MSMEs operate in an increasingly digitized economy, this transformation is particularly critical as MSMEs strive to remain competitive and resilient. Among the most influential aspects of digital transformation are digital platforms, which continue to evolve rapidly and demand constant adaptation. While existing studies have largely focused on platform adoption and interactions with specific digital services, limited attention has been given to the dynamic nature of these platforms and how MSMEs strategically respond to such changes to improve their performance. To address this gap and draw on the Resource-Based View (RBV) and Dynamic Capability Theory (DCT), the present study investigates the mediating roles of innovation capabilities and digital IT capabilities in the relationship between business strategy and MSME performance. A total of 257 MSME owners and managers in Indonesia participated in the survey. Participants were selected using purposive sampling based on their involvement with digital platforms and their strategic decision-making roles. Using Structural Equation Modeling–Partial Least Squares (SEM-PLS), the results indicate that both innovation capabilities and digital IT capabilities serve as partial mediators in the relationship between business strategy and MSME performance. Theoretically, this study highlights the crucial role of these capabilities in navigating digital transformation. Practically, it underscores the importance of developing technological adaptability to ensure the long-term sustainability of Indonesian MSMEs. Policymakers can further leverage these findings by designing targeted training programs and financial incentives that simultaneously build MSMEs' innovation competencies and digital capabilities, thereby strengthening their resilience and growth potential in an increasingly digital marketplace.",Business strategy; Digital IT capabilities; Innovation capabilities; MSMEs' performance,2025,5,10.1016/j.ssaho.2025.101810,Probohudono A.N.,Social Sciences and Humanities Open,2-s2.0-105011984178
The Dynamic Driving Path of Organizational Resilience to Digital Transformation—An Empirical Study Based on TJ-QCA,"In the current complex and rapidly evolving business environment, organizational resilience (OR) significantly influences the acceleration of the digital transformation (DT) process within enterprises, yet few studies have elucidated the mechanisms through which OR drives DT. The purpose of this paper is to investigate the theoretical underpinnings and general principles of the dynamic influence of OR on the DT of manufacturing enterprises. Utilizing the dynamic capabilities theory, this paper examines 15 Chinese manufacturing enterprises as the subjects of study and employs a trajectory-based qualitative comparative analysis to investigate the dynamic pathways of OR across various stages of DT. The findings are as follows: (1) OR diverges into aspects such as crisis awareness, resilience recovery, opportunity exploration, anticipatory planning, and feedback learning. (2) A singular dimension of OR is not a prerequisite for DT. (3) There are four organizational resilience-driven pathways in the process of accelerated DT, namely, strategic planning and response, feedback integration, crisis-led resilience, and innovation-led resilience types. The conclusions contribute to the fields of DT and OR research. They not only offer theoretical support and guidance for manufacturing enterprises to undertake DT in complex and dynamic environments, but also offer direction for policymakers to develop incentive policies that support the digital infrastructure of enterprises.",Configuration analysis; Digital transformation; Manufacturing enterprises; Organizational resilience; TJ-QCA,2025,5,10.1007/s13132-024-02361-6,Li W.,Journal of the Knowledge Economy,2-s2.0-105005992750
From resource scarcity to digital leverage: A framework for sustainable technology and circular-economy-oriented social entrepreneurship,"This conceptual paper introduces the theory of Digital Resource Leverage (DRL) to explain how social entrepreneurs transform resource scarcity into digital opportunity within the context of sustainable economic systems. Building on and extending the Resource-Based View and bricolage theory, the paper argues that digital transformation reshapes the logic of resource strategy from ownership to orchestration in circular and inclusive economic models. Social ventures increasingly mobilize accessible, modular, and non-owned digital tools - ranging from no-code platforms and open data infrastructures to collaborative online networks - to achieve frugal yet scalable innovation and contribute to sustainable development and the circular economy. The DRL framework conceptualizes this process as a distinct resource logic that enhances entrepreneurial efficiency, innovation, legitimacy, and systemic economic inclusion in under-resourced contexts. The paper contributes to entrepreneurship and sustainable technology literature by integrating digital bricolage into a strategic model of resource configuration and by reframing digital resourcefulness as a dynamic capability supporting inclusive economic growth. Practical guidance is provided for entrepreneurs, educators, and policymakers seeking to align social innovation initiatives with the Sustainable Development Goals and circular economy principles. This study thus offers a digitally grounded roadmap for sustainable, inclusive, and economically transformative entrepreneurship in the twenty-first century.",Circular economy; Digital bricolage; Digital transformation; Economic development; Social entrepreneurship; Sustainable technology,2026,5,10.1016/j.stae.2025.100127,Yordanova Z.,Sustainable Technology and Entrepreneurship,2-s2.0-105025660478
Digital transformation in the healthcare sector: a novel strategic perspective,,Digital transformation; Dynamic capabilities theory; Strategic reconfiguration; Strategic renewal,2025,5,10.1108/JHOM-08-2024-0349,YahiaMarzouk Y.,Journal of Health Organization and Management,2-s2.0-105003434536
Leveraging digital transformation for customer stability in sustainable supply chains: a dynamic capability perspective,"This study examines the role of digital transformation as a strategic tool to enhance customer stability, aligning with the growing importance of digitalisation in logistics and supply chain management. By constructing a digital transformation indicator with text mining techniques and analyzing data from 8,587 firm-year observations of 2,205 listed Chinese enterprises between 2010 and 2022, this study finds that enterprise digital transformation has a significant positive effect on customer stability. This effect can be generated through two primary mechanisms: the improvement of product competitiveness and the enhancement of information transparency. Furthermore, the positive impact is more significant in non-state-owned enterprises and enterprises in the maturity stage. This study contributes to the literature by linking digital transformation to customer stability in sustainable supply chains and uncovering its underlying mechanisms from a dynamic capability perspective. The findings offer valuable insights for practitioners and policymakers in optimising supply chain management for sustainable growth.",customer stability; Digital transformation; information transparency; product competitiveness; sustainable supply chains,2025,4,10.1080/13675567.2025.2543821,Mao S.,International Journal of Logistics Research and Applications,2-s2.0-105012940059
Driving Sustainability-Oriented Innovation Through Digital Transformation: Mediating Roles of Resource Orchestration and Value Co-Creation,"This research investigates how digital transformation in the context of United States manufacturing firms leads to sustainability-oriented innovation through the mediating influence of resource orchestration and value co-creation and the moderating influence of sustainability orientation. Based on the Dynamic Capabilities View, the study uses document-based content analysis from the annual and sustainability reports of 94 publicly listed manufacturing companies from 2019 to 2023, resulting in 470 firm-year observations. A coding framework was applied to compile firm-level disclosure across the five variables of the study. Partial least squares structural equation modeling was used to examine the relationships hypothesized. The findings suggest that digital transformation has a weak, direct positive impact on sustainability-oriented innovation but a stronger indirect impact when mediated by resource orchestration and value co-creation. Sustainability orientation plays a significant moderating role that strengthens two out of three indirect paths to sustainability-oriented innovation. The results suggest that combining technology with a company's internal capabilities and sustainability principles produces the greatest effects. The study has practical importance for managers and policymakers as well as theoretical importance by extending the Dynamic Capabilities View to consider sustainability orientation as a contingency for the effectiveness of sustainability-oriented innovation.",digital transformation; resource orchestration; sustainability orientation; sustainability-oriented innovation; value co-creation,2026,4,10.1002/csr.70344,Tian H.,Corporate Social Responsibility and Environmental Management,2-s2.0-105024661885
The key steps of a strategic digital transformation roadmap: a bibliometric and content analysis,"Purpose: Nowadays, strategic digital transformation (SDT) is not just an opportunity for businesses but an undeniable necessity. Also, the high growth of studies conducted in digital transformation and strategic management shows that this field is significant for various researchers, industries and businesses. Therefore, this research aims to provide a roadmap for SDT in firms and companies and to increase researchers’ understanding of this field. Design/methodology/approach: The Scopus database was searched from 2011 to 2023, and bibliometric analysis of all published documents in the field of SDT was performed. VOSviewer software and content analysis were used to analyze the data. After searching the Scopus database, 2,636 papers were analyzed. Findings: The findings show that understanding Industry 4.0 and 5.0, determining the SDT maturity hierarchy, determining SDT dimensions, developing digital culture and dynamic capabilities, implementing a digital transformation strategy (DTS), and transformation in enterprise architecture are important steps to providing an SDT roadmap. Research limitations/implications: Regional and industry differences in SDT adoption are ignored, which could reveal specific challenges. Using the Scopus database has limitations, and future studies should collect data from multiple sources. This study emphasizes bibliometric analysis and neglects empirical data from organizations. In the future, researchers could use real-world experiences of firms and companies at different stages of SDT. Originality/value: This paper highlights the critical link between technological advances and organizational change. Conducting a bibliometric analysis provides a clear roadmap that helps researchers deepen their understanding and guides managers in implementing SDT. This roadmap is designed to support organizations by aligning their strategies with new digital technologies, making it easier for them to move toward SDT.",Digital technologies; Industry 4.0; Industry 5.0; Roadmap; Strategic digital transformation; Transformational technologies,2025,4,10.1108/EMJB-09-2024-0231,Khoshroo M.,Euromed Journal of Business,2-s2.0-105006934886
Digital Capabilities on Business Performance: Does It Matter?,"Objective: the study aims to address the central research question: How do digital capabilities impact the performance of digital businesses? We explore digital capabilities in the context of digital transformation, enhancing the understanding of this phenomenon for businesses through dynamic capability theory and defining digital capabilities based on previous studies. Methods: these capabilities are presented in the research model. A survey was conducted with 308 digital businesses, and the hypotheses were tested using partial least squares structural equation modeling. Results: this paper demonstrates the significant impact of digital capabilities on business performance, providing evidence that ecosystem orchestration capability is a precursor to other capabilities. Conclusions: we conclude that a critical factor for a digital business’s success is its responsiveness. Digital capabilities are essential for a company’s success in the new digital business landscape. Additionally, digital technologies enable entrepreneurs to create innovations that cross traditional industry boundaries, integrating digital and non-digital assets and scaling new ventures with new products, services, and business models. This study is valuable for managers to direct investments in digital technologies, integrate stakeholders, and respond quickly to customer demands to enhance performance.",digital business performance; digital capabilities; ecosystem orchestration; process digitization; responsiveness,2025,4,10.1590/1807-7692bar2024230128,Freitas Junior J.C.d.S.,Bar Brazilian Administration Review,2-s2.0-85216534394
Building antifragile manufacturing systems through strategic technology integration,"Purpose – This study develops and validates, through expert consensus, a framework for achieving antifragility in manufacturing by strategically integrating modern digital technologies with capabilities that enable organizations to grow stronger through disruption. It moves beyond traditional resilience-focused approaches by emphasizing continuous adaptability, sustained growth and competitive advantage in an environment characterized by volatility and rapid technological change. Design/methodology/approach – Grounded in the dynamic capability perspective, the study synthesizes insights from an extensive literature review with the results of a Delphi study involving a panel of 14 industry and academic experts. The process identified and refined a set of critical supporting capabilities, including cross-functional governance, interoperability assessment and risk-responsive integration, that enable the alignment of digital transformation initiatives with antifragile objectives. Findings – Antifragility is positioned as a higher-order dynamic capability that transforms volatility into a driver of innovation and strategic renewal. The resulting expert-based framework maps emerging technologies such as artificial intelligence, the Internet of Things and big data analytics to specific sensing, seizing and transforming capabilities, providing a structured pathway for operationalizing antifragility in manufacturing contexts. Practical implications – The framework offers manufacturers a structured approach for aligning technology investments with antifragile objectives, ensuring that digital transformation enhances rather than undermines adaptability and growth. It encourages a phased, resource-aware implementation strategy that leverages disruptions as strategic assets, fostering both business continuity and long-term competitiveness. Originality/value – This research conceptualizes antifragility as a distinct and advanced capability in manufacturing and demonstrates how it can be purposefully developed through strategic technology integration. By combining theoretical grounding with expert validation, it bridges the gap between digital transformation and antifragility, offering a practical roadmap for turning uncertainty and variability into sources of competitive advantage.",Adaptability; Antifragility; Digitalization; Industry 4.0; Resilience; Viability,2025,4,10.1108/JMTM-08-2025-0789,Ghobakhloo M.,Journal of Manufacturing Technology Management,2-s2.0-105024717723
Exploring how artificial intelligence capabilities impact corporate sustainability performance: Insights from Chinese manufacturing firms,"In the context of digital transformation, the driving mechanism of Artificial Intelligence capabilities (AIC) on corporate sustainability performance (CSP) and its organizational boundary requirements have emerged as a key topic in advancing digital sustainability, both in theory and practice. This study is based on dynamic capabilities theory (DCT) and sustainable development theory, and reveals the micro-mechanisms and boundary conditions of AIC driving CSP. By extending the traditional application of AI and dynamic capabilities from competitive advantage to sustainability, this study provides a novel theoretical lens for digital sustainability. This study empirically analyzes data from Chinese manufacturing enterprises through the PLS-SEM method. The findings reveal that AIC significantly enhances CSP through a tiered enabling mechanism, but prescriptive capabilities fail to achieve their intended effects. The type of manufacturing firm constitutes a core boundary condition, and there is significant variability in the sustainable performance of AIC exerted under traditional manufacturing and Industry 4.0 manufacturing firms. The impact of AIC on CSP is significantly weaker in traditional manufacturing firms than in Industry 4.0 manufacturing firms. By adopting a dynamic capabilities perspective, this study examines the role of DCT-based AIC in enhancing CSP, expanding the prevailing technical viewpoint on their interrelationship and providing a compelling justification for integrating AI into digital sustainability frameworks. These findings offer manufacturers actionable insights for harnessing AI technologies to achieve sustainable performance during digital transformation.",Artificial intelligence capabilities; Corporate sustainability performance; Dynamic capabilities; Types of manufacturing firms,2026,4,10.1016/j.technovation.2025.103429,Renfei C.,Technovation,2-s2.0-105022126895
"How digital transformation enhances innovation in SMEs: exploring the role of dual innovation, slack resources, and dynamic capabilities","Firms must enhance innovation performance to stay competitive in evolving industries. This study investigates the direct and indirect relationships between digital transformation, dual innovation, dynamic capabilities, slack resources, and their combined impact on innovation performance. Using the PLS-SEM method in SmartPLS (4.0), this study analysed 295 responses from small and medium-sized enterprises (SMEs) in China. The model's validity and reliability were rigorously confirmed using statistical tests to ensure robust results. The results demonstrate that digital transformation significantly and positively influences dual innovation and innovation performance. Moreover, dual innovation positively and significantly mediated the relationship between digital transformation and innovation performance. Also, dynamic capabilities and slack resources serve as significant moderators, enhancing the relationships between digital transformation, exploitative/explorative innovation, and innovation performance. This study’s novelty lies in addressing the research gaps by extending the literature on digital transformation in SMEs through empirical evidence. The study contributes to SME digitalisation literature by clarifying how different innovation mechanisms and organisational enablers interact under digital transformation. Practical implications include guiding SME managers to strategically leverage digital tools and organisational capabilities to optimise innovation outcomes. Limitations and directions for future cross-sectoral research are also discussed.",Digital transformation; dynamic capabilities; Exploitative & Explorative; Innovation performance,2025,4,10.1080/09537325.2025.2538043,Akhtar S.,Technology Analysis and Strategic Management,2-s2.0-105012244778
Digital transformation and sustainable industrialization: the role of dynamic digital capabilities and continuous auditing as digital governance,"This study examines the role of digital transformation in promoting sustainable industrialization in resource-limited manufacturing and the functioning of continuous auditing within this framework. Drawing on dynamic capabilities and digital governance, we develop a model of three digital dynamic capabilities (sensing, capturing, and transforming) that drive digital transformation. We also look at how these capabilities, along with continuous auditing, affect sustainable industrialization in Jordanian industrial companies. We use PLS-SEM to analyze survey data from 580 managers across 69 companies. The findings indicate that digital sensing (β = 0.46) and digital transformation capability (β = 0.36) have the most potent effects on digital transformation (R<sup>2</sup> = 0.66). In contrast, digital capture (β = 0.09) has a more negligible yet notable effect. Digital transformation significantly enhances sustainable industrialization (β = 0.71, R<sup>2</sup> = 0.78), with continuous auditing exerting a notable direct effect (β = 0.58). In contrast, the interaction between digital transformation and continuous auditing is not statistically significant (β = −0.27, p > 0.30), suggesting that, in this context, continuous auditing primarily serves as an independent governance layer rather than a moderating factor. The research situates the outcomes of sustainable industrialization within an information-governance framework. It helps managers and policymakers determine how to integrate digital investments, continuous auditing, and industrial sustainability under resource and regulatory constraints.",Continuous auditing; Digital dynamic capabilities; Digital transformation; Jordan; Sustainable industrialization,2026,4,10.1016/j.jclepro.2026.148156,Al-Ahmed H.,Journal of Cleaner Production,2-s2.0-105034374987
The Antecedents and Outcomes of Dynamic Capabilities in Digital Transformation: A Study of Chinese Manufacturing Companies,"The rapid evolution of digital technologies has underscored the need for firms to develop robust digitalization capabilities to remain competitive in the global market. This study investigated the development of digitalization capabilities and their effects on digital technology adoption and internationalization in Chinese manufacturing. Additionally, the mediating role of digitalization capabilities in the relationship between commitment and knowledge development processes regarding digital technology adoption is examined. Using a survey of 322 respondents, the hypothesized model is tested via partial least squares structural equation modeling (SEM-PLS). Commitment and knowledge development processes significantly influence digitalization capabilities and digital technology adoption. Digitalization capabilities positively influence internationalization and mediate the relationship between commitment and knowledge development processes and digital technology adoption. Beyond advancing scholarly understanding of how specific dynamic capabilities facilitate technology adoption and international expansion, these findings provide key insights for policymakers and industry stakeholders. Policy measures that encourage firms’ commitments, support knowledge-development initiatives, and incentivize investments in digitalization capabilities can accelerate digital transformation in manufacturing. By integrating dynamic capabilities theory with the Uppsala model in an Industry 4.0 context, this study offers a novel contribution to the literature and provides the first empirical examination to combine these elements in Chinese manufacturing.",Digital Technology; Digital Transformation; Dynamic Capabilities; Internationalization,2026,4,10.1007/s13132-025-02689-7,Huang J.,Journal of the Knowledge Economy,2-s2.0-105031842180
Realising supply chain performance through blockchain-enabled collaboration: through the lens of dynamic capability view,"Blockchain has garnered considerable attention for its potential to revolutionize supply chain collaboration (SCC), yet its practical application has lagged. A key unresolved issue is whether and how blockchain influences SCC and subsequently affects supply chain performance (SCP). Drawing on dynamic capability theory, this study explores how blockchain enables SCC, introducing the concept of blockchain-enabled SCC, comprising two dimensions: blockchain-enabled supply chain cooperation and blockchain-enabled supply chain coordination, to investigate the direct impact of this construct on SCP and the mediating role of operational capability. Utilizing survey data from 225 respondents, our findings reveal that blockchain-enabled SCC exerts both direct and indirect effects on SCP. This mechanism elucidates how blockchain functions as an enabler that contributes to SCC and SCP, advancing novel theoretical insights and empirical evidence to existing research. The findings also offer valuable practical guidance on leveraging blockchain to improve SCC through digital transformation.",Blockchain technology; dynamic capability theory; information sharing; information transparency; supply chain collaboration; supply chain performance,2025,4,10.1080/13675567.2025.2543830,Zhao X.,International Journal of Logistics Research and Applications,2-s2.0-105012860806
Digitalisation and sustainability in the Armenian wine sector: challenges and opportunities,"Armenia’s wine sector, steeped in a 6000-year-old vinicultural heritage, is undergoing a profound shift as it contends with modern-day pressures of sustainability and digitalization. This article examines the sector through the lens of “digitainability,” exploring how emerging technologies from IoT sensors to Artificial Intelligence to blockchain-based traceability can address systemic issues, including fragmented supply chains, financial constraints, and inconsistent quality standards. The research incorporates survey responses from 35 wineries and 20 in-depth interviews with industry stakeholders, ensuring a robust assessment of digital adoption trends and barriers. The quantitative analysis employs descriptive statistics, correlation analysis, and multiple regression modeling, while qualitative data are examined using thematic analysis. Findings reveal significant disparities in digital literacy and resource availability between large and small producers. While larger wineries exhibit higher adoption rates of digital tools, smaller producers face considerable financial and infrastructural barriers. The study also highlights opportunities for wineries to leverage digital solutions for enhanced resource efficiency, market differentiation, and sustainable growth. However, challenges remain, including limited policy support, inadequate technical knowledge, and concerns over the return on investment in digital infrastructure. This research contributes to both academic and practical discussions. From a theoretical perspective, it enriches the understanding of digital transformation in transitioning economies, drawing on concepts from the Resource-Based View and Dynamic Capabilities frameworks. For industry practitioners and policymakers, it provides actionable recommendations such as investing in digital literacy programs, fostering collaborative knowledge-sharing platforms, and integrating digital solutions with global sustainability initiatives like the European Green Deal. By illustrating how Armenian wineries navigate the intersection of tradition, economic transition, and technological innovation, we shed light on broader lessons in the global agri-food domain.",Armenia; digitalization; sustainability; transition economies; wine sector,2025,4,10.22434/ifamr.1269,Heussner J.,International Food and Agribusiness Management Review,2-s2.0-105013037877
"Trailblazing supply chain innovation: The fusion of dynamic capabilities, value cocreation, and digital transformation","Supply chains with dynamic and innovative capabilities have become the primary means to address risks and uncertainties. This study proposes a comprehensive framework to investigate the impact of supply chain dynamic capabilities on supply chain innovation, with value co-creation as the mediating variable and digital transformation as the moderating variable. We measure the four primary variables (supply chain innovation, supply chain dynamic capabilities, value co-creation, and digital transformation) using constructs from the literature and design questionnaires to collect data from 618 manufacturing companies in China for empirical analysis. The results show that supply chain dynamic capabilities formed by sensing, seizing, and reconfiguration capabilities among supply chain organizations positively affect value co-creation. Value co-creation has a positive effect on supply chain innovation and serves as a mediating factor in the association between supply chain dynamic capabilities and supply chain innovation. Digital transformation plays a positive regulatory role in the structural relationships among supply chain dynamic capabilities, value co-creation, and supply chain innovation. This study develops a supply chain innovation research framework, expands theoretical research on value co-creation in the supply chain, and offers a new perspective and practical evidence for supply chain innovation research.",Digital transformation; Supply chain dynamic capabilities; Supply chain innovation; Value co-creation,2026,4,10.1016/j.techfore.2026.124614,Zhou Y.,Technological Forecasting and Social Change,2-s2.0-105030654754
Accelerating the Green Shift: How Green Digital Transformation Capabilities Foster Sustainable Innovation Performance Through Circular Economy Readiness and Business Innovation Environment,"With climate concerns intensifying and global sustainability goals gaining momentum, environmental management has shifted from a reactive stance to a proactive pursuit of innovation and transformation. Modern firms are now challenged to embed environmental responsibility within their core strategies and digital initiatives to remain viable in the changing industrial landscape. This study examines how green digital transformation capabilities enhance sustainable innovation performance through environmental strategy, while emphasizing the moderating roles of circular economy readiness, business innovation environment, and financial resilience. By utilizing the theoretical framework of dynamic capability, we put forward that green digital transformation influences the environmental strategy in a favorable way, which, in turn, influences sustainable innovation performance. Data were collected from 393 Chinese manufacturing firms using a three-wave time-lagged survey design. The results confirm that environmental strategy mediates the relationship between green digital transformation capability and sustainable innovation performance to allow firms to make use of digital technologies when making strategic decisions and risk management. Moreover, it has also been found that the interaction between green digital transformation capability and environmental strategy is significantly moderated by circular economy readiness, allowing digital transformations to perform better in companies ready to embrace sustainable practices. Also, the business innovation environment and financial resilience have a greater moderating effect on the environmental strategy and sustainable innovation performance relation in dynamic market conditions. The findings expand DCT by elaborating the process of sensing environmental opportunities through digital transformation, capturing environmental opportunities through environmental strategy, and reconfiguring resources into sustainable innovation outcomes. The study has practical implications for managers as well by demonstrating that integrating digital, environmental, and financial capabilities helps firms create resilience and maintain innovation performance in an increasingly volatile post-pandemic world.",business innovation environment; circular economy readiness; dynamic capability theory; environmental strategy; financial resilience; green digital transformation capability; sustainable innovation performance,2026,4,10.1002/csr.70340,Wu Y.,Corporate Social Responsibility and Environmental Management,2-s2.0-105024802196
"Optimizing manufacturing efficiency: exploring the impact of social media, supply chain agility, and knowledge transfer in a moderated mediation model","Purpose: This study aims to (1) investigate the influence of firms’ social media utilization on performance through supply chain agility, (2) examine the mediating role of supply chain agility and (3) explore the indirect effect of social media utilization on operational performance via supply chain agility as knowledge transfer increases. Design/methodology/approach: A survey of 298 Chinese manufacturing firms was conducted to assess the proposed relationships, employing moderated mediation analysis with Andrew Hayes (2017) PROCESS macro. Findings: Social media utilization indirectly enhances operational performance through supply chain agility, supporting our mediation hypothesis (H1). Additionally, knowledge transfer moderates the positive impact of social media utilization on supply chain agility (H2). The moderated mediation analysis reveals that the mediating effect of supply chain agility on operational performance is stronger at higher levels of knowledge transfer (H3), shedding light on the intricate relationships between these variables and providing insights for businesses seeking to leverage social media and knowledge transfer to enhance supply chain resilience and operational performance. Originality/value: This study empirically investigates the role of social media utilization in supply chains within the digital age. We explore how social media enhances supply chain agility and knowledge transfer, highlighting its transformative potential for real-time communication, responsiveness and collaboration across networks. By integrating dynamic capability theory with contemporary digital practices, we demonstrate how leveraging digital platforms alongside traditional supply chain processes can significantly improve manufacturing efficiency. This research bridges existing gaps in the literature and provides valuable insights for businesses navigating complex, rapidly changing environments in the era of digital transformation.",Knowledge transfer; Moderated mediation analysis; Operational performance; Social media utilization; Supply chain agility,2025,4,10.1108/JMTM-06-2024-0335,Bai B.,Journal of Manufacturing Technology Management,2-s2.0-105001071738
"Knowledge ecosystem integration in digital transformation: a configurational analysis of anticipatory governance, creative behaviour and digital culture in cultural industries","Purpose – This study aims to address critical theoretical fragmentation in knowledge management by examining how cultural industries orchestrate knowledge ecosystems during digital transformation, introducing the Knowledge Ecosystem Integration Model and conceptualising “knowledge ecosystem resonance” as a novel theoretical construct explaining value amplification through harmonised knowledge flows across organisational boundaries. Design/methodology/approach – Using methodological triangulation, this study combines partial least squares structural equation modelling and fuzzy-set qualitative comparative analysis with data from 308 managers and creative professionals across Vietnam’s film, music and digital content sectors, revealing both linear relationships and configurational pathways to digital creative value. Findings – Anticipatory governance emerges as a critical temporal knowledge orchestration mechanism, demonstrating substantial effects on creative behaviour and digital culture. Digital culture is crucial to transforming creative knowledge into value. Five distinct configurational pathways demonstrate equifinality, challenging linear approaches and revealing multiple routes to achieving knowledge ecosystem resonance. Originality/value – This research advances knowledge management theory through: theoretical integration of knowledge creation theory, dynamic capabilities and knowledge governance frameworks addressing temporal dimensions; conceptualisation of anticipatory governance as future-oriented knowledge orchestration; empirical demonstration of knowledge ecosystem resonance as measurable phenomenon; and identification of configurational pathways revealing equifinality in ecosystem development.",Anticipatory governance; Cultural industries; Digital transformation; Knowledge ecosystem; Knowledge ecosystem resonance; Knowledge management,2026,4,10.1108/JKM-04-2025-0464,Ngo Q.D.,Journal of Knowledge Management,2-s2.0-105030530623
Digital Technology Adoption and SME Performance in Vietnam: A Pilot Study of Innovation Capability and Entrepreneurial Orientation,"This exploratory study investigates how digitalization influences competitive performance among Vietnamese SMEs in post-pandemic markets, examining innovation capability as a mediator and entrepreneurial orientation as a potential moderator. Drawing on preliminary data from 60 SMEs across manufacturing, retail, and service sectors in Vietnam's major economic zones, we employ regression analysis to test three hypotheses derived from Resource-Based View and Dynamic Capabilities Theory. Results suggest positive associations between digital technology adoption and self-reported competitiveness (β = 0.695, p < 0.001), with innovation capability partially mediating this relationship (indirect effect = 0.150, 95% CI [0.089, 0.211]). However, entrepreneurial orientation did not significantly moderate the digitalization-competitiveness relationship (β = 0.056, p = 0.294), suggesting that managerial attitudes alone cannot overcome resource constraints. Firm size emerged as a critical factor, with larger SMEs better positioned to leverage digital investments. While these findings offer initial insights into SME digital transformation in emerging markets, the limited sample size severely restricts generalizability. This pilot study highlights the need for large-scale research incorporating objective performance metrics, longitudinal data, and examination of specific digital capabilities rather than generic technology adoption. Future research should address how resource-constrained SMEs can develop unique digital competencies that create sustainable competitive advantage.",competitiveness; digitalization; entrepreneurial orientation; innovation ability; SMEs,2025,4,10.33168/JLISS.2025.0908,Thi M.T.,Journal of Logistics Informatics and Service Science,2-s2.0-105024233028
How digital skills and IT capabilities drive SMEs’ performance: The mediating role of entrepreneurial resilience,"This study examines how digital skills and information technology (IT) capabilities shape small and medium-sized enterprises’ (SMEs’) performance, with entrepreneurial resilience as a mediator. Drawing on the resource-based view and dynamic capabilities view, this research aims to fill gaps in understanding how digital skills and robust IT capabilities require adaptive, resilience-building processes to translate into sustained performance gains. Using structural equation modeling on survey data from 227 Tunisian SMEs, the findings indicate that digital skills and IT capabilities have positive direct effects on performance. However, entrepreneurial resilience emerges as a proactive, value-creating capability that turns digital endowments into financial, market, and digital performance. The results offer theoretical implications for integrating resources and dynamic capabilities, as well as practical guidance for prioritizing skill development, IT investment, and resilience programs in the digital transformation of SMEs.",Digital skills; entrepreneurial resilience; IT capabilities; SMEs’ performance,2026,4,10.1080/26437015.2025.2606368,Omri A.,Journal of the International Council for Small Business,2-s2.0-105026870098
Strategic perception of Industry 4.0 and its impact on digital servitization in manufacturing firms,"Purpose – This study examines the influence of Industry 4.0 perception and organizational structures on competency development, workforce training and strategic objectives in manufacturing firms undergoing digital servitization (DS). The research identifies key relationships and provides guidelines to optimize DS strategies, emphasizing the role of human capital and advanced technologies in enhancing business competitiveness. Design/methodology/approach – A structural equation modeling (SEM) approach was applied to analyze data from 98 Spanish manufacturing firms implementing DS strategies. The study evaluates the perceived importance of Industry 4.0, the presence of dedicated Industry 4.0 units, required competencies and diverse training profiles, assessing their impact on achieving strategic objectives. Findings – The results indicate that Industry 4.0 perception significantly influences competency development, workforce training and the achievement of strategic objectives such as customer retention, competitive differentiation and innovation. However, the mere existence of dedicated Industry 4.0 units does not guarantee competency improvement or goal achievement, highlighting the need for a holistic, integrated approach to DS. Practical implications – Findings offer actionable recommendations for firms to align DS strategies with talent development, ensuring that Industry 4.0 initiatives are effectively integrated into business models for long-term competitiveness. Originality/value – This study differentiates between strategic perception and formal organizational structures, offering novel insights into the interplay between human capital and digital technologies in servitization. It contributes to the resource-based view (RBV) and dynamic capabilities theory, providing empirical evidence on the effectiveness of Industry 4.0 strategies.",Business competitiveness; Digital servitization; Digital transformation; Dynamic capabilities; Industry 4.0,2026,4,10.1108/JMTM-02-2025-0107,Minaya P.E.,Journal of Manufacturing Technology Management,2-s2.0-105008915244
AI and organizational leadership: bibliometric review and future trends,"Purpose – This article analyses the evolution of scientific literature at the intersection of artificial intelligence (AI) and organizational leadership. It identifies research trends, theoretical frameworks and emerging lines of inquiry, while addressing the practical, ethical and policy implications of AI integration in leadership settings. Design/methodology/approach – A mixed-methods approach was adopted, combining bibliometric techniques with qualitative content analysis. A total of 304 peer-reviewed articles (2014–2025) were retrieved from the Web of Science Core Collection and screened using a PRISMA-inspired procedure. Data were analysed with VOSviewer and thematic synthesis to identify networks, citation patterns, thematic clusters and theoretical foundations. Findings – The study identifies three dominant thematic areas: (1) decision support, (2) evolving leadership roles, and (3) ethics/sustainability. Influential theoretical perspectives include the dynamic capabilities view, social cognitive theory and sociotechnical systems theory. The review also highlights the emergence of diverse leadership styles (transformational, ethical, empowering and digital) shaped by AI's integration into organizational processes. Overall, the field displays both consolidation and fragmentation, underscoring the need for more integrative sociotechnical frameworks. Research limitations/implications – Beyond its diagnostic contribution, this study emphasizes the strategic, ethical and digital competencies required for AI-driven leadership, providing practical insights for organizations seeking to align governance, talent management and innovation strategies with emerging technological challenges. The research offers a systematic and integrative mapping of the AI–leadership field, combining bibliometric indicators with qualitative insights to identify conceptual trends, research gaps and actionable guidance on competencies, hybrid human–AI structures, and governance for responsible and sustainable adoption. Practical implications – The findings offer practical guidance for organizational leaders navigating AI-driven transformation. They identify key leadership competencies such as ethical reasoning, digital literacy and change management, essential for integrating AI effectively. The study also informs the design of leadership development programs, talent strategies, and governance frameworks that promote responsible AI use. By mapping leadership styles suited to AI-mediated environments, it helps organizations align human and algorithmic decision-making, foster trust, and ensure sustainable performance in increasingly digital contexts. Social implications – The integration of AI into leadership practices raises critical social concerns related to fairness, transparency, and accountability. This study highlights the need for inclusive and ethical governance models to address algorithmic bias, protect employee well-being, and ensure equitable access to AI benefits. Leadership plays a key role in mediating these challenges by fostering human-AI collaboration based on trust and ethical alignment. The findings underscore the importance of preparing leaders to navigate complex sociotechnical systems, influence organizational culture, and contribute to shaping public policies that support responsible and sustainable AI adoption. Originality/value – This study offers a systematic and integrative mapping of the academic landscape on AI and leadership. By combining bibliometric indicators with qualitative insights, it identifies conceptual trends and research gaps, while providing actionable guidance for scholars, organizational leaders and policymakers navigating the complexities of digital transformation.",AI adoption; Artificial intelligence; Ethics; Leadership; Leadership styles; Organizational transformation; Sustainability,2025,4,10.1108/JOCM-03-2025-0291,González-Reyes C.,Journal of Organizational Change Management,2-s2.0-105029760824
Bridging law and strategy: How intellectual property courts reshape corporate digital transformation through dynamic capabilities,"The global proliferation of specialized intellectual property courts constitutes a judicial experiment to stimulate innovation, yet its impact on corporate digital transformation (CDT)—a process necessitating rapid resource reconfiguration and strategic foresight—remains underexplored. Drawing upon institutional theory and the dynamic capabilities perspective and leveraging China's specialized IP court reforms from 2001 to 2022 and a panel dataset of 4321 A-share listed firms, our difference-in-differences analysis reveals three key findings: First, IP judicial protection significantly accelerates CDT in China, a conclusion robust to multiple identification checks. Second, we examine the role of judicial efficiency in the relationship between IP judicial protection and CDT. We find that higher average compensation for IP cases and shorter trial periods strengthen the positive effect of IP judicial protection on CDT, whereas a higher plaintiff loss rate at first instance weakens this effect. Third, we find that IP judicial protection promotes CDT through two channels: increasing firm resource endowments and reducing environmental uncertainty. Finally, this effect is concentrated among privately owned firms, technologically sophisticated firms, and firms in eastern regions. These findings provide actionable insights for policymakers to design intelligent IP ecosystems and for firms to align judicial reforms with digital transformation strategies.",Corporate digital transformation; Dynamic capabilities; Intellectual property court; Judicial efficiency,2026,4,10.1016/j.technovation.2025.103387,Xu L.,Technovation,2-s2.0-105018668619
Unlocking Digital Potential—The Impact of Innovation and Self-Determined Learning,"In an era of rapid digital transformation, organisations must cultivate dynamic capabilities that promote innovation and continuous learning. This study examines how self-determined motivation and innovation adoption are crucial enablers in developing the digital competencies essential for employees to navigate digital transformation. Grounded in Self-Determination Theory and the Diffusion of Innovation framework, our research underscores the systemic role of individual agency, technological advancements, and organisational structures in facilitating workforce adaptation. Employing a quantitative approach with 152 survey participants, our findings reveal that self-determined motivation alone is inadequate, while adopting innovation significantly influences digital competence. We demonstrate that human-centred factors must align with systemic digital transformation efforts. Moreover, we highlight the necessity of integrating employee capabilities into broader enterprise and government digital innovation strategies. The implications of this study are both theoretical and practical. We stress the need for organisations to design change processes that support digital knowledge acquisition and adaptability in evolving workplaces. Our research offers a systemic perspective on digital transformation, reinforcing that successful organisational innovation requires structured learning environments that empower employees. By fostering an ecosystem where digital competencies are nurtured, organisations can enhance agility, resilience, and sustained competitiveness in the digital age.",digital competence; digital transformation; innovation adoption; knowledge management; learning; self-determination,2025,4,10.3390/systems13050396,Starke S.,Systems,2-s2.0-105006672072
Analyzing the interaction of key factors of Sustainable Business Model Innovation in the Digital Age Based on Dynamic Capabilities Using An integrative meta-synthesis and interpretive structural modeling (ISM) approach,"Due to the rapid changes and developments caused by technology in the digital age and the growing importance of achieving sustainability for the survival of businesses, the need to create the capabilities needed to innovate in the business model of organizations has become inevitable. This research is trying to provide a model for business model innovation with the aim of sustainability by considering the external factor of digitalization (digital transformation) and the internal factor of dynamic capabilities. The method of this research is mixed so that in the first stage the qualitative method of Meta-Synthesis is used and in the second stage the quantitative method of Interpretive Structural Modeling (ISM) is used. In this research, based on the systematic review of previous researches in scientific databases, 402 related articles were identified and then 46 final articles were selected during the screening process. Based on the thematic analysis, a total of 4 main categories and 14 factors were extracted. In the second stage of the research, an interpretive structural model (ISM) is developed to show the inter‐relationship of different factors and their levels of importance in the food industry. The 8-level hierarchy model of factors influencing the sustainable business model innovation in the digital age with a dynamic capabilities approach was proposed. Results show that a new component called network value has been added to the traditional business model components. Furthermore, the MICMAC approach has been used to categorise factors according to their driving power and dependence. finally, digital technologies and Sensing were found to be the factors with the highest independence and the highest driving power, and “Economic Sustainability” was identified as the factor with the highest dependence and the least driving power.",Business Model Innovation; Digital Transformation; Dynamic Capabilities; Interpretive Structural Modeling (ISM); Meta-Synthesis; Sustainability,2022,4,10.22059/JITM.2021.323246.2801,Mohammadian A.,Journal of Information Technology Management,2-s2.0-85126605495
Elucidating critical success factors for digital transformation in logistics service providers using a grey-DANP approach: Insights from the Thai SMEs road freight transportation sector,"Digital transformation (DT) is crucial for logistics service providers (LSPs) to improve efficiency, innovation, and competitiveness. However, small and medium-sized enterprises (SMEs) in Thailand's road freight transportation sector face challenges in adopting digital technologies due to limited resources, expertise, and resistance to change. This study identifies and analyzes the critical success factors (CSFs) that drive successful DT for Thai SMEs. Grounded in dynamic capability (DC) theory, twelve key CSFs are identified and validated through expert insights. The study uses the grey-DANP (Decision Making Trial and Evaluation Laboratory-based Analytic Network Process combined with grey theory) approach, to examine the interrelationships and relative importance of these CSFs. Weight-variance analysis (WVA) further assesses the strengths and weaknesses of each CSF, providing organizations valuable insights for enhancing the DT process. The findings provide actionable recommendations for SMEs to overcome barriers and better navigate their DT journey. The study contributes a conceptual framework for SMEs in the road freight transportation sector, with insights that can be adapted to other industries facing similar digital adoption challenges. This research offers valuable theoretical and practical contributions, providing guidance for policymakers, business leaders, and scholars aiming to facilitate DT in SMEs across emerging economies.",Critical success factors; Digital transformation; Dynamic capability theory; Grey-DANP; Weight-variance analysis,2025,4,10.1016/j.joitmc.2025.100549,Areerakulkan N.,Journal of Open Innovation Technology Market and Complexity,2-s2.0-105005065532
Driving SME success through digital readiness and dynamic capabilities in propelling business process digitalization and performance,"Purpose – This study aims to investigate the influence of digital readiness, strategic foresight and strategic flexibility, in driving business processes digitalization (BPD) and performance of small and medium enterprises (SMEs). Design/methodology/approach – A conceptual framework is developed through integrating organizational readiness theory (ORT) with the dynamic capabilities view (DCV). The hypotheses are tested using survey data collected from 284 SMEs in Oman. The dataset is analyzed using partial least squares structural equation modeling with the Smart-PLS software. Findings – The analysis reveals that digital readiness and strategic flexibility both have a positive influence on BPD and performance. However, strategic foresight has no effect on the same. Moreover, BPD was found to be positively associated with performance. Finally, BPD mediates the effect of digital readiness and strategic flexibility on firm performance but does not mediate the link between strategic foresight and performance. Practical implications – This study offers valuable insights for policymakers focused on fostering SME development, as well as for owners and managers of such enterprises, by identifying key drivers of BPD. It also highlights the role of digital readiness, strategic flexibility and BPD in enhancing performance. The findings emphasize the importance of developing and nurturing these critical features to support the digital transformation of SMEs, and ensuring their success. Originality/value – This study makes two key contributions. First, to the best of the authors’ knowledge, it is the first study to integrate ORT with DCV, offering new insights into how readiness and dynamic capabilities enhance BPD and performance in SMEs. This approach emphasizes the critical relationship between readiness, dynamic capabilities and BPD in boosting SME performance. Second, this study highlights the mediating role of BPD as a vital link between digital readiness, strategic flexibility and performance outcomes.",Digital readiness; Digitalization; Dynamic capabilities view; Firm performance; SMEs; Strategic flexibility; Strategic foresight,2025,4,10.1108/JEEE-02-2025-0057,Alqam H.S.,Journal of Entrepreneurship in Emerging Economies,2-s2.0-105024420271
The Human Bridge: How the Human Factor Mediates the Impact of Industry 4.0 Technologies on Supply Chain Resilience in the Industry 5.0 Era,"Industry 4.0 technologies (such as Internet of Things, artificial intelligence, and Big Data) are redefining supply chain resilience paradigms. However, the emergence of Industry 5.0 introduces a fundamental shift by positioning the human factor as a central element in this technological equation. Using data from 125 managers in manufacturing and service industries, this study investigates this transition through a dual methodological approach: Canonical correlation analysis to identify key technological patterns and mediation analysis to elucidate the role of human factor. Confirmatory factor analysis was also applied to validate the measurement model, and all analyses were complemented with bootstrapping procedures to ensure methodological robustness and reliability. The canonical correlation analysis results reveal strategic associations between specific Industry 4.0 technologies and critical supply chain resilience dimensions, highlighting optimal configurations for diverse operational contexts. The mediation analysis demonstrates that the Human Factor not only complements but also significantly channels the impact of technologies on resilience, acting as a bridge between technical capabilities and operational outcomes. Specifically, we show how human adaptability, problem-solving, and digital competencies condition the effectiveness of Industry 4.0 technologies, explaining why organizations that invest in both technological and human resources achieve higher resilience. These findings provide empirical support for the Industry 5.0 paradigm by demonstrating the mechanisms through which the human factor enhances technological value creation, and they offer actionable insights for organizations (particularly small and medium-sized enterprises) seeking to balance technological and human capital to optimize resilience in increasingly complex supply chains.",Digital transformation; dynamic capabilities theory (DCT); emerging economies; human factor (HF) mediation; human-centric Industry 5.0 (I5.0); Industry 4.0 (I4.0) technologies; supply chain resilience (SCR),2026,4,10.1109/TEM.2026.3670463,Leon O.,IEEE Transactions on Engineering Management,2-s2.0-105031956580
Enhancing supply chain resilience through digital twin-enabled risk management: The role of logistic service coordination and distribution network efficiency,"Events such as COVID-19 and the Suez Canal blockade exposed to the world how susceptible global supply networks are, as well as how they impede logistic service system coordination (LSSC) and distribution network efficiency (DNE). To stay ahead of the competition and ensure operational sustainability in the current fast-paced, interlinked global market, organizations must prioritize supply chain resilience (SCR). Given this, the present investigation focuses upon investigating the impact of a digital-twin-enabled risk management system (DTRMS) on SCR improving through facilitators, including DNE and LSSC. Data is collected from 281 manufacturers in Asia-Pacific and the Middle-East Region using a survey approach and analyzed using structural equation modeling. The results show that having a DTRMS is significantly associated with higher LSSC and DNE, which are in turn associated with higher SCR. An analysis of the association between DTRMS-LSSC, DTRMS-DNE, and DTRMS-SCR using innovation-focused complementary assets (ICA) as a moderator shows that only the interaction between ICA and DTRMS has a favorable influence on LSSC. The study result contributes to the expanding body of knowledge on digital transformation in supply chain management during the post-pandemic period. It also enhances the theoretical foundations of resource orchestration theory and dynamic capability view theory. Manufacturers and logistics providers can benefit from these results to establish reliable and resilient supply chain operations using digital twin technologies.",Digital twin technology; Distribution network efficiency; Logistics service systems coordination; Manufacturing sector; Supply chain resilience,2026,4,10.1016/j.ijpe.2026.110016,Sahoo S.,International Journal of Production Economics,2-s2.0-105033648511
Data analytic capability as an enabler of CSRD readiness: a moderated mediation analysis,"Purpose – The Corporate Sustainability Reporting Directive (CSRD) requires organizations to develop the capability to collect, process and report extensive sustainability data electronically. Drawing on Organizational Information Processing Theory and Dynamic Capability Theory, this study aims to examine how organizations can use digital transformation tools to enhance their CSRD readiness, with a focus on the mediating role of data analytic capability. Design/methodology/approach – An online cross-sectional survey was administered to key informants from large companies and small and medium enterprises (SMEs) located in the European Union to examine whether digital transformation tools contribute to CSRD readiness. The mediating effect of data analytic capability and the moderating effect of data-driven culture were tested using partial least squares structural equation modeling. Findings – The study’s findings showed that, for SMEs and large organizations alike, those that had implemented digital transformation technologies with a strong supply chain and/or inter-firm perspective had a better-developed data analytic capability, which in turn was positively associated with CSRD readiness. While the mechanism was similar for large organizations and SMEs, large organizations were significantly ahead in developing their CSRD readiness. Practical implications – Organizations should approach CSRD compliance, and more generally, sustainability reporting practices, as a strategic capability-building initiative rather than a mere regulatory burden. SMEs in particular should prioritize developing data analytic capability through targeted technology investments, as this capability not only enables sustainability reporting compliance but also enhance their competitive position as trusted supply chain partners. Originality/value – The study demonstrates how data analytic capability acts as the mechanism through which organizations translate investments in technology into improved organizational capabilities required for CSRD readiness.",Data analytic capability; Data-driven culture; Digital transformation; Digitalization; Sustainability; Sustainability reporting,2026,4,10.1108/JGR-04-2025-0119,Kokkinou A.,Journal of Global Responsibility,2-s2.0-105024660658
Digital Entrepreneurial Orientation and Organizational Performance: The Mediating Role of Digital Innovation Competence and The Moderating Effect of Digital Technology Preparedness,"This research examines the relationship between digital entrepreneurial orientation and organizational performance in Indonesian healthcare organizations, investigating the mediating role of digital innovation competence and the moderating effect of digital technology preparedness. Using PLS-SEM with 250 healthcare organizations in Batam City, the study tests an integrated moderated mediation model grounded in resource-based view, dynamic capabilities theory, and contingency theory. Results demonstrate that digital entrepreneurial orientation significantly influences organizational performance both directly and indirectly through digital innovation competence as a partial mediator. Digital technology preparedness serves as a critical moderator, substantially amplifying the relationship between entrepreneurial orientation and innovation competence at higher preparedness levels. The model explains substantial variance in digital innovation competence and moderate variance in organizational performance, demonstrating strong predictive relevance. These findings contrib-ute to digital entrepreneurship theory by revealing conditional indirect mechanisms through which entrepreneurial orientation creates value in digital transformation contexts. The research extends understanding of how organizational capabilities mediate strategic orientation effects while technological readiness serves as an enabling condition. Practically, Indonesian healthcare organizations should prioritize developing comprehensive digital innovation competencies while simultaneously investing in technological infrastructure, human capital, and organizational culture to maximize entrepreneurial benefits. The study provides actionable insights for healthcare managers navigating digital transformation challenges in emerging markets, emphasizing capability-building approaches over purely strategic positioning.",Digital entrepreneurial orientation; digital innovation competence; digital technology preparedness; mediation; moderation; organizational performance,2025,4,10.14419/n6q13j78,Purnawan M.P.,International Journal of Accounting and Economics Studies,2-s2.0-105015847577
"Business Models, Dynamic Capabilities and Industry 4.0: A Framework to Explore This Relationship","This study explores the relationship between business models, dynamic capabilities, and industry 4.0. Based on the literature of these constructs, a framework was created and four organizations were analyzed. Three of them are classified as providers of industry 4.0, and one is classified as a user of industry 4.0. The results demonstrate that the organizations classified as providers managed to develop dynamic capabilities that assisted them to digitally transform themselves and innovate their business model. For these organizations, network contacts and the organizational ecosystem are considered two fundamental aspects to allow industry 4.0 development. At the same time, organizational culture was pointed out as one of its greatest barriers for innovations and digital transformation development, considered a barrier even greater than the technology itself.",business model; case study; digital transformation; Dynamic capability; industry 4.0; smart factory,2023,4,10.1142/S0219877023500360,Cruzara G.,International Journal of Innovation and Technology Management,2-s2.0-85158046572
"Digital transformation and environmental, social and governance performance: a technology–organization–environment framework","Purpose – Based on the Technology–Organization–Environment (TOE) framework, this study explores how digital transformation (DT) impacts corporate environmental, social and governance (ESG) practices and improves ESG performance. Design/methodology/approach – This study employs a multiple linear regression model and mediator-effect model to test the mechanism by which DT improves ESG performance. Findings – DT improves corporate ESG performance by reinforcing a competitive organizational culture and by enhancing dynamic capabilities. Market competition amplifies the positive impact of DT on ESG performance, whereas political connections do not affect the relationship between the two. The impact of DT on ESG performance varies across different industry types, industry characteristics and corporate life cycle stages. Research limitations/implications – This study not only enriches the theoretical research concerning the economic and non-economic impacts of DT but also establishes a theoretical framework to analyze how enterprises improve ESG performance through DT. Practical implications – This study provides actionable insights for corporate managers, while concurrently establishing a theoretical foundation and offering practical policy recommendations for governments to support enterprises’ DT. Originality/value – This study emphasizes that the positive impact of DT does not arise spontaneously; instead, it necessitates collaborative evolution across technology, organization and environment. This insight deepens the understanding of DT’s complexity, circumvents the oversimplification of DT as a mere adoption of a digital tool and provides a more holistic analytical perspective for future research.",Competitive organizational culture; Digital transformation; Dynamic capabilities; ESG performance; Market competition; Political connections,2025,4,10.1108/MD-11-2024-2503,Xiu P.,Management Decision,2-s2.0-105017156737
"Acquisition of financial resources, dynamic capabilities, and embedding in corporate ecosystem platforms","This paper explores the relationship between the acquisition of financial resources, dynamic capabilities, and the embedding of enterprise ecological platforms based on data from China's A-share listed companies from 2011 to 2023. The research finds that the capability to acquire financial resources significantly enhances the level of embedding of enterprise ecological platforms. Innovation capability, absorptive capacity, and adaptive capability all have a positive impact on the embedding of enterprise ecological platforms, and there is a significant synergistic effect among the three. Further analysis indicates that dynamic capabilities play a partial mediating role in the process through which the acquisition of financial resources influences the embedding of enterprise ecological platforms. This paper reveals the key mechanisms for the implementation of enterprise ecological platform strategies from the dual perspectives of external resource acquisition and internal capability development, providing theoretical support and empirical evidence for promoting digital transformation and ecological embedding in enterprises.",Dynamic capabilities; Embedding in corporate ecosystem platforms; Financial resource acquisition,2025,4,10.1016/j.frl.2025.108451,He J.,Finance Research Letters,2-s2.0-105015960972
The conditional path from artificial intelligence to operational performance through resource reconfiguration under supply chain integration,"Purpose – This study aims to investigate the impact of artificial intelligence (AI) utilization on firms’ operational performance. Building on this main effect, this study further examines the mediating role of resource reconfiguration and the moderating effect of supply chain integration (SCI), with the aim of uncovering the underlying mechanisms and boundary conditions that govern AI value realization in manufacturing contexts. Design/methodology/approach – Grounded in dynamic capabilities theory and complementarity theory, this study develops a theoretical model linking AI utilization, resource reconfiguration, SCI and operational performance. Using survey data from 490 Chinese manufacturing firms, the hypotheses are tested through hierarchical regression and moderated mediation analysis with Hayes’ PROCESS macro. Findings – The results reveal that (1) AI utilization enhances operational performance both directly and indirectly through resource reconfiguration; (2) resource reconfiguration partially mediates this relationship via a three-stage process of structuring, recombining and leveraging and (3) SCI significantly attenuates the positive effect of AI utilization on resource reconfiguration, thereby weakening the overall indirect impact on performance. Originality/value – This study challenges the prevailing view that AI utilization and SCI are inherently complementary. By theorizing a moderated mediation model, we show that SCI can suppress the positive effect of AI on operational performance by constraining resource reconfiguration. This finding extends the theory of complementarities and highlights the conditional value of SCI in AI-enabled operations. Our study offers new insights for manufacturing firms aiming to balance digital transformation with collaborative routines in complex supply networks.",AI utilization; Complementarity theory; Dynamic capabilities theory; Operational performance; Resource reconfiguration; Supply chain integration,2026,3,10.1108/JMTM-09-2025-0875,Zhong D.,Journal of Manufacturing Technology Management,2-s2.0-105039143820
Digital Transformation of Enterprises and Accounting Information Quality: A Resource Dependence Theory Perspective,"Based on the perspective of resource dependence theory, this study empirically investigates the relationship between corporate digital transformation and the quality of accounting information using a sample of A-share listed companies in China from 2010 to 2021. The findings are as follows: (1) Corporate digital transformation significantly improves the quality of accounting information; (2) Stock price synchronicity, corporate social responsibility, and internal control mediate the relationship between digital transformation and accounting information quality; (3) Environmental uncertainty negatively moderates the impact of digital transformation on accounting information quality, while differentiation strategy and asset turnover positively moderate this relationship; (4) The impact of digital transformation on accounting information quality is more significant for non-state-owned enterprises and companies located in eastern China. This paper constructs a theoretical framework based on resource dependence theory, expanding the channels and mechanisms for improving the quality of corporate accounting information. The findings are valuable for guiding governments and regulatory bodies in formulating policies that encourage companies to deepen their digital transformation efforts.",accounting information quality; Corporate digital transformation; dynamic capabilities theory; information asymmetry theory; resource dependence theory,2026,3,10.1080/1540496X.2025.2552882,Song H.,Emerging Markets Finance and Trade,2-s2.0-105017707397
"Strategic human resource capabilities for digital transformation: Linking talent, leadership, competence and readiness to technology adoption","Orientation: Digital transformation has become a decisive factor in enhancing competitiveness within manufacturing industries; however, many firms in emerging economies continue to face constraints related to workforce capability and organisational readiness. Research purpose: This study examines the influence of digital talent strategy (DTS) and technology-driven leadership (TDL) on digital technology adoption (DTA), with digital competency development (DCD) and digital change readiness (DCR) acting as mediating mechanisms. Motivation for the study: Although prior research highlights the importance of talent and leadership in digital transformation, existing studies often treat these dimensions separately and predominantly focus on advanced economies. The Indonesian manufacturing sector therefore offers a relevant context to explore how people-oriented strategies support digital adoption under systemic disruption. Research approach/design and method: A quantitative survey was conducted involving 250 respondents from medium- and large-scale manufacturing firms across five industrial estates in West Java, Indonesia. Data were analysed using partial least squares structural equation modelling. Main findings: The findings indicate that DTS has a significant direct and indirect effect on DTA through DCD and DCR. While TDL does not exert a direct influence on DTA, it demonstrates a strong indirect effect via DCR, highlighting the central role of organisational readiness in facilitating digital adoption. Practical/managerial implications: Manufacturing firms are encouraged to institutionalise structured digital talent planning, continuous training, and recruitment aligned with digital requirements. Leadership efforts should prioritise strengthening readiness and fostering supportive organisational climates for transformation. Contribution/value-add: This study advances the resource-based view and dynamic capabilities perspectives by integrating talent, leadership, competence, and readiness into a unified framework for digital transformation, offering both theoretical insight and practical guidance for organisations in emerging economies.",digital change readiness; digital competency development; digital talent strategy; digital technology adoption; technology-driven leadership,2026,3,10.4102/sajhrm.v24i0.3327,Ekhsan M.,SA Journal of Human Resource Management,2-s2.0-105030707127
The roles of history in accomplishing digital transformation: a dynamic capabilities perspective,"Strategy research on the uses of history in organisations have mushroomed in the recent years. While one of the main uses of history is to accommodate strategic change, little is known about the historical dynamics underpinning this process. In this study, we used the dynamic capabilities theoretical perspective to argue that the managerial ability to strategically use history is a factor related to successful strategic change. A case study of the digital transformation of a multinational ICT company was carried out to explore the strategic use of history. The company's history portrays a series of critical events which served as a basis to theorise the narrative of these past events in accomplishing digital transformation. We provided in-depth discussion of the organisation behaviours that preceded this strategic change. We contribute to literature by discussing the role of specific history-oriented practices in accomplishing digital transformation and their relationship with two emerging history-based managerial abilities.",digital transformation; dynamic capabilities; History; past; technology adoption,2025,3,10.1080/09537325.2023.2299937,Ferri P.,Technology Analysis and Strategic Management,2-s2.0-85182632942
Unlocking Digital Payoffs in Pharmaceutical Supply Chains: Organizational Learning Capability as a Boundary Condition,"Pharmaceutical supply chains operate under stringent regulatory regimes, temperature-sensitive logistics, and repeated threats of shortage and recall, conditions that render digital transformation key to reliability and efficiency of operations. This paper investigates whether supply chain digitalization enhances operational performance and whether organizational learning capability amplifies such impact in an emerging-economy setting. Grounded on the resource-based view and dynamic capabilities theory, we conceptualize supply chain digitalization as a portfolio of digital assets and process innovations and theorize organizational learning capability as a high-order capability for absorbing, assimilating, transforming, and applying knowledge encoded in digital traces. We test the model on survey data from the pharmaceutical supply chain sector of Jordan (n = 217) and estimate relationships by means of Partial Least Squares Structural Equation Modeling (PLS-SEM) with reflective indicators. The study found that supply chain digitalization positively and significantly impacts operational performance and that organizational learning capability positively moderates supply chain digitalization and operational performance interaction. Overall, results uncover digital investment paying faster, better, and more reliable speed, quality, and reliability when invested in learning architectures institutionalizing cross-functional knowledge flows and continuous improvement. The paper contributes by placing organizational learning capability in the role of a boundary-enforcing condition for realizing digitalization returns in regulated, high-reliability supply chains and by providing evidence from an under-investigated emerging-economy environment. Managerially, results highlight sequencing digitalization prompted by regulatory needs with operations redesign and investing in learning routines cultivating faith in data-driven and AI-based decision making.",Emerging Economies; Jordan; Operational Performance; Organizational Learning Capability; Pharmaceutical; Supply Chain Digitalization,2026,3,10.32479/irmm.21568,Tarawneh A.,International Review of Management and Marketing,2-s2.0-105021533687
Digital transformation and supply chain resilience in Chinese manufacturing: the mediating role of supply chain risk management,"Purpose – This study aimed to introduce the mechanism of digital transformation, which enhances supply chain resilience. Current research has overlooked the factors contributing to the relationship among digital transformation, supply chain risk management, supply chain resilience, and disruption impact. Therefore, we investigated the mediating roles of four core processes in supply chain risk management using the theoretical basis of dynamic capabilities theory. Design/methodology/approach – Surveys were conducted with 284 Chinese manufacturing enterprises in the supply chain sector. Partial least squares structural equation modeling examined the relationships between digital transformation, supply chain risk management, disruption impact, and supply chain resilience. Findings – Among the four dimensions of supply chain risk management, risk assessment, risk mitigation, and risk control mediate between digital transformation and supply chain resilience. In contrast, risk mitigation does not serve as a mediator. The moderating role of disruption impact concerning supply chain resilience was not confirmed. Originality/value – This study provides empirical support for how manufacturing enterprises can leverage digital transformation to help identify the key supply chain risk management processes that firms can implement to enhance their supply chain resilience.",Digital transformation; Dynamic capabilities theory; Resilience; Risk assessment; Risk control; Risk identification; Risk mitigation,2025,3,10.1108/APJML-01-2025-0059,Pan H.,Asia Pacific Journal of Marketing and Logistics,2-s2.0-105044406140
"Factors influencing digital transformation adoption in manufacturing: big data analytics, digital literacy, and firm performance","The adoption and use of modern technologies are an increasingly important discourse in the context of the manufacturing paradigm. This study aims to identify the holistic factors that influence digital transformation (DT) to meet firm performance (FP) goals. This study also examines how internal and external factors influence firms’ adoption of modern technologies to achieve a competitive edge. This study used a self-administered survey; data were gathered from (n=487) innovative Pakistani manufacturing firms. The research model was proposed, and the hypotheses were tested using structural equation modeling. Moreover, the robustness of the structural test can be increased using critical performance map analysis. The empirical findings indicate that factors such as TOE, TAM, and institutional theory influence organizations’ adoption of DT. Similarly, DT has a significant and positive association with FP. BDAC positively mediates the relationship between DT and FP, and digital literacy moderates the relationship between BDAC and FP. This research enhanced the current knowledge. It provided valuable insights into promoting the DT adoption environment for digital technologies within manufacturing firms, while advancing the theoretical perspective on technology adoption within the context of dynamic capability theory. It offers a clear pathway for harmonizing and effectively integrating technology to increase firms’ performance.",big data analytics capabilities; digital literacy; Digital transformation; firm performance; innovative manufacturing,2026,3,10.1080/14783363.2026.2613218,Bilal M.,Total Quality Management and Business Excellence,2-s2.0-105028091866
How SMEs in Eastern Europe Respond to an Exogenous Shock: Enterprise Digitalization and Employment Resilience,"Amid the global trend of enterprise digital transformation (EDT), this study examines the employment effects of EDT under the economic challenges of exogenous shocks. Using World Bank enterprise survey data from nine Eastern European countries (2019–2021), we find that SMEs using remote work technologies, e-commerce, and digital platforms show greater employment resilience with fewer layoffs during crises, particularly female-dominated SMEs, SMEs with a higher ratio of technologically skilled labor, and non-manufacturing SMEs. We identify three mechanisms underlying the EDT-employment nexus: EDT promotes dynamic capabilities (innovation in products, services, and production processes); sustains operations during economic challenges; and enhances sales.",Corporate digital transformation; COVID-19 pandemic; employment,2025,3,10.1080/00128775.2025.2536015,Khan S.U.,Eastern European Economics,2-s2.0-105012531123
Turnaround or crisis: digital transformation and enterprise financial distress in economic downturns?–the moderating effects of slack resources,"The necessity for financially struggling companies to determine whether the digital transformation is a catalyst for turnaround or a precipitating factor in crisis is an urgent issue that requires clarification during the current economic downturn. This paper empirically examines the impact of digital transformation on enterprise distress through a bidirectional fixed effects model. It analyses the moderating role of slack resources in this process, using empirical data of Chinese A-share listed enterprises from 2016 to 2021 as a sample. The findings of this study are as follows: (1) Digital transformation can alleviate financial distress in enterprises by optimising resource orchestration and enhancing dynamic capabilities, with a more pronounced effect observed in non-state-owned enterprises. (2) Both absorbed and unabsorbed slack exerts a positive moderating effect on the impacts above. (3) A further analysis of heterogeneity reveals that the moderating effect of unabsorbed slack is more significant in non-state and non-high-tech firms. In contrast, the moderating effect of absorbed slack is more significant only in non-high-tech firms. This study contributes to the existing literature on the relationship between digital transformation and corporate financial distress from two complementary perspectives: resource orchestration and dynamic capability.",Digital transformation; enterprise financial distress; slack resources,2025,3,10.1080/09537325.2025.2464038,Zhuang T.,Technology Analysis and Strategic Management,2-s2.0-85217538614
Balancing order and entropy: the role of innovation and organizational disorder in performance across startups and banking,"Purpose: This study aims to examine how organizations balance operational stability (order) and controlled disorder (entropy) to foster innovation and high performance. It investigates the necessary role of entropy and innovation across two distinct sectors – technology startups and banking and financial services – to determine sector-specific strategies for optimizing performance. Design/methodology/approach: The study uses necessary condition analysis (NCA) to assess the “sweet spot” required for high performance. Data were collected from 50 technology startups and 72 banking and financial service institutions. The analysis evaluates whether entropy and innovation function as necessary conditions for achieving competitive advantage in each sector. Findings: The findings indicate that innovation is a stronger predictor of performance across both sectors. The effect size of innovation is large in banking (d = 0.52) and moderate in technology startups (d = 0.44), underscoring its critical role in highly regulated industries. Entropy, while necessary, has a more moderate effect in both sectors, serving as a foundational enabler rather than a direct driver of performance. Research limitations/implications: This research advances the understanding of entropy as an enabler rather than a determinant of performance, refining theories of ambidexterity, dynamic capabilities and organizational adaptation. The findings support the notion that optimal performance emerges from balancing exploration (innovation-driven entropy) and exploitation (stability and efficiency). Practical implications: Technology startups require moderate entropy to sustain creativity while ensuring enough structure for scalability, while banking institutions must deliberately introduce controlled entropy to counteract rigidity and foster innovation. Both sectors must ensure that innovation is actively nurtured and not stifled by excessive control or mismanaged disorder. Originality/value: This study challenges conventional views by demonstrating that organizations must actively manage entropy, rather than merely minimize it, to sustain innovation and performance. It applies NCA as a novel method to assess necessary conditions for organizational success, offering a structured approach to understanding when and how entropy contributes to innovation and firm performance.",Digital transformation; Necessary condition analysis; Organizational entropy; Performance; Technological innovation,2025,3,10.1108/IJIS-03-2025-0142,Iman N.,International Journal of Innovation Science,2-s2.0-105004480230
Strategic Renewal Meets Organizational Changes: What Shapes Incumbent's Return to Digital Technologies Investments?,"A unique feature of digital technologies is their broad impact at both business and market dynamics levels. While the first impact is often studied by scholars under the lens of digital transformation (DT), the second is often separately addressed by the analysis of strategic renewal to adapt to the new environment. Here, we assess the interaction between organizational changes and the level of boldness of strategic renewal associated with DT, through a series of cross-sectional samples of firms engaging in DT worldwide. We find that organizational capabilities mediate boldness in strategic renewal, which in turn strongly determines the return on investing in digital technologies for incumbent firms.",competition; digital transformation; dynamic capabilities; organization learning; strategic renewal,2025,3,10.1002/jsc.2650,Bughin J.,Strategic Change,2-s2.0-105000828594
AI-powered risk mitigation and organizational sensemaking for supply chain resilience,"Purpose – This study aims to examine the integrated impact of artificial intelligence (AI)-powered supply chain risk management (AISCRM), autonomous resilience (AR), organizational sensemaking (OS) and supply chain resilience (SCR) on enhancing US manufacturing supply chain resilience during digital transformation, thereby addressing a critical gap in the current literature. Design/methodology/approach – Utilizing a quantitative approach, the research collected data from 741 respondents across 27 US states, representing 100 manufacturers in automotive, aerospace, electronics and industrial manufacturing sectors. The study used systematic random sampling via SurveyMonkey, distributing questionnaires to 1, 900 employees. Structural equation modeling was used to test hypotheses linking AISCRM, AR, OS and SCR, grounded in the dynamic capability view (DCV). Findings – The results confirm that AISCRM has a positive influence on AR (H1); AR enhances OS (H2) and SCR (H3); OS has a positive effect on SCR (H4); and OS mediates the relationship between AR and SCR (H5). These findings highlight the synergistic role of AI-driven autonomy and human sensemaking in fostering resilience, with significant implications for diverse manufacturing contexts. Practical implications – Manufacturers can leverage AISCRM and AR to enhance autonomous recovery, while OS can guide strategic adaptations to reduce the $50bn annual loss from supply chain disruptions. This provides actionable strategies for large, digitally intensive manufacturers to enhance their competitiveness. Originality/value – To the best of the authors’ knowledge, this research is among the first to empirically integrate AISCRM, AR, OS and SCR, addressing a gap identified in recent studies, providing a holistic framework for resilience in the digital era, and contributing to both theory and practice in manufacturing supply chain management.",AI-driven supply chain; Artificial intelligence; Autonomous supply chain; Dynamic capability view; Risk management; Supply chain resilience,2026,3,10.1108/SCM-11-2025-1161,Rashid A.,Supply Chain Management,2-s2.0-105037215252
Digital transformation and firm business diversification: An inverse U-shaped relationship,"As digital age approaches, firms are increasingly concerned about how to conduct and benefit from digital transformation. Building on dynamic capability theory, our findings confirm an inverse U-shaped relationship between digital transformation and firm business diversification, which is driven by market response and resource allocation mechanisms. Moderating effect tests suggest that the shape of this nonlinear curve varies with firm fundamentals, and that an increase in firm size, profitability, and market power would flatten this inverse U-shaped relationship. We further identify skilled talent, financing slack, cooperative culture, and technology intensity as key boundary conditions that determine whether this nonlinear relationship holds in the cross-sectional analyses. Overall, this paper advances the digital transformation literature from the perspective of business diversification and provides practical guidance for firm digital transformation.",Digital transformation; Firm business diversification; Inverse U-shaped relationship; Market response; Resource allocation,2025,3,10.1016/j.eap.2025.06.042,Wu X.,Economic Analysis and Policy,2-s2.0-105043010188
Direct and indirect effects of supply chain plasticity and AI capability on business performance: the moderating role of network embeddedness,"Purpose – This study examines how artificial intelligence (AI) capability and supply chain (SC) plasticity jointly influence business performance, while considering the moderating role of network embeddedness. Design/methodology/approach – Drawing on network theory and the dynamic capability (DC) view, the study develops and tests a conceptual model using survey data collected from 453 managers in manufacturing and service firms, analyzed with the PLS-SEM approach. Findings – The findings show that SC plasticity is the strongest driver of business performance, enabling rapid reconfiguration of processes and networks while mediating the impact of AI capability. Relational embeddedness positively moderates the effect of AI capability on SC plasticity but weakens the link between SC plasticity and performance, reflecting the paradox of embeddedness. Structural embeddedness weakens the effect of AI capability on SC plasticity but shows no significant effect on the SC plasticity-performance relationship. Practical implications – Managers should view SC plasticity as a strategic capability that converts digital resources into performance. While network embeddedness can strengthen adaptability, over-embeddedness may limit its benefits. Managers must also balance the benefits of embedded networks with the risks of over-embeddedness, ensuring flexibility in partnerships while leveraging trust-based ties for adaptability. Originality/value – This study is among the first to link AI capability with SC plasticity and provides empirical evidence on the boundary conditions of digital transformation and adaptability in emerging economies.",Artificial intelligence; Business performance; Dynamic capability; Network embeddedness; Relational embeddedness; Structural embeddedness; Supply chain plasticity,2025,3,10.1108/BPMJ-08-2025-1392,Aboelmaged M.,Business Process Management Journal,2-s2.0-105028870018
Research on the impact of data-driven dynamic capabilities on the sustainable development performance of chinese manufacturing enterprises,"In the context of high-quality development, digital transformation has become vital for Chinese manufacturing enterprises. This study examines how data-driven dynamic capabilities (DDDC)—comprising data sensing, data capturing, and digital transformation—affect firms’ sustainable development performance. Using panel data from 20,357 listed Chinese manufacturers (2012–2022), this paper employs regression, mediation, and heterogeneity analyses. Results show that all three DDDC dimensions significantly improve sustainable performance, primarily through enhanced innovation capability. The effects are especially pronounced in non-state-owned and technology-intensive firms. Theoretically, the study advances dynamic capabilities theory by uncovering the micro-mechanisms through which data drives innovation and competitiveness. Practically, it provides guidance for integrating data-centric strategies into digital transformation to foster sustainable growth.",Data-driven dynamic capabilities; Dynamic capabilities; Manufacturing Enterprises; Sustainable development performance,2025,3,10.1016/j.frl.2025.108628,Lin M.,Finance Research Letters,2-s2.0-105018223058
Exploring the microfoundations of digital transformation maturity: a focus on Italian healthcare organizations,"Purpose – This study explores the journey of healthcare organizations towards digital transformation maturity (DTM), focusing on the development and implementation of digital dynamic capabilities. By investigating the microfoundations of these capabilities, this study aims to provide a deeper understanding of the mechanisms. Design/methodology/approach – Research reported in this paper employs an abductive approach. Empirically, a qualitative methodology based on a multiple-case study analysis has been conducted on six Italian healthcare organizations through semi-structured interviews and archival data. Findings – The findings reveal the microfoundations across digital sensing, seizing and reconfiguring capabilities in healthcare to achieve DTM. The study also identifies three main stages of DTM, demonstrating how different combinations of these capabilities influence the progression towards digital maturity, thereby attaining different innovation outcomes. Research limitations/implications – This study offers implications for healthcare managers who want to advance with DT and strategically manage the innovation essential to fully enact it. The research is limited by its focus on Italian healthcare organizations, potentially affecting the generalizability of the findings. Future studies could expand the geographical scope and employ mixed-methods approaches to validate and extend the results achieved in this study. Originality/value – The study contributes to the nascent literature on DTM by providing empirical evidence of the microfoundations that enable digital dynamic capabilities, offering practical insights for healthcare managers and policymakers to foster an environment that supports a strategic approach to digital innovation.",Digital innovation; Digital transformation maturity; Dynamic capabilities; Healthcare; Microfoundations,2026,3,10.1108/EJIM-10-2024-1185,Ciasullo M.V.,European Journal of Innovation Management,2-s2.0-105026700391
"DIGITAL TRANSFORMATION, ENTERPRISE DYNAMIC CAPABILITIES, AND “BUSINESS MODEL INNOVATION","The concepts of digital transformation and dynamic capabilities have gained significant attention in contemporary times. Chinese enterprises must promptly utilize dynamic capabilities to acquire external resources, knowledge, and skills to enhance their internal capabilities and achieve innovation. This study constructs a theoretical model to examine the influence of digital transformation on business innovation, based on the dynamic capabilities theory. It also explores the mediating role of dynamic capabilities in the relationship between digital transformation and business model innovation. The research model was empirically tested using SEM structural equations on 400 valid enterprise questionnaires. The results indicate that the digital transformation of enterprises has a positive effect on’’ business model innovation’’ and enterprise dynamic capabilities. Furthermore, enterprise dynamic capabilities have a positive impact on “business model innovation.” Moreover, digital transformation has a positive effect on ‘’business model innovation’’ by mediating enterprise dynamic capabilities. At the strategic level, enterprises should prioritize digital awareness, quickly adapt to changes in both internal and external markets, and adjust their business models by emphasizing the optimization of dynamic capabilities.",Digital Transformation; Enterprise Dynamic Capabilities; “Business Model Innovation”,2024,3,10.19255/JMPM3407,Luo X.,Journal of Modern Project Management,2-s2.0-85213479132
Digital transformation of electronic patient information leaflets (ePIL): the case of multinational pharmaceutical manufacturers,"Patient information leaflets (PILs) are vital for conveying treatment details and ensuring patient safety and adherence. Traditional paper-based PILs fall short due to their complexity, specific national requirements, and dated content, posing challenges for pharmaceutical manufacturers such as supply flexibility, resource-intensive updates, and environmental impact. The rapidly evolving digital technologies provide promising opportunities for transforming traditional paper-based PIL into electronic PIL (ePIL), addressing the current limitations and creating value-adding propositions for involved stakeholders. This paper examines digital transformation of ePIL within a highly regulated environment from the perspective of multinational pharmaceutical manufacturers. We use a hybrid Delphi approach, merging reviews and interviews, to explore the dynamic capability microfoundations involved when transitioning from paper-based to digital systems from an operations management perspective. A maturity model is introduced to gauge the extent of transformation maturity in a regulated setting. This paper offers valuable insights for managers and policymakers seeking to develop dynamic capabilities for ePIL digital transformation and evaluate operational maturity. Additionally, benchmarking current and future states of ePIL transformation across participating companies highlights the importance of collaborative efforts to expedite this transformation.",digital reconfiguration; digital transformation; dynamic capabilities; Electronic patient information leaflets (ePIL); highly regulated healthcare environment; maturity models,2025,3,10.1080/00207543.2024.2445704,Srai J.S.,International Journal of Production Research,2-s2.0-85214403245
"Revisiting the Springboard Perspective: Market-seeking Internationalization, Dynamic Capabilities, and Digital Transformation of Emerging Market Firms","This study explores the impact of market-seeking internationalization, including exporting, industry linkages with foreign multinational enterprises (MNEs) at home (e.g., being a supplier), and market-seeking foreign direct investment (FDI) on the digital transformation of large manufacturing firms from an emerging economy. I revisit the springboard perspective, arguing that serving international customers contributes to emerging market firms gaining dynamic capabilities and eventually leads to the adoption of digital technologies. A four-step mediation analysis, as well as path analysis using structural equation modeling, is employed to test the hypotheses. The results show that dynamic capabilities mediate the relationship between internationalization and digital transformation for exporting and market-seeking FDI, while industry linkages with foreign MNEs at home directly lead to digital transformation. With strategic assetseeking FDI being controlled, our findings highlight that capability upgrading is not only about acquiring knowledge from outward internationalization but also through the endogenous growth path of learning by doing and knowledge acquisition from inward internationalization.",digital transformation; dynamic capabilities; emerging market manufacturing firms; internationalization; springboard perspective,2025,3,10.1017/mor.2025.10,Li Y.,Management and Organization Review,2-s2.0-105009929765
Digital transformation and tourism service innovation performance: the moderating effects of ICT readiness in tourism businesses’ innovation,"Digital transformation is crucial in the tourism industry, yet prior studies lack clarity on how strategies, such as virtual integration and customer–AI–assisted exchange (CAIX), shape innovation capacities and service innovation performance. The enabling effects of customer agility and ICT readiness also remain underexplored. This study tests a model grounded in digital competence and dynamic capabilities theory using data from 236 Taiwanese travel agencies analyzed through partial least squares structural equation modeling (PLS-SEM). The results show that CAIX significantly enhances both digital transformation strategies and customer agility. While digital strategies improve innovation capacities, they do not directly enhance service innovation performance; instead, innovation capacities mediate this relationship. ICT readiness strengthens the link between customer agility and innovation results, but not between digital strategies and outcomes. The study advances theory by positioning CAIX as a dynamic capability and clarifying the mediating role of innovation capacities. ICT readiness emerges as a selective enabler supporting real-time responsiveness rather than broad strategic execution, offering practical guidance for tourism firms to align CAIX, agility, and ICT investments with adaptive innovation.",customer–AI–assisted exchange; digital competence; Digital transformation; dynamic capabilities; tourism service innovation,2026,3,10.1080/10941665.2025.2574035,Ku E.C.S.,Asia Pacific Journal of Tourism Research,2-s2.0-105019099684
Digital transformation and disruptive green innovation: the role of organisational unlearning and organisational flexibility,"Drawing upon knowledge management theory and dynamic capability theory, this study introduces two mediating variables, namely organisational unlearning and organisational flexibility, to unveil the underlying mechanism of how digital transformation empowers disruptive green innovation in enterprises and to enhance the theoretical comprehension of the implementation path of disruptive green innovation in enterprises. Quantitative data were gathered from 186 enterprises in China. Regression analysis was employed to test hypotheses. The results show that digital transformation exerts a positive impact on disruptive green innovation in enterprises. Organisational unlearning and organisational flexibility partially mediate the impact of digital transformation on disruptive green innovation. Moreover, organisational unlearning and organisational flexibility play a chain mediating role between digital transformation and disruptive green innovation. This study facilitates the deep integration of digital transformation and disruptive green innovation, providing theoretical and practical guidance for enterprises to more effectively implement and manage disruptive green innovation in the digital economy context.",digital transformation; Disruptive green innovation; organisational flexibility; organisational unlearning,2025,3,10.1080/09537325.2025.2572048,Shang T.T.,Technology Analysis and Strategic Management,2-s2.0-105019250601
Leadership in times of crisis: cultivating crisis management through digital transformation and organizational agility,"Purpose – This study aims to investigate transformational leadership in the construction sector in the context of economic crises coupled with political strife. Design/methodology/approach – This study used a quantitative approach to examine the transformational leaders’ influence on crisis management through mediating and moderating the role of digital transformation and organizational agility, respectively, within construction small and medium-sized enterprises (SMEs) in Pakistan. The random sampling technique was used, and data were collected through a dyadic survey approach and were analyzed on SPSS-23. Findings – Findings reveal that transformational leaders would lead the organizational shift to digital transformation in economic crises in order to preserve the resources and increase the efficiency of business operations. Results have further shown that digital transformation alone may not foster crisis management unless construction SMEs uphold agility in times of crisis. Research limitations/implications – This study includes valuable recommendations for SMEs to survive during economic crises and political instability and emphasizes the systematic approach when overcoming such issues to survive. Originality/value – This study includes valuable recommendations for construction sector SMEs to survive during economic crises and political instability and emphasizes the systematic approach when overcoming such issues to survive.",Crisis management; Digital transformation; Dynamic capabilities theory; Economics crisis; Organizational agility; Transformational leadership,2026,3,10.1108/ECAM-05-2024-0620,Soomro M.A.,Engineering Construction and Architectural Management,2-s2.0-105004692865
"Going International by Going Digital: Digital Capabilities, Transformation, and Leadership in Export Performance","This study explores how small and medium-sized exporters (SMEs) in an emerging economy enhance international performance through digital transformation (DT). It analyzes the mediating role of DT, the enabling role of digital capabilities (DCs), and the moderating effect of digital transformational leadership (DTL). Data from 133 export-oriented SMEs in Vietnam were analyzed using partial least squares structural equation modeling (PLS-SEM) with robustness checks for nonlinear effects, endogeneity, and unobserved heterogeneity. The findings show that DCs—human, innovation, networking, and technical—significantly enhance export performance, both directly and indirectly through DT. DTL further strengthens these relationships by guiding the strategic use of digital technologies. Export competitiveness in emerging markets thus depends not only on technological readiness but also on leadership quality and organizational capability building. Managers should treat DT as a firm-wide capability-development process rather than a simple technology upgrade. Export SMEs need to invest in digital literacy, innovation, and external networks while fostering trust and collective learning under visionary leadership. Policymakers should reinforce SME-focused digital infrastructure, training, and leadership programs to sustain global competitiveness. Integrating the resource-based view (RBV), dynamic capabilities view (DCV), and upper echelons theory (UET), this study offers a unified framework explaining SME internationalization in the digital age. By clarifying how DCs, DT, and DTL interact to drive export performance in a volatile and complex environment, it advances international business theory and provides actionable insights for managers and policymakers.",digital capabilities; digital transformation; digital transformational leadership; export performance; SMEs,2026,3,10.1002/joe.70021,Dung L.T.,Global Business and Organizational Excellence,2-s2.0-105024817815
Synergistic modelling of green and digital local government on sustainable development performance: a case study of booming city,"Purpose – This study aims to explore the synergy between green and digital capabilities and local sustainable development goal (SDG) action plans in governments of rapidly growing cities. It analyses their impact on green and digital government practices, ultimately contributing to sustainable development performance and providing insights for effective urban policy implementation. Design/methodology/approach – This study uses a quantitative survey approach to investigate green-digital capabilities and local SDG actions within the civil service of Surabaya, a booming city in Indonesia. The respondents are civil servants selected through purposive sampling, totalling 217 participants. Data were collected using a structured questionnaire and analysed with partial least squares structural equation modelling to validate the proposed research model. Findings – This study provides empirical evidence that green dynamic capability significantly enhances local green and digital government practices, facilitating the integration of environmental policies with digital technologies. However, digital dynamic capability does not considerably affect local green government, suggesting a lack of synergy between digital innovation and environmental policies. Conversely, it positively influences local digital government, confirming its role in improving public administration. The local SDGs action plan positively influences local green government but shows no significant effect on digital government, indicating a disconnect between sustainability and digital transformation agendas. In addition, local green and digital government practices positively impact sustainable development, emphasising the importance of environmental policies and digitalisation in achieving sustainability goals. Originality/value – This study contributes original insights by empirically examining the interplay between green-digital dynamic capabilities and local SDG actions in the context of integrated green-digital government practices, specifically within the booming city. It highlights the significant impact of green dynamic capabilities on both local green and digital government while revealing the unexpected lack of influence of digital dynamic capabilities on local green government. This research uniquely addresses the existing gap in the literature regarding the integration of sustainability and digital transformation in local governance, emphasising the need for improved synergy between environmental policies and digital innovation.",Booming city; Digital dynamic capability; Digital transformation; Environmental policies; Green dynamic capability; Green-digital government; Integrated governance; Local SDGs action plan; Public administration; Sustainable development,2026,3,10.1108/JM2-10-2024-0343,Megawati S.,Journal of Modelling in Management,2-s2.0-105007528982
Rethinking corporate diversification in emerging markets: How digital transformation reshapes strategies in China,"This study investigates how digital transformation reshapes corporate diversification strategies in Chinese listed firms, underpinned by dynamic capabilities theory. Our analysis suggests that digital transformation amplifies diversification benefits by mitigating financial constraints and enhancing risk perception. Utilizing a panel dataset of 36,822 firm-year observations from 2008 to 2021, this study applies fixed-effects regression models, instrumental variable techniques, and heterogeneity analyses. Our empirical analysis reveals that digital transformation significantly promotes corporate diversification, an effect that is particularly pronounced in non-SOEs, eastern regions, and the manufacturing sector. We identify two key mechanisms driving this relationship: the mitigation of financial constraints and the enhancement of risk perception. Robustness tests confirm these findings. Additionally, digital transformation mitigates the negative impact of diversification on total factor productivity (TFP). While high economic policy uncertainty suppresses diversification, digital transformation helps offset this effect. These findings advance the strategic management literature by demonstrating how digital transformation helps firms overcome policy uncertainty and diversification challenges, offering policy insights for promoting digital adoption in China's evolving economic landscape.",Corporate diversification; Digital transformation; Economic policy uncertainty; Financial constraints; Risk perception,2026,3,10.1016/j.techsoc.2025.103086,Tao J.,Technology in Society,2-s2.0-105017544586
The strategic interplay of market orientation and digital transformation: Empirical insights from textual analysis,"Digital technology is revolutionizing the business landscape, compelling firms to embrace digital transformation (DT). As customer preferences evolve and competition intensifies in this digital age, the significance of market orientation (MO) becomes increasingly apparent. Within the framework of dynamic capabilities, our study operationalizes MO as the embodiment of a firm’s sensing and seizing capabilities, while DT corresponds to transformation capabilities. We explore the relationship between MO and DT through textual analysis approach. Utilizing panel data from Chinese listed companies for the years 2011–2022 and employing a fixed-effects model, our analysis demonstrates that MO positively influences DT. This positive association remains accepted across a series of robust tests. Furthermore, our findings suggest that research and development (R&D) investment positively strengthens this relationship. Non-state-owned enterprises and high-tech companies, in particular, exhibit a stronger effect. This study contributes to the broader understanding of how the interplay between MO and DT is instrumental in navigating the current dynamic business environment.",Digital transformation; Dynamic capability; Machine learning method; Market orientation; R&D investment; Textual analysis,2026,3,10.1016/j.lrp.2026.102604,Pang M.,Long Range Planning,2-s2.0-105026657678
Skills and dynamic capabilities for generative AI: embracing the Industry 5.0 paradigm and nourishing innovation in public institutions,"IMPACT: This article provides a practical roadmap for public sector practitioners, particularly senior policy-makers, digital transformation officers, and public administration leaders, seeking to navigate the integration of generative artificial intelligence (GenAI) within their institutions. It highlights how cultivating dynamic capabilities (sensing, seizing, and transforming) alongside technological, digital citizenship, and classical skill sets can enable governments to innovate responsibly and effectively under the Industry 5.0 paradigm. By introducing the ‘purple leader’ framework, the article equips managers with actionable guidance for balancing technical proficiency and strategic leadership in artificial intelligence (AI) deployment. Practitioners can use the proposed Public Sector AI Maturity Model to assess readiness, guide workforce reskilling, and align policy with emerging digital ethics standards. In real-world terms, these insights can transform how governments approach innovation, closing the gap between technological potential and practical execution, and ensuring AI systems enhance transparency, accountability, and citizen-centric service delivery.",AI; dynamic capabilities; Generative AI; innovation; public sector; Public Sector AI Maturity Model; skills,2026,3,10.1080/09540962.2025.2585357,Beta K.,Public Money and Management,2-s2.0-105021538990
Leveraging digital leadership and organizational agility to improve ESG performance through digital transformation,"Purpose – With ESG performance increasingly influencing corporate competitiveness and stakeholder trust, especially in emerging economies, there is limited empirical understanding of how organizational agility, digital transformation and leadership interact to enhance ESG outcomes. Guided by dynamic capabilities theory, this study examines how organizational agility and digital transformation influence ESG performance among multinational firms in Ghana, tests the mediating role of digital transformation and explores the moderating role of digital leadership. Design/methodology/approach – A purposive sampling approach was used to survey 340 senior executives, middle managers and professionals from Asian and American multinational firms in Ghana. Data were analyzed using partial least squares structural equation modeling with SmartPLS 4 software. Findings – Organizational agility positively influences ESG performance. Digital transformation also significantly impacts ESG performance and mediates the relationship between organizational agility and ESG performance. However, digital leadership did not moderate these relationships. Research limitations/implications – The study is limited to multinational firms in Ghana and uses cross-sectional data, suggesting the need for further research across different contexts and over time. Practical implications – Firms should focus on fostering organizational agility and adopting digital transformation strategies to improve ESG performance, while considering that digital leadership may play a more indirect role. Originality/value – This study applies dynamic capabilities theory to integrate organizational agility, digital transformation and digital leadership in the ESG context of an emerging economy, offering insights for multinational firms in Ghana and similar markets to enhance sustainability while addressing local challenges.",Digital leadership; Digital transformation; ESG performance; Organizational agility,2026,3,10.1108/IJOEM-01-2025-0200,Korankye B.,International Journal of Emerging Markets,2-s2.0-105025403529
The impact of digital transformation on port firms' performance: A perspective from organizational resilience and environmental uncertainty,"AbstractAs pivotal hubs for international trade, ports grapple with environmental uncertainties and resilience challenges amid digital transformation. Drawing on dynamic capability theory, this study examines 13 publicly listed port firms in China spanning 2014 to 2023. We construct a panel data regression model to investigate how digital transformation affects port firms' performance, by examining the mediating role of organizational resilience and moderating effect of environmental uncertainty. The findings reveal that digital transformation markedly enhances the performance of port firms. Notably, organizational resilience emerges as a critical mediator between digital transformation and performance. Specifically, as two sub-dimensions of organizational resilience, bounceback bolsters firms' short-term crisis response, while bounceforward fuels long-term innovation and strategic advancement. Concurrently, environmental uncertainty acts as a negative moderator in the relationship between digital transformation and performance. In highly turbulent environments, the advantages of digitalization diminish due to resource constraints and technological disconnects. Several practical insights are proposed for the digital transformation of ports, emphasizing the need for a coordinated approach between digital strategy and dual-dimensional resilience (i.e., bounceback and bounceforward) in environmentally uncertain contexts.",Digital transformation; Environmental uncertainty; Organizational resilience; Port firms' performance,2026,3,10.1016/j.rtbm.2026.101671,Zhu Y.,Research in Transportation Business and Management,2-s2.0-105034757761
Modelling Cyber Resilience in SMEs as a Socio-Technical System: A Systemic Approach to Adaptive Digital Risk Management,"Small and medium-sized enterprises (SMEs) increasingly rely on digital technologies in everyday operations, often without having sufficient resources or structured mechanisms to manage the cyber risks that accompany this dependence. As digitalization deepens, cyber incidents in SMEs are shaped not only by technical vulnerabilities but also by human behavior and organizational practices. However, much of the existing research still approaches cyber resilience through fragmented technological or managerial lenses. This study takes a conceptual and theory-driven approach to examine cyber resilience in SMEs as a socio-technical system. Building on systems theory and adaptive management, the analysis draws on a structured synthesis of interdisciplinary literature to develop a systemic model of adaptive digital risk management. The model is developed through a structured conceptual process combining systematic exploration of interdisciplinary literature, analytical synthesis of recurring conceptual patterns, and system-level model construction informed by systems theory and adaptive management principles. Cyber resilience is therefore interpreted as a dynamic capability that develops over time, especially in digital environments characterized by increasing automation and evolving forms of human–technology interaction. The study contributes to cyber resilience research by offering a system-oriented perspective and provides SMEs with a conceptual basis for strengthening adaptive approaches to digital risk management.",adaptive digital risk management; cyber resilience; digital transformation; feedback loops; resilience maturity; small and medium-sized enterprises; SMEs; socio-technical systems; systems theory,2026,3,10.3390/systems14020151,Bahmanova A.,Systems,2-s2.0-105031181545
Effects of market dynamics and policy uncertainty on the effectiveness of digital transformation: a perspective on the digitalization paradox,"Purpose – The paper aims to examine how external environmental factors – specifically market dynamics and policy uncertainty – moderate the relationship between digital transformation and firm performance. The study addresses the digitalization paradox, where digital investments do not consistently yield expected performance gains. Design/methodology/approach – Grounded in the resource-based view and contingency theory and extended by the dynamic capabilities perspective, the study uses data from 3, 082 listed firms in China (2011–2021) to empirically test hypotheses regarding digital transformation and firm performance under different environmental factors. Findings – Results indicate that digital transformation generally has a positive impact on firm performance. However, this effect weakens significantly under conditions of high market dynamics and policy uncertainty, suggesting that environmental factors play a crucial moderating role. Research limitations/implications – The study is limited to Chinese-listed firms, which may limit generalizability. Future research could consider similar analyses across different contexts and industries to validate findings. Practical implications – The findings emphasize the importance of evaluating environmental factors when implementing digital transformation strategies. Companies and policymakers are encouraged to adapt digital strategies to varying levels of uncertainty to maximize benefits and minimize risks. Originality/value – This study enriches the theoretical framework of the digitalization paradox by incorporating the effects of external environmental factors, providing a nuanced understanding of how these factors influence firm performance. It offers valuable insights for practitioners and policymakers seeking to optimize digital investments.",Digital transformation; Digitalization paradox; Firm performance; Market dynamics; Policy uncertainty,2026,3,10.1108/IJOEM-12-2024-2076,Sun L.,International Journal of Emerging Markets,2-s2.0-105039335814
"When you find the ESG performance in digital transformation: a look at firms’ internal controls, absorptive capacity, and green innovativeness","This study examines how digital transformation influences corporate ESG performance by using panel data from Chinese A-share listed companies (2012–2022) and employing fixed-effects models and instrumental variable approaches. The results reveal a significant positive effect of digital transformation on ESG performance. Moreover, absorptive capacity positively moderates this relationship, with potential absorptive capacity measured by the proportion of postgraduate employees and realized absorptive capacity measured by R&D intensity. We further identify that digital transformation enhances ESG performance through two key mechanisms: by increasing both the quantity and efficiency of green innovation and by improving the quality of internal controls. Heterogeneity analyses indicate that these effects are more pronounced in large firms, high-tech enterprises, and non-state-owned enterprises. These findings contribute to the theoretical understanding of dynamic capabilities and stakeholder perspectives in the context of digitalization, while also offering practical insights for firms and policymakers aiming to align digital strategies with sustainability goals.",absorptive capacity; Digital transformation; ESG performance; green innovation; internal control quality,2025,3,10.1080/00036846.2025.2607071,Shen P.,Applied Economics,2-s2.0-105025717454
Steering the digital transformation: How paradoxical leadership juggles innovation culture and organizational agility,"Background: Paradoxical leadership and alignment between innovation culture and organizational goals are crucial for successful digital transformation. Leaders should balance stability with innovation and foster an agile environment conducive to transformation. Objective: This study aims to investigate the impact of paradoxical leadership on digital transformation, using dynamic capability theory to analyze the roles of organizational agility and innovation culture. Methods: Data was collected in two-time intervals from 258 employees involved in DT initiatives across various sectors in Pakistan. The study utilized PLS-SEM to test the hypothesized relationships. Results: The findings confirm that paradoxical leadership significantly enhances organizational agility, which in turn positively influences digital transformation. However, contrary to existing literature, the study reveals that an innovation culture, underdeveloped or misaligned with organizational goals, can weaken the positive effect of organizational agility on digital transformation. Conclusions: The study underscores the importance of adaptive leadership and supportive organizational culture in driving digital transformation, particularly in developing regions, where these factors can significantly impact social and economic development. The insights are valuable for leaders and policymakers striving to overcome digital transformation challenges in similar contexts.",digital transformation; dynamic capability theory; innovation; organizational agility; paradoxical leadership,2026,3,10.1177/01672533251372833,Su Y.,Human Systems Management,2-s2.0-105027544507
Executive Cognitive Styles and Enterprise Digital Strategic Change Under Environmental Dynamism: The Mediating Role of Absorptive Capacity in a Complex Adaptive System,"Driven by the new wave of technological revolution and industrial transformation, firms are accelerating strategic change to gain new competitive advantages. Situated within a complex adaptive system, firms must adapt to highly dynamic and uncertain external environments by adjusting executive cognitive structures, reconfiguring resources and capabilities, and strengthening collaboration with industrial ecosystem elements; hence, digital strategic change is characterized by continuous evolution. Using a sample of Chinese A-share listed firms from 2015 to 2023, this study develops a “cognition–capability–strategy” pathway model grounded in upper echelons theory and dynamic capabilities theory to examine how executive cognitive styles, i.e., cognitive flexibility and cognitive complexity, drive digital strategic change via absorptive capacity and how environmental dynamism moderates these relationships. The findings show that executive cognition, as a decision node in strategic change, can dynamically adjust firms’ strategic paths by activating absorptive capacity in rapidly changing external information environments; environmental dynamism differentially affects the two cognitive styles. Heterogeneity tests further indicate that the role of executive cognition varies significantly with regional digital economy development levels, firm life cycle, and industry factor intensities. The study reveals how firms can respond to high environmental uncertainty through cognition–strategy alignment and resource capability reconfiguration in a complex adaptive system, providing theoretical references and practical insights for emerging economies to advance digital transformation and enhance competitiveness.",absorptive capacity; digital strategic change; environmental dynamism; executive cognition,2025,3,10.3390/systems13090775,Guo X.,Systems,2-s2.0-105017009313
"Big data in marketing: a new paradigm on trends, developments and insights","The study aims to comprehensively understand the extent and potential of trends, developments, and insights related to ‘big data in marketing’ by reviewing 505 papers published since 1980, retrieved from a reputable database (Scopus) through bibliometric analysis. The study provides critical findings such as the identification of influential authors, prominent research countries, including the UK, Australia, and China, extensive research timelines, key research areas, and reputable academic journals associated with the subject. Overall, there is extensive knowledge about concept development, emerging trends, and future insights of ‘big data in marketing’ with respect to collaboration, temporal aspects and publication quantity. The analysis also identified five themes, namely: big data marketing intelligence, digital commerce ecosystem, knowledge management for tourism, digital transformation and analytics for decision-making. The current study enhances the practical understanding and future potential of big data in marketing with a dynamic capability view.",big data; data analytics; marketing; marketing analytics,2024,3,10.1504/IJTMKT.2024.141882,Rehman A.U.,International Journal of Technology Marketing,2-s2.0-85205961687
Is it strategy or technology that drives value? Exploring the impact of digital transformation on manufacturing firms,"This study examines the impact of digital transformation on the market value of manufacturing firms in China, emphasizing the mechanisms driving performance improvement. Using Dynamic Capabilities Theory (DCT), we propose that digital transformation enhances market value through the upgrading of human capital, technological innovation, and operational efficiency. Based on data from 23,440 firm-year observations between 2012 and 2024, our analysis shows that digital transformation positively affects market value, measured by Tobin's Q. We also find that human capital, technological innovation, and operational efficiency mediate this relationship. Furthermore, external factors such as ESG performance and industry competition moderate the effects of digital transformation. Strong ESG ratings amplify its benefits, while greater industry concentration enhances the impact. State-owned and larger firms benefit more due to institutional advantages and resource availability. Additionally, firms with analytical strategies achieve the highest returns, highlighting the role of strategic orientation in digital transformation. These findings offer theoretical insights and practical guidance for managers seeking to use digital transformation for long-term value creation.",Digital transformation; ESG performance; Firm performance; Human capital; Operational efficiency; Technological innovation,2026,3,10.1016/j.iref.2026.105076,Jiang Z.,International Review of Economics and Finance,2-s2.0-105032256641
"Generative AI, digital dexterity, and organizational future performance: The roles of decision-making and institutional governance for sustainable supply chains","The growing complexity and uncertainty of sustainable supply chain environments demand advanced digital capabilities that sustain competitiveness through effective decision-making. This study investigates how Generative AI (GenAI)-enabled digital dexterity strengthens decision-making performance and, in turn, contributes to organizational future performance. Integrating dynamic capabilities theory with institutional theory, we develop and test a model in which decision-making quality and decision-making efficiency represent distinct dimensions of decision-making performance, while ethical identity and regulatory governance effectiveness shape the strength of relationships. Survey data were collected from 296 Chinese firms across multiple industries and analysed using partial least squares structural equation modeling. The results show that GenAI-enabled digital dexterity significantly enhances both decision-making quality and decision-making efficiency, and that both dimensions are positively associated with organizational future performance. Ethical identity further amplifies the positive effects of GenAI-enabled digital dexterity on decision-making outcomes, highlighting the importance of normative commitments for responsible and credible use of GenAI. Regulatory governance effectiveness exhibits asymmetric boundary effects, dampening the performance value of decision-making quality while strengthening the contribution of decision-making efficiency to future performance. This study advances research on digital transformation and sustainable operations by clarifying the distinctive role of GenAI-enabled digital dexterity, identifying decision-making performance as a central mechanism, and explaining how institutional governance conditions shape value realization. It also offers practical guidance on how firms can build and govern GenAI-enabled capabilities to support future-oriented performance in sustainability-focused supply chains.",Decision-making performance; Digital dexterity; Ethical identity; Generative AI; Regulatory governance; Sustainable supply chain,2026,3,10.1016/j.techfore.2026.124656,Liu D.Y.,Technological Forecasting and Social Change,2-s2.0-105033556852
The paradox of Artificial Intelligence adoption in talent management: do managerial dynamic capabilities matter?,"Purpose – This paper investigates how artificial intelligence (AI) adoption in talent management (TM) unfolds within the banking sector, with a focus on the role of managerial dynamic capabilities (MDCs), specifically managerial cognition, social capital and human capital, in enabling or constraining its strategic implementation. Design/methodology/approach – Adopting a qualitative research design, the study draws on 30 in-depth semi-structured interviews with key stakeholders in the Qatari banking sector, a context characterized by rapid digital transformation and institutional complexity. Findings – The study reveals a paradoxical landscape in which differences between early and laggard adopters are driven less by technical or financial constraints and more by variations in adoption readiness, which is rooted in leadership commitment, cultural openness and strategic framing. Second, MDCs are central to shaping AI adoption in TM and vary based on the level of AI adoption. Early adopters possess strong cognitive framing of AI as a strategic enabler, leverage relational networks for cross-functional collaboration and invest in continuous learning and digital fluency. In contrast, laggard adopters exhibit reactive mindsets, siloed operations and limited AI literacy. Third, the study empirically demonstrates how two key, context-sensitive mechanisms, called configuration and orchestration, operate in practice to translate MDCs from latent resources into actionable strategies. Practical implications – The findings compel a fundamental reorientation of priorities for organizations. Adoption readiness and the systematic development of managerial capabilities warrant equal, if not greater, emphasis than technical investment in AI adoption for TM. Organizations are therefore urged to cultivate managerial cognition through the strategic repositioning of AI as an enabler of transformation, to entrench digital fluency and learning orientation through disciplined and sustained development programs, and to reinforce social capital by forging robust cross-functional partnerships that enable coordinated action across organizational boundaries. Originality/value – Among the few studies examining AI adoption in TM, this research extends current understanding by applying the MDC framework to the Gulf Cooperation Council (GCC) context, pointing out how managerial cognition, social capital and human capital drive AI adoption in TM. It also articulates and provides empirical grounding for configuration and orchestration as context-sensitive mechanisms through which MDCs translate into strategic action. This offers a more nuanced, agency-oriented and contextually embedded understanding of AI adoption in TM.",Adoption readiness; Artificial intelligence adoption; Banking sector; Managerial dynamic capabilities; Talent management,2026,3,10.1108/JOEPP-05-2025-0354,Abid K.,Journal of Organizational Effectiveness,2-s2.0-105028873109
"Digital transformation and environmental, social and governance (ESG) performance: The moderating role of green innovation","Research background:The rapid adoption of digital transformation technologies has re-shaped corporate operational and governance practices, with important implications for ESG performance, particularly in China. While digital transformation can enhance transparency, efficiency, and sustainability outcomes, its effectiveness largely depends on companies’ inno-vative capabilities. Green innovation serves as a key moderating mechanism that enables companies to leverage digital technologies to achieve superior ESG performance by support-ing environmentally sustainable processes and responsible governance practices. Purpose of the article: This study aims to investigate the moderating role of green innovation in the relationship between digital transformation and ESG performance from the perspectives of stakeholder theory and dynamic capabilities theory in the context of China. Methods: The study utilised data comprising 33,411 observations from non-financial A-share companies listed on the Shenzhen and Shanghai stock exchanges for the period 2013–2023. Findings & value added: The study contributes new insights by examining the moderating role of green innovation in the relationship between digital transformation and ESG performance from the perspectives of stakeholder and dynamic capabilities theories. The results show a positive moderating effect of green innovation on this relationship. This enables a deeper understanding of how companies can leverage green innovation to enhance corporate sustainability and meet stakeholder expectations. Although this study examines firms in China, its findings have significant implications for corporate decision-makers, researchers, and policymakers, both within China and internationally, demonstrating how organisations across different institutional contexts can strategically align digital transformation initiatives with sustainability objectives.",digital transformation; ESG performance; green innovation; moderation analysis,2026,3,10.24136/oc.4108,Alodat A.Y.,Oeconomia Copernicana,2-s2.0-105045379600
Dynamic capabilities as paths to organizational readiness for digital transformation: an analysis of the NRRP horizontal reform “public administration digitalization”,"Over the last two decades, the adoption of information and communication technologies has proven beneficial to public deliveries allowing organizations to transform many traditional encounters into automated or smart services. Examples of such usages include online student classes, remote patient-family physician relationships, and from-home work for civil servants. Pursuing such goals has led several governments to prioritize digital transformation for their reform agenda. However, implementing digital transformation in public sector organizations does not equate to digitizing, i.e., the simple conversion of analog inputs into digits but “being digital”. Such a metamorphosis demands the development of specific dynamic capabilities which make an organization ready to implement digital transformation. To investigate such a transformation process, the paper adopts the organizational readiness framework to assess the NRRP horizontal reform “public administration digitalization” with the intent to reveal which organizational and managerial logic, resources, and routines lead to public value creation through digitalization. Our analysis illustrates how integrating technological-driven dynamic capabilities with human resources digital skills provides paths for public sector organizations to move from a mere “digitization” to a pervasive “digitalization”, enabling superior public value appropriation by the user, community, and service professionals.",Digital transformation; Dynamic capabilities; National Recovery and Resilience Plan; organizational readiness; Public value creation,2023,2,10.30448/AP.2023.3.01,Vignieri V.,Azienda Pubblica,2-s2.0-105039647542
Assessing the Impact of Strategic and Organizational Factors on Digital Capabilities,"Digital Transformation (DT) involves the use of new digital technologies to enable major business improvements that enhance customer experience, accelerate operations, create new business models, and improve the daily operations of companies. Drawing on dynamic capability theory, this empirical study assesses the impact of strategic and organizational factors on building digital capabilities (DC), which are technology-based abilities, supported by a digitally advanced mindset to carry out tasks and processes. The proposed model analyzes unexplored connections between digital vision or orientation, organizational culture, DT-oriented leadership, and human resources practices and their impact on DC. Hypotheses are tested in a sample of 110 Spanish financial and consulting companies using a structural equation model (SEM) employing the partial least squares (PLS) technique. Our findings reveal that all the variables introduced in the model are enablers of DC, contributing also to a company's DT. The main contribution of this research is to show how DC are developed by employing coherent strategic and organizational factors, which support the development of DT.",digital capabilities; digital culture; digital transformation (DT); digital-oriented human resources practices; DT vision; leadership,2026,2,10.1002/jsc.70065,Guadamillas F.,Strategic Change,2-s2.0-105034187482
A Measurement Scale for Agile Orientation,"Firm adaptability via agility is widely considered in the context of digital transformation, which is central to the research agenda of management information systems (MIS). Originating from software development and manufacturing, agility is strongly related to MIS particularly to their design and evaluation. Many studies have examined the contributions of agility but have not considered it distinctly as an organizational orientation. Developing such a perspective leads to the following research question: What dimensions are related to agile orientation (AO) and how can they be measured? To address this question, this research proposes the use of the theory of dynamic capabilities; this theory aims to detect changes and realign and reconfigure organizations, which is characteristic of agile methods. This research is based on a scale development approach. The results of this research make theoretical contributions by conceptualizing AO through dynamic capabilities, characterizing the dimensions of AO, and contributing to the literature on the evaluation of IS through the introduction of AO as a determinant to explain certain phenomena. This notion offers new perspectives on various models, particularly those centered on postadoption. This research also provides a managerial contribution through the construction of an AO evaluation index",Agile orientation; Agility; Innovation; Measurement scale; Project management,2022,2,10.3917/SIM.221.0039,Cohard P.,Systemes D Information Et Management,2-s2.0-85133339862
Artificial intelligence driven dynamic capabilities: unpacking micro-foundational mechanisms,"Purpose – As artificial intelligence (AI) becomes more integrated into organisational processes, small and medium-sized enterprises (SMEs) face unique challenges and opportunities in developing dynamic capabilities for digital transformation. Despite increasing scholarly attention, most existing research focuses on large firms, leaving the microfoundations of AI-enabled transformation in resource-constrained SMEs underexplored. Addressing this gap, this study draws on a multiple-case qualitative analysis of Finnish SMEs leading in AI adoption. Design/methodology/approach – This study draws on a multiple-case qualitative analysis involving 51 in-depth interviews with CEOs/founders, employees, and IT experts across 28 Finnish SMEs at the forefront of AI adoption. Findings – Our findings reveal that strategic leadership framing, informal team learning routines, and trust-based human–AI interaction norms actively shape the development of sensing, seizing, and reconfiguring capabilities essential for digital adaptation. By articulating and visually mapping four empirically grounded propositions, we demonstrate that dynamic capabilities in SMEs emerge from recursive cycles of experimentation and collective learning rather than linear planning. Originality/value – The study advances dynamic capabilities theory by highlighting the interplay between context, leadership, and social routines in digitally progressive but resource-limited environments. Practical implications are offered for SME managers and policymakers aiming to foster organizational agility and resilience in the evolving digital landscape.",Artificial intelligence (AI); Dynamic capabilities; Human–AI interaction; Leadership cognition; Microfoundations; SMEs; Team learning,2026,2,10.1108/MD-07-2025-2141,Shahzad F.,Management Decision,2-s2.0-105042519874
"Digital innovation capabilities: a systematic review, synthesis and research agenda","In an era of rapid technological change, it is imperative for firms to develop dynamic capabilities that drive innovation and adaptation through digital means. Digital innovation capabilities (DICs) represent a crucial set of organizational competencies, enabling firms to sense digital opportunities, seize them through strategic and technological actions, and reconfigure operations to sustain innovation. Despite the growing body of studies on digital tools and practices, the foundational capabilities that support sustained digital innovation are still fragmented across disciplines and lack systematic theoretical integration. Drawing on a combination of bibliographic coupling analysis and systematic literature review, this study offers a comprehensive integration on the field of DICs. Grounded in the dynamic capabilities theory, we propose a process-oriented framework that covers five interrelated domains: digital agility, digital transformation capabilities, digital technology application capabilities, digital service innovation capabilities, and digital business model innovation capabilities. These domains align with the dynamic capabilities logic of sensing, seizing, and reconfiguring. This study contributes to the literature by clarifying the conceptual boundaries of DICs, elucidating their interrelationships, and providing a process-based understanding of how firms develop and deploy DICs in rapidly evolving digital environments. The framework provides both a solid theoretical foundation and a practical roadmap for advancing digital innovation research and guiding managerial actions.",Bibliographic coupling analysis; Digital innovation capabilities; Digital transformation; Dynamic capabilities; Sensing-seizing-reconfiguring; Systematic literature review,2026,2,10.1016/j.technovation.2026.103496,Fan Y.,Technovation,2-s2.0-105030165718
Blockchain-enabled dynamic capabilities for supply chain ambidexterity: Empirical evidence from manufacturing firms for enhanced competence and flexibility,"This study utilizes the dynamic capability framework to investigate the relationship among Supply chain (SC) adaptability, SC alignment, SC ambidexterity, SC competence, and SC flexibility fit in blockchain technology (BCT) adoption to understand their interactions and contribution to firm performance (FPER). SCs are considered the primary mechanism by which businesses impact all aspects of our daily needs; however, the challenges caused represent an opportunity to integrate BCT, which may fundamentally alter the future of SCs. Anchored in the Dynamic Capability (DC) framework, this study leverages SmartPLS to examine insights from 283 survey participants across manufacturing firms in the UK and US. SC adaptability and SC alignment influence SC ambidexterity; SC ambidexterity positively influences SC flexibility fit, and SC flexibility fit influences SC competence. SC competence has a full mediation influence between SC flexibility fit and FPER. BCT moderates the relationship between SC ambidexterity and SC flexibility fit but not between SC competence and FPER. This study advances knowledge on how BCT deployment shapes supply chains, underscoring the critical role of a robust digital strategy in driving FPER. By reframing the discourse around competencies and strategic alignment, this study not only enriches the literature on digital transformation and supply chains but also opens new avenues for future research and managerial practice. Organizations need to think holistically rather than focusing on acquiring the best IT systems and bombarding employees with training to develop their competencies.",Ambidexterity; Blockchain; Digital transformation; Flexibility fit; Supply chain,2026,2,10.1016/j.techfore.2025.124467,Sharma M.,Technological Forecasting and Social Change,2-s2.0-105031670750
Conceptual model for establishing the relationship between digital transformation and organizational performance in electrical power companies,"The purpose of this study is to establish a conceptual model of structural equations that examines the relationship between digital transformation and organizational performance in the electric power sector, using the theories of Dynamic Capabilities (DC), Resources-Based View (RBV), and Knowledge-Based Vision (KBV). The study proposes a conceptual model of 27 relationships (hypotheses) that incorporates the theories of DC, RBV, and KBV, which are used to evaluate the relationship between digital transformations and organizational performance in the electric power sector. We conducted surveys with industry professionals to validate the model. Through the analysis of the survey data, the study establishes the relationship between digital transformations and organizational performance, highlighting the crucial role of knowledge in generating value for organizations. The study findings showed that the proposed model, which incorporates the theories of DC, RBV, and KBV, effectively models and measures organizational processes in the electric power sector. Our results show that digital transformation, particularly in Big Data, has a significant positive impact on organizational performance. Furthermore, the study highlights the important role of knowledge creation and management in driving organizational value in the context of digital transformation. Specifically, the study allows us to conclude that we can express organizational processes in causal relationships and measure them through data, with the interaction of these elements producing knowledge as a key element in generating value in organizations.",Big data analytics; Digital transformation; Dynamic capabilities; Knowledge-based vision; Organizational performance; Resources-based view,2024,2,10.18488/11.v13i2.3767,Rosero-Garcia J.,International Journal of Management and Sustainability,2-s2.0-85199769840
Key enablers of dynamic capabilities for digital transformation in supply chain management,"Digital transformation is reshaping supply chains, yet we still know little about how dynamic capabilities are enabled to make large-scale change happen across networks of firms. This study examines the managerial levers that activate sensing, seizing, and reconfiguring during supply chain digitalization. Based on a multiple-case analysis of 17 large international firms and a frequency analysis of 3,326 interview codes, we identify 22 micro-foundations clustered around three managerial enablers, namely leadership approach, investment-decision process, and digital experts, shaping the dynamic capabilities in digitally transforming supply chains. The findings show that a top-down strategic vision fused with bottom-up entrepreneurship, reinforced by cross-functional and inter-organizational collaboration and flexible, impact-based funding, synchronizes sensing with seizing, whereas iterative investment cycles and the staged involvement of digital experts foster continuous reconfiguration of structures and processes. By unpacking the operative “how” behind dynamic capabilities and extending their lens beyond the single firm to the supply chain network, the research advances theory and offers managers actionable levers for accelerating large-scale digital change while preserving entrepreneurial agility.",Digital transformation; Dynamic capabilities; Micro-foundations; Supply chain management,2026,2,10.1007/s12063-025-00575-8,Lennartz C.,Operations Management Research,2-s2.0-105029177018
Augmenting digital transformation toward Real Estate 4.0,"Purpose – This paper analyzes the evolution of digital transformation in the real estate sector over the past decade and classifies emerging digital technologies into a structured framework. By developing a comprehensive and actionable model, the study aims to guide future academic research and support practitioners in strategically allocating resources to critical components of digital transformation. Design/methodology/approach – The research began with a traditional literature review, followed by a systematic search complemented by snowball and citation techniques. This multi-step process traced the progression of digital transformation in real estate, identified the current state of digital technologies and clustered them into an integrative framework. The study also includes extended sources to bridge academic inquiry and industry practice, encouraging adoption of advanced technologies to maintain competitive advantage. Findings – The review identified 54 relevant sources, including 28 core academic articles, which were categorized into four dominant thematic areas: digital value creation, digital systems and infrastructure, digital business models and dynamic capabilities. A conceptual framework was derived, mapping how these cross-cutting themes shape the process of digital transformation in real estate. The findings also reveal a pronounced gap between academic research and industry innovation, with strategic transformation initiatives underrepresented in current scholarly work. Practical implications – The study introduces a sector-specific definition, phased model and digital technology framework tailored to real estate. It also proposes a conceptual research model that captures key focal points for future inquiry and practice, including value creation, systems integration, business model innovation and dynamic capabilities. Originality/value – This study contributes to the emerging discourse on real estate digitalization by offering both theoretical insights and practical guidance. It highlights how evolving technologies are likely to reshape the sector and emphasizes the urgency for academia and industry to align more closely in response to rapid technological change.",Artificial intelligence; Big data; Cloud computing; Construction 4.0; Digital transformation; Internet of Things; Proptech; Real estate technology,2026,2,10.1108/JERER-05-2024-0034,Harth C.,Journal of European Real Estate Research,2-s2.0-105017487236
The Interplay of Artificial Intelligence and Digital Transformation in Shaping Corporate Strategy: Insights from Chinese Enterprises,"In the quest for a sustainable and innovative future, the integration of Artificial Intelligence (AI) with Digital Transformation has emerged as a pivotal strategy for businesses navigating the rapidly evolving digital economy. This research explores the dynamic relationship between AI adoption and corporate transformation, with a focus on publicly listed companies in China. Drawing on a multi-theoretical framework-comprising dynamic capabilities theory, the resource-based view, and the technological innovation systems perspective-the study employs robust panel econometric techniques, including Westerlund panel cointegration tests, dynamic panel OLS, and panel vector error correction models, to analyze 3,602 firm-year observations from 2010 to 2020. The results reveal significant long-term cointegration and a bidirectional causality between AI and DT, supporting a mutually reinforcing relationship. Moreover, technology-oriented businesses achieve greater levels of transformation. The findings demonstrate that AI integration significantly influences both current and future corporate transformation, underscoring a mutually beneficial relationship where AI and transformation drive each other. These insights are crucial for enterprises and policymakers aiming to harness the transformative potential of technological innovations.",Artificial Intelligence; Corporate Strategy; Digital Transformation; Dynamic Capability Theory; Technological Innovation,2026,2,10.5755/j01.ee.37.1.39916,Li X.,Engineering Economics,2-s2.0-105031751247
Digital transformation and cross-regional investment: Evidence from China,"This paper investigates how digital transformation affects firms’ cross-regional investment. Utilizing the establishment of new cross-regional subsidiaries by Chinese A-share listed companies between 2012 and 2024 as a proxy variable, we found that both the disclosure of digital transformation and the implementation of digital technologies have significant positive impacts on cross-regional investments. That is, both the “talking” and “action” of digital transformation can promote the establishment of new cross-regional subsidiaries by enterprises. In terms of the mechanism, digital disclosure mainly alleviates information asymmetry and reduces transaction costs, while digital technology implementation mainly enhances organizational capabilities to promote firms’ cross-regional investments. The results of the heterogeneity analysis are consistent with the mechanism logic. Cross-sectional tests reveal distinct boundary conditions for each dimension: the effect of digital disclosure is weaker in more institutionally developed regions but stronger for SOEs facing higher local protectionism; the effect of digital technology implementation is negatively moderated by firms’ existing organizational and dynamic capabilities, though specialized digital talent investment reverses this attenuation. Our findings maintain robustness through endogenous tests and additional checks. This research contributes to the field by enhancing our understanding of the microeconomic implications of digital transformation and offering fresh perspectives to the theory of firms’ cross-regional investment decisions.",Cross-regional investment; Digital transformation; Information asymmetry; Organizational capabilities; Transaction costs,2026,2,10.1016/j.iref.2026.105189,Jiang Y.,International Review of Economics and Finance,2-s2.0-105034981449
"Family business performance: the role of dynamic capabilities, entrepreneurial orientation, and socioemotional wealth","This study examines family business performance through three theoretical lenses: dynamic capabilities, entrepreneurial orientation, and socioemotional wealth. Data were gathered from 156 Spanish family businesses and interviews with eight family business CEOs. Partial least squares structural equation modeling (PLS-SEM) was used to analyze the data. The results reveal valuable findings. Dynamic capabilities, particularly sensing, seizing, and resource reconfiguration, are critical for navigating dynamic environments and achieving sustainable competitive advantage. Entrepreneurial orientation, defined by innovation, proactivity, and risk-taking, also enhances performance, especially in contexts of technological and digital transformation. Socioemotional wealth, which encompasses family control, social ties, and legacy preservation, influences strategic decision-making but has a weaker effect than dynamic capabilities and entrepreneurial orientation. Collectively, the findings underscore the interplay of adaptability, entrepreneurial strategies, and family values in driving the resilience of family businesses. Spain provides an illustrative context because family businesses represent over 92% of all Spanish firms and include global leaders in the food, fashion, infrastructure, and tourism industries. Insights derived from this study therefore offer valuable implications for family businesses worldwide. Overall, the current study contributes to the research by integrating these three frameworks and highlighting their individual and combined roles in performance optimization.",Dynamic capabilities; Entrepreneurial orientation; Family businesses; PLS-SEM; Socioemotional wealth,2026,2,10.1007/s11846-026-00992-4,Hernández-Perlines F.,Review of Managerial Science,2-s2.0-105029553906
Triple-A Supply Chains: The Bridge Between Supply Chain Analytics and Supply Chain Resilience,"This study explores the critical interplay between supply chain analytics (SCA), the Triple-A supply chain framework (agility, adaptability, and alignment), and supply chain resilience (SCR), addressing a significant gap in both theory and practice. While SCA has emerged as a transformative tool for managing disruptions through data-driven insights, its potential to foster resilience remains underexplored without the integration of dynamic organizational capabilities. Grounded in the dynamic capability’s theory, this research examines how SCA enhances Triple-A capabilities, which in turn drive SCR by enabling organizations to sense, respond to, and adapt to disruptions. Using a dual-study approach, our findings show that while alignment strongly predicts agility, it does not directly enhance adaptability, challenging conventional wisdom that greater alignment inherently strengthens both capabilities. These results suggest the need to reconsider linear assumptions about capability building in supply chains. Multiple analytical approaches and robustness checks, including alternative model specifications, different estimation techniques, and subgroup analyses, were performed to ensure research rigor. The consistent results across these analyses confirm the robustness and generalizability of the study’s findings. This study advances not only theoretical understanding by connecting SCA with the Triple-A supply chain and resilience but also provides actionable insights for practitioners to align investments in analytics with strategic organizational capabilities. By addressing these interconnections, this research contributes to bridging the gap between digital transformation and resilient supply chain practices, offering a robust framework for navigating uncertainty.",Dynamic capabilities; supply chain adaptability (SCADAP); supply chain agility (SCAG); supply chain alignment (SCAlign); supply chain analytics (SCA); supply chain resilience (SCR); Triple-A supply chain,2026,2,10.1109/TEM.2025.3649091,Haq M.Z.U.,IEEE Transactions on Engineering Management,2-s2.0-105026728215
"How does digital transformation impact the transfer of enterprise scientific, knowledge, and technological achievements?","Digital transformation (DT) is a pivotal driver in enhancing the transfer of scientific, knowledge, and technological achievements (STAT), thereby fostering the growth of knowledge-based productive forces. While digitalization represents a complex, multi-dimensional process, the mechanisms facilitating its impact on STAT remain underexplored in the context of innovation systems. Using a panel data set of Chinese A-share listed firms from 2001–2023, this study analyzes this relationship and investigates its operational pathways. The results reveal that DT substantially accelerates STAT, with consistent and stable outcomes that are robust to rigorous evaluation through the Heckman two-stage procedure and instrumental variable estimations. Mechanistically, this research reveals that DT facilitates the STAT process by augmenting patent portfolio quality, refining resource allocation efficiency, promoting the platform ecosystem embedding effect, and enhancing dynamic capabilities—four channels that reflect its role in strengthening knowledge absorption and innovation governance. The analysis of heterogeneous treatment effects demonstrates systematically more potent impacts in enterprises with streamlined cost structures, higher growth potential, intensified industrial competition, and state-owned ownership structures. Enterprises operating in environments with strong financial regulation and high market competition show a more pronounced role of DT in promoting STAT. These findings advance the theoretical and empirical scholarship on digital innovation and knowledge transformation while informing enterprise strategies that leverage digital capabilities to scale innovation commercialization.","Digital transformation (DT); Dynamic capabilities; Platform ecosystem embedding; Resource allocation efficiency; Transfer of scientific, knowledge, and technological achievements (STAT)",2026,2,10.1016/j.jik.2026.100983,Liu Q.,Journal of Innovation and Knowledge,2-s2.0-105030619914
Enhancing resilience in small and medium-sized tourism enterprises: Leveraging dynamic capabilities for post-crisis recovery,"This paper explores how small and medium-sized tourism enterprises (SMTEs) can build resilience and achieve growth in the aftermath of crises. The study examines how they can sense opportunities, adapt strategically, and transform their operations to recover and thrive using the dynamic capabilities theory. Using the Scoping Review Method, the research synthesizes literature to reveal critical strategies that underpin SMTE resilience and recovery, including organizational adaptability, innovation, digital transformation, and systemic integration. The findings emphasize the transformative potential of innovation and strategic flexibility in helping SMTEs navigate uncertainty, alongside the critical role of digital technologies in fostering operational continuity and market responsiveness. A key contribution of this study is the development of a strategic framework that positions dynamic capabilities as essential tools for adapting business models and seizing emerging opportunities. Additionally, this research addresses significant gaps by advocating for a broader exploration of how SMTEs can integrate digital transformation and social capital to enhance their resilience. The study provides actionable insights for policymakers, industry practitioners, and academics, offering a roadmap to enhance SME adaptability, foster sustainable recovery, and ensure long-term competitiveness in the face of global disruptions.",business model transformation; dynamic capabilities; post-crisis; resilience; SME,2025,2,10.1177/14673584251388343,Łobejko H.,Tourism and Hospitality Research,2-s2.0-105019617719
Digital transformational outsourcing: A necessity analysis of service provider capabilities,"Capabilities enable performance, but how does their absence constrain performance? We ask this critical question as firms continuously adapt to the fast-evolving environment, refreshing their capabilities. Studying outsourcing service provider capabilities in digital transformational outsourcing in the IT-enabled business services industry, we explore the capability constraining query by adopting a necessary but not sufficient logic. By developing and testing necessity hypotheses, we identify an inherent hierarchy in dynamic capabilities, depicting how different levels of capabilities constrain performance to varying levels. The above enables us to guide an order of capability development in provider firms.",Business services outsourcing; Developing capabilities; Digital transformation; Dynamic capabilities; Necessary condition analysis; Outsourcing service provider,2025,2,10.1016/j.iimb.2025.100571,Mazumder S.,Iimb Management Review,2-s2.0-105007646952
The Impact of Business Intelligence on Digital Marketing Activities: The Mediating Effect of Technological Capabilities,"This research examines how Business Intelligence (BI) and Technological Capabilities (TC) cumulatively impact Digital Marketing (DM) performance in industrial companies, based on empirical data from Jordan. Drawing on Resource-Based View and Dynamic Capabilities Theory, the research formulates and examines a conceptual framework where BI constitutes a strategic resource and TC represents a key marketing effectiveness enabler. Data were obtained from 252 managerial respondents from different manufacturing industries by using a structured questionnaire. Covariance-Based Structural Equation Modeling (CB-SEM) was used to test associations. The findings indicate that BI has direct and indirect impacts on DM performance, where TC represents an essential mediating variable. These results underscore that although BI facilitates data-based marketing decisions, its strategic advantage depends on internal technological readiness of the firm. The research contributes to knowledge by validating an integrated BI-TC-DM framework in an emerging market industrial setting and enhances practical knowledge by illustrating how digital infrastructure can be aligned with analytics to enhance marketing outcomes. The findings have particular relevance to industrial companies facing digital transformation as well as policymakers seeking to support Industry 4.0 implementation within resource-scarce environments.",Business Intelligence; Digital Marketing; Emerging Economies; Industrial Firms; Jordan; Technological Capabilities,2026,2,10.32479/irmm.21211,Alzyadat M.A.,International Review of Management and Marketing,2-s2.0-105021258268
Exploring the Impacts of Digital Technology on Small and Medium-Sized Corporate Competitive Advantage: Evidence from the Chinese A-Share Manufacturing Industry,"Against the profound backdrop of digital technology reshaping industrial competition, examining how it enables resource-constrained small and medium-sized manufacturing enterprises (SMMEs) to cultivate a sustained competitive advantage is of considerable practical significance. Grounded in dynamic capability theory, this study conducts an empirical analysis using panel data from 153 SMMEs listed on China’s A-share market between 2013 and 2022. The baseline regression results indicate that digital technology significantly enhances firms’ competitive advantage, a finding that remains robust across multiple robustness checks involving alternative variable measurements and sample adjustments. Further heterogeneity analyses reveal that this facilitating effect is more pronounced in state-owned enterprises, non-high-tech sectors, and firms located in eastern, northeastern, and northwestern regions, as well as in environments characterized by more developed digital finance or intensified market competition. Moreover, the mechanism analysis identifies a sequential mediating pathway, specifically that digital process innovation enables digital business model innovation, which is validated through structural equation modeling. Digital product innovation does not exhibit a statistically significant mediating effect. These findings extend the applicability of dynamic capability theory to digital contexts and provide actionable insights for SMMEs seeking to design context-specific digital transformation strategies.",digital innovation; digital technology; firm competitive advantage; small and medium-sized manufacturing enterprises,2026,2,10.3390/systems14030256,Li P.,Systems,2-s2.0-105034383497
Beyond digital anxiety: Leveraging digital platform capability and entrepreneurial orientation for SME digital business model innovation,"In an era of accelerated digital transformation, how small- and medium-sized enterprises (SMEs) achieve digital business model innovation (DBMI) remains underexplored. Drawing on dynamic capability theory, this study investigates the roles of digital platform capability (DPC), strategic flexibility (SF), entrepreneurial orientation (EO), and digital transformation anxiety (DTA) in shaping DBMI. Data from a multi-informant survey of 266 Chinese SMEs are analysed using hierarchical regression, bootstrapping, and three-way interaction analyses. The results show that DPC is positively related to DBMI, partially mediated by SF. EO strengthens DPC’s influence on SF. However, this moderating effect is weakened under high DTA. Overall, by integrating technological, strategic, and psychological contingencies, the study provides a more comprehensive explanation of how SMEs leverage digital platforms for DBMI while managing digital transformation challenges.",Digital business model innovation; Digital platform capability; Digital transformation anxiety; Entrepreneurial orientation; Strategic flexibility,2026,2,10.1016/j.jik.2026.100975,Wang C.,Journal of Innovation and Knowledge,2-s2.0-105030200581
"NAVIGATING CHALLENGES: HOW FLEXIBILITY, DIGITAL TRANSFORMATION, AND VALUE CREATION DRIVE RESILIENCE IN TOURISM SMES","This study examines the business resilience of small and medium-sized tourism enterprises (SMEs) in Malaysia through flexibility, digital transformation and value creation. The research model and proposed hypotheses were developed based on the resource-based view theory and the dynamic capabilities theory. The research employed quantitative methods to obtain data from 250 owners and managers of tourism SMEs. The data analysis was performed through structural equation modelling using the SmartPLS software version 4. The research outcomes demonstrate that tourism SMEs in Malaysia can benefit from business resilience through digital transformation and flexibility practices. Value creation functions as a mediator which explains the relationships between the variables. Tourism SMEs should follow recommendations to succeed in an unpredictable volatile market. These organisations need to develop business resilience effectively to handle crises and disruptions.",Business resilience; Digital transformation; Flexibility; SMEs in Malaysia; Value creation,2025,2,10.30519/ahtr.1537391,Hninn P.P.,Advances in Hospitality and Tourism Research,2-s2.0-105025655517
Bifurcating the dynamic dominant logic: technical and evolutionary patterns of action,"Purpose: This study proposed the integrative model of dynamic dominant logic (DL) with exploitation (EP) and exploration (ER) as a pattern of actions in endeavoring firm performance (FP). This study also intended to explain the multiple patterns of DL in creating technical and evolutionary fitness simultaneously. Design/methodology/approach: This study used a cross-sectional quantitative analysis of the Indonesian commercial banking population facing digital transformation and was analyzed using covariance-based structural equation modeling through parceling. Findings: The model confirmed that DL positively affects EP and ER. It also revealed that DL indirectly impacts FP through EP, indicating changes in the traditional banking business through the strong acceptance of “new realities” in adapting to the rapid growth of technology. Hence, this study discovered that during the recent banking digital transformation, the beneficial inertia of the technical pattern of action might lose effectiveness in creating superior performance. Practical implications: DL is vital in locking short-term performance while maintaining long-term performance opportunities through EP and ER to promote digital transformation. Accordingly, it induced banks to adopt new technology for value creation and fortifying competitive advantage. Originality/value: This study provided a theory about how DL links the firm's decision-making process by promoting multiple patterns of action in achieving technical and evolutionary fitness. It highlighted the DL as a resource conceptualization that promotes resource development through EP and ER as microfoundation of dynamic capabilities during the tension of institutionalization and digital transformation.",Dynamic capabilities; Dynamic dominant logic; Exploitation; Exploration; Firm performance,2022,2,10.1108/MD-02-2021-0207,Dwipayana C.,Management Decision,2-s2.0-85121851181
Adapt or die! Embrace digital transformation for better firm performance: a causal recipe,"Purpose – A central challenge firms face in digital transformation is fostering sustainable growth in firm performance. This study explores complex causal pathways by examining digital transformation management capacity, strategic digital vision, organizational mindfulness, organizational change capacity, market turbulence and firm type as potential predictors of firm performance. Design/methodology/approach – The study integrates fuzzy-set qualitative comparative analysis (fsQCA) and artificial neural networks (ANN). fsQCA identifies equifinal configurations from a sample of employees directly involved in digital transformation initiatives. The ANN analysis assesses the predictive power of these configurations to reveal the relative importance of each predictor. Findings – The results identify three equifinal configurations that lead to high firm performance, highlighting how different combinations of organizational (i.e. digital transformation management capacity, strategic digital vision, organizational mindfulness and organizational change capacity) and environmental (i.e. market turbulence and firm type) conditions can generate similar outcomes. These findings underscore the interplay of multiple factors in preventing the paradox of digitalization. Meanwhile, the ANN analysis indicates that organizational change capacity is the most critical predictor of firm performance. Practical implications – The findings provide strategies for leveraging digital transformation to enhance firm performance. Firms can achieve this by fostering adaptability, implementing ongoing digital initiatives or developing strategic digital programs using tools like real-time analytics, cross-functional teams and AI-driven platforms. Originality/value – The study advances a non-linear perspective on digital transformation and firm performance by using fsQCA to capture equifinality (multiple distinct pathways yielding similar outcomes) and ANN to identify the relative importance of each causal condition.",Digital transformation; Dynamic capabilities; Firm performance; Firm type; fsQCA,2025,2,10.1108/INTR-05-2024-0726,Aw E.C.X.,Internet Research,2-s2.0-105016748362
Digital Transformation in SMEs: Governance Performance Mediated by AI-Enabled Analytics and Process Integration,"Digital transformation has become important for SMEs that want better control, transparency, and coordinated operations. Yet, many studies treat digital tools in isolation and do not explain how AI and big data capabilities, together with process integration, drive governance outcomes. This gap limits a clear understanding of how digital transformation supports governance performance in SMEs. This study examines how digital transformation (DT) influences digital governance performance (DGP) in SMEs, with AI and big data analytical capability (AIBDAC) and process integration capability (PIC) as mediators. The research is grounded in the Resource-Based View, Dynamic Capabilities Theory, and the Technology Organization Environment framework. Data were collected from SMEs across five regions of Saudi Arabia using cluster and purposive sampling to target employees and managers involved in digital, analytical, and process integration work. A total of 396 valid responses were included in the analysis. Partial Least Squares Structural Equation Modelling (PLS SEM) was used to assess the measurement model, test the hypothesized paths, and evaluate mediation and moderation effects. The findings show that DT, AIBDAC, PIC, and top management support (TMS) have significant direct effects on DGP. AIBDAC and PIC act as key mediators, fully transmitting the effects of digital innovation capability and strategic readiness and partially mediating the effects of DT and TMS. Multi-group analysis shows that small and medium-large firms rely on different capability combinations. The study contributes by explaining how SMEs strengthen governance through capability development and offers practical guidance for improving governance through digital transformation.",AI and big data analytical capability; digital governance performance; digital transformation; Dynamic Capabilities Theory; process integration capability; resource-based view,2026,2,10.3390/systems14030324,Aljehani S.B.,Systems,2-s2.0-105034374596
Dynamic capabilities at the digital-succession nexus: How family firms navigate dual transformation through three developmental pathways,"While digital transformation is crucial for the sustainability of family businesses, existing frameworks inadequately explain how digitalization capabilities develop during succession, particularly in emerging markets. Through a qualitative comparative case study of six Croatian family firms undergoing simultaneous first-time succession and digitalization, this study examines how founder engagement influences the development of dynamic capabilities (DC). Drawing on DCs framework, this study identified three patterns: (1) actively supportive founders enable comprehensive capabilities (sensing, seizing, and transforming) through structured efforts, facilitating successful transitions (2) traditional control with selective permission (i.e., passive support by founders); yields moderate capabilities for partial adaptation; and (3) founders' resistance, despite successors’ enthusiasm, limits firms to basic sensing. These manifest through three pathways: technological adaptation fosters integrative capabilities, external knowledge integration builds absorptive capacity, and internal development enhances organizational learning, each shaped by founder-successor dynamics. This research advances theory by revealing how family relationships can override market forces in capability building, thereby challenging assumptions about the inevitability of digital technology. Findings emphasize that success requires aligned intergenerational support, with founder attitudes as critical gatekeepers. The Croatian context—characterized by institutional voids and cultural tensions—makes these dynamics particularly visible for emerging economies.",Croatia; Digital intrapreneurship; Digital transformation; Dynamic capabilities; Emerging economies; Family business; Organizational resilience; Succession; Turbulent environments,2026,2,10.1016/j.technovation.2026.103484,Mihotić L.,Technovation,2-s2.0-105027629418
"Turning the lens: linking knowledge-based dynamic capabilities, digital transformation and business model innovation","Purpose – As organizations face constant disruption from technological innovation and evolving market demands, understanding how to successfully implement digital transformation (DT) has become increasingly critical. While prior research has often examined how DT influences dynamic capabilities (DCs), this study aims to invert that perspective by investigating how three specific DCs, namely, information capability, organizational agility and absorptive capacity, enable DT. It further explores the mediating role of business model innovation (BMI) in the relationship between DT and company performance. Design/methodology/approach – The study is based on surveys data collected from 184 chief executive officers of Spanish enterprises analyzed using partial least squares structural equation modeling. Findings – The results show that all three DCs have a significant positive effect on DT. Furthermore, BMI plays a partial mediating role in the relationship between DT and company performance. Practical implications – The findings suggest that managers should prioritize the development of internal capabilities before initiating DT efforts. In particular, fostering organizational agility, strengthening information practices and enhancing the ability to acquire and integrate external knowledge are crucial for enabling transformation and driving performance through BMI. Originality/value – This study advances the DCs framework by demonstrating how specific knowledge-based capabilities function as antecedents to DT, thereby emphasizing internal organizational conditions over external tools. Furthermore, by empirically validating the mediating role of BMI, it clarifies the mechanisms through which DT as a holistic process contributes to performance gains, rather than through isolated digital technologies.",Business model innovation; Company performance; Digital transformation; Dynamic capabilities,2026,2,10.1108/JKM-06-2025-0918,Nicolás-Agustín Á.,Journal of Knowledge Management,2-s2.0-105039108625
Leveraging Big Data Analytics Capability for Firm Innovativeness: The Role of Sustained Innovation and Organizational Slack,"In the era of digital transformation and data-driven decision-making, big data analytics capability (BDAC) is crucial for firms to enhance innovation and sustainable competitive advantage in highly dynamic markets. Grounded in dynamic capability theory, this study used a moderated mediation model to explore the impact of BDAC on innovativeness. Empirical analysis was conducted by using survey data from 270 enterprises to test the hypotheses. The results reveal that BDAC significantly and positively influences innovativeness, and sustained innovation mediates this relationship. Moreover, organizational slack positively moderates the effect of BDAC on innovativeness, both the direct effect and indirect effect. These findings provide theoretical support and practical implications for understanding how BDAC enhances firm innovativeness.",big data analytics capability; firm innovativeness; organizational slack; sustained innovation,2025,2,10.3390/systems13090730,Hu C.,Systems,2-s2.0-105017223384
Can digital transformation enhance tourism enterprise resilience? Evidence from Chinese listed companies,"Enterprise resilience holds significant strategic value for the highly sensitive tourism industry to achieve resilient growth amid multiple risk challenges in uncertain environments. This study takes the data of Chinese tourism listed companies from 2013 to 2023 as the sample, and based on dynamic capabilities theory, examines the impact of digital transformation on tourism enterprise resilience through benchmark regression analysis. The results demonstrate that digital transformation significantly enhances tourism enterprise resilience, and this effect is more pronounced in state-owned enterprises, non-loss-making enterprises, and companies located in Western China. Mechanism analysis reveals that digital transformation achieves this by strengthening adaptive capability, competitive capability, and absorptive capability. Meanwhile, the increase in financing constraints and government subsidies will weaken the impact of digital transformation on tourism enterprise resilience. Furthermore, the peer effect in digital transformation negatively affects competitive and absorptive capacities, thereby impairing tourism enterprise resilience. The findings not only deepen the theoretical framework of digital transformation and enterprise resilience research based on dynamic capabilities theory, but also provide management implications for enhancing the risk resistance capability of the tourism industry in the digital economy era.",Digital transformation; dynamic capabilities theory; internal-external contexts; peer effect; tourism enterprise resilience,2025,2,10.1080/23311975.2025.2576531,Zhang D.,Cogent Business and Management,2-s2.0-105019539290
Wiring the Green Shift: How Digital Dynamic Capabilities Shape the Circular Economy Through Curvilinear Effects of Green Innovation,"Digital transformation is increasingly recognized as a key driver of sustainability, yet empirical insights into how firms leverage digital capabilities to advance the circular economy through green innovation remain limited. Drawing on dynamic capability theory, this study investigates how digital sensing, capturing, and transforming capabilities facilitate firms' green transition, which subsequently drives green product and process innovation, enhancing circular economy performance. Using survey data from 310 manufacturing and service firms in Vietnam, hierarchical regression, polynomial regression, and response surface analysis were employed. Findings reveal that digital sensing and transforming capabilities significantly advance the green transition, whereas digital capturing capability has no significant effect. The green transition positively influences both green product and process innovations. Furthermore, balanced growth in these innovations enhances circular economy outcomes, while imbalances detract from performance. Mediation analysis highlights the central role of green transition and green product innovation in linking digital capabilities to circular outcomes. This study contributes to the literature by elucidating the pathways through which digital transformation promotes sustainability and provides managerial implications for integrating digital and environmental strategies to create circular value.",circular economy; digital dynamic capabilities; dynamic capability theory; green innovation; green transition,2026,2,10.1002/tie.70077,Duong C.D.,Thunderbird International Business Review,2-s2.0-105026480749
Tackling Supply Chain Disruptions Through Digital Agility: Evidence from the Hotel Industry,"Background: Digital transformation has become a vital driver of competitiveness in the hospitality industry. This study investigates the role of digital agility in enhancing competitive advantage in Egypt’s luxury hotel sector, focusing on the parallel mediating effects of supply chain agility and supply chain resilience. Grounded in the Dynamic Capabilities Theory (DCT), the research explores how digital capabilities promote flexibility, responsiveness, and strategic performance. Methods: Data were collected from 325 senior managers in supply chain, procurement, operations, logistics, and digital transformation across luxury hotels in Egypt. The conceptual framework was analyzed using Partial Least Squares Structural Equation Modeling (PLS-SEM) via WarpPLS software. Results: Findings reveal that digital agility significantly enhances competitive advantage, as well as supply chain agility and resilience. Both supply chain agility and resilience positively influence competitive advantage and partially mediate the relationship between digital agility and competitiveness. Conclusions: The study highlights the strategic importance of digital agility in fostering agile and resilient supply chains, which serve as key mechanisms for achieving sustained competitive advantage in the luxury hotel industry. Investing in digital technologies and adaptive capabilities is essential for long-term success in a dynamic market environment.",competitive advantage; digital agility; hotel industry; supply chain agility; supply chain resilience,2026,2,10.3390/logistics10020034,Hasanein A.M.,Logistics,2-s2.0-105031299288
DEVELOPING DIGITAL TRANSFORMATION CAPABILITY: THE ROLE OF MANAGERIAL AMBIDEXTROUS LEARNING,"This paper integrates the individual ambidexterity, digital transformation, and dynamic capabilities literatures to develop a framework that helps to understand the role of managerial ambidextrous learning in building the digital transformation capability of an organization. Based on a comprehensive literature review, the paper identifies competing demands in terms of managerial learning orientation serving as microfoundations of different dynamic organizational capabilities underpinning digital transformation. We adopt an ambidextrous perspective of learning and propose that managers need to balance explorative and exploitative learning to aid building digital transformation capabilities. This paper contributes to ambidexterity and dynamic capabilities theoretical perspectives through its distinctive focus on the role of individual-level learning in the context of organizational‐level digital transformation. The paper enhances understanding of how firms may support digital efforts by becoming sensitive to and supporting managerial ambidexterity as a critical factor in a successful digital transformation journey. We suggest that future research efforts should investigate empirically the role of managerial ambidextrous behavior in digital efforts.",digital transformation; generalist learning; individual ambidexterity; microfoundations of dynamic capabilities; specialist learning,2022,2,10.17708/DRMJ.2022.v11n02a01,Dragičević N.,Dynamic Relationships Management Journal,2-s2.0-85146875590
The impact of managerial attention to digital transformation on stock price synchronicity from the dynamic capability perspective,"This study examines how two components of digital transformation (DT), DT integration and DT innovation, influence stock price synchronicity. We view this question through a corporate governance lens, drawing on dynamic capabilities theory. Using textual analysis of MD&A disclosures from Chinese listed firms from 2010 to 2021, we measure managerial attention to DT integration and innovation, revealing their distinct roles in governance. DT integration, which often generates verifiable metrics, reduces stock price synchronicity by enhancing transparency, attracting long-term institutional investors, improving financial reporting quality, and refining analyst forecasts. In contrast, soft information about DT innovation fails to mitigate opacity and increases synchronicity in weak governance environments. Cross-sectional analyses show that integration's governance benefits persist across institutional settings, while innovation's effects hinge on external safeguards. Our findings emphasize that DT integration, which reflects a firm's ability to reconfigure resources for sustained competitiveness, serves as a robust governance tool to enhance market efficiency. Policymakers and firms should prioritize integration-driven strategies to foster transparency while treating innovation's speculative narratives with caution. This research redefines DT as a dual-process phenomenon, offering actionable insights for aligning digital strategies with governance frameworks in emerging markets.",Digital transformation (DT); DT innovation; DT integration; Dynamic capabilities; Stock price synchronicity; Textual analysis,2026,2,10.1016/j.intaccaudtax.2026.100751,Jiang J.,Journal of International Accounting Auditing and Taxation,2-s2.0-105028432060
In search of the digital transformation framework of SMEs: a bibliometric analysis,"Purpose – This study aims to understand the intellectual structure related to the success of digital transformation among small and medium-sized enterprises (SMEs) and develop a conceptual framework for the successful digital transformation of SMEs. Design/methodology/approach – This study employs bibliometric analysis for mapping the landscape of research on the digital transformation of SMEs. We use co-citation analysis to identify the root of emerging concepts in older literature and co-occurrence analysis to identify relevant topics discussed in the primary literature. Finally, based on the results of our bibliometric analysis, we constructed the structured framework for the digital transformation of SMEs. Findings – This study found that dynamic capability, resource-based view (RBV) and technology acceptance model (TAM) are the main theories used to investigate digital transformation among SMEs. Those main theories were then operationalized into the various strategies needed for digital transformation among SMEs. Based on those findings, we have proposed a conceptual digital transformation framework for SMEs. Originality/value – We propose a structured SME digital transformation framework based on the leading theory proposed by the most cited articles and significant research findings from the primary literature. Information systems, entrepreneurship and SME researchers could use conceptual frameworks for further investigation.",Bibliometric analysis; Co-citation; Digital transformation; Digitalization; SMEs,2026,2,10.1108/JEPP-09-2024-0160,Syah D.H.,Journal of Entrepreneurship and Public Policy,2-s2.0-105005777850
From trade-offs to strategic synergy: how digitalization–greenization synergy drives innovation efficiency in manufacturing,"Purpose – This study examines how digitalization–greenization synergy influences innovation efficiency in manufacturing industries, transcending traditional trade-off perspectives to explore strategic synergy potential between digital transformation and environmental sustainability. Design/methodology/approach – Using panel data from 656 Chinese A-share manufacturing enterprises (2013–2023), this research employs a coupling coordination model to measure digitalization–greenization synergy and a super-efficiency slacks-based measure (SBM) model to assess innovation efficiency. The study explores the relationship between digitalization–greenization synergy and manufacturing innovation efficiency through a fixed effects model, investigating the mediating roles of financing constraints and dynamic capabilities and the moderating effects of environmental regulations through a series of fixed effects models. Findings – Digitalization–greenization synergy significantly enhances manufacturing innovation efficiency by leveraging complementary advantages to generate resource and capability synergies. This synergy alleviates corporate financing constraints and strengthens dynamic capabilities, which exhibit chain mediation effects within the “resources-capabilities-behavior” framework. Mandatory environmental regulations strengthen the positive relationship between digitalization–greenization synergy and innovation efficiency, while strategic environmental regulations weaken it. Originality/value – This study reconceptualizes digitalization and greenization as synergistic rather than competing priorities, revealing dual mechanisms (resource synergy and capability synergy) through which transformation synergies enhance innovation efficiency. It advances institutional theory by elucidating the differential impacts of environmental regulations on transformation–innovation relationships.",Digitalization–greenization synergy; Environmental regulation; Innovation efficiency in manufacturing; Synergistic effect,2026,2,10.1108/JMTM-07-2025-0715,Yu P.,Journal of Manufacturing Technology Management,2-s2.0-105028939214
Digital transformation and internationalization rhythm: evidence from Chinese firms,"Purpose – With the global situation becoming increasingly complex and uncertain, the rhythm of internationalization processes has become a significant decision for firms when they expand internationally. Digital transformation, as a disruptive change trend, may have a dramatic impact on firms' internationalization rhythms. This study aims to answer two questions: First, what is the relationship between digital transformation and a firm's internationalization rhythm? Second, how do top management team (TMT) international experience and board vigilance affect this relationship? Design/methodology/approach – Based on a sample of Chinese A-share listed companies from 2008 to 2022, this study investigates how digital transformation influences firms' internationalization rhythms and examines the moderating roles of TMT international experience and board vigilance. Findings – The results show that digital transformation is positively associated with the irregular rhythm of firm internationalization, and this positive relationship is moderated by TMT international experience and board vigilance such that it is strengthened when the TMT has more international experience and weakened when the board has higher vigilance. Originality/value – This study suggests that digital transformation can promote firms' irregular internationalization rhythms through the lens of the dynamic capability theory, enriching the antecedent research of internationalization rhythm from a capability perspective. Moreover, this study enriches research on the Uppsala internationalization process model from the perspective of digital transformation, contributing to its development in the digital era. In addition, this study suggests that TMT international experience and board vigilance are two critical boundary conditions for the relationship between digital transformation and internationalization rhythm.",Board vigilance; Digital transformation; Internationalization rhythm; TMT international experience,2026,2,10.1108/IJOEM-02-2025-0413,Wang Z.,International Journal of Emerging Markets,2-s2.0-105027315853
Sustainability-Driven Digital Transformation and Customer Experience in Emerging Markets: The Interplay of Business Model Innovation and Value Co-Creation,"Service industries are fast turning digital, and they are disrupting the manner in which firms organize and relate to their customers. Nevertheless, mechanisms that allow digital capabilities to be converted to better customer experience remain poorly understood, especially in the emerging economies. This paper presents the dual-mediation model to investigate the effects of Digital Supply Chain Integration (DSCI) and capabilities of digital customer engagement (DCEC) on Customer Experience Outcomes (CXO) based on Sustainable Business Model Innovation (SBMI) and Customer Value Co-Creation (CVC) with references to Dynamic Capabilities Theory and Service-Dominant Logic. The data were collected by a cross-sectional survey of 360 managers of the banking, telecom, healthcare, and hospitality organizations in Pakistan and analyzed with the help of Partial Least Squares Structural Equation Modeling (PLS-SEM). The findings indicate that the customer experience is enhanced well beyond what is feasible alone by means of Sustainable Business Model Innovation due to the Digital Supply Chain Integration, whereas customer experience is enhanced by the Digital Customer Engagement Capabilities through Customer Value Co-Creation. The results also show that the mechanisms of co-creation have the largest impact on the outcome of customer experience. The research is an addition to the body of literature on digital transformation because it illustrates how digital integration, innovation that is focused on sustainability, and relational co-creation can collectively convert digital capabilities into experiential value. The results also provide practical factors that should be considered by service companies when embarking on digital transformation programs to align the programs with sustainability and customer engagement mechanisms.",business model innovation; customer experience; driven digital transformation; Dynamic Capabilities Theory; value co-creation,2026,2,10.3390/systems14040390,Jaffari A.A.,Systems,2-s2.0-105037321903
A knowledge map of agility and innovation: trends and insights using bibliometric analysis,"Purpose – Dynamic capabilities, such as agility and innovation, are essential for an organization to be competitive, resilient, and adapt to rapidly evolving market dynamics. However, although an abundance of bibliometric studies are available in the literature related to organizational agility, a significant gap exists in the understanding of agility in combination with innovation, as both are key concepts to survive in a highly competitive, volatile, and evolving market. This research gap arises due to limited studies, a lack of explicit mapping of their relationships, and challenges in articulating their dynamic bibliometric profiles. Also, some studies are limited to specific times that are no longer relevant due to advancements in technology and the rapidly evolving market dynamics. Design/methodology/approach – This bibliometric study includes 982 articles after careful screening and scanning of titles and abstracts of the studies relevant to agility and innovation published between 1996 and early August 2025. Using VOSviewer software, we explore the publication trend, citation impacts, and co-citation networks, identifying key authors, top journals, and pertinent research clusters related to agility and innovation. Findings – Using VOSviewer software, we explore the publication trend, citation impacts, and co-citation networks, identifying key authors, top journals, and pertinent research clusters related to agility and innovation. Based on these results, we propose a theoretical model relating agility and innovation, and identify gaps and tensions that can orient future research on the topic. Research limitations/implications – While bibliometric analysis offers a powerful lens to map the intellectual foundations, thematic evolution, and collaborative networks of a research field, it also presents inherent limitations that should be acknowledged. Results are influenced by the scope and indexing policies of the selected databases, which may underrepresent non-indexed, regional, or non-English publications. Citation counts measure influence rather than methodological rigor and may be shaped by disciplinary norms, self-citation patterns, and network effects. Time-lag bias can further disadvantage recently published studies, underestimating the relevance of emerging topics. Moreover, keyword-based analyses depend on the accuracy and consistency of author-supplied metadata; variations in terminology and the use of synonyms can fragment related themes and distort thematic mapping. Methodological choices—such as software selection, parameter thresholds, and clustering algorithms—also affect outcomes, potentially leading to different network structures and thematic categorizations. The quantitative nature of bibliometric analysis privileges descriptive mapping over explanatory depth, making it essential to complement such approaches with qualitative or content-based analyses for richer interpretation. Historical bias can result in older, highly cited works overshadowing recent yet impactful contributions, while interpreting co-occurrence and co-citation patterns requires strong domain expertise to avoid oversimplification. For these reasons, bibliometric findings should be interpreted as one perspective among multiple methodological approaches, ensuring a balanced and contextually grounded understanding of the research landscape. Originality/value – Teece’s work on dynamic capabilities continues to serve as the most influential theoretical anchor across all clusters, effectively bridging strategic and operational perspectives. In parallel, Gunasekaran’s operations-oriented contributions remain highly impactful, though they are now increasingly connected to research on digital transformation. Methodological scholars such as Hair, Ringle, and Sarstedt have become pivotal in this evolution, providing the statistical and analytical tools necessary for large-scale, multi-construct empirical studies. Over time, these developments have facilitated the transition from isolated thematic silos to a more interconnected research network, driven by the imperative to address complex, interdisciplinary challenges such as sustainability and digital disruption.",Agile; Agility; Bibliometric analysis; Innovation; Systematic literature review,2025,2,10.1108/SL-04-2025-0065,Saeed S.,Strategy and Leadership,2-s2.0-105020692376
Twin transformation: a catalyst for African entrepreneurial innovation,"Purpose – Small and medium-sized enterprises (SMEs) in Africa face significant challenges in achieving simultaneous digital and sustainable transformation (twin transformation or TT) due to resource constraints and institutional complexity. While antecedents of sustainable and digital transformation have been well-researched separately, insights into TT, particularly capability development, remain scarce. This study investigates how TT can serve as a strategic response to the socio-economic hardships of South African SMEs. Design/methodology/approach – This study employs an exploratory, qualitative research approach, involving 50 semi-structured interviews with SMEs in South Africa, Germany and Austria with interviewees across different hierarchical levels. The interview data were qualitatively analyzed, utilizing the Gioia methodology to explore enablers and barriers (E&B) of TT. A fuzzy-set qualitative comparative analysis (fsQCA) identified E&B combinations and dynamic capabilities (DC) as catalysts shaping TT adoption. Findings – The findings uncover how SMEs develop DCs by identifying key dimensions, including E&B, that provide a compass towards TT. The study emphasizes the role of Leadership and Culture, outlines DC across core dimensions and identifies region-specific pathways through which E&B influence TT. By comparing South African SMEs with those in two developed economies, the study underscores the influence of regulatory environments, cultural attitudes and market dynamics in shaping TT pathways for South African SMEs. The study derives an integrated, empirically grounded framework illustrating TT from a DC perspective. Originality/value – The results offer novel, actionable insights into how South African SMEs harness innovation and capability-building to drive TT. Thereby, this study guides scholars, practitioners and policymakers in fostering TT across Africa.",Digital transformation; Dynamic capabilities; Entrepreneurship; fsQCA; Mixed method; Small and medium-sized enterprises; SME; Sustainable transformation; Twin transformation; Twin transition,2026,2,10.1108/IJEBR-05-2025-0719,Leipziger M.,International Journal of Entrepreneurial Behaviour and Research,2-s2.0-105030521726
Examining the nice-to-have and must-have digital and sustainable-oriented capabilities for sustainable end-of-life management in manufacturing firms,"Purpose – Manufacturing firms are increasingly under pressure to manage products responsibly at their end-of-life stage, which requires stronger digital-, intelligence- and sustainability-oriented capabilities. However, limited empirical research clarifies which of these capabilities are essential (must-have) and which enhance performance only at higher levels (nice-to-have). Drawing on dynamic capability theory, knowledge-based view and stimulus–organism–response theory, this study examined how digital transformation (DT) and supply chain intelligence (SCI) enhance sustainable end-of-life management (SELM). The study also examined the mediating role of SCI and the moderating role of sustainable product design and development (SPDD). Design/methodology/approach – The proposed model was validated using survey data from 309 managers purposively selected from manufacturing firms in Ghana. Structural equation modelling (SEM) using partial least squares software and necessary condition analysis (NCA) were employed to analyze the data. Findings – The findings demonstrate that DT directly enhances SELM and indirectly influences it through the integration of SCI. It was further found that the effectiveness of intelligence integration is strengthened by SPDD, particularly for customer and supplier intelligence. NCA results further reveal that DT and SPD represent foundational necessary conditions for SELM, whereas SCI integration remains desirable until higher SELM levels are achieved. Originality/value – This study is among the first to offer empirical evidence (via SEM and NCA) of the nice-to-have and must-have antecedents of SELM among manufacturing firms in Ghana. The findings offer practical guidance by highlighting that firms seeking high levels of SELM must invest deeply in DT, SCI capabilities and SPD, particularly DT and SPD at advanced performance levels.",Digital transformation; Necessary condition analyses; Supply chain intelligence; Sustainable end-of-life management; Sustainable product design and development,2026,2,10.1108/JSIT-05-2025-0192,Tetteh F.K.,Journal of Systems and Information Technology,2-s2.0-105028921880
Frugal innovation process mechanism in the digital transformation context: a dynamic capability perspective,"The frugal innovation process in the digital transformation context in emerging markets has provided unsatisfactory theoretical explanations. To address this gap, we explored frugal innovation mechanisms from the dynamic capability perspective. We conducted a longitudinal single case study in the high-tech medical industry to develop an integrated model to untangle how SMEs overcome resource constraints and engage in digital innovation. The results show that at different stages of digital transformation, frugal innovation is an iterative process of efficiently solving the problem of scarce resources through distinct dynamic capabilities. This study expands the research on digital transformation and frugal innovation and analyses the relationship between the two to help enterprises in emerging markets promote digital transformation through frugal innovation.",digital transformation; dynamic capability; emerging economies; frugal innovation; scarce resources,2023,2,10.1504/IJTPM.2023.133914,Lan F.,International Journal of Technology Policy and Management,2-s2.0-85174300742
Meorient: a pioneer of the digital exhibition industry,"Learning outcomes: This paper aims to first, identify the external and internal factors that a company needs to analyze when formulating its digital platform strategy. Based on the framework of PESTNPG (political economic social and culture technological population and globalization) and internal analysis a company should analyze both internal and external factors to formulate its digital platform strategy. For companies from emerging markets the institutional-based market created by national or local governments is important for digital platform strategy. Second dynamic capability theory and its linkages to digital platform strategy. The dynamic capabilities view is considered as a primary theoretical lens in the strategy literature to analyze a company’s strategies to achieve sustainable competitive advantages. To carry out a successful digital platform strategy companies need to build strong dynamic capabilities to capture or create opportunities and reconfigure their resources simultaneously. Third the advantages and disadvantages of different digital platform strategies (i.e. an independent digital platform and online–offline integration platform) and the possible consequences and risks of different strategies. It is important to evaluate different types of digital platform strategies that require different capabilities in terms of business structure product structure revenue structure organizational structure and technology architecture. A company needs to link these capabilities to a digital platform strategy to enable the integration (or separation) of online business with offline business. It also increases the accuracy and efficiency of online business. Fourth key points of digital platform strategy implementation. Companies need to identify key profit models for their digital platform to promote business growth and financial returns. It is equally important to increase customer value by leveraging its digital exhibition platform and to learn to use digital technology to foster organizational dematerialization. Case overview/Synopsis: Zhejiang Meorient Commerce & Exhibition Inc. (hereinafter referred to as “Meorient”) was a leading company in the exhibition industry in China. The unexpected outbreak of COVID-19 plunged Meorient into a state of emergency that forced it to fight for survival. Further, China had launched a national strategy of Digital China, which created new market opportunities for Meorient. As a result, Meorient gradually developed and launched its digital exhibition services in 2015. Meorient suffered significant losses in 2020 due to COVID-19 and had to formulate a new strategy based on a digital exhibition platform in 2021. Chairman Pan Jianjun had two options. One was a purely digital platform strategy without the original offline exhibition business. The other one was an online and offline integration strategy. Which option was the best way forward for Meorient? Pan had to make a choice. Some of the top management team members believed Meorient should completely transform into a digital platform company and provide comprehensive online digital exhibition services. Over the previous 20 years, Meorient had accumulated a large amount of data from domestic and foreign exhibitors and professional buyers and had gradually developed a digital exhibition platform. It was one of the companies that pioneered digital transformation within China’s exhibition industry. More conservative thinking held that Meorient's strategy should focus more narrowly on the integration of online and offline exhibition businesses. Toward the post-pandemic era, China’s national strategy of “Digital China” accelerated the development of digital infrastructures. During such critical transitional period, Meorient had to choose wisely if it was to sustain its profits or even survive. Complexity academic level: The case is aimed at students in undergraduate, MBA, short course executive, EMBA or other executive education programs, especially where digital transformation is featured subject matter. Supplementary materials: Teaching notes are available for educators only. Subject code: CSS 11: Strategy.",Digital marketing; Service innovation; Strategic management/planning; Technology management/strategy,2022,2,10.1108/EEMCS-07-2021-0236,Bai O.,Emerald Emerging Markets Case Studies,2-s2.0-85139426693
Harnessing digital transformation and FinTech for green innovation and environmental sustainability: empirical evidence,"Purpose – This empirical research aims to analyze the impact of digital transformation and financial technology (FinTech) adoption on green innovation and how these factors contribute to enhancing environmental performance within the context of manufacturing firms in Jordan. The study is grounded in the dynamic capabilities view and the natural resource-based view as theoretical foundations. Design/methodology/approach – Data were gathered from 153 managers of Jordanian manufacturing firms through a cross-sectional survey. Partial least-squares structural equation modelling (PLS-SEM) was used to analyze the data and validate the proposed theoretical model. Findings – The findings indicate that digital transformation and FinTech adoption have a positive impact on green innovation. The results also reveal that environmental performance is positively and significantly influenced by digital transformation, FinTech adoption, and green innovation. Research limitations/implications – This study adopts a cross-sectional design, with data collected at a single point in time from manufacturing firms in Jordan. The use of cross-sectional data constrains the ability to capture the dynamic and evolving nature of digital transformation and FinTech, which are inherently continuous processes. Practical implications – The findings suggest that firms should invest in digital transformation and FinTech solutions to support green innovation and improve environmental performance. Policymakers can facilitate this process by strengthening digital infrastructure and providing regulatory and financial support for sustainable digital initiatives. Originality/value – This research contributes to the existing literature by examining how digital transformation and FinTech can be leveraged to foster green innovation, thereby improving environmental performance in the context of an emerging economy.",Digital transformation; Emerging economy; Environmental sustainability; FinTech; Green innovation,2026,2,10.1108/JSMA-08-2025-0332,Al-Okaily A.,Journal of Strategy and Management,2-s2.0-105035340672
Sustainable Logistics and Supply Chain Resilience: A Critical Bibliometric Analysis,"This study conducts a comprehensive bibliometric analysis to examine the intersection of sustainable logistics and supply chain resilience, aiming to uncover emerging trends, influential factors, and critical gaps in the literature. Using the Scopus database, 480 publications published between 2009 and 2024 were systematically analyzed through VOSviewer and Biblioshiny. The findings highlight six dominant themes—decarbonization, reverse logistics, optimization models, circular economy practices, digital transformation, and risk mitigation—that collectively position sustainability as a driver of resilience. The analysis focuses on sustainable logistics practices, including green logistics, circular economy principles, and reverse logistics, alongside digital transformation technologies such as IoT, blockchain, and predictive analytics, to assess their integration into resilience strategies. The analysis reveals a fragmented approach to integrating sustainability and resilience, with practices often treated in isolation. Results indicate that sustainable logistics practices enhance resource efficiency and adaptability but are constrained by the lack of holistic frameworks that integrate diverse sustainability practices with resilience strategies. While environmental dimensions and digital technologies are recognized as critical enablers, social and governance dimensions remain underexplored. Adoption disparities further hinder progress, particularly among SMEs, resource-constrained sectors, and underrepresented regions like Africa and South Asia. The study highlights opportunities to advance foundational theories, including Circular Economy Theory, Dynamic Capabilities Theory, and the LARG model, for aligning sustainability and resilience objectives. The study highlights the importance of developing unified, data-driven frameworks that incorporate ESG principles, sector-specific applications, and inclusive approaches to address geographic and financial disparities. Practically, integrating digital technologies with sustainable logistics practices can strengthen transparency, efficiency, and agility. Meanwhile, policy interventions, targeted incentives, and multi-stakeholder collaboration are essential to overcome implementation barriers and achieve operational sustainability and resilience integration.",Bibliometric analysis; Resilience; Risk management; Supply chain management; Sustainable logistics,2026,2,10.22068/ijiepr.37.1.2316,Abdelaziz S.,International Journal of Industrial Engineering and Production Research,2-s2.0-105043025418
Enhancing digital transformation competency in traditional manufacturing firms: the role of organizational unlearning and strategic flexibility,"Purpose – This study explores how manufacturing firms in emerging economies develop digital transformation competency (DTC). In asset-heavy traditional manufacturing, digital transformation requires high upfront investment and long payback periods, making sustained motivation indispensable; yet prior DTC conceptualizations have underemphasized this motivational dimension. Accordingly, drawing on the ability–motivation–opportunity (AMO) framework, we conceptualize DTC as a composite of transformation ability, motivation, and opportunity seeking. Building on dynamic capabilities theory, we further consider organizational unlearning as a key antecedent of DTC, examine the mediating role of strategic flexibility, and assess how government support and government ties condition these relationships. Design/methodology/approach – A one-year, time-lagged survey of 176 Chinese manufacturing firms was conducted. The survey measured key constructs such as organizational unlearning, strategic flexibility, and DTC. Hierarchical regression analyses were employed to test both direct and moderating effects, as well as the mediation model. Findings – Results show that organizational unlearning positively influences DTC, and strategic flexibility serves as a mediator in this relationship. Government support strengthens the positive effect of unlearning on DTC through strategic flexibility, while government ties weaken this link. These findings highlight how certain forms of institutional capital can either facilitate or constrain the development of DTC. Originality/value – This study offers fresh insights into the mechanisms through which firms develop essential DTC. The moderating roles of government support and government ties further illuminate boundary conditions for effectively leveraging unlearning and strategic flexibility, thereby extending the literature on digital transformation in emerging economies.",Digital transformation competency; Institutional capital; Organizational unlearning; Strategic flexibility; Traditional manufacturing firms,2026,2,10.1108/IMDS-04-2025-0389,Zhang F.,Industrial Management and Data Systems,2-s2.0-105039675404
The role of business intelligence in enhancing e-commerce development: The mediating effect of digital transformation,"This study examines the mediating role of digital transformation (DT) in the relationship between business intelligence (BI) and e-commerce development (ECD). Using survey data from 239 organizations in the Middle East and North Africa (MENA) region and applying partial least squares structural equation modeling (PLS-SEM), the findings confirm strong measurement reliability and significant structural relationships. Results indicate that BI positively influences both DT and ECD, while DT directly enhances e-commerce outcomes. DT partially mediates the BI–ECD relationship, and management support exerts a fully mediated effect through DT. In contrast, BI infrastructure and data collection alone show limited impact unless embedded within comprehensive digital transformation strategies. The study highlights BI as a strategic enabler rather than merely a technical resource, emphasizing the importance of leadership commitment, organizational readiness, and cultural alignment. Theoretically, it integrates the Technology–Organization–Environment (TOE) framework with the dynamic capabilities perspective. Practically, it offers guidance for managers and policymakers seeking to align BI investments with digital transformation initiatives to achieve sustainable e-commerce growth. Overall, the findings underscore the role of BI and DT in fostering resilience.",Business intelligence; Digital sustainability; Digital transformation; Dynamic capabilities; E-commerce development; Mediating effects,2026,2,10.37868/hsd.v8i1.1403,Mustafa S.A.,Heritage and Sustainable Development,2-s2.0-105035194036
"INFORMATION TECHNOLOGY CAPABILITIES ENHANCE BUSINESS PERFORMANCE: THE ROLE OF ORGANISATIONAL AGILITY, AMBIDEXTERITY, AND REGULATORY SUPPORT","In pursuing a market position, enterprises have increasingly turned to information technology (IT) to help improve their performance. Our research assesses the influence of IT capabilities as a strategic resource for business performance within the context of dynamic capabilities theory. It also examines the mediating role of organisational ambidexterity and agility in the relationship between IT capabilities and business performance, thereby shedding light on the mechanisms through which IT capabilities impact overall organisational success. The role of regulatory support in digital transformation is also investigated. This paper uses Partial Least Squares Structural Equation Modelling to analyse 321 respondents from Vietnamese enterprises. The results highlight the mediating effects of organisational agility and ambidexterity on the relationship between IT capabilities and business performance. These findings confirm that regulatory support moderates the association between organisational ambidexterity and business performance. Limitations and future research directions are discussed in the paper as well.",business performance; IT capabilities; organisational agility; organisational ambidexterity; regulatory support,2025,2,10.21315/aamj2025.30.1.2,Trieu H.D.X.,Asian Academy of Management Journal,2-s2.0-105009977052
Leading with digital vision: Current and emerging trends in digital leadership within SMEs,"This study aims to conduct an in-depth analysis of digital leadership in small and medium-sized enterprises (SMEs). Organizations must undergo digital transformation to keep pace with globalization and gain competitiveness. With this in mind, every organization, including SMEs, requires leaders with high levels of digital literacy and competence. Moreover, SMEs are usually family-owned and localized business entities that require this leadership style to ensure growth and stay relevant in the current market. Applying a systematic review, 25 journal publications were retrieved from the Scopus and Web of Science databases. Based on the preferred reporting items for systematic reviews and meta analyses method, the inclusion and exclusion criteria were applied to finalize the documents for further analysis. This review discovered four crucial research streams on digital leadership in SMEs: (a) dynamic capability theory as the underpinning theory, (b) digital transformation as the foundation for digital leadership in SMEs, (c) digital leadership and SMEs’ sustainable performance, and (d) digital leadership impact on employees’ innovativeness. This study provides implications for SME owners, managers, and policy makers by highlighting the strategic importance of digital leadership. SMEs should cultivate digital leadership that embraces digital transformation, emphasizes dynamic capabilities, nurtures innovation, and aligns with sustainability objectives. This integration allows holistic development for SMEs to survive and thrive in the digital economy. This study significantly contributes by addressing the critical gap of digital leadership in the niche context of SMEs. Prior studies have predominantly focused on digital leadership in large corporations; this review shifts the focus toward SMEs, which are significant contributors to national economic growth despite facing resource constraints and unique challenges in today’s digital environment.",Digital leadership; digital transformation; micro small and medium-sized enterprises; systematic literature review,2026,2,10.1080/26437015.2026.2654156,Fauzi M.A.,Journal of the International Council for Small Business,2-s2.0-105035799392
"Harnessing Intellectual Capital, Digital Leadership, and Dynamic Capabilities to Reorchestrate Change in Digital Transformation","Digital transformation has become a critical imperative for organizations seeking to maintain competitiveness and resilience in rapidly evolving digital environments. This study aims to examine the influence of digital leadership and intellectual capital on digital transformation through the mediating role of dynamic capabilities. Specifically, it investigates the extent to which digital leadership and intellectual capital, with its human, structural, and relational components, contribute to the development of dynamic capabilities and, in turn, support digital transformation efforts. The study is based on survey data collected from 214 respondents across organizations actively engaged in digital transformation initiatives, using a non-random sampling approach. A quantitative analysis was employed to test the proposed relationships among digital leadership, intellectual capital, dynamic capabilities, and digital transformation. The results indicate that digital leadership has a significant positive effect on both dynamic capabilities and digital transformation. Indeed, intellectual capital components significantly enhance dynamic capabilities. However, only human capital demonstrates a direct positive effect on digital transformation, while structural and relational capital do not. The direct relationship between dynamic capabilities and digital transformation is not supported. Nevertheless, dynamic capabilities significantly mediate the relationship between digital leadership and digital transformation, as well as between intellectual capital and digital transformation. These findings underscore the pivotal role of digital leadership in driving digital transformation and highlight the strategic importance of intellectual capital in strengthening dynamic capabilities. The study offers theoretical and managerial implications for enhancing organizational adaptability, resilience, and long-term competitiveness in digitally turbulent environments.",competitive advantage; digital leadership; digital transformation; dynamic capabilities; intellectual capital; organizational adaptability; technological innovation,2026,2,10.1002/kpm.70033,Ben Sedrine Doghri S.,Knowledge and Process Management,2-s2.0-105031507449
From Visibility to Circular Intelligence: Digital Supply Chain Control Towers for Closed-Loop and Regenerative Supply Chains,"Linear to circular supply chain transformation necessitates coordination infrastructures capable of managing reverse flows, lifecycle information, and multi-dimensional sustainability objectives. While the utilisation of Supply Chain Control Towers (SCCT) to enhance visibility and responsiveness in traditional linear supply chains is well established, their potential role in supporting circular economy (CE) adoption has not yet been conceptually examined. This study conducts a systematic literature review of 13 peer-reviewed publications from 2000 to 2025 to investigate the intersection of CE principles with Industry 4.0 technologies and SCCT architectures. Adhering to the Preferred Reporting Items of Systematic Reviews and Meta-Analyses (PRISMA) 2020 guidelines, the review synthesises digital enablers, orchestration capabilities, governance structures, and performance management mechanisms relevant to circular supply chain transformation. The findings indicate that traceability systems, advanced analytics, and cross-tier data integration enable SCCT to function as circular orchestration mechanisms rather than mere monitoring tools. Nonetheless, empirical validation of CE-enabled SCCT designs remains scarce. To address this gap, the study proposes a multi-layer conceptual framework that differentiates digital resource infrastructures from circular orchestration capabilities while integrating governance and performance measurement systems within a unified structure. By combining resource-based, dynamic capability, and socio-technical perspectives, this research advances theoretical understanding of digital circular coordination and provides a structured foundation for future empirical studies and managerial applications.",Circular Economy; Closed-Loop Supply Chains; Digital Transformation; Industry 4.0; Supply Chain Control Towers,2025,2,10.14424/ijcscm202515207,Soliman K.,International Journal of Construction Supply Chain Management,2-s2.0-105035096466
Two Views on Open Innovation: The Source of Dynamic Capabilities vs the Threat to Corporate Stability,"Small and medium-sized businesses make a significant contribution to the national GDP in both developed and developing countries. It is a constant focus of research; transformation processes take place here, which can affect a variety of socioeconomic aspects. In recent decades, open innovation and digital transformation have emerged as the emerging drivers encouraging companies to transform their business models. Their skillful combination allows players to move into a qualitatively different category. For small and medium-sized businesses, both new opportunities and complex challenges arise, which require a certain level of training and competencies. Using the example of Indonesian business, this article analyzes these processes and their effects in the form of natural flows of information, ideas, knowledge, and other resources. The pitfalls of open innovation are revealed. This study enriches the information and empirical base on the creative impact of open innovation on MSMEs and its enhancing effects of communication on digital platforms.",company productivity; digital platform; new business models; open innovation; research and development; strategic partnership; strategies,2024,2,10.17323/2500-2597.2024.3.29.39,Riwu Y.F.,Foresight and Sti Governance,2-s2.0-85205267028
Digital safety management systems (DSMS) and predictive risk governance: transforming aviation safety and sustainability,"Purpose – This study examines the impact of digital safety management systems (DSMS) and predictive risk governance (PRG) on enhancing sustainability in the aviation sector, with a focus on the emerging market context of Jordan. It examines how digitalized safety policy, assurance and promotions supported by artificial intelligence (AI), big data analytics, and predictive modeling contribute to the economic, environmental and social dimensions of sustainability. The research further explores how predictive risk intelligence transforms traditional safety management systems (SMS) into proactive, integrated and sustainability-oriented frameworks. Design/methodology/approach – A mixed-methods design was adopted, combining quantitative and qualitative approaches. Data were collected from 215 managers and safety professionals across 11 aviation organizations in Jordan. Using partial least squares structural equation modeling (PLS-SEM) via SmartPLS 4, the study analyzed the relationships among DSMS components, PRG, and sustainability outcomes, complemented by qualitative interviews and document reviews to validate contextual insights and digital transformation practices. Findings – Results demonstrate that DSMS implementation significantly enhances sustainability through improved operational efficiency, environmental responsibility and safety culture. Each DSMS component – digital safety policy, digital safety assurance and digital safety promotions showed a strong positive influence on sustainability. Furthermore, PRG exhibited a significant mediating effect, amplifying the predictive power of DSMS on sustainability. The model explained 81.2% of the variance in sustainability (R2 = 0.812), confirming the substantial role of digital transformation and predictive analytics in achieving sustainable aviation outcomes. Originality/value – This research provides updated empirical evidence on the integration of digital safety intelligence and sustainability governance within the aviation industry, directly addressing recent calls for data-driven safety and environmental accountability. It extends existing SMS theory by embedding digital and predictive capabilities as strategic resources within the resource-based view, dynamic capabilities and systems theory frameworks. The study also aligns with International Civil Aviation Organization's Safety Management Manual (5th Ed., 2023) and Federal Aviation Administration Advisory Circular 120-92C (2024), offering practical guidance for regulators and industry leaders transitioning toward predictive, artificial intelligence-enabled and sustainability-driven aviation safety systems.",Aviation sustainability; Digital safety management systems (DSMS); Jordanian aviation sector; Predictive risk governance (PRG); Risk analytics; Safety assurance; Safety policy; Safety promotion,2026,2,10.1108/IJQRM-02-2025-0075,Al-Dmour R.,International Journal of Quality and Reliability Management,2-s2.0-105028575665
Digital transformation strategies of uae enterprises: A dynamic capabilities perspective,"The UAE vision 2021 gives strong thrust towards digital initiatives, such as e-governance in the government sector, digital currency and block chain etc. In this respect, the UAE companies are much more well placed than their global peers in Digital Transformation even before the covid-19 pandemic spread. The IMD World ranking 2019 placed the UAE first in the region and 12<sup>th</sup> Globally in Digital Competitiveness. The study throws light on the organization wide strategies undertaken by the UAE based pre digital enterprises in their process of digital transformation. It explores organizational practices that shape a successful digital transformation strategy and a number of factors that can hinder the execution of their transformation from the perspective of front-line and middle-level executives. The findings provide enterprises a framework to assess their current processes and strategies against the key building blocks of successful digital transformation in their endeavour to achieve a dynamic fit with the environment. This paper fulfills an identified need to develop a process model encompassing the pertinent variables of DT strategies of the UAE enterprises.",Covid 19; Digital Transformation; Dynamic Capabilities; Strategic Management; UAE Enterprises,2021,2,,Pradeep S.,Academy of Strategic Management Journal,2-s2.0-85111478174
Digital transformation and sustainability performance: an empirical study from Indonesia,"Purpose – Digital transformation and sustainability performance have attracted extensive academic attention in developed economies; however, research within developing markets such as Indonesia remains scarce. This study investigates publicly listed companies in Indonesia to address this gap. Design/methodology/approach – Grounded in the resource-based view (RBV) and dynamic capability (DC) theory, this study employs panel regression that includes industry and year-fixed effects to ensure a more accurate assessment of the relationship between digital transformation and sustainability performance. The sample covers 255 firm-year observations from companies listed on the Indonesian Stock Exchange between 2019 and 2023. Findings – The findings reveal an insignificant relationship between digital transformation and sustainability performance in the pre- and post-COVID-19 periods in the context of underdeveloped digital infrastructure. However, during periods of economic uncertainty, such as the COVID-19 pandemic, accelerated digital transformation efforts were significantly associated with improved sustainability performance among Indonesian companies. These findings underscore the importance of robust digital infrastructure and highlight the role of economic factors in driving digital advancements and sustainability outcomes. Research limitations/implications – The findings extend RBV and DC theory by demonstrating the critical role of strategic resources in gaining competitive advantages. In the context of digital transformation, these strategic resources encompass not only technological advancements but also strategic implementation and organizational capabilities. Originality/value – This study offers a novel perspective on the relationship between digital transformation and sustainability performance in the context of a developing economy. By incorporating macroeconomic conditions, this study suggests that the stage of economic development can significantly influence this relationship.",Digital transformation; ESG scores; Indonesia; Sustainability performance; Sustainability reporting,2025,2,10.1108/AJAR-02-2025-0049,Suparman M.,Asian Journal of Accounting Research,2-s2.0-105027376717
"Can digital transformation influence green collaborative innovation and, if so, how? Evidence from Chinese manufacturing firms","Given the critical role of collaborative innovation in securing key resources to achieve green development, this study empirically analyzes the impact and mechanism of digital transformation (DT) on green collaborative innovation (GCI) using data from Chinese listed manufacturing firms during the period 2013–2023. The results reveal that DT significantly promotes GCI, with this effect being more pronounced in state-owned firms, firms in the western and eastern regions, high-pollution firms, and non-high-tech firms. Mechanism analysis based on the TOE framework shows that, DT indirectly promotes GCI by expanding knowledge breadth and strengthening dynamic capability. Furthermore, industrial chain integration and analyst attention exert positive moderating effects between DT and GCI. Ultimately, while DT exhibits a stronger effect on green independent innovation (GII) than on GCI, this study crucially finds that higher level of GII positively enhances the impact of DT on GCI. This study provides a comprehensive framework for understanding the relationship of DT and GCI.",C33; Digital transformation; green collaborative innovation; O32; Q55; resource bricolage theory; TOE framework,2025,2,10.1080/09537325.2025.2538042,He H.,Technology Analysis and Strategic Management,2-s2.0-105011967765
Breaking Down the Barriers to Innovation Quality: The Impact of Digital Transformation,"While the influence of digital technologies on firms’ innovation performance has been examined in the digital transformation literature, the mechanism by which digital transformation affects innovation quality has remained largely unexplored. By analyzing a longitudinal sample of 17,216 China’s A-share listed companies from 2009 to 2021 (excluding real estate and financial firms), we employed a fixed-effects regression model to investigate the impact of digital transformation on strategic risk-taking behavior. The findings indicate that digital transformation significantly enhances innovation quality. Market competition enhances the positive effect of digital transformation on innovation quality. Further analysis reveals that digital transformation has a positive impact on dynamic capability, which in turn mediates the relationship between digital transformation and innovation quality. Furthermore, digital transformation breaks down the barriers to innovation quality by reducing financing costs and financing constraints. These findings have implications for firms’ digital strategy in emerging economies.",digital transformation; dynamic capability; innovation quality,2025,2,10.3390/systems13040295,Meng M.,Systems,2-s2.0-105003651977
"Transgenerational Entrepreneurial Orientation, Family Involvement, and Succession Planning as Drivers of Long-Term Family Business Sustainability","This study investigates the role of family involvement and succession planning in shaping the long-term sustainability of family businesses in Indonesia, with a specific focus on the mediating effect of transgenerational entrepreneurial orientation (TEO). This research responds to calls for integrative models that move beyond examining these factors in isolation. Indonesia offers a unique context due to its dominance of family-controlled firms and informal succession traditions, which shape entrepreneurial value transmission across generations. A quantitative approach was employed using survey data from 210 respondents representing active family businesses in Indonesia. Partial least squares structural equation modeling (PLS-SEM) with SmartPLS 4.0 was used to test reliability, validity, and structural relationships. Additional analyses included HTMT for discriminant validity, CVPAT for predictive relevance, and importance–performance map analysis (IPMA) to identify managerial priorities. The results reveal that family involvement and succession planning both exert significant positive effects on long-term family business sustainability, with TEO playing a mediating role. Family involvement strongly enhances both sustainability and entrepreneurial orientation, while succession planning contributes more indirectly through the development of TEO. The IPMA indicates that family leadership in governance and openness to innovation are highly important but underperforming drivers, suggesting key areas for improvement. The model explains 51.9% of the variance in TEO and 48.6% in long-term sustainability, with significant mediation paths (β = 0.092–0.104, p < 0.05). The cross-sectional design limits causal inference, and the focus on Indonesian firms may constrain generalizability to other cultural contexts. Future research could adopt longitudinal and cross-country comparative designs while also examining the role of digital transformation and generational differences in sustaining family firms. The findings highlight the need for Indonesian family firms to professionalize succession planning while strengthening transgenerational entrepreneurial orientation. Practical steps include formal mentoring, clear successor criteria, and embedding innovation and proactiveness in family governance. This study extends the family business literature by conceptualizing TEO as a dynamic capability that bridges family involvement, succession planning, and sustainability. By integrating these perspectives, it offers a more comprehensive understanding of how family firms can achieve resilience and continuity across generations.",family business; family business sustainability; family involvement; succession planning,2026,2,10.3390/admsci16010010,Djakasaputra A.,Administrative Sciences,2-s2.0-105028689381
"Digital Financial Inclusion, Operational Efficiency, and Sustainable Growth: A Systematic Review from an Enterprise Service and Operations Perspective","Digital Financial Inclusion (DFI) has emerged as a critical enabler of enterprise development in the digital economy, particularly for small and medium-sized enterprises (SMEs). While existing studies widely acknowledge the positive association between DFI and Sustainable Growth (SG), the operational mechanisms through which digital financial access is transformed into sustained enterprise-level outcomes remain insufficiently clarified. Drawing on service science, informatics, and operations management perspectives, this study conducts a systematic literature review of 89 peer-reviewed articles following the PRISMA protocol to examine the role of Operational Efficiency (OE) as the core mediating mechanism linking DFI and SG. The review reveals substantial conceptual fragmentation and measurement inconsistency across studies, as well as pronounced regional and contextual imbalances, particularly in SME-focused research from developing economies. Synthesizing evidence from the DFI–OE, OE–SG, and DFI–SG research streams, this study advances an integrated enterprise-level framework grounded in the Resource-Based View and Dynamic Capabilities Theory. We argue that OE represents the central transformation hub through which digital financial resources and information infrastructures are converted into sustainable growth outcomes via process optimization, enhanced information flows, and improved operational decision-making. By explicitly positioning DFI as a digital service and information infrastructure that reshapes enterprise operations, this review contributes to the logistics, informatics, and service science literature by clarifying the micro-level mechanisms of digital transformation and identifying priority directions for future empirical research on SMEs and service-oriented enterprises.",Digital Financial Inclusion; Digital Transformation; Enterprise Service Systems; Operational Efficiency; SMEs; Sustainable Growth,2026,2,10.33168/JLISS.2026.0103,Baharin R.,Journal of Logistics Informatics and Service Science,2-s2.0-105028527907
Data assets and enterprise organizational resilience—evidence from China,"In the context of growing global economic uncertainty and accelerating digital transformation, organizational resilience has emerged as a critical capability for ensuring firms’ sustainable development. However, the role of data assets in fostering resilience remains underexplored. Based on dynamic capability theory, this study constructs a framework linking data assets, dynamic capabilities, and organizational resilience. Using panel data from Chinese A-share listed firms (2010–2023), we find that data assets significantly enhance firms’ resilience by strengthening their sensing, integration, and transformation capabilities, thereby enabling them to build a resilience pathway characterized by defence, recovery, and growth in dynamic environments. Mechanism tests indicate that data assets reduce information asymmetries, improve resource allocation, support differentiated strategies, and foster collaborative innovation. Heterogeneity analyses reveal that the resilience-enhancing effects of data assets are significantly moderated by factors such as the business environment, fintech infrastructure, industry structure, firm size, and regional characteristics. This study advances literature on data assets and organizational resilience by illustrating how data assets, embedded within dynamic capabilities, cultivate the defensive, recovery, and growth dimensions of resilience, thereby revealing organizational resilience as a dynamic process of capability formation in the digital economy.",collaborative innovation; Data assets; differentiation strategy; dynamic capabilities; organizational resilience,2025,2,10.1080/00036846.2025.2586461,Fu W.,Applied Economics,2-s2.0-105021944512
How digital resources build capabilities for high-performing maritime project,"The maritime industry is experiencing profound digital transformation, driven by the diffusion of technologies such as smart ports and automated vessels. These technological shifts increasingly produce levels of complexity that require the effective mobilization of digital project resources for high-performing projects. Grounded in the dynamic capability and knowledge-based view, this study examines how four key digital project resources, namely technological competency, big data competency, digital culture, and digital leadership, are related to project performance through knowledge-based dynamic capability and digitalized project practices. Survey data were collected from 253 maritime professionals engaged in project management. The structural equation modeling analysis reveals that all four digital project resources are positively associated with knowledge-based dynamic capability. In turn, this capability is positively linked to both digitalized project practices and project performance. The study advances project management research by conceptualizing digital project resources as socio-technical enablers that transform knowledge into capability-building practices, thereby reshaping project management processes. For practitioners, the findings highlight actionable strategies, including strengthening big data analytics, cultivating a supportive digital culture, and developing digital leadership, to foster digitalization and improve project performance in technology-intensive environments.",Autonomous technology; Dynamic capability; Knowledge-based view; Maritime shipping; Project management; Project performance,2026,2,10.1016/j.ijproman.2026.102814,Li X.,International Journal of Project Management,2-s2.0-105027628690
From ESG Disclosure to Financial Impact: Unpacking the Role of SDG Alignment and Lag Effect in ICT Firms,"This study develops an integrated framework explaining how ESG reporting, when aligned with the Sustainable Development Goals (SDGs), influences firm performance over time. Moving beyond static or symbolic interpretations, it conceptualizes ESG–SDG alignment as a strategic, institutional, and capability-building process through which firms embed sustainability principles into strategy, governance, and operations. By combining BERTopic and long short-term memory (LSTM) models, this analysis captures both the semantic content and temporal dynamics of ESG disclosures, addressing persistent limitations in traditional ESG ratings that neglect narrative quality and lagged financial effects. Empirical evidence from 205 publicly listed Taiwanese ICT firms shows that ESG topics aligned with SDG 6 (Clean Water and Sanitation), SDG 13 (Climate Action), and SDG 9 (Industry, Innovation, and Infrastructure), specifically water resource management, carbon emissions reduction, and digital transformation, exhibit significant positive associations with firm earnings. Firms that disclose deeper, sector-relevant, and credible sustainability commitments demonstrate stronger and more consistent financial performance, underscoring that narrative depth and thematic relevance matter more than disclosure volume. Theoretically, the study unites stakeholder, institutional, sustainability accounting, impact measurement, and dynamic capabilities perspectives to explain how ESG reporting converts external legitimacy pressures into internal adaptive capacity and long-term value creation. Practically, it highlights the importance of linking ESG disclosures to measurable SDG targets and using real-time sustainability indicators to enhance transparency. Overall, the research advances a temporally sensitive and impact-oriented understanding of ESG reporting as both a semantic construct and an adaptive process that builds trust, strengthens governance, and generates sustained financial and societal value.",ESG reporting; financial performance; LSTM; topic modeling,2026,2,10.1002/csr.70284,Kao L.J.,Corporate Social Responsibility and Environmental Management,2-s2.0-105023309005
Bibliometric systematic literature review on SMEs resilience literature,"Research on the resilience of small and medium-sized enterprises (SMEs) has significantly increased since the COVID-19 pandemic. On the other hand, building resilience is essential not only during crises but also in the current highly competitive business environment. Therefore, a comprehensive understanding is needed to provide strategic knowledge in generating SMEs’ resilience. This study aims to develop knowledge maps related to SMEs’ resilience based on published articles in the Scopus database through bibliometric analysis and systematic literature review. We reproduce the thematic map into a structured framework of the strategy to generate business resilience in the SME context. Our findings show that the Resource-Based View (RBV) and dynamic capabilities are the primary theoretical frameworks adopted in research on SMEs’ resilience. Additionally, we found that the entrepreneurial resilience of owner-managers is crucial for driving the organizational resilience of SMEs. Furthermore, the dynamic business environment due to crises, natural disasters, competition, and technology disruption is identified as an external factor that stimulates resilience responses in SMEs. The findings and discussion section presents a detailed discussion regarding the findings of the bibliometric-systematic literature review and the proposed framework. We also outline future research agendas that will be useful for future researchers and SME scholars.",Agility; Competition; Digital transformation; Dynamic capabilities; RBV; Resilience; Resource-based view; Small business; SMEs,2026,1,10.1186/s13731-026-00679-w,Sagala G.H.,Journal of Innovation and Entrepreneurship,2-s2.0-105047984142
Green Leadership and AI-Enabled Innovation Pathways Toward Circular Supply Chain Practices,"The study examines how AI-enabled capabilities, innovation ambidexterity, and green leadership affect the circular supply-chain practices in the Chinese furniture industry. The current research is motivated by increasing environmental pressures, regulatory expectations, and the strategic necessity of manufacturing firms to unite digital technologies with sustainability-oriented ventures. Based on the Resource based View and the Dynamic Capability Theory, the paper develops a framework in which dynamic routines (sensing, coordinating, learning, integrating, and reconfiguring) supplement AI-mediated capabilities of firms, enhancing both exploratory and exploitative innovation. The responses of 387 managers working in production, operations, supply-chain, and sustainability departments were collected and analyzed using Partial Least Squares Structural Equation Modelling (PLS-SEM). The results show that AI-driven functions have a significant influence on both types of innovation that, in turn, stimulate the introduction of circular supply-chain practices. The mediation analysis also shows that innovation is the important component by which AI-enabled capabilities contributes to sustainable supply-chain. Further, green leadership has a positive direct impact on circular practice and increases the impact of innovation on sustainability performance. These results support the idea that technological resources, balanced innovation strategies, and strong leadership commitment all accelerate firms to shift towards the practice of a circular economy, therefore providing a more accurate understanding of how AI-enabled capabilities are translated into measurable sustainability results. The combination of AI capabilities, innovation ambidexterity, and green leadership into a single system leads to a scientific impact on sustainability and digital transformation literature, as well as providing practical solutions to industry practitioners and policymakers that aim to encourage the deployment of circular supply chains.",AI-enabled capabilities; circular supply chain; exploitative innovation; exploratory innovation; green leadership,2026,1,10.1002/csr.70487,Hou G.,Corporate Social Responsibility and Environmental Management,2-s2.0-105031497193
Navigating the digital transformation paradox: Capability conversion and attention allocation in freight forwarding SMEs,"Although digital transformation is widely framed as a strategic imperative, its competitive returns remain uneven in fragmented logistics ecosystems. This study addresses that puzzle by integrating the Dynamic Capabilities View and the Attention-Based View into a capability-conversion model for freight forwarding SMEs. In the model, technology capability, strategic agility, and network capability are linked to competitive advantage not directly but through absorptive capacity, which contributes to competitive advantage both directly and through digital transformation. The results position absorptive capacity as the central cognitive-organizational mechanism linking these upstream capabilities to competitive advantage. Entrepreneurial orientation operates as an asymmetric boundary condition: it is associated with a stronger link between absorptive capacity and competitive advantage yet a weaker link between digital transformation and competitive advantage, a pattern consistent with an attention-based account in which a strong entrepreneurial posture may draw managerial attention toward exploration at the expense of execution discipline. The study refines dynamic-capability reasoning, extends attention-based explanations of competitive advantage, and interprets both through open-innovation dynamics under ecosystem fragmentation.",Absorptive capacity; Digital transformation; Dynamic capabilities; Entrepreneurial orientation; Logistics SMEs; Open innovation,2026,1,10.1016/j.joitmc.2026.100828,Nguyen T.T.G.,Journal of Open Innovation Technology Market and Complexity,2-s2.0-105044788838
Organizational Capabilities for Successful Industrial Digitalization: A Framework for Transformation in Indonesia,"The rise of digital technologies is reshaping industries worldwide, requiring organizations to develop key capabilities for successful transformation. In Indonesia, the Making Indonesia 4.0 initiative highlights the urgency of industrial digitalization. However, organizations face challenges such as digital skills gaps, infrastructure limitations, regulatory barriers, and resistance to change. While previous studies explore digital transformation and dynamic capabilities, research specific to Indonesia remains limited. This study conducts a systematic literature review to identify essential organizational capabilities for industrial digitalization in Indonesia. Key capabilities include leadership, innovation, agility, digital talent management, and strategic decision-making. By integrating global best practices, this research develops a framework to assess and enhance digital readiness. The findings provide actionable insights for policymakers and business leaders. The proposed framework helps organizations strengthen their digital capabilities, improving their ability to adopt and implement emerging technologies. Additionally, this study underscores the need for targeted policies to address infrastructure gaps, enhance digital literacy, and cultivate an adaptive organizational culture. Strengthening these capabilities will support Indonesia’s industries in achieving sustainable competitiveness in the Industry 4.0 era.",Digital transformation; Industrial digitalization; Industry 4.0; Organizational capabilities,2026,1,10.59953/paperasia.v42i2b.838,Permatasari I.K.,Paper Asia,2-s2.0-105039332540
A science-mapping analysis of corporate governance and digital transformation through the lens of knowledge management challenges,"Purpose – The purpose of this study is to map and quantify recent developments in research on corporate governance and digital transformation, by emphasizing the knowledge management challenges. The study provides responses to three research questions: How has scientific production and citation impact evolved in corporate governance and digital transformation? Which authors, journals and countries form the knowledge base and collaboration networks of the field? What themes and emerging topics are shaping future research trajectories and knowledge management challenges? Design/methodology/approach – A total of 112 peer-reviewed articles from Scopus were collected covering the period 2018–2025. Following the removal of duplicates and the clarification of the author/institution, a two-stage analysis was performed with Bibliometrix/Biblioshiny 5.0.1. The two stages of the analysis were as follows: (1) citation productivity and performance; (2) scientific mapping (co-citation, bibliographic coupling, co-words and thematic-evolutionary analyses). Findings – The findings of the study demonstrated a significant increase in the annual scientific output, with an average growth of 42.6% being observed. A number of high-frequency keywords have been identified, including innovation, ownership, performance, governance and big data within the scope of management studies. Thematic mapping reveals four main themes: (i) environmental, social and governance (ESG)-oriented governance, (ii) digital transformation capabilities, (iii) agency cost reduction and (iv) risk-adjusted performance. A cluster in formation on artificial intelligence-based board analysis shows the highest centrality-density trajectory, signaling an emerging research frontier. Originality/value – Overall, the analysis highlights the shifting focus of investors, regulators and managers towards digital disclosure of ESG information. It is suggested that boards which adopt data-driven monitoring and address knowledge management challenges via dynamic capabilities can capture innovation rents. It is incumbent upon researchers to integrate coupling-based methods to track these rapidly evolving topics and upon managers and policymakers worldwide to strategically integrate novel developments.",Bibliometric analysis; Corporate governance; Digital transformation; Dynamic capabilities; Innovation; Knowledge management; Sustainable development,2025,1,10.1108/JKM-09-2025-1379,Vătămănescu E.M.,Journal of Knowledge Management,2-s2.0-105029114690
Leadership Style as a Driver of FinTech Orientation in Financial Institutions: The Mediating Role of Strategic Agility and Innovation,"This study investigates the mechanisms by which leadership style influences FinTech orientation in financial institutions. Grounded in complexity theory and the dynamic capabilities framework, this study explores how strategic agility and innovation function as mediating capabilities linking leadership behavior to FinTech readiness. A structured quantitative survey was administered to top managerial-level employees across banks, insurance firms, and microfinance institutions. A total of 104 complete and valid responses were collected using Google Forms. Structural Equation Modeling using the CB-SEM technique was applied to analyze the data and assess the direct and mediated relationships among the constructs. The study reveals that leadership style has a significant impact on FinTech orientation, both directly and indirectly, through its impact on strategic agility and innovation (total effect leadership style → FinTech: β = 0.457, t = 5.632). While the overall influence of leadership on FinTech orientation was found to be significant, the direct influence was reduced when the mediating factors were controlled for (indirect effects: leadership style → strategic innovation → FinTech: β = 0.227, t = 2.121, p = 0.034; leadership style → strategic agility → FinTech: β = 0.420, t = 3.455, p = 0.001). Strategic agility was the strongest predictor, highlighting its critical role in achieving responsiveness and agility in a financially challenged environment with structural barriers (strategic agility → FinTech: β = 0.512, t = 2.961, p = 0.003; compared with strategic innovation → FinTech: β = 0.330, t = 2.064, p = 0.037; and leadership style → strategic agility: β = 0.580, t = 5.262, p < 0.001 vs. leadership style → strategic innovation: β = 0.486, t = 4.549, p < 0.001). This study makes a significant contribution to the literature by empirically testing the capability-mediated model in an economy beset by conflict, supporting the need to enhance leadership practice to develop internal agility and innovation. The study also provides practical insights to financial institutions’ professionals on how to overcome structural issues to enable digital transformation through the use of capabilities supported by strong leadership. Beyond finance, the findings demonstrate how leadership-enabled dynamic capabilities can accelerate digital transformation, strengthen organizational resilience, and support innovation management in structurally constrained and uncertain environments.",Financial nstitutions; FinTech; Leadership style; Strategic agility; Strategic innovation,2026,1,10.14716/ijtech.v17i3.7990,Ajouz M.,International Journal of Technology,2-s2.0-105040376196
Workforce Agility in a Changing World: A Systematic Review and Future Research Agenda,"Workforce agility has emerged as a critical capability for organizations steering dynamic and uncertain business environments. This study presents a systematic literature review of 51 scholarly works to synthesize the conceptual, empirical, and methodological advancements in workforce agility research. The review identifies key contributing countries, influential authors, prevalent statistical techniques, and thematic clusters across 103 keywords and seven conceptual domains. Findings reveal that workforce agility is a multilevel construct shaped by distinct antecedents, mechanisms, and outcomes at the individual, group, and organizational levels. Despite the growing scholarly interest, particularly, in India, China, and the United States, the literature remains fragmented, with limited theoretical grounding and underrepresentation of cross-cultural and longitudinal studies. The paper outlines theoretical contributions by mapping workforce agility to dynamic capabilities and behavioral frameworks and offers practical implications for managers in enhancing agility through digital transformation, agile HR practices, and leadership strategies. It also proposes future research directions focused on multilevel integration, sector-specific insights, sustainability linkages, and digital-age agility. By consolidating existing knowledge and highlighting research gaps, this review lays a foundation for advancing workforce agility as both an academic construct and a managerial priority.",competitive advantages; dynamic capabilities; protean career; systematic literature review; VosViewer; VUCA; workforce agility,2026,1,10.1002/tie.70098,Nayak D.P.,Thunderbird International Business Review,2-s2.0-105031076994
4IR technology-enabled green supply chain management in China's manufacturing sector,"Purpose – This study develops a systematic framework which explains how technologies of the Fourth Industrial Revolution (4IR) empower green supply chain management (Green SCM) and advance corporate sustainability objectives. Drawing on dynamic capability theory and coordination theory, the framework elucidates the relationships among a firm's green dynamic technological capability (GDTC), its inter-organisational smart green collaboration (SGC), and its internal smart green operations (SGO), positing a pathway through which these elements collectively enhance sustainable performance (SP). Design/methodology/approach – This study utilises a questionnaire to collect survey data from 291 Chinese manufacturing firms. The proposed hypotheses were tested and analysed using the partial least squares structural equation modelling (PLS-SEM) technique. Findings – The findings reveal that GDTC significantly enhances SGC and subsequently elevate the performance of SGO. Moreover, SGO directly and positively affect firms' SP, with this impact further supported and amplified by smart green collaboration. Originality/value – This study develops an integrated theoretical framework for 4IR technology-enabled Green SCM by combining coordination and dynamic capabilities theories. It offers novel insights into how manufacturing firms can build and leverage GDTC to facilitate synergistic collaboration and internal operational upgrades. The findings contribute to both academic discourse and managerial practice by highlighting strategic pathways through which digital transformation and green initiatives can be jointly pursued to achieve sustainable performance.",4IR technology; Green dynamic technological capabilities; Green supply chain management; Manufacturing industry; Smart green collaboration; Smart green operations; Sustainable performance,2025,1,10.1108/JMTM-02-2025-0118,Kim C.,Journal of Manufacturing Technology Management,2-s2.0-105025481748
The impact of business intelligence and digital supply chain capabilities on sustainable supply chain performance in Jordanian industrial companies: the mediating role of operational efficiency,"The growing pressure of industrial companies to improve their sustainability performance increased the necessity of digital-oriented transformation of the supply chain. The proposed research considers the role of business intelligence and digital supply chain capabilities in sustainable supply chain performance in the presence of operational efficiency as a mediator variable in the framework of Jordanian industrial companies. Based on the resource-based view and the dynamic capabilities theory, the quantitative research design was conducted with the cross-sectional survey. The data of 345 managers and employees with supervisor-levels of work in Jordanian industrial companies were gathered and analyzed with the help of the partial least squares structural equation modeling (PLS-SEM). The empirical findings indicate that the business intelligence and digital supply chain capabilities have positive impacts of significant magnitude on the operational efficiency and sustainable supply chain performance. In turn, the impact of operational efficiency is shown to be the most positive on sustainable supply chain performance as it indicates its key role in fulfilling economic, environmental, and social outcomes. Moreover, the mediation analysis proves that operational efficiency is one of the mediators of the relations between both digital capabilities and sustainable supply chain performance, which means that digital technologies facilitate sustainability in both direct and indirect ways, through the enhancement of internal operations. The results offer a practical demonstration of the fact that digital transformation efforts are beneficial in terms of increasing sustainability when properly combined with effective working procedures. This study explains how digital capabilities improve sustainable supply chain performance and provides practical implications for aligning digitalization with sustainability goals.",Business intelligence; Digital supply chain capabilities; Jordanian industrial companies; Operational efficiency; Sustainable supply chain performance,2026,1,10.37868/hsd.v8i1.2001,Al-maaitah T.A.,Heritage and Sustainable Development,2-s2.0-105036245751
"Digitalization in Asian family business: trends, challenges and future prospects","Purpose – This study aims to synthesize how digitalization is transforming Asian family-owned businesses across macro, meso and micro levels, clarifying implications for strategy, business models, operations and societal outcomes. Design/methodology/approach – Following the preferred reporting items for systematic reviews and meta-analyses (PRISMA), 46 studies (2003–2024) were identified, screened and assessed for inclusion. Findings – External catalysts, including COVID-19, industrial policy and business networks, drive digital adoption in Asian family firms; however, uneven uptake persists due to capability constraints and succession challenges. Digitalization enhances collaboration and customer engagement but requires improved digital literacy for operational excellence. While guanxi and family capital remain influential, growing demands for gender equity and corporate social responsibility necessitate multi-stakeholder engagement. Research limitations/implications – The authors introduce a framework that combines institutional theory and the dynamic capability view to link external conditions with firm actions. The research agenda has been set on the three priorities of policy, technology and industry-relevant skills development for Asian family businesses. Practical implications – Policymakers can accelerate micro-small-medium enterprises digitalization via infrastructure, digital literacy and supportive policies. Family firms should professionalize Human Resources (HR) and learning, involve nonfamily specialists and codify knowledge for transparency and succession. Digital tools can be extended beyond traditional ties. Originality/value – This review maps the influential factors and mechanisms driving digital transformation in Asian family firms and offers a framework that links external contexts to internal processes and organizational outcomes.",Asian; Business networks; Corporate social responsibility; Digital transformation; Digitalization; Dynamic capability view; Family business; Family firms; Gender inclusion; Guanxi; Industry 4.0; Institutional theory; MSMEs; Succession,2026,1,10.1108/JABS-11-2024-0656,Dang C.M.,Journal of Asia Business Studies,2-s2.0-105040839163
